"","ColoRect-AdenoCA_cluster_1","ColoRect-AdenoCA_cluster_2","ColoRect-AdenoCA_cluster_3","ColoRect-AdenoCA_cluster_4","ColoRect-AdenoCA_cluster_5","ColoRect-AdenoCA_cluster_6","ColoRect-AdenoCA_cluster_7","ColoRect-AdenoCA_cluster_8","ColoRect-AdenoCA_cluster_9","ColoRect-AdenoCA_clusters_6_8_9","Panc-AdenoCA_cluster_1","Panc-AdenoCA_cluster_2","Panc-AdenoCA_cluster_3","Panc-AdenoCA_cluster_4","Panc-AdenoCA_cluster_5","Panc-AdenoCA_cluster_6","Panc-AdenoCA_cluster_7","Panc-AdenoCA_cluster_8","Panc-AdenoCA_cluster_9"
"chr1.5",478,2674,33,92,67,5,12,10,12,27,189,201,213,159,34,12,119,28,0
"chr1.6",445,2569,22,66,53,3,6,9,7,19,178,182,154,122,37,7,118,33,0
"chr1.7",207,1202,11,33,21,1,12,3,4,8,71,77,45,45,17,6,48,23,0
"chr1.8",294,2064,15,42,17,3,12,11,7,21,96,111,54,60,20,3,63,19,0
"chr1.9",241,1537,7,31,13,2,5,2,4,8,47,63,55,46,19,2,60,16,0
"chr1.11",163,1198,9,18,21,2,11,3,3,8,55,58,55,31,19,3,55,27,2
"chr1.12",243,1471,9,36,26,1,6,3,4,8,59,80,76,50,19,5,55,20,2
"chr1.15",328,2380,8,46,26,1,8,4,8,13,94,103,86,81,29,7,88,27,0
"chr1.16",269,1463,12,34,14,1,7,3,2,6,55,58,50,45,20,6,64,22,1
"chr1.19",389,1995,16,40,26,1,5,7,8,16,78,95,58,65,32,3,49,25,0
"chr1.20",181,1281,8,26,15,1,12,3,5,9,49,71,43,49,9,2,46,23,0
"chr1.21",210,1589,14,22,14,2,7,4,4,10,59,81,65,35,23,2,50,24,0
"chr1.23",245,1371,4,31,20,0,5,6,4,10,53,79,46,44,8,4,45,18,1
"chr1.24",188,1339,7,18,15,0,12,4,5,9,54,54,45,40,22,2,33,21,0
"chr1.25",164,1244,5,21,16,1,11,3,8,12,31,43,30,22,8,1,31,15,0
"chr1.31",369,2409,13,42,43,3,8,5,5,13,111,106,92,83,18,3,85,34,0
"chr1.32",226,1609,11,34,14,2,5,5,6,13,41,86,31,40,19,2,47,25,0
"chr1.33",194,1293,12,23,15,2,6,2,6,10,43,67,46,30,18,3,54,13,0
"chr1.34",225,1438,10,22,13,2,12,9,6,17,41,65,47,38,15,1,37,21,0
"chr1.35",414,2712,27,54,27,1,9,6,7,14,119,146,96,99,27,12,97,33,0
"chr1.36",298,2014,12,37,24,0,15,4,5,9,58,102,48,54,9,3,76,22,0
"chr1.37",244,1575,11,27,19,1,4,5,5,11,62,94,42,36,13,5,55,21,0
"chr1.38",355,2172,25,47,47,3,5,9,5,17,131,114,80,87,22,10,86,39,0
"chr1.39",320,1969,9,44,18,1,9,4,6,11,70,92,56,49,18,4,66,28,0
"chr1.42",222,1667,9,29,17,3,5,5,3,11,53,74,47,38,21,6,58,30,1
"chr1.43",347,2209,11,35,28,3,5,2,5,10,45,84,49,36,14,3,69,22,0
"chr1.44",281,1808,8,33,18,1,11,2,4,7,46,71,49,36,21,4,54,28,0
"chr1.45",274,1612,11,40,15,2,10,5,5,12,60,82,40,34,19,2,53,36,0
"chr1.49",279,1923,7,28,19,1,4,2,5,8,52,98,48,42,18,4,61,21,0
"chr1.51",408,2859,30,76,46,1,5,3,7,11,161,150,104,80,26,11,110,37,0
"chr1.52",255,2039,13,20,20,4,5,5,7,16,54,70,38,29,22,2,48,29,0
"chr1.53",260,1836,11,23,22,1,7,6,1,8,44,57,35,46,15,2,62,35,0
"chr1.54",283,1798,14,32,13,1,9,4,5,10,58,73,55,43,25,6,63,22,0
"chr1.55",219,1485,15,32,9,2,6,1,5,8,56,65,55,47,24,0,53,35,0
"chr1.56",248,1717,9,30,14,0,12,6,10,16,60,88,40,43,19,4,62,25,0
"chr1.57",346,2846,15,48,55,8,15,8,9,25,90,123,77,64,30,13,80,31,0
"chr1.58",448,3173,25,64,70,0,6,5,9,14,90,111,58,70,31,3,99,38,0
"chr1.60",208,1844,8,29,20,2,9,2,6,10,28,72,37,29,13,4,54,35,0
"chr1.61",262,2253,10,33,18,1,11,4,6,11,112,94,86,37,11,2,71,27,0
"chr1.62",256,2115,9,39,31,0,8,3,1,4,70,69,35,33,21,4,60,38,0
"chr1.63",253,1802,11,21,20,2,11,3,3,8,52,85,62,47,31,3,58,24,0
"chr1.64",337,2362,13,28,18,3,5,7,2,12,59,79,48,47,19,6,88,25,0
"chr1.65",317,2552,18,37,34,3,7,11,5,19,43,76,37,32,16,3,55,24,0
"chr1.66",310,1968,9,20,20,1,7,6,6,13,38,67,50,36,12,4,74,35,0
"chr1.67",327,2785,13,42,28,1,7,5,2,8,87,98,74,52,21,12,74,36,0
"chr1.68",308,2373,9,37,25,1,13,7,2,10,63,75,46,32,14,5,63,35,0
"chr1.69",290,2229,16,29,28,1,8,4,5,10,37,71,40,40,16,3,68,27,0
"chr1.70",544,4192,23,105,108,3,15,14,8,25,184,170,100,103,30,9,131,33,0
"chr1.71",387,2951,25,64,55,0,5,6,9,15,133,119,80,70,32,9,79,29,0
"chr1.72",381,3257,22,54,64,3,12,11,6,20,167,149,99,99,29,10,133,36,0
"chr1.73",410,3734,29,82,96,4,11,8,8,20,267,201,136,106,33,12,149,48,0
"chr1.74",514,4521,31,101,82,7,6,13,10,30,265,220,174,143,48,9,147,53,0
"chr1.75",400,3737,31,69,60,1,9,6,7,14,147,156,94,69,34,6,103,35,0
"chr1.76",466,3926,36,85,80,2,13,10,9,21,146,156,104,101,30,9,119,38,0
"chr1.77",384,3130,19,47,68,1,9,7,11,19,92,89,80,63,28,6,109,34,0
"chr1.78",407,3110,21,44,40,1,10,6,6,13,111,103,65,60,30,5,78,35,0
"chr1.79",308,2232,15,37,38,1,6,8,8,17,71,69,48,36,13,10,80,33,1
"chr1.80",512,3865,49,88,90,8,10,8,11,27,173,182,102,76,36,14,119,34,0
"chr1.81",672,4468,59,133,119,11,8,12,15,38,168,142,103,74,23,9,116,30,0
"chr1.82",637,4304,63,109,88,5,11,13,9,27,147,111,85,60,32,11,94,19,0
"chr1.83",489,3770,29,99,81,3,7,6,7,16,131,116,76,57,26,6,96,16,0
"chr1.85",327,2373,11,32,29,1,3,3,4,8,57,84,35,40,15,4,52,27,0
"chr1.86",259,2345,8,37,21,0,5,8,1,9,50,65,32,34,26,3,56,13,0
"chr1.87",337,2764,19,37,36,4,1,11,8,23,70,96,76,57,22,6,70,24,0
"chr1.88",298,2293,12,28,25,2,5,2,5,9,42,60,22,34,22,2,63,28,0
"chr1.89",316,3120,12,41,28,1,10,10,6,17,40,74,31,25,14,6,72,22,0
"chr1.90",329,2456,23,33,25,0,10,1,5,6,53,57,44,40,17,7,52,11,0
"chr1.91",313,2487,15,28,32,0,10,6,3,9,65,72,51,64,18,2,58,26,0
"chr1.92",368,2597,15,33,49,3,5,10,3,16,89,110,70,50,31,8,82,22,0
"chr1.93",285,2179,14,43,18,1,8,7,6,14,59,61,40,46,25,4,67,23,0
"chr1.95",239,1981,19,31,16,1,3,5,4,10,45,49,31,33,18,2,48,19,0
"chr1.96",228,1834,10,20,18,2,8,7,9,18,52,81,65,43,16,5,53,16,0
"chr1.97",491,3573,35,76,84,0,8,5,11,16,119,115,66,62,26,10,105,31,0
"chr1.98",487,3744,23,86,69,4,8,8,7,19,112,90,58,56,22,5,81,24,0
"chr1.99",439,3703,42,73,84,3,8,5,11,19,95,78,53,48,19,5,66,22,0
"chr1.100",394,3177,24,47,56,3,5,7,9,19,99,71,62,48,22,1,72,33,0
"chr1.101",286,2143,12,34,21,2,9,3,5,10,42,68,52,41,19,2,45,20,0
"chr1.102",374,2845,16,54,41,3,6,9,9,21,85,110,66,64,25,1,61,27,0
"chr1.103",416,3535,30,84,69,7,9,14,5,26,223,175,86,100,44,14,123,37,0
"chr1.106",671,4794,43,132,103,2,7,15,10,27,214,148,144,98,40,9,112,33,1
"chr1.107",578,4683,40,109,79,4,14,11,15,30,203,161,116,98,25,7,114,44,0
"chr1.108",546,4067,49,75,81,5,13,14,15,34,209,157,107,108,35,8,121,48,0
"chr1.110",214,1586,7,18,18,0,11,4,4,8,46,60,39,36,29,3,33,19,0
"chr1.111",246,1737,11,31,16,1,3,3,2,6,51,61,33,30,33,2,59,24,0
"chr1.112",425,2893,17,42,34,5,7,7,6,18,64,101,44,40,47,5,71,25,0
"chr1.113",301,2268,13,39,35,3,5,11,15,29,72,87,52,55,24,5,80,20,0
"chr1.115",319,1918,13,34,22,0,5,6,2,8,58,69,42,39,19,2,71,18,0
"chr1.116",402,2957,17,39,36,1,9,5,13,19,100,95,75,64,27,9,73,26,0
"chr1.117",276,2220,12,26,19,2,8,4,7,13,51,76,41,39,17,1,60,18,0
"chr1.118",247,2064,9,29,15,2,4,3,5,10,37,70,42,35,11,5,42,23,0
"chr1.119",334,2746,17,38,36,1,4,7,5,13,76,72,47,55,24,6,59,24,0
"chr1.120",344,2713,10,43,35,3,4,7,4,14,94,76,52,65,23,3,63,28,0
"chr1.149",310,1940,19,31,13,0,7,7,1,8,79,96,58,52,33,3,78,36,0
"chr1.150",400,2376,40,38,45,3,5,13,6,22,126,133,78,74,46,8,126,36,0
"chr1.152",282,1395,12,27,24,1,13,9,3,13,74,102,51,44,26,6,80,35,0
"chr1.154",277,1866,10,31,33,0,13,7,6,13,87,110,69,41,24,8,78,31,0
"chr1.155",464,2881,29,48,47,2,8,12,12,26,193,204,113,133,31,13,133,37,1
"chr1.156",520,3347,34,80,59,4,7,4,12,20,240,232,131,95,40,13,146,44,0
"chr1.157",276,1987,15,36,16,1,13,9,9,19,63,86,52,57,33,3,72,32,0
"chr1.160",387,2776,26,52,52,1,13,8,8,17,84,114,53,44,28,6,78,30,0
"chr1.161",370,3313,28,65,56,1,9,4,9,14,112,118,75,62,32,7,126,34,0
"chr1.162",388,2579,18,40,42,0,14,4,8,12,109,169,54,56,23,6,109,34,0
"chr1.164",316,2199,14,35,25,0,9,5,2,7,96,108,57,55,33,5,86,40,0
"chr1.165",288,2063,19,29,29,0,9,6,3,9,66,96,47,52,38,2,68,29,0
"chr1.166",229,2053,13,23,17,1,11,6,4,11,72,85,38,26,20,2,62,38,0
"chr1.167",356,2700,11,30,34,0,8,7,5,12,89,123,79,56,27,5,78,32,1
"chr1.168",395,2910,23,43,41,3,7,9,7,19,111,130,61,58,22,8,120,37,0
"chr1.169",274,2370,9,24,29,2,11,4,2,8,60,94,50,44,36,6,71,26,0
"chr1.170",414,2848,22,39,29,1,7,3,8,12,76,96,34,38,22,6,84,36,0
"chr1.172",382,2309,20,52,47,2,3,8,6,16,132,127,73,69,36,8,98,24,0
"chr1.173",424,2668,28,54,53,1,5,5,7,13,130,135,77,65,43,7,127,47,0
"chr1.174",498,3352,31,94,89,3,7,8,5,16,196,183,105,95,59,12,146,42,0
"chr1.175",286,2025,14,44,30,2,10,9,5,16,58,108,60,46,25,6,84,32,0
"chr1.177",286,1983,10,36,22,1,7,1,2,4,55,72,43,46,30,5,53,28,0
"chr1.178",359,2112,9,42,30,2,7,4,5,11,71,95,39,38,21,1,67,25,0
"chr1.179",410,2545,13,37,49,4,6,7,6,17,113,141,62,69,26,4,75,41,0
"chr1.180",342,2206,16,27,25,4,4,6,6,16,59,81,54,32,29,1,68,33,0
"chr1.181",344,2311,18,38,28,2,9,5,7,14,63,84,50,40,30,5,54,32,0
"chr1.182",322,2552,10,26,32,3,8,12,5,20,72,92,51,34,20,3,86,23,1
"chr1.183",332,2844,18,47,43,2,7,7,9,18,109,145,65,56,26,11,78,34,0
"chr1.184",546,3338,38,80,83,1,13,11,8,20,172,187,103,105,34,10,120,42,0
"chr1.185",812,5278,73,147,102,5,15,20,14,39,357,288,181,147,65,21,166,51,1
"chr1.186",852,5334,64,162,102,12,12,14,9,35,357,267,192,203,53,10,170,47,0
"chr1.187",653,5397,51,138,86,4,10,10,9,23,369,308,197,176,48,16,150,56,0
"chr1.188",741,4806,57,125,128,6,18,13,7,26,395,307,228,235,61,19,160,63,0
"chr1.189",586,4194,44,102,87,4,16,12,15,31,225,208,144,137,50,15,169,39,1
"chr1.190",353,2647,11,34,29,1,8,8,4,13,74,93,46,42,24,4,62,22,0
"chr1.191",345,3191,30,65,57,0,9,11,2,13,177,162,107,92,42,8,105,35,0
"chr1.192",502,3789,34,98,97,1,7,7,9,17,375,333,199,226,59,25,170,62,0
"chr1.193",446,3454,36,87,78,1,6,13,8,22,350,202,151,152,49,15,129,42,0
"chr1.195",346,2773,14,48,39,0,10,13,5,18,91,75,54,41,20,9,86,29,0
"chr1.196",408,3418,19,84,100,3,9,8,8,19,157,139,78,76,22,8,136,42,0
"chr1.197",382,2427,18,42,41,1,6,3,7,11,104,139,54,54,21,6,65,28,0
"chr1.198",254,1745,14,28,27,1,3,4,1,6,48,99,46,44,29,4,50,29,0
"chr1.200",260,1781,9,21,21,0,4,5,6,11,72,106,50,44,27,4,91,27,0
"chr1.201",258,1557,18,26,21,0,9,7,1,8,54,84,41,49,33,2,68,22,1
"chr1.202",310,1729,18,42,28,3,5,8,1,12,74,99,58,46,22,2,62,37,0
"chr1.204",255,1778,15,27,19,1,4,3,5,9,43,92,47,38,26,5,61,18,0
"chr1.206",448,3272,27,69,61,3,15,17,9,29,179,188,117,96,48,8,125,31,0
"chr1.207",401,2646,25,40,38,2,6,10,8,20,89,115,48,53,38,2,88,28,0
"chr1.208",435,2557,30,63,36,0,10,6,8,14,134,136,86,77,38,8,95,31,0
"chr1.209",264,1704,12,19,24,0,5,5,0,5,55,81,46,44,35,6,86,19,0
"chr1.210",311,1932,10,23,29,0,6,10,5,15,64,92,45,45,22,3,62,30,1
"chr1.211",333,2335,19,25,25,0,6,4,6,10,140,167,108,75,28,8,111,34,0
"chr1.212",454,3055,16,60,58,0,6,8,6,14,143,123,76,55,37,11,98,33,0
"chr1.213",481,3639,39,78,64,3,10,13,10,26,127,115,83,58,36,8,95,38,0
"chr1.214",372,3285,34,60,71,1,11,9,14,24,162,139,87,74,32,7,109,35,0
"chr1.215",478,3102,23,76,58,0,10,6,6,12,167,152,88,63,40,5,116,26,0
"chr1.216",529,3471,35,80,84,3,17,13,6,22,101,85,51,59,25,2,90,29,0
"chr1.217",382,2572,25,34,53,1,9,7,5,13,105,110,76,68,34,6,98,25,0
"chr1.218",431,2826,28,64,59,1,7,13,9,23,151,118,92,84,32,12,100,20,0
"chr1.219",434,2954,20,57,79,3,6,7,8,18,95,91,60,65,33,2,88,30,1
"chr1.222",288,2038,14,39,25,1,4,7,3,11,91,104,77,50,21,5,60,39,0
"chr1.223",225,1516,16,17,16,0,7,3,2,5,64,70,46,47,21,5,63,23,0
"chr1.224",299,1854,12,28,25,2,12,4,6,12,86,101,38,45,23,2,60,21,0
"chr1.225",340,2016,21,34,29,2,10,15,7,24,69,104,51,60,37,8,88,32,0
"chr1.227",318,1911,12,32,18,2,8,4,6,12,76,91,60,54,30,3,80,28,0
"chr1.228",331,1990,10,26,31,0,9,7,4,11,92,98,61,38,23,1,68,23,0
"chr1.229",368,2706,24,29,37,0,4,8,7,15,80,102,76,44,31,4,80,29,0
"chr1.230",290,2071,11,34,30,2,10,2,7,11,58,84,49,34,25,4,65,21,0
"chr1.231",366,2541,22,44,49,3,7,4,13,20,104,138,66,72,21,5,80,27,0
"chr1.233",321,2053,16,26,30,0,5,4,6,10,75,113,58,53,21,4,65,27,0
"chr1.234",436,2690,37,65,42,1,8,9,12,22,187,181,102,100,48,10,128,42,0
"chr1.235",567,3817,44,85,93,1,14,11,13,25,205,162,112,87,72,6,129,32,0
"chr1.236",517,3338,37,76,66,0,15,8,16,24,147,130,106,95,29,6,119,34,0
"chr1.237",367,2570,18,45,43,2,11,6,10,18,198,150,110,106,40,14,119,32,0
"chr1.238",472,2994,21,56,52,1,7,12,3,16,194,192,116,123,46,7,130,47,0
"chr1.241",463,2834,27,52,54,1,3,8,8,17,168,153,89,78,46,11,116,34,0
"chr1.242",369,2204,14,28,32,2,4,6,5,13,72,98,54,45,21,8,82,20,2
"chr1.243",388,2129,17,55,26,1,14,5,7,13,82,100,70,58,61,8,79,23,0
"chr10.2",422,2196,32,81,59,5,13,6,11,22,162,136,114,87,39,10,85,30,1
"chr10.3",675,3412,60,105,71,1,10,9,15,25,177,151,118,112,48,12,101,36,0
"chr10.4",321,2096,24,49,31,0,5,3,6,9,93,114,65,61,38,2,73,30,0
"chr10.5",335,2611,14,37,35,1,10,5,7,13,75,72,58,41,31,4,63,33,0
"chr10.7",373,2215,25,48,47,0,5,5,5,10,79,108,54,50,24,3,51,19,0
"chr10.8",524,2674,40,83,67,4,8,11,13,28,133,104,111,82,31,9,89,23,0
"chr10.9",529,3171,29,75,73,3,7,8,8,19,124,104,75,61,33,11,90,28,0
"chr10.10",613,3835,45,84,97,7,7,9,11,27,184,141,124,82,31,5,118,34,0
"chr10.11",480,3368,39,71,76,3,14,12,11,26,225,201,132,132,40,12,134,37,0
"chr10.12",297,1722,18,29,23,2,9,4,5,11,97,115,86,76,40,5,79,20,0
"chr10.14",309,2082,17,34,22,3,7,5,3,11,73,81,66,46,22,3,63,26,0
"chr10.15",362,2322,19,48,39,1,12,1,6,8,77,79,64,52,21,2,59,28,0
"chr10.16",332,2232,17,24,22,1,7,7,6,14,77,99,75,45,22,7,61,17,0
"chr10.17",434,3009,29,62,57,3,10,6,9,18,109,102,83,61,18,6,99,36,0
"chr10.20",449,3437,20,59,59,1,10,13,7,21,212,199,153,139,54,14,117,41,0
"chr10.21",348,3002,18,47,57,1,6,7,13,21,216,197,127,109,29,9,106,38,0
"chr10.22",322,2026,13,32,16,0,4,6,3,9,101,78,79,57,26,6,68,22,0
"chr10.23",370,2552,29,47,26,2,6,6,3,11,59,67,51,38,27,4,64,24,0
"chr10.24",419,2966,23,46,33,4,7,9,6,19,82,91,56,58,19,10,64,29,0
"chr10.25",294,2416,20,37,28,1,10,7,5,13,74,65,59,35,20,4,70,23,0
"chr10.26",339,2603,19,48,31,1,3,5,6,12,85,97,66,43,26,8,89,27,0
"chr10.27",477,3010,45,79,53,4,11,6,13,23,115,135,90,90,40,8,118,36,0
"chr10.28",301,2193,16,26,54,0,11,3,6,9,61,89,54,42,66,6,63,15,0
"chr10.29",334,2319,15,44,43,0,3,9,7,16,74,70,59,42,28,5,68,31,0
"chr10.30",392,2134,14,46,40,4,8,5,7,16,92,83,50,40,18,2,79,22,0
"chr10.31",378,2342,20,34,31,3,4,4,6,13,70,94,59,30,28,2,59,34,0
"chr10.32",415,2630,27,50,40,1,7,8,5,14,70,82,63,44,38,6,68,18,0
"chr10.34",371,2592,15,51,27,2,5,9,3,14,64,69,62,45,21,3,64,38,1
"chr10.35",329,2179,13,44,34,3,10,5,12,20,72,89,44,37,21,6,69,16,0
"chr10.36",319,1985,16,37,27,4,5,3,5,12,56,75,44,40,22,2,82,22,0
"chr10.37",585,3693,44,107,79,6,9,15,8,29,166,168,98,77,37,8,127,41,0
"chr10.41",302,1880,10,55,24,1,13,10,6,17,85,126,50,65,28,0,79,28,0
"chr10.42",349,2708,24,43,53,0,5,7,9,16,101,87,65,51,28,9,92,29,0
"chr10.51",356,3354,27,85,83,3,7,10,8,21,113,84,57,53,35,7,91,46,0
"chr10.52",339,2994,22,60,52,1,7,7,7,15,122,105,68,52,24,12,97,27,0
"chr10.53",476,3738,58,77,89,3,5,7,14,24,262,234,182,138,46,21,184,47,0
"chr10.55",588,4866,53,140,120,9,10,7,9,25,331,261,199,188,40,10,199,52,0
"chr10.56",584,4345,50,94,97,12,11,10,11,33,316,236,162,147,57,16,186,51,0
"chr10.57",286,2672,14,30,48,1,1,3,6,10,83,91,63,49,24,7,90,28,1
"chr10.58",336,2880,15,52,46,1,8,7,10,18,109,111,73,59,31,3,107,31,0
"chr10.59",272,1963,13,40,19,0,5,4,6,10,61,76,35,53,20,2,61,20,0
"chr10.60",329,2623,24,29,22,0,6,3,11,14,58,70,43,31,17,4,64,25,0
"chr10.61",291,2341,20,29,25,2,10,4,6,12,59,74,56,33,22,4,77,14,0
"chr10.62",409,2471,17,60,35,3,10,11,6,20,80,127,58,61,18,5,82,29,0
"chr10.63",317,2468,26,48,43,1,12,7,4,12,102,109,71,44,23,2,84,38,0
"chr10.64",447,3473,33,66,54,1,12,8,7,16,139,133,95,73,23,6,91,39,0
"chr10.65",396,3330,29,56,57,1,7,10,6,17,161,137,95,78,25,4,117,27,0
"chr10.69",251,1641,13,30,32,2,5,5,5,12,66,99,43,51,64,2,63,26,0
"chr10.70",269,1774,19,32,16,3,4,4,7,14,91,99,50,46,23,3,65,50,0
"chr10.71",229,1371,15,21,15,4,9,3,5,12,66,78,38,40,14,1,85,28,0
"chr10.74",247,1773,13,30,23,1,11,6,7,14,50,81,43,26,18,1,67,27,0
"chr10.75",312,2730,24,37,36,3,7,8,9,20,82,84,66,52,17,8,98,20,2
"chr10.76",364,2798,24,43,38,4,6,8,8,20,96,104,55,63,20,4,86,41,0
"chr10.77",265,1808,7,34,28,1,9,2,6,9,56,84,54,35,19,8,73,21,0
"chr10.78",243,1721,10,33,19,1,9,3,8,12,36,68,48,46,24,2,60,31,0
"chr10.80",363,3212,39,60,58,3,4,4,6,13,181,173,136,93,27,7,105,34,1
"chr10.81",618,4555,41,125,105,2,7,9,19,30,226,190,139,126,36,11,112,27,0
"chr10.82",594,4192,39,114,90,4,7,2,20,26,256,203,139,121,36,10,110,38,0
"chr10.83",335,2417,18,54,32,2,5,5,5,12,141,130,102,73,22,10,98,41,0
"chr10.84",396,2985,36,61,67,3,13,16,8,27,233,189,155,106,23,10,117,53,1
"chr10.85",408,2395,33,52,39,1,4,9,6,16,102,111,76,64,16,7,101,24,0
"chr10.87",266,2202,11,34,15,2,6,7,2,11,43,49,25,32,15,2,49,17,0
"chr10.88",262,2239,11,32,20,2,4,7,4,13,45,63,41,29,15,4,51,17,0
"chr10.89",398,2753,22,52,48,4,4,9,5,18,132,129,93,67,28,12,87,34,1
"chr10.90",397,3094,28,61,54,2,9,6,6,14,117,117,56,60,26,7,88,26,0
"chr10.92",297,1855,7,28,14,1,10,9,2,12,44,82,53,28,11,2,66,29,0
"chr10.93",224,1887,10,23,16,2,8,3,2,7,43,61,39,30,21,5,60,22,0
"chr10.95",276,1961,11,27,11,3,3,3,2,8,53,65,33,32,13,0,60,20,1
"chr10.96",262,1585,15,28,22,2,9,2,5,9,55,65,49,36,18,4,48,20,2
"chr10.97",290,1705,16,31,25,1,7,6,4,11,71,70,58,44,17,3,56,14,0
"chr10.100",268,1710,13,42,17,1,4,5,2,8,44,90,42,58,20,8,63,31,0
"chr10.101",209,1360,7,29,15,1,8,4,5,10,36,70,47,45,13,4,60,17,0
"chr10.103",241,1665,10,30,12,1,17,5,3,9,52,84,40,34,32,4,54,24,0
"chr10.104",464,3136,35,80,75,5,9,10,8,23,208,203,140,138,48,16,137,41,0
"chr10.105",554,3961,46,106,96,6,9,13,5,24,268,203,129,155,38,16,142,43,1
"chr10.106",525,3726,49,90,93,6,10,3,8,17,225,189,156,137,43,12,161,37,0
"chr10.107",393,3316,29,73,69,2,11,8,7,17,273,223,177,131,36,14,164,41,0
"chr10.108",470,3402,30,75,64,1,9,12,4,17,175,174,119,176,29,3,141,45,0
"chr10.109",283,1889,13,33,19,1,6,6,5,12,68,91,64,42,24,5,69,33,0
"chr10.110",299,2168,12,50,17,2,6,5,6,13,57,90,58,47,26,3,60,27,0
"chr10.111",283,2289,25,42,25,1,8,7,3,11,90,105,66,67,24,7,80,49,0
"chr10.112",266,1822,17,27,26,1,9,3,1,5,54,73,45,41,23,2,60,30,0
"chr10.113",275,1748,12,27,14,0,4,7,2,9,47,54,52,26,28,1,63,24,0
"chr10.114",320,2236,11,36,20,0,5,7,2,9,89,77,63,53,24,4,70,28,0
"chr10.115",467,3308,34,73,54,2,8,8,7,17,177,164,129,119,29,12,134,46,0
"chr10.116",342,2315,9,37,22,2,4,10,4,16,76,102,76,72,30,3,79,25,0
"chr10.117",368,2741,12,31,39,3,6,7,11,21,81,97,62,69,29,8,92,35,0
"chr10.118",284,1695,17,38,24,0,9,3,6,9,66,64,57,49,22,4,71,21,0
"chr10.119",308,2331,14,41,37,2,8,7,4,13,100,90,73,64,24,4,78,34,0
"chr10.120",384,2515,10,49,39,0,10,6,7,13,58,81,52,47,23,5,77,34,0
"chr10.121",243,1423,7,22,15,1,5,3,6,10,44,75,30,33,7,2,46,20,1
"chr10.122",363,2161,10,43,28,2,4,2,3,7,72,113,56,78,28,7,72,26,0
"chr10.123",320,2066,18,62,30,1,8,4,6,11,106,145,80,81,24,9,94,42,1
"chr10.124",296,2005,8,29,18,1,9,5,9,15,76,80,37,44,18,3,58,35,0
"chr10.125",412,2421,12,44,31,3,9,9,9,21,116,139,94,100,20,5,91,45,0
"chr10.127",373,2287,23,46,24,1,13,8,9,18,136,141,118,82,24,10,92,25,0
"chr10.128",514,3090,41,77,82,4,13,9,13,26,229,257,138,148,28,19,167,46,0
"chr10.129",402,2225,31,56,47,6,10,6,13,25,162,170,105,112,27,5,130,31,0
"chr10.130",635,2969,53,115,88,4,12,8,10,22,280,344,208,201,53,23,185,70,1
"chr10.132",229,1206,19,44,26,4,6,8,7,19,72,111,100,69,18,7,97,35,0
"chr11.3",220,1262,8,31,23,1,9,6,6,13,71,93,67,49,18,6,76,33,0
"chr11.6",451,3365,26,68,66,2,7,13,13,28,143,143,98,86,27,8,99,52,0
"chr11.7",354,2061,16,27,25,4,5,6,8,18,82,77,54,49,21,5,79,26,0
"chr11.8",397,2673,23,41,51,0,1,7,10,17,85,99,72,65,29,5,80,20,0
"chr11.9",323,1984,21,58,21,5,10,6,11,22,67,85,48,37,22,1,65,23,0
"chr11.11",296,2043,8,52,15,2,5,4,6,12,55,70,57,33,13,2,69,27,0
"chr11.12",285,1985,23,39,26,0,5,9,8,17,62,92,60,41,20,3,58,19,0
"chr11.13",232,1637,10,31,9,2,4,4,4,10,39,56,35,41,15,3,60,30,0
"chr11.14",309,2225,7,53,16,0,3,4,9,13,58,61,41,51,21,2,75,17,0
"chr11.16",361,2599,19,39,34,3,9,8,5,16,73,86,53,45,21,8,84,29,0
"chr11.17",277,2538,19,27,43,2,12,3,5,10,46,73,47,39,14,3,77,16,0
"chr11.18",267,1631,19,34,21,1,8,5,5,11,62,73,40,45,13,1,72,23,0
"chr11.20",261,2144,19,40,25,0,8,4,2,6,64,70,66,38,19,5,67,22,0
"chr11.21",346,2474,28,61,43,2,9,11,7,20,124,114,113,71,34,7,112,32,0
"chr11.22",536,4123,46,102,81,1,5,10,18,29,197,151,115,101,37,13,113,26,0
"chr11.23",441,3516,36,64,60,2,11,10,10,22,110,75,67,51,22,6,86,34,0
"chr11.24",324,3170,17,69,53,2,7,5,8,15,113,88,62,36,26,2,84,23,0
"chr11.25",457,3723,43,101,51,5,11,6,8,19,121,126,86,45,30,9,123,42,0
"chr11.26",538,4425,34,122,66,4,6,16,12,32,241,157,152,86,42,10,139,46,1
"chr11.27",429,3294,32,87,58,2,9,7,10,19,142,103,75,52,26,8,120,38,0
"chr11.28",292,2275,10,36,30,1,9,3,4,8,61,96,46,39,26,6,81,17,0
"chr11.29",399,2912,39,65,48,1,4,8,8,17,111,96,81,60,31,6,91,24,0
"chr11.30",527,4317,69,105,79,3,8,11,7,21,216,185,178,94,31,9,127,52,0
"chr11.31",549,3754,49,96,63,3,9,8,7,18,178,140,110,117,36,4,141,43,0
"chr11.32",384,2808,34,64,37,0,13,7,7,14,150,102,91,89,22,5,108,34,0
"chr11.33",395,2536,24,55,30,1,7,14,10,25,118,133,86,54,31,6,102,21,0
"chr11.34",307,2127,13,32,17,2,8,4,8,14,68,73,56,33,27,6,70,17,0
"chr11.35",228,1623,12,38,15,1,8,3,5,9,66,53,48,46,55,0,78,27,0
"chr11.36",275,2133,16,32,20,3,5,7,11,21,67,71,60,43,22,2,67,31,0
"chr11.37",278,1986,25,51,28,2,8,5,4,11,117,123,61,60,26,6,97,22,0
"chr11.38",587,3766,54,123,70,8,4,7,18,33,270,175,146,105,33,8,158,46,0
"chr11.39",661,4509,72,127,86,4,8,9,15,28,160,122,87,85,38,5,127,28,0
"chr11.40",785,4581,58,123,89,7,15,5,15,27,163,101,89,78,33,4,129,32,0
"chr11.41",739,4856,66,145,94,8,16,3,7,18,265,169,142,111,42,10,181,42,0
"chr11.42",672,4720,56,113,101,6,11,8,10,24,301,243,187,165,56,15,187,54,0
"chr11.43",616,4143,44,117,81,3,11,8,17,28,326,237,203,186,47,17,208,42,0
"chr11.44",394,2482,19,49,46,2,9,6,10,18,138,131,84,70,28,5,88,23,0
"chr11.45",337,1939,25,42,28,3,5,4,3,10,73,79,54,42,27,2,76,23,0
"chr11.46",324,1874,16,38,24,2,8,5,3,10,68,86,64,53,28,1,93,28,0
"chr11.47",224,1319,12,34,13,1,8,5,2,8,66,58,31,37,22,6,56,34,0
"chr11.53",508,3324,27,64,56,1,8,16,7,24,213,178,124,123,45,10,148,54,0
"chr11.54",284,1740,19,48,15,3,9,4,4,11,75,69,59,43,15,0,73,23,0
"chr11.55",293,2445,11,45,27,3,8,8,4,15,79,98,56,53,20,2,91,26,0
"chr11.56",310,2211,14,39,17,2,9,9,5,16,61,67,63,47,26,2,70,25,0
"chr11.57",323,2468,24,40,35,2,8,8,8,18,65,61,47,36,19,2,92,22,0
"chr11.61",200,956,18,30,21,2,6,5,3,10,54,77,53,70,23,0,93,26,0
"chr11.62",173,1058,13,24,10,1,17,7,4,12,73,67,60,44,17,7,69,26,0
"chr11.69",245,1482,13,29,21,3,7,3,8,14,54,87,47,40,22,3,77,26,0
"chr11.70",222,1372,8,23,16,2,9,6,3,11,41,59,34,46,19,5,54,13,0
"chr11.71",222,1471,16,35,18,0,9,4,2,6,42,58,41,30,26,0,55,16,1
"chr11.72",216,1492,15,19,24,1,3,3,3,7,43,68,48,38,21,1,61,26,0
"chr11.73",207,1504,12,27,17,1,3,5,4,10,65,65,46,41,26,2,80,21,0
"chr11.74",210,1494,12,26,11,0,8,3,2,5,40,67,28,34,17,2,75,23,0
"chr11.75",257,1720,15,32,29,3,4,4,5,12,80,89,37,39,26,3,64,21,0
"chr11.76",480,3273,22,77,45,5,6,7,3,15,120,132,81,96,26,6,119,29,0
"chr11.77",391,3402,24,101,54,2,7,6,4,12,115,108,82,62,31,6,109,35,0
"chr11.78",437,3804,40,98,73,4,7,12,6,22,217,180,126,120,43,7,107,42,0
"chr11.79",455,3219,46,100,72,5,13,7,8,20,189,128,100,92,39,12,103,43,0
"chr11.80",339,2769,16,45,35,5,8,4,7,16,93,91,65,46,33,4,92,41,0
"chr11.82",309,2594,15,38,22,0,9,5,5,10,124,122,83,81,27,17,94,37,0
"chr11.83",271,1977,12,32,11,0,9,9,3,12,72,67,53,26,24,2,66,17,0
"chr11.84",297,2650,25,39,30,3,7,3,5,11,85,87,67,55,29,4,95,27,0
"chr11.88",546,3733,61,107,77,7,20,9,7,23,182,137,108,88,24,8,134,17,0
"chr11.89",449,3196,30,78,67,8,4,16,7,31,147,140,97,79,28,8,126,32,0
"chr11.90",317,2318,9,37,20,1,6,7,6,14,76,58,48,40,26,2,62,16,0
"chr11.91",379,2329,17,51,26,2,7,5,9,16,65,69,25,38,32,2,61,22,0
"chr11.92",328,2458,15,34,22,1,8,8,3,12,85,100,44,32,20,1,75,20,0
"chr11.94",563,3843,45,114,60,8,13,14,7,29,279,229,168,192,64,12,196,61,0
"chr11.95",722,5154,88,147,108,10,17,14,12,36,378,283,225,205,68,16,199,62,0
"chr11.96",661,5196,69,165,75,3,14,10,9,22,373,225,200,158,52,24,163,52,0
"chr11.97",424,3462,30,90,65,2,9,7,10,19,130,124,80,79,30,11,123,28,0
"chr11.98",351,2801,21,63,44,3,5,6,8,17,119,127,101,69,23,5,88,33,0
"chr11.99",252,2090,16,26,14,2,10,6,6,14,54,69,53,49,22,3,86,16,0
"chr11.100",381,2836,20,57,33,4,10,9,9,22,69,79,50,47,18,2,64,20,0
"chr11.101",578,3633,38,88,74,4,9,15,8,27,128,95,77,49,25,9,90,32,0
"chr11.102",356,3038,30,48,47,0,8,6,8,14,116,108,83,62,28,13,93,25,0
"chr11.103",539,3655,42,98,71,8,5,8,8,24,143,124,91,62,29,2,123,24,0
"chr11.104",455,2940,26,68,58,3,10,14,8,25,117,176,81,78,31,10,96,36,0
"chr11.106",473,3110,29,70,50,2,10,12,12,26,176,166,98,96,39,6,100,26,0
"chr11.107",393,2820,19,44,44,3,7,8,4,15,96,93,76,71,27,4,70,32,0
"chr11.108",306,2599,16,38,23,7,7,6,7,20,91,76,42,35,18,4,62,15,0
"chr11.109",281,1992,16,31,27,5,6,6,4,15,70,81,54,59,26,6,57,26,0
"chr11.110",380,2476,15,51,25,2,13,3,6,11,124,125,89,85,23,9,86,43,0
"chr11.111",331,2125,11,41,21,1,3,4,7,12,113,114,71,76,32,6,85,28,0
"chr11.112",412,2795,20,66,36,0,8,10,4,14,233,182,133,137,23,11,139,52,1
"chr11.113",405,2325,19,45,33,2,6,8,8,18,120,165,101,86,18,6,125,39,0
"chr11.114",283,1630,15,29,18,1,9,10,4,15,77,86,47,32,21,2,72,28,0
"chr11.115",227,1537,11,19,17,1,8,4,2,7,48,77,58,45,29,2,45,13,0
"chr11.116",258,1494,9,43,19,2,7,10,5,17,79,60,73,38,19,5,67,27,1
"chr11.117",285,1824,12,36,17,3,8,4,4,11,65,79,48,53,27,5,84,29,0
"chr11.118",343,2096,11,34,21,3,9,6,2,11,86,90,58,60,28,7,96,20,0
"chr11.119",493,3196,48,63,55,1,13,9,10,20,160,140,102,78,39,8,129,26,1
"chr11.120",396,2403,21,64,42,3,6,8,7,18,95,101,72,61,23,1,98,28,0
"chr11.121",410,2757,20,56,39,2,10,3,7,12,119,134,88,68,43,4,123,39,1
"chr11.122",363,2067,24,56,38,1,9,6,7,14,80,112,72,65,38,5,104,29,0
"chr11.123",317,1970,16,52,24,1,5,3,9,13,81,92,62,46,31,5,94,37,0
"chr11.124",544,3350,24,72,63,6,12,10,3,19,195,162,128,113,48,8,141,41,0
"chr11.125",413,2813,30,36,41,3,6,15,7,25,119,113,81,62,36,6,111,24,0
"chr11.126",256,1970,17,36,20,0,11,6,2,8,65,72,29,26,21,6,61,17,0
"chr11.127",273,1743,10,37,31,0,10,5,2,7,58,71,62,41,22,5,86,28,0
"chr11.128",493,2764,29,89,61,5,13,7,10,22,166,170,130,120,45,11,146,34,0
"chr11.129",730,4227,76,142,104,7,22,9,15,31,301,230,181,176,66,19,238,49,0
"chr11.130",640,3825,60,106,74,10,14,9,22,41,226,159,131,114,59,13,175,31,0
"chr11.131",379,2297,22,56,43,1,10,4,4,9,126,110,92,84,38,3,130,29,0
"chr12.2",280,1612,14,31,12,1,8,3,1,5,53,55,48,36,18,8,69,19,0
"chr12.3",312,1925,15,32,33,1,10,8,8,17,74,105,68,52,38,9,83,29,0
"chr12.4",302,1632,15,30,28,0,8,6,7,13,91,81,71,44,24,4,88,27,0
"chr12.5",365,2286,20,56,32,2,7,7,5,14,136,144,114,120,35,9,132,32,0
"chr12.6",417,2487,22,53,38,3,7,4,4,11,135,150,118,87,35,11,127,33,0
"chr12.7",220,1198,8,58,21,0,14,4,5,9,63,71,45,43,34,4,84,23,0
"chr12.11",391,2935,22,44,32,0,6,7,7,14,114,97,70,58,25,6,113,20,0
"chr12.12",275,2154,16,35,29,2,10,1,3,6,45,61,46,38,24,2,69,17,0
"chr12.13",228,1547,15,24,10,2,3,4,2,8,43,55,46,31,16,2,53,23,1
"chr12.14",238,1793,13,33,16,3,9,8,1,12,62,116,52,59,24,3,64,27,0
"chr12.15",273,1935,9,32,15,1,9,2,5,8,64,90,54,42,16,7,82,20,0
"chr12.16",315,2337,21,27,19,2,5,3,4,9,64,73,48,32,12,6,77,21,0
"chr12.17",332,2423,15,39,32,0,4,6,7,13,70,91,61,37,31,4,76,25,0
"chr12.18",585,3930,37,109,59,4,11,10,10,24,222,181,120,124,37,6,147,49,0
"chr12.19",470,3371,25,64,68,1,8,8,10,19,94,73,62,52,23,5,106,34,0
"chr12.20",351,2449,12,38,28,0,16,10,4,14,76,75,58,57,43,4,77,16,0
"chr12.21",378,2763,13,44,46,3,6,8,5,16,242,166,124,106,32,16,136,44,0
"chr12.22",355,2673,35,43,41,4,7,8,8,20,185,114,96,92,30,11,143,29,0
"chr12.23",383,2486,18,37,29,0,5,9,4,13,103,96,82,61,28,2,97,32,0
"chr12.24",523,3648,41,76,63,3,13,7,7,17,209,167,129,144,37,11,167,41,0
"chr12.25",593,3994,66,92,79,6,10,9,7,22,257,185,161,249,42,6,152,46,0
"chr12.26",412,2826,26,48,43,1,5,7,11,19,165,157,140,108,42,8,123,55,0
"chr12.27",339,2162,20,26,22,3,8,4,4,11,62,71,45,38,16,5,76,23,0
"chr12.28",267,1949,14,39,14,0,6,4,7,11,44,68,53,34,20,3,70,18,0
"chr12.29",356,2590,15,37,32,3,5,12,6,21,83,79,53,65,27,3,97,43,0
"chr12.30",377,2734,27,49,45,1,5,8,6,15,96,89,96,77,28,7,84,23,0
"chr12.31",539,3071,47,71,64,2,8,7,9,18,150,175,110,78,72,9,103,35,0
"chr12.34",431,2854,38,61,45,3,8,10,9,22,182,168,121,99,27,6,112,39,0
"chr12.36",460,3254,20,75,49,4,8,4,15,23,186,87,87,84,26,6,103,23,0
"chr12.37",348,2960,27,55,62,5,5,6,6,17,128,97,87,53,23,5,86,23,0
"chr12.38",535,3883,42,84,92,6,7,6,7,19,217,182,126,83,17,17,149,37,0
"chr12.39",413,2784,29,68,46,2,9,7,9,18,131,107,96,72,31,4,95,22,0
"chr12.40",512,3657,42,83,82,6,13,14,13,33,110,102,67,46,25,7,88,34,0
"chr12.41",385,2363,23,54,28,3,9,9,0,12,96,93,68,64,14,4,81,28,0
"chr12.42",503,3081,30,66,53,2,18,7,1,10,120,108,74,52,26,6,81,23,0
"chr12.43",330,2438,13,27,28,1,8,6,5,12,56,76,49,25,26,0,68,17,0
"chr12.44",357,2727,12,44,25,1,5,6,5,12,60,70,46,50,23,4,68,29,0
"chr12.45",272,1788,11,33,24,2,7,6,10,18,49,94,59,34,10,4,65,20,0
"chr12.47",255,1314,10,38,14,0,9,3,1,4,46,72,45,47,16,4,52,30,1
"chr12.49",252,1470,16,31,15,2,16,8,2,12,61,58,45,38,18,2,62,23,0
"chr12.50",254,1302,12,32,23,0,10,4,2,6,82,88,61,43,28,1,64,23,0
"chr12.51",312,1680,17,38,17,1,6,3,6,10,43,75,52,35,18,2,66,22,0
"chr12.55",257,1946,14,48,23,4,7,3,4,11,72,102,67,67,18,4,67,17,0
"chr12.56",309,2633,19,35,39,1,8,2,8,11,87,157,53,45,19,4,87,25,0
"chr12.57",552,3663,48,99,75,5,8,4,4,13,99,93,62,75,24,2,78,34,0
"chr12.58",649,4563,48,120,110,8,5,8,13,29,239,231,153,135,40,13,147,45,0
"chr12.59",440,3037,33,82,59,1,6,13,6,20,98,131,70,74,23,10,119,31,0
"chr12.60",311,2320,19,31,29,1,6,4,6,11,59,81,53,41,20,4,63,26,0
"chr12.62",380,2286,7,33,31,1,8,2,1,4,50,76,54,35,19,4,65,27,0
"chr12.63",372,2513,13,28,38,4,2,7,5,16,63,76,80,46,19,4,79,12,0
"chr12.64",340,2711,14,53,34,4,9,7,4,15,77,96,59,45,23,5,83,23,0
"chr12.65",339,2468,21,34,21,2,8,5,6,13,76,67,39,30,16,3,60,26,0
"chr12.66",269,2082,14,30,17,3,4,7,3,13,59,77,45,40,24,3,74,19,0
"chr12.67",298,2360,13,25,15,1,8,5,3,9,45,130,41,34,18,3,66,16,0
"chr12.68",314,2434,10,21,19,1,4,3,4,8,42,83,43,34,18,10,82,31,0
"chr12.69",316,2469,21,58,49,2,3,8,10,20,70,95,85,59,28,6,86,20,0
"chr12.70",591,4435,46,111,112,6,19,11,7,24,206,186,118,98,29,7,130,34,0
"chr12.71",658,4583,57,119,89,4,14,14,18,36,181,144,114,82,27,7,133,38,0
"chr12.72",424,3024,32,56,60,4,6,8,9,21,79,83,61,42,16,6,70,33,0
"chr12.73",334,2063,23,35,27,3,3,5,2,10,35,77,38,36,19,5,75,24,0
"chr12.74",416,2890,17,38,28,2,9,6,3,11,85,88,52,42,40,4,78,17,0
"chr12.75",439,3478,29,61,54,4,12,8,4,16,150,100,69,70,33,6,82,30,1
"chr12.76",356,2941,32,51,43,3,11,10,7,20,169,171,103,89,43,5,105,38,0
"chr12.77",369,2619,18,34,33,0,6,11,3,14,88,82,52,45,17,4,61,22,0
"chr12.78",475,3573,30,81,71,3,3,5,11,19,199,146,104,84,24,6,100,46,0
"chr12.79",495,3661,29,86,64,4,11,8,13,25,139,80,62,33,32,7,90,27,0
"chr12.80",359,2664,19,58,48,2,11,6,3,11,74,75,63,42,13,0,85,26,1
"chr12.81",628,4263,42,106,101,2,7,10,7,19,184,145,99,87,28,7,122,29,0
"chr12.82",486,3910,32,64,64,5,7,6,7,18,159,143,101,74,23,10,107,28,0
"chr12.83",527,3891,40,83,72,7,13,8,9,24,157,102,65,59,28,6,91,31,0
"chr12.84",528,3821,50,100,95,2,18,6,9,17,184,130,75,66,29,7,113,36,0
"chr12.85",364,2881,17,51,54,3,22,6,6,15,70,64,53,42,19,4,71,28,0
"chr12.86",243,2443,9,29,25,2,6,11,4,17,65,55,43,32,20,3,55,18,1
"chr12.87",310,2516,21,32,33,0,7,9,7,16,55,74,43,33,23,1,54,19,0
"chr12.88",362,3341,25,38,52,5,4,7,8,20,87,67,46,44,18,4,57,23,0
"chr12.89",311,2668,9,24,27,1,7,9,4,14,45,68,32,35,22,3,54,24,0
"chr12.90",258,1834,10,31,18,1,6,5,3,9,56,58,67,33,20,1,45,19,0
"chr12.91",321,2154,8,38,25,1,2,3,3,7,50,62,42,36,21,6,43,16,0
"chr12.92",292,1994,9,38,22,3,10,8,6,17,55,54,31,32,21,1,54,16,0
"chr12.93",282,1950,14,40,27,0,6,5,1,6,49,60,35,37,12,6,44,24,0
"chr12.94",510,3307,31,51,65,3,15,14,7,24,124,139,84,68,21,6,69,37,0
"chr12.95",503,3011,38,76,62,4,9,12,10,26,79,81,58,56,21,4,79,28,1
"chr12.96",419,2656,29,65,50,4,7,9,8,21,106,125,72,69,33,7,101,27,0
"chr12.97",374,2822,22,56,58,2,4,11,11,24,124,118,81,51,16,4,102,24,0
"chr12.98",331,2447,16,30,22,1,8,8,8,17,63,85,71,39,18,4,68,32,1
"chr12.99",338,2083,9,38,26,1,6,5,8,14,52,79,38,34,20,3,63,25,0
"chr12.100",501,3065,34,61,48,1,4,14,7,22,129,99,61,73,36,11,132,29,0
"chr12.101",341,2175,16,39,32,2,7,11,5,18,50,73,78,35,17,4,57,29,0
"chr12.102",331,2083,23,30,25,2,4,6,2,10,47,61,38,39,24,2,64,20,0
"chr12.103",370,2287,17,41,32,2,6,7,5,14,90,100,53,46,31,2,92,19,0
"chr12.104",370,2279,13,33,27,0,6,5,8,13,89,105,59,45,23,5,84,22,0
"chr12.105",446,2522,22,52,44,1,6,14,8,23,107,117,70,90,38,6,95,21,0
"chr12.107",276,1364,9,18,20,2,9,7,4,13,42,43,33,30,10,5,52,22,0
"chr12.108",383,1824,13,37,28,0,9,5,3,8,90,88,60,54,24,3,92,25,0
"chr12.110",286,1601,11,39,25,1,6,1,3,5,68,78,54,49,18,8,58,35,0
"chr12.111",430,2203,18,55,41,4,7,10,9,23,125,153,85,91,20,14,120,27,0
"chr12.112",346,2271,16,29,18,2,4,7,8,17,188,175,93,125,39,3,148,39,0
"chr12.113",328,1984,10,16,19,4,8,4,1,9,112,109,57,68,20,10,115,23,0
"chr12.114",311,1729,14,40,21,3,9,1,5,9,92,83,70,68,22,9,66,18,0
"chr12.115",280,1655,18,28,24,2,10,9,2,13,69,86,60,62,19,1,97,23,0
"chr12.116",471,2745,33,73,54,1,6,10,9,20,141,202,109,93,20,4,114,42,0
"chr12.117",305,1615,23,41,29,1,8,3,5,9,67,80,38,43,17,6,79,20,0
"chr12.121",284,1567,14,27,21,1,13,3,7,11,56,53,37,51,14,2,52,30,0
"chr12.122",233,1192,12,43,17,3,5,3,5,11,62,75,50,41,13,3,71,21,0
"chr12.123",467,2672,55,82,61,3,8,6,15,24,131,139,78,110,23,9,119,34,0
"chr12.124",554,3085,57,104,84,2,7,11,6,19,234,188,141,126,37,8,156,39,0
"chr12.125",504,3102,39,74,88,6,13,5,12,23,275,230,141,131,45,16,174,57,0
"chr12.126",538,2767,46,89,77,6,13,11,12,29,189,167,121,120,42,16,159,39,0
"chr12.127",513,3077,52,98,68,6,19,13,21,40,230,189,144,163,23,23,159,44,0
"chr12.128",473,2161,35,64,38,5,10,7,14,26,203,213,153,155,31,12,143,33,0
"chr13.18",285,1956,20,36,31,0,13,9,2,11,69,101,47,43,19,5,58,12,0
"chr13.19",367,2734,19,54,46,3,11,9,10,22,139,165,66,82,32,7,78,20,0
"chr13.20",523,3017,40,90,97,2,8,15,15,32,250,177,154,135,37,12,123,27,0
"chr13.21",333,1939,11,46,26,1,6,5,5,11,58,92,53,47,15,5,63,26,0
"chr13.23",464,2713,29,64,61,6,10,7,6,19,104,123,81,45,30,8,93,36,0
"chr13.24",330,2010,24,43,46,2,11,6,6,14,86,93,78,60,34,5,55,36,0
"chr13.25",347,2151,15,47,34,3,9,11,6,20,71,86,49,41,27,3,71,22,0
"chr13.26",444,2830,21,62,62,0,11,5,8,13,158,173,110,90,28,8,118,38,0
"chr13.27",317,2341,17,35,37,1,8,5,3,9,54,82,48,39,20,4,73,21,0
"chr13.28",372,2220,21,54,40,1,6,11,6,18,71,85,55,44,22,5,63,15,0
"chr13.29",366,2665,17,35,59,1,9,4,6,11,66,103,67,59,31,3,58,19,0
"chr13.30",319,2245,17,47,33,1,6,8,6,15,62,97,51,39,25,4,69,9,0
"chr13.31",297,2482,17,49,51,2,9,10,4,16,81,96,67,41,25,5,71,14,0
"chr13.32",400,2859,28,93,121,2,8,13,13,28,135,123,77,52,37,4,70,13,0
"chr13.33",591,3308,41,132,134,4,17,8,11,23,262,175,145,110,46,15,104,38,0
"chr13.34",462,2686,37,74,97,2,6,13,11,26,185,179,113,106,40,11,116,32,0
"chr13.35",535,3470,34,103,106,2,11,13,9,24,204,152,96,73,37,5,90,36,0
"chr13.36",434,3144,27,67,77,3,10,13,5,21,122,111,79,64,24,6,73,22,0
"chr13.37",431,2849,31,47,65,2,4,10,7,19,114,119,68,51,19,9,76,30,0
"chr13.39",269,2016,11,37,28,1,9,6,0,7,73,75,41,30,29,2,64,18,0
"chr13.40",360,2537,20,48,41,1,3,10,8,19,71,80,59,48,24,10,58,24,0
"chr13.41",309,2411,19,32,35,2,8,13,8,23,56,78,60,40,24,5,41,16,0
"chr13.42",235,1845,9,22,28,1,3,7,4,12,60,91,41,34,21,5,44,22,0
"chr13.43",378,2296,20,59,35,1,5,7,5,13,80,116,85,63,22,6,65,21,0
"chr13.44",411,2721,22,66,73,3,8,8,6,17,96,115,62,47,25,5,72,17,0
"chr13.45",378,2591,17,53,70,0,6,13,6,19,95,77,71,52,34,6,47,17,0
"chr13.46",330,2299,12,33,37,1,14,7,3,11,56,68,36,24,12,1,66,19,0
"chr13.47",292,1851,15,32,20,0,8,11,4,15,68,87,51,37,18,6,50,10,1
"chr13.48",337,2411,21,43,49,5,9,10,9,24,54,79,54,37,21,7,47,15,0
"chr13.51",594,4188,53,141,155,7,15,11,13,31,294,204,162,124,47,7,122,37,0
"chr13.52",785,5666,75,201,178,9,9,14,15,38,309,211,186,111,45,10,148,30,0
"chr13.53",712,5348,82,157,188,10,15,19,18,47,398,251,208,193,59,15,169,41,0
"chr13.54",694,4987,61,171,179,3,17,16,17,36,397,248,259,193,45,18,155,41,0
"chr13.55",705,5080,74,182,163,7,10,15,10,32,311,230,182,131,41,9,147,26,0
"chr13.56",605,4022,59,141,164,2,15,13,17,32,204,208,136,97,42,11,106,33,0
"chr13.57",377,2543,14,57,52,0,6,10,4,14,92,75,58,51,20,5,54,21,0
"chr13.58",541,3539,27,98,107,5,7,19,15,39,179,147,109,75,30,9,80,33,0
"chr13.59",846,5452,65,162,175,7,10,18,12,37,337,230,163,114,22,15,137,43,0
"chr13.60",904,6252,86,183,186,8,7,19,19,46,337,203,175,77,52,12,128,37,0
"chr13.62",1000,6236,95,176,185,10,18,20,12,42,437,304,293,184,46,20,162,44,0
"chr13.63",869,5725,69,184,170,7,12,17,14,38,427,327,249,184,43,17,176,24,0
"chr13.64",894,5583,67,177,156,5,17,19,19,43,347,190,192,107,37,13,115,35,0
"chr13.65",874,5577,69,183,130,3,23,11,10,24,349,215,220,127,43,12,120,31,0
"chr13.66",792,5654,81,183,155,5,15,16,12,33,343,250,202,168,45,24,150,33,0
"chr13.67",582,3940,28,122,128,4,7,15,4,23,221,160,140,77,22,9,105,17,0
"chr13.68",511,3461,30,77,80,6,11,13,10,29,141,136,102,73,25,5,85,30,0
"chr13.69",320,2767,8,45,42,1,5,9,5,15,108,111,66,60,30,6,65,20,0
"chr13.70",247,2020,10,46,39,3,9,11,7,21,60,91,59,29,24,5,49,19,0
"chr13.71",326,2403,15,42,41,2,8,8,4,14,92,106,63,60,21,4,69,28,0
"chr13.72",439,3075,39,62,81,1,7,9,9,19,173,141,106,67,27,11,84,25,0
"chr13.73",377,2639,19,63,85,3,15,14,10,27,111,101,49,56,18,6,73,26,0
"chr13.74",413,2769,31,58,73,2,8,8,8,18,84,78,55,51,19,3,63,23,0
"chr13.75",500,3345,31,79,112,2,10,10,5,17,157,139,95,81,27,6,100,27,0
"chr13.76",434,2786,24,57,65,4,10,17,7,28,150,153,92,82,23,7,92,27,0
"chr13.77",267,2282,17,32,40,3,6,12,3,18,59,83,48,39,14,5,50,18,0
"chr13.78",413,3346,36,76,64,1,6,13,8,22,136,109,94,66,28,5,76,20,0
"chr13.79",596,4217,57,119,132,5,15,13,11,29,210,162,111,67,36,8,80,15,0
"chr13.80",790,5363,93,185,155,9,16,12,19,40,319,259,220,153,40,18,143,36,0
"chr13.81",863,5522,92,195,162,10,21,16,19,45,376,294,256,167,35,13,137,61,0
"chr13.82",567,3840,53,126,137,12,11,25,9,46,225,177,119,109,28,6,94,28,0
"chr13.84",783,5095,64,185,158,15,20,12,15,42,399,293,259,184,53,15,140,35,0
"chr13.85",791,4912,55,166,158,13,7,19,14,46,332,243,214,142,46,9,155,38,0
"chr13.86",685,4253,52,165,148,7,8,15,10,32,238,176,150,79,33,9,105,37,0
"chr13.87",776,3911,60,149,135,7,11,12,9,28,212,140,129,71,35,5,102,24,0
"chr13.88",553,3326,50,75,93,9,5,9,12,30,165,114,76,89,36,5,78,25,0
"chr13.89",484,3495,39,87,109,3,7,19,8,30,166,133,119,76,38,4,86,27,0
"chr13.90",511,4160,42,121,127,5,8,16,13,34,197,167,96,86,15,5,80,25,0
"chr13.92",377,2511,32,69,59,2,8,9,7,18,105,85,66,33,27,4,60,19,0
"chr13.93",371,2445,22,44,46,2,7,7,8,17,87,79,50,42,23,2,62,14,0
"chr13.94",397,2838,24,52,66,1,9,12,4,17,89,102,50,42,29,2,59,13,0
"chr13.95",324,2314,16,45,40,2,3,9,5,16,70,83,40,50,18,0,53,20,0
"chr13.96",252,1623,10,25,31,1,6,4,6,11,57,61,46,23,14,2,41,13,0
"chr13.97",268,1837,14,31,29,2,6,11,4,17,59,75,53,38,21,5,56,20,0
"chr13.98",451,2479,29,55,76,2,9,9,6,17,146,139,119,74,27,4,91,27,0
"chr13.99",528,3936,39,110,129,5,10,14,12,31,220,130,105,86,26,6,114,22,0
"chr13.100",414,3018,31,40,77,2,6,5,4,11,117,96,66,47,27,1,76,17,0
"chr13.101",542,4233,37,126,128,4,11,16,14,34,179,121,79,59,28,4,89,23,0
"chr13.102",493,4072,40,97,130,3,9,16,9,28,210,151,97,72,21,10,95,20,0
"chr13.103",330,2751,21,48,47,4,5,11,7,22,101,99,60,45,23,3,59,19,0
"chr13.104",387,2668,23,57,97,5,6,10,4,19,76,82,58,59,27,2,79,26,0
"chr13.105",494,3159,29,89,115,2,9,12,9,23,136,128,69,65,14,4,94,15,0
"chr13.106",494,3162,36,98,106,3,8,9,13,25,150,131,99,73,30,5,80,24,0
"chr13.107",388,2398,26,47,59,3,10,7,5,15,114,128,84,69,29,4,66,26,0
"chr13.108",290,1825,12,51,35,3,12,5,3,11,72,96,70,33,24,5,53,19,0
"chr13.110",268,1575,19,37,40,0,4,4,7,11,64,84,62,41,30,4,51,20,0
"chr14.18",261,1767,5,26,14,0,8,1,1,2,50,63,70,32,27,2,60,25,0
"chr14.19",346,2860,25,39,21,0,7,4,3,7,76,111,69,37,27,6,74,31,0
"chr14.22",329,2473,12,34,20,3,5,4,2,9,107,102,63,70,39,5,90,22,0
"chr14.23",574,3759,27,86,73,6,10,3,6,15,286,211,158,119,38,8,139,47,0
"chr14.24",614,3985,24,85,54,1,17,6,9,16,215,152,130,90,34,4,116,41,0
"chr14.25",694,4769,43,93,91,4,11,6,11,21,272,196,193,147,36,14,132,35,0
"chr14.26",658,4678,49,90,82,5,13,2,9,16,310,239,191,151,59,15,172,38,0
"chr14.27",480,3549,30,59,46,2,7,6,5,13,148,158,93,94,25,8,107,45,0
"chr14.28",312,1812,3,20,11,0,7,0,4,4,44,101,39,32,20,4,59,22,0
"chr14.29",313,2275,13,19,17,1,6,1,0,2,54,68,43,40,15,5,58,27,0
"chr14.30",404,3213,16,59,50,0,7,1,10,11,105,134,78,102,25,10,95,26,0
"chr14.31",307,2070,16,30,20,2,6,0,3,5,57,73,59,44,21,4,74,22,0
"chr14.33",311,2235,6,35,18,1,9,4,5,10,84,74,53,50,22,2,66,22,0
"chr14.34",370,2642,10,41,38,0,6,2,4,6,91,102,48,53,13,4,70,18,0
"chr14.35",399,2939,25,51,37,0,5,6,9,15,77,132,68,66,30,6,73,16,0
"chr14.37",574,4009,39,83,73,1,11,4,5,10,204,182,125,126,36,7,119,32,0
"chr14.38",636,5069,55,142,83,5,16,7,7,19,292,229,203,172,53,16,156,49,0
"chr14.39",696,4943,58,128,92,5,16,3,10,18,311,238,183,167,55,13,147,31,0
"chr14.40",499,4075,43,83,53,2,7,7,8,17,284,190,151,117,53,8,147,38,0
"chr14.41",447,3615,29,42,60,2,8,8,7,17,202,162,112,95,41,16,102,44,0
"chr14.43",369,3278,20,68,58,3,8,4,6,13,181,174,157,117,34,7,144,48,0
"chr14.44",529,4160,32,94,48,4,11,4,10,18,262,228,150,166,43,8,147,43,0
"chr14.45",655,4227,47,123,88,4,16,6,5,15,291,256,179,170,44,19,165,49,0
"chr14.46",469,3052,29,79,52,2,4,2,9,13,188,191,128,108,42,13,103,35,0
"chr14.47",221,1413,7,19,13,0,12,1,0,1,56,53,37,31,21,4,47,23,0
"chr14.48",359,2459,14,25,34,1,7,3,6,10,60,77,44,59,16,2,63,20,0
"chr14.49",339,2264,9,38,24,2,8,3,2,7,73,84,42,48,15,4,55,25,0
"chr14.50",325,2372,19,29,21,1,4,2,2,5,67,72,53,39,16,6,76,17,0
"chr14.51",272,2282,6,28,20,0,6,0,2,2,57,61,59,40,15,5,80,24,0
"chr14.52",249,1672,8,25,14,0,5,2,3,5,52,53,36,39,19,3,62,13,0
"chr14.53",317,2445,9,20,21,1,6,5,3,9,37,75,48,39,23,2,66,12,0
"chr14.54",396,2900,11,43,30,1,8,1,4,6,68,90,60,48,29,2,76,25,0
"chr14.55",366,2654,16,46,18,1,6,3,0,4,89,99,51,39,21,6,60,21,0
"chr14.56",352,2518,7,23,11,1,13,4,4,9,61,97,54,41,17,6,43,19,0
"chr14.57",378,2891,10,30,19,2,7,1,3,6,76,97,61,46,24,2,73,27,0
"chr14.58",322,2198,13,31,14,0,3,8,4,12,55,57,45,40,30,4,60,16,1
"chr14.59",395,2688,24,58,37,1,13,5,4,10,59,70,32,35,14,8,85,17,0
"chr14.60",408,3024,25,67,48,2,7,4,6,12,81,82,86,56,29,8,89,18,0
"chr14.61",230,1660,9,22,6,1,5,1,3,5,42,72,33,33,14,2,52,12,0
"chr14.62",238,1521,13,17,14,1,11,0,2,3,58,50,35,33,17,3,56,21,0
"chr14.63",294,2205,8,21,22,3,6,5,3,11,63,76,49,37,22,2,68,20,0
"chr14.64",290,1835,7,26,12,2,7,3,3,8,44,57,38,51,10,3,55,14,0
"chr14.65",196,1664,6,22,11,0,10,3,4,7,43,47,40,38,21,4,32,18,0
"chr14.66",233,1544,10,33,11,0,12,0,1,1,52,52,39,27,19,1,43,9,0
"chr14.67",352,2173,14,30,22,1,8,5,1,7,51,72,60,42,14,5,62,13,0
"chr14.68",248,1876,9,29,16,2,5,1,4,7,49,55,45,34,14,7,54,10,0
"chr14.69",419,2601,20,50,26,4,5,3,3,10,126,125,80,87,31,5,95,20,0
"chr14.70",237,1562,15,23,9,1,9,5,2,8,59,76,46,65,26,6,54,22,0
"chr14.72",246,1461,10,24,11,0,5,0,2,2,33,69,34,41,12,4,55,17,0
"chr14.73",317,1757,13,28,18,0,7,3,6,9,72,86,50,64,22,4,52,10,0
"chr14.74",287,1618,16,25,11,2,6,4,2,8,66,93,61,37,23,4,59,17,0
"chr14.75",384,2038,14,28,22,3,7,4,2,9,91,86,69,72,22,6,72,28,0
"chr14.77",398,2765,23,60,49,0,10,4,3,7,211,149,142,129,24,13,109,28,0
"chr14.78",348,2390,12,35,24,0,7,3,1,4,86,83,58,66,20,4,79,13,0
"chr14.79",643,3887,40,99,59,4,15,6,7,17,252,207,133,196,34,21,138,37,0
"chr14.80",830,5241,69,149,70,2,20,1,2,5,328,207,167,198,38,20,167,46,0
"chr14.81",846,5663,85,130,82,4,15,12,8,24,196,115,106,76,20,6,98,42,0
"chr14.82",812,5203,72,133,102,10,9,7,3,20,180,118,64,82,36,10,89,27,0
"chr14.83",740,4803,51,115,67,2,13,3,2,7,226,141,149,111,32,7,118,36,0
"chr14.84",653,4593,53,101,71,2,14,5,5,12,212,147,125,126,34,7,126,34,0
"chr14.85",369,2572,18,39,27,2,11,2,4,8,109,107,78,88,22,5,101,24,0
"chr14.86",304,2037,15,30,15,0,6,4,5,9,57,55,49,27,22,2,73,21,0
"chr14.87",301,2071,13,28,20,1,2,1,4,6,49,70,44,43,25,3,62,18,1
"chr14.88",253,1406,6,17,20,0,10,0,1,1,54,60,42,40,18,3,60,15,0
"chr14.89",274,1799,16,20,14,1,7,1,1,3,71,82,53,50,17,4,59,24,0
"chr14.90",254,1651,11,25,15,3,6,4,2,9,58,57,60,38,29,5,67,18,0
"chr14.91",398,2373,20,43,32,4,11,4,3,11,70,79,68,56,24,7,61,20,0
"chr14.92",336,1859,14,42,27,2,7,10,7,19,59,75,49,59,18,7,70,25,0
"chr14.93",340,2067,16,23,18,2,3,6,5,13,93,72,64,58,21,1,65,23,0
"chr14.94",488,2759,23,53,36,0,13,3,1,4,180,133,109,147,40,7,115,38,0
"chr14.95",526,3549,42,67,43,1,8,4,6,11,213,165,120,151,40,10,129,26,0
"chr14.96",375,2107,16,40,21,4,16,2,8,14,78,84,65,68,19,6,84,17,0
"chr14.97",301,1671,17,34,13,2,9,1,2,5,53,65,60,51,20,8,49,22,0
"chr14.98",360,2160,16,33,37,2,5,5,7,14,124,93,75,87,41,6,68,25,0
"chr14.99",219,1263,13,24,19,3,5,3,5,11,50,64,52,56,22,5,50,15,0
"chr14.100",210,1191,7,23,10,0,7,3,6,9,57,70,56,50,14,6,45,16,1
"chr14.101",261,1367,14,29,23,3,7,6,3,12,59,85,65,54,36,4,67,18,0
"chr14.102",182,994,8,30,16,0,11,2,2,4,69,67,63,51,21,3,78,23,0
"chr15.22",583,3058,42,86,71,3,14,7,15,25,241,232,160,168,41,12,173,47,0
"chr15.23",690,3925,61,111,88,6,17,13,19,38,249,224,212,194,51,20,170,49,0
"chr15.24",697,4116,64,105,88,1,8,10,16,27,267,270,210,184,40,19,178,43,0
"chr15.30",317,2189,12,38,34,1,9,5,4,10,102,134,83,62,19,9,74,44,1
"chr15.32",364,2392,20,33,29,0,2,6,9,15,62,74,62,30,17,2,53,21,0
"chr15.33",414,3368,21,64,50,3,12,6,4,13,63,70,60,35,26,5,97,20,0
"chr15.34",496,3462,35,75,35,4,9,6,17,27,78,81,67,46,13,5,80,20,0
"chr15.35",302,2683,16,41,25,2,7,10,7,19,41,62,50,32,10,5,60,25,0
"chr15.36",290,2509,16,14,17,1,11,6,4,11,49,58,52,36,23,2,90,20,0
"chr15.37",204,1485,13,22,8,3,4,4,3,10,45,57,49,24,21,2,52,16,0
"chr15.39",196,1319,11,21,9,0,5,5,3,8,53,64,48,28,15,2,57,31,0
"chr15.43",331,2566,8,57,36,0,6,6,11,17,145,144,101,108,37,5,116,27,0
"chr15.44",355,3362,22,55,40,0,6,9,5,14,189,156,125,97,34,7,129,21,0
"chr15.45",355,2930,16,52,37,5,11,6,7,18,109,107,86,74,27,11,91,22,0
"chr15.46",343,2450,10,31,21,3,9,8,5,16,60,77,43,48,16,5,63,14,0
"chr15.47",252,2093,8,29,20,2,5,7,4,13,58,89,54,56,19,3,71,20,0
"chr15.48",309,1964,11,29,9,0,5,3,5,8,47,70,53,33,32,2,74,25,0
"chr15.49",263,1788,8,18,10,4,3,5,8,17,57,55,61,33,20,2,55,25,0
"chr15.50",366,2916,21,46,39,0,7,4,6,10,90,82,69,55,21,8,73,26,0
"chr15.51",459,3511,32,59,53,5,13,9,9,23,145,114,93,81,30,2,101,37,0
"chr15.53",328,2431,16,31,16,1,6,2,5,8,60,67,41,31,22,6,50,23,1
"chr15.54",277,1948,10,19,10,1,6,0,2,3,32,54,40,34,16,2,53,14,0
"chr15.55",279,2089,14,29,13,1,8,7,1,9,48,61,54,33,17,4,67,24,0
"chr15.56",213,1551,11,25,12,1,8,4,6,11,36,59,29,33,21,1,65,17,0
"chr15.57",340,2163,13,31,17,3,8,11,8,22,59,78,69,49,21,1,70,26,0
"chr15.58",471,2812,31,43,39,2,7,9,6,17,94,113,75,61,28,3,98,35,0
"chr15.59",279,1907,11,37,14,0,12,8,6,14,44,69,34,40,15,3,70,21,0
"chr15.60",215,1492,12,25,9,0,7,3,7,10,28,63,47,29,19,5,59,23,0
"chr15.61",207,1369,8,27,12,1,8,4,3,8,44,51,46,22,23,4,54,28,0
"chr15.62",247,1504,13,28,19,3,10,6,3,12,46,65,39,40,17,3,89,25,0
"chr15.63",226,1603,11,30,6,0,8,2,2,4,57,63,56,38,17,1,63,25,0
"chr15.64",250,1608,10,25,11,0,13,2,1,3,19,57,35,27,24,4,48,18,0
"chr15.65",294,2000,14,29,19,4,6,6,7,17,60,50,56,39,23,2,64,27,0
"chr15.66",272,1803,17,22,9,1,9,3,3,7,49,83,58,42,19,6,58,32,0
"chr15.67",290,2032,11,21,18,3,10,8,6,17,60,78,58,35,19,3,78,33,0
"chr15.68",275,1812,7,18,19,0,8,5,1,6,52,65,41,28,13,0,45,15,0
"chr15.70",332,2267,13,28,27,1,6,5,3,9,49,70,65,50,28,4,51,26,0
"chr15.73",240,1825,6,25,19,2,6,6,8,16,49,63,64,39,22,1,56,24,0
"chr15.74",255,1602,10,28,14,0,5,7,3,10,57,69,51,36,17,6,72,27,0
"chr15.75",249,1402,14,22,13,0,7,2,4,6,51,79,51,46,21,3,60,26,0
"chr15.76",392,2117,25,36,22,3,3,7,7,17,58,87,51,48,33,5,74,24,0
"chr15.77",307,1927,13,32,18,2,11,5,5,12,67,76,63,35,26,3,60,35,0
"chr15.78",323,1942,14,33,25,0,7,6,4,10,91,112,82,52,34,8,87,23,0
"chr15.83",349,2043,16,36,30,0,9,4,4,8,84,101,76,65,25,5,90,33,0
"chr15.84",494,3540,43,75,62,3,14,1,11,15,214,225,162,114,61,9,178,44,0
"chr15.85",525,3015,36,63,56,4,17,9,11,24,204,220,145,142,43,18,140,47,0
"chr15.86",291,1744,12,41,10,0,5,6,6,12,63,87,57,43,22,2,67,26,0
"chr15.88",271,1565,13,24,20,3,5,1,5,9,52,68,60,37,25,0,70,33,0
"chr15.89",370,2217,16,36,21,2,7,9,5,16,79,88,59,45,23,5,89,29,0
"chr15.90",266,1656,11,34,18,1,5,4,8,13,85,97,66,54,16,4,79,36,0
"chr15.91",398,2551,25,33,33,1,3,9,4,14,120,141,104,90,25,4,102,42,0
"chr15.92",494,3351,47,76,51,1,11,9,8,18,201,220,152,130,51,4,161,54,1
"chr15.93",644,3525,36,106,69,5,8,13,12,30,156,178,114,76,38,10,114,32,0
"chr15.94",546,3225,41,56,55,2,5,12,11,25,198,152,138,103,30,7,145,42,0
"chr15.95",356,2478,16,39,30,2,4,5,5,12,170,150,111,107,32,6,138,41,0
"chr15.96",297,1891,16,36,18,4,5,2,8,14,86,89,72,44,27,3,60,27,0
"chr15.97",325,2151,26,40,14,2,7,7,0,9,67,76,57,34,34,1,80,38,0
"chr15.98",273,1609,16,27,20,1,14,3,3,7,67,89,51,44,40,1,81,23,0
"chr16.2",178,906,28,42,22,3,12,5,6,14,74,86,77,65,32,6,68,50,1
"chr16.4",269,1423,15,33,19,1,11,7,7,15,68,72,52,47,19,3,71,29,0
"chr16.5",196,1075,12,26,22,1,9,2,7,10,54,96,50,38,21,2,80,41,0
"chr16.6",388,2062,22,48,31,4,11,9,5,18,177,210,147,143,28,9,105,55,0
"chr16.8",631,3597,51,97,101,2,15,10,12,24,325,247,187,147,61,20,168,45,0
"chr16.10",288,2051,22,29,19,4,3,5,6,15,70,72,62,43,31,5,73,36,0
"chr16.11",311,1751,19,31,30,1,6,11,9,21,70,80,39,47,27,2,80,20,0
"chr16.12",199,1192,16,31,17,1,7,3,3,7,49,73,39,41,23,2,71,26,0
"chr16.13",296,1541,13,54,37,1,12,8,3,12,63,107,61,45,23,7,61,24,0
"chr16.14",473,2878,38,62,70,5,13,9,10,24,189,177,147,117,47,12,131,55,0
"chr16.18",348,2151,23,43,28,0,7,7,3,10,129,134,92,87,38,6,115,27,0
"chr16.20",246,1506,13,31,23,0,5,4,4,8,55,86,45,48,15,1,66,18,0
"chr16.24",288,1739,17,41,19,1,9,6,3,10,89,114,60,55,22,3,79,22,0
"chr16.25",380,2141,16,43,33,0,9,5,4,9,114,156,94,83,25,7,122,35,0
"chr16.26",462,2599,27,55,60,2,7,8,10,20,186,161,121,112,39,12,143,51,0
"chr16.27",572,3344,51,94,82,3,12,10,13,26,257,194,137,166,50,9,177,45,0
"chr16.28",306,1665,22,50,29,2,8,8,4,14,78,120,70,58,29,4,77,24,0
"chr16.45",338,2028,18,43,39,1,3,9,9,19,60,78,58,48,21,8,87,27,0
"chr16.46",399,2514,26,38,45,3,9,8,9,20,122,114,78,94,26,8,85,33,0
"chr16.47",309,1792,21,35,32,3,7,8,8,19,121,132,97,95,25,5,109,34,0
"chr16.48",411,2158,40,39,52,1,3,2,7,10,158,150,80,82,26,9,114,30,1
"chr16.49",477,2989,32,56,73,3,13,9,13,25,138,125,98,72,22,7,100,47,0
"chr16.50",273,2081,10,33,22,2,8,4,5,11,59,74,50,36,17,3,66,24,1
"chr16.51",299,1905,16,36,29,1,6,6,7,14,72,84,54,59,24,3,90,14,0
"chr16.52",489,2896,29,50,51,1,10,12,7,20,143,137,83,84,26,4,90,23,0
"chr16.53",467,2590,26,42,60,3,6,13,8,24,147,146,115,59,13,5,106,34,0
"chr16.54",231,1317,7,31,17,1,4,6,6,13,46,81,42,42,23,3,55,15,0
"chr16.55",228,1494,13,30,19,2,3,1,8,11,68,87,50,54,14,2,58,28,0
"chr16.56",388,2245,20,44,51,1,1,6,11,18,113,150,86,60,30,6,108,33,1
"chr16.57",676,4325,61,129,94,6,2,18,9,33,229,208,159,134,45,12,143,47,0
"chr16.58",782,5483,86,147,143,8,6,7,13,28,372,261,195,186,48,20,228,50,0
"chr16.59",847,5863,88,165,142,15,7,20,19,54,415,297,236,201,46,25,216,63,0
"chr16.60",731,5262,64,135,117,7,12,14,16,37,298,199,210,157,86,13,194,47,0
"chr16.61",685,4325,45,126,105,5,11,12,16,33,223,163,118,135,48,7,150,25,0
"chr16.62",626,3754,49,112,117,3,7,8,9,20,233,194,149,112,36,16,131,46,0
"chr16.63",448,2653,36,87,74,1,5,7,10,18,176,189,130,117,54,12,136,48,0
"chr16.64",216,1202,10,28,12,1,3,4,2,7,55,81,48,37,12,3,71,22,0
"chr16.69",270,1685,13,36,24,0,3,4,5,9,76,96,58,51,23,3,72,28,0
"chr16.70",314,1728,9,37,28,5,5,6,4,15,74,99,65,60,26,4,73,22,0
"chr16.71",453,2869,32,68,40,2,9,11,9,22,150,179,102,107,36,4,142,34,0
"chr16.73",325,2149,23,42,45,1,1,12,5,18,97,121,86,78,22,5,82,37,0
"chr16.74",521,3658,42,71,64,1,3,10,3,14,222,181,121,107,24,10,129,39,0
"chr16.75",386,2770,31,47,61,3,1,11,12,26,167,154,118,104,39,9,122,38,0
"chr16.76",422,2966,35,90,57,1,6,12,6,19,192,174,151,167,29,12,138,33,0
"chr16.77",445,3042,31,41,32,1,0,13,9,23,125,141,80,64,22,4,97,28,0
"chr16.78",365,2103,17,42,37,2,0,9,3,14,106,109,88,69,17,5,80,34,0
"chr16.79",292,1731,12,31,17,2,4,5,5,12,48,81,47,41,27,8,64,22,0
"chr16.80",408,2804,33,68,48,3,9,7,9,19,175,230,133,140,30,7,128,45,0
"chr16.81",376,2080,22,64,38,1,4,3,6,10,129,185,97,93,31,11,96,29,1
"chr16.82",195,1182,14,27,20,4,7,4,6,14,74,90,63,48,16,6,66,23,0
"chr16.83",215,1236,14,33,25,2,7,5,7,14,77,105,78,68,21,8,73,32,0
"chr16.84",411,2041,31,54,37,5,6,6,9,20,131,181,109,100,25,8,103,40,0
"chr17.6",337,1865,14,37,24,0,6,2,5,7,69,88,50,40,30,5,59,11,0
"chr17.7",316,1808,14,33,24,2,11,7,1,10,69,68,47,36,12,3,50,23,0
"chr17.9",324,1872,17,23,30,2,6,2,3,7,54,60,38,49,24,2,54,21,0
"chr17.11",327,1984,11,29,19,3,6,8,5,16,75,93,60,48,25,3,68,22,0
"chr17.12",418,2143,11,34,30,1,5,2,5,8,158,101,61,62,17,3,72,23,0
"chr17.13",355,2238,13,35,27,1,7,3,5,9,84,71,56,50,17,4,63,17,0
"chr17.14",487,2774,14,39,45,1,8,5,1,7,77,85,63,45,50,2,68,25,0
"chr17.15",482,2841,30,47,36,4,15,7,12,23,75,79,43,50,14,4,58,22,0
"chr17.18",221,962,4,13,14,1,8,0,5,6,29,69,32,24,19,0,35,20,0
"chr17.24",210,1251,12,35,13,0,9,6,10,16,48,74,67,44,24,7,74,17,2
"chr17.25",251,1385,8,30,15,0,9,1,12,13,44,75,50,39,28,1,59,30,0
"chr17.29",373,2321,24,50,28,5,11,12,5,22,127,139,107,96,50,7,83,42,0
"chr17.30",461,2820,42,52,41,1,16,10,8,19,115,140,84,107,34,8,109,72,0
"chr17.31",290,1850,18,32,12,3,6,4,5,12,69,85,43,44,26,3,67,59,0
"chr17.33",226,1418,6,44,11,1,7,8,4,13,67,83,46,44,25,2,42,24,0
"chr17.36",256,1634,19,34,21,2,8,2,14,18,50,92,52,47,25,6,67,28,2
"chr17.37",255,1454,19,26,21,1,10,2,4,7,50,77,62,45,23,7,75,30,0
"chr17.44",239,1639,10,37,15,5,11,4,5,14,56,115,54,49,29,5,71,27,0
"chr17.45",285,1606,16,39,26,1,1,4,2,7,57,83,52,44,27,4,61,27,0
"chr17.46",190,1242,16,26,8,1,13,3,3,7,49,71,54,43,29,9,69,32,0
"chr17.47",357,2488,23,55,35,6,5,8,5,19,116,149,78,96,36,4,123,44,0
"chr17.48",415,3418,21,74,57,9,6,11,6,26,220,181,142,137,42,14,170,37,0
"chr17.49",586,4493,54,173,93,4,16,9,7,20,276,260,152,181,46,17,181,47,0
"chr17.50",441,3079,39,86,53,2,12,8,7,17,144,166,100,110,30,7,135,46,1
"chr17.51",326,2392,20,58,27,7,9,1,9,17,69,97,73,61,24,4,71,16,0
"chr17.52",311,2118,16,48,27,3,8,6,6,15,65,107,56,46,19,3,56,24,0
"chr17.53",260,1512,10,29,12,2,3,1,6,9,41,66,40,60,19,4,70,18,0
"chr17.54",354,1971,17,36,15,2,7,6,6,14,59,82,50,56,22,4,65,30,0
"chr17.57",313,1895,15,38,15,1,3,4,8,13,69,107,52,73,27,1,60,27,1
"chr17.59",226,1504,11,41,10,3,7,8,15,26,53,68,68,52,17,1,61,21,0
"chr17.61",278,1887,10,24,16,0,7,3,9,12,60,63,38,44,18,6,59,27,0
"chr17.62",266,1644,19,36,14,3,8,4,18,25,60,58,46,47,22,4,61,24,0
"chr17.64",332,2551,23,38,31,3,3,5,7,15,71,96,52,55,14,2,54,26,0
"chr17.65",322,2432,12,40,14,2,14,6,5,13,119,139,77,85,20,6,81,28,0
"chr17.66",367,3102,26,49,24,1,4,12,7,20,94,128,59,65,28,7,93,37,0
"chr17.67",322,2466,14,31,24,1,13,11,8,20,54,79,57,49,22,9,79,28,0
"chr17.68",235,1307,9,18,22,2,6,1,1,4,50,61,39,47,25,2,67,17,0
"chr17.69",291,1737,22,51,18,2,13,8,4,14,58,83,55,60,26,3,85,32,0
"chr17.70",225,1296,16,40,12,4,6,4,13,21,50,81,59,67,15,9,63,29,0
"chr17.73",261,1457,5,44,19,2,12,5,7,14,76,85,61,53,25,4,83,34,0
"chr17.74",247,1246,13,35,21,2,8,1,5,8,67,118,57,52,16,3,74,26,0
"chr17.76",206,1008,12,45,23,4,1,5,6,15,88,67,56,47,20,5,53,26,0
"chr18.2",521,3634,24,60,64,1,16,11,11,23,172,156,122,80,36,3,111,28,0
"chr18.3",325,2185,16,18,19,0,3,5,2,7,63,106,40,59,21,2,81,19,0
"chr18.4",296,1858,11,19,8,3,2,2,3,8,57,79,45,29,16,4,117,21,0
"chr18.5",509,3386,16,48,41,4,11,6,7,17,154,149,115,116,50,5,148,35,0
"chr18.6",446,3124,21,54,26,1,6,10,8,19,209,140,109,101,52,6,132,33,0
"chr18.7",439,2833,19,59,27,4,1,7,9,20,177,149,114,78,50,9,129,25,0
"chr18.8",486,3161,20,61,45,3,8,10,4,17,195,149,144,110,29,6,118,29,0
"chr18.9",460,2432,16,40,32,3,10,3,3,9,106,96,93,39,28,3,86,31,0
"chr18.10",322,2118,13,23,13,0,10,2,2,4,56,83,57,51,26,2,66,18,0
"chr18.11",447,2339,15,33,29,0,9,2,4,6,121,90,64,50,36,5,111,28,0
"chr18.12",454,2702,22,50,36,2,8,4,4,10,167,125,95,88,25,6,115,23,0
"chr18.14",276,2009,7,28,15,0,12,3,3,6,110,156,59,53,37,3,90,22,0
"chr18.17",256,1931,6,28,15,1,11,1,1,3,79,121,64,91,35,10,75,28,0
"chr18.18",239,1551,8,16,13,0,7,0,3,3,79,84,50,39,22,6,73,33,0
"chr18.19",336,2020,4,20,24,1,5,1,3,5,124,87,71,62,49,109,85,24,0
"chr18.20",461,3240,10,67,36,1,11,5,2,8,190,185,149,122,32,164,210,36,0
"chr18.21",404,2673,8,51,24,2,6,3,1,6,70,78,59,45,21,63,93,20,0
"chr18.22",607,3977,22,71,63,7,14,6,8,21,124,87,76,61,34,24,204,31,0
"chr18.23",768,5125,43,91,77,5,13,10,8,23,151,128,112,68,26,32,173,35,0
"chr18.24",698,5551,44,100,80,3,14,4,11,18,155,130,103,101,43,19,127,39,0
"chr18.25",567,3862,30,52,37,3,8,3,7,13,196,121,123,95,43,13,181,32,0
"chr18.26",327,2301,10,18,10,0,9,3,5,8,57,68,44,31,17,1,68,13,0
"chr18.27",317,2281,9,18,7,1,12,4,5,10,41,69,65,40,15,1,69,23,0
"chr18.28",419,3435,13,39,37,3,8,5,7,15,81,80,65,74,18,5,99,24,0
"chr18.29",341,2975,11,38,27,1,10,5,6,12,91,90,60,62,20,8,75,18,0
"chr18.30",301,2232,9,14,7,0,5,3,4,7,39,39,36,18,18,0,80,25,0
"chr18.31",309,2130,6,17,15,1,11,2,4,7,53,68,43,38,17,3,66,14,0
"chr18.32",408,2475,14,45,25,3,10,3,8,14,84,83,77,69,34,6,111,14,0
"chr18.33",683,4765,30,107,63,4,9,7,13,24,175,106,113,51,40,3,132,21,0
"chr18.34",556,3803,15,66,33,0,10,2,14,16,64,65,70,47,25,4,73,17,0
"chr18.35",648,4606,30,79,48,4,12,9,12,25,185,113,82,50,28,8,113,24,0
"chr18.36",556,4063,25,61,44,3,12,2,5,10,191,110,114,56,56,12,126,15,0
"chr18.37",484,3508,12,42,44,0,9,2,1,3,81,72,56,39,15,2,79,15,1
"chr18.38",570,4641,33,68,52,1,14,3,8,12,124,112,93,56,21,3,93,16,0
"chr18.39",523,3911,12,35,44,3,7,6,1,10,87,79,84,34,21,2,63,26,0
"chr18.40",349,2669,13,39,20,2,8,3,4,9,63,72,38,35,22,1,67,13,0
"chr18.41",372,1962,10,26,29,0,12,5,2,7,64,73,46,31,21,2,79,19,1
"chr18.42",343,2247,14,31,16,1,4,3,2,6,77,60,40,48,26,4,59,16,0
"chr18.43",226,1616,6,20,9,0,10,1,4,5,32,42,31,14,16,1,46,19,0
"chr18.44",216,1435,5,10,9,1,4,2,5,8,31,35,22,23,15,1,31,13,0
"chr18.45",272,1902,9,18,12,0,8,1,1,2,48,53,31,21,11,1,48,7,0
"chr18.46",380,2475,12,29,26,2,9,2,4,8,70,168,65,58,22,2,78,11,0
"chr18.47",417,3749,26,43,46,2,12,6,2,10,103,54,56,35,31,2,91,10,0
"chr18.48",375,3355,26,45,44,0,8,2,10,12,179,122,87,89,28,7,116,12,0
"chr18.50",467,2930,10,52,28,2,12,4,3,9,75,78,44,47,26,5,52,27,0
"chr18.51",454,3191,20,42,37,0,7,5,5,10,91,71,51,51,14,4,75,22,1
"chr18.52",302,2045,6,20,14,0,7,3,4,7,25,37,30,24,11,0,54,17,1
"chr18.53",248,1724,6,13,14,0,9,7,2,9,28,41,27,22,21,1,43,17,0
"chr18.54",372,2296,14,28,25,1,7,6,5,12,52,70,41,36,12,4,60,19,0
"chr18.55",456,3556,18,40,36,1,10,1,6,8,99,76,57,50,24,6,79,11,0
"chr18.56",439,3382,17,41,32,0,7,4,11,15,98,61,65,50,25,4,97,19,0
"chr18.57",243,1794,8,24,13,0,4,4,4,8,37,39,29,22,13,1,41,13,0
"chr18.58",295,2057,12,15,16,2,11,1,2,5,27,45,41,19,13,3,65,9,0
"chr18.59",535,3080,22,36,34,4,13,4,5,13,118,120,75,82,32,5,106,16,0
"chr18.60",587,3894,26,69,51,3,12,8,9,20,192,140,126,102,36,10,130,30,0
"chr18.61",417,3458,13,44,36,0,13,5,2,7,151,84,79,47,17,1,77,26,0
"chr18.62",678,4610,34,80,56,1,9,7,7,15,136,87,54,54,35,4,112,25,0
"chr18.63",661,4752,35,68,54,1,18,5,3,9,181,124,122,66,41,4,96,31,0
"chr18.64",546,3622,20,63,44,1,16,5,6,12,150,109,86,69,33,7,105,39,1
"chr18.65",308,2191,14,27,14,0,6,3,4,7,62,76,44,42,19,0,57,14,0
"chr18.66",598,4227,20,61,61,1,8,7,10,18,160,101,106,78,32,6,101,23,0
"chr18.67",642,5074,41,74,71,3,12,8,6,17,167,175,104,83,32,4,114,33,0
"chr18.68",665,3985,25,72,62,3,11,4,10,17,105,94,63,59,26,2,96,21,0
"chr18.69",348,2058,10,21,23,1,11,5,7,13,64,67,37,28,20,4,79,11,0
"chr18.70",405,2575,17,32,23,1,8,2,0,3,93,76,52,47,18,1,75,33,0
"chr18.71",458,2740,25,51,33,1,11,2,5,8,114,114,88,76,65,9,83,26,0
"chr18.72",407,2425,13,34,34,3,6,4,2,9,116,118,67,75,54,10,81,18,0
"chr18.73",628,3047,24,78,61,4,14,12,6,22,205,187,128,126,110,7,137,29,0
"chr18.74",376,2000,20,53,37,2,12,7,4,13,89,112,71,68,32,4,95,16,1
"chr19.26",473,2658,39,71,68,1,18,7,10,18,300,324,180,190,65,14,207,36,0
"chr19.27",399,2119,35,63,43,2,8,8,7,17,178,345,123,100,37,8,171,25,0
"chr19.28",593,3200,47,107,68,5,10,6,16,27,333,468,172,192,48,21,213,50,0
"chr19.29",626,3107,62,118,73,5,16,15,20,40,389,387,206,200,44,11,204,39,0
"chr19.31",343,1805,29,48,30,3,9,12,7,22,131,125,103,73,35,8,110,27,0
"chr19.32",292,1608,17,37,16,1,9,8,7,16,67,112,60,54,16,4,81,24,0
"chr19.39",239,1432,16,32,18,1,16,10,11,22,59,84,63,54,37,4,67,31,0
"chr19.48",298,1497,14,38,26,0,9,7,4,11,76,122,83,71,33,7,96,31,0
"chr19.49",492,2415,28,54,38,6,4,5,9,20,121,123,76,77,36,8,111,29,0
"chr19.54",495,2627,46,81,72,3,12,7,9,19,171,195,127,136,48,4,148,51,0
"chr2.2",471,2362,54,88,67,2,0,8,5,15,350,267,231,190,74,23,172,58,1
"chr2.3",572,3140,73,110,93,5,10,11,8,24,301,246,186,204,35,22,191,52,1
"chr2.5",678,4251,88,139,119,5,12,10,7,22,247,194,170,116,33,13,154,46,0
"chr2.7",481,3349,42,101,74,1,2,10,8,19,148,141,95,86,28,4,116,33,0
"chr2.8",426,3118,32,64,46,4,3,6,4,14,122,111,82,76,30,7,103,36,0
"chr2.9",271,1856,19,30,24,0,4,4,2,6,58,62,52,37,22,2,61,26,0
"chr2.10",251,1544,16,24,12,3,5,6,7,16,48,63,76,28,20,2,54,22,0
"chr2.11",233,1390,16,24,19,0,7,4,2,6,47,87,55,43,17,6,56,19,1
"chr2.12",256,1738,13,37,31,1,12,10,2,13,60,78,54,51,15,3,79,24,0
"chr2.13",437,2711,38,69,54,2,4,6,7,15,90,85,87,48,22,8,98,16,0
"chr2.14",494,3835,45,96,92,2,14,13,10,25,169,123,83,71,21,5,120,22,0
"chr2.15",317,2675,32,46,49,0,3,8,2,10,161,138,101,81,21,5,110,32,0
"chr2.16",294,2218,19,30,23,0,7,7,1,8,130,94,67,73,25,9,97,31,0
"chr2.18",373,2824,29,58,51,2,5,6,7,15,185,124,101,95,33,6,101,33,1
"chr2.19",409,2848,28,76,43,2,9,13,6,21,114,109,66,69,27,8,93,27,0
"chr2.20",324,2567,14,52,27,4,11,8,1,13,55,81,58,46,18,7,69,21,0
"chr2.21",252,1587,13,27,17,1,9,6,4,11,75,78,41,38,18,5,57,23,1
"chr2.22",458,3122,37,78,66,2,10,9,4,15,193,181,85,99,26,10,116,25,0
"chr2.23",556,4236,45,118,87,4,12,17,8,29,198,165,130,107,30,14,128,30,0
"chr2.24",288,2266,16,43,32,1,2,6,2,9,85,90,61,47,16,7,113,31,0
"chr2.25",273,2023,14,20,17,1,9,12,2,15,52,70,47,30,22,3,59,19,0
"chr2.26",256,1660,11,28,19,7,12,4,6,17,67,95,63,47,11,4,57,16,2
"chr2.27",245,1605,14,24,22,1,6,9,2,12,52,77,43,40,22,1,60,23,0
"chr2.28",255,1740,7,29,17,2,10,3,2,7,75,64,57,39,15,8,61,15,1
"chr2.29",244,1646,7,30,19,0,8,4,3,7,49,69,38,48,18,4,58,16,0
"chr2.30",420,2649,24,56,34,3,4,13,4,20,81,75,54,31,21,5,62,21,0
"chr2.31",368,2529,12,46,34,0,13,5,3,8,82,86,53,56,28,2,85,36,0
"chr2.32",377,2694,23,44,35,3,7,6,6,15,105,108,74,61,28,0,80,34,0
"chr2.34",377,2333,23,44,43,1,5,8,5,14,108,104,58,58,26,6,73,26,0
"chr2.35",500,3661,36,108,78,4,11,13,12,29,240,159,128,91,33,13,138,27,0
"chr2.36",508,4290,36,89,107,1,8,15,12,28,227,174,127,101,28,6,97,30,0
"chr2.37",337,2571,16,56,44,1,5,3,2,6,118,127,79,67,28,5,96,36,0
"chr2.38",285,2034,12,32,24,0,9,3,1,4,64,61,41,42,22,1,74,21,0
"chr2.39",250,2076,9,33,19,0,8,7,5,12,66,60,41,51,21,3,59,22,0
"chr2.40",322,2187,9,30,18,0,9,4,2,6,49,76,38,38,17,5,69,20,0
"chr2.41",435,3558,37,69,58,2,9,12,5,19,132,139,95,62,23,1,114,16,1
"chr2.42",437,3566,34,77,70,1,8,14,7,22,155,140,127,86,47,11,125,41,0
"chr2.43",257,1648,14,20,16,0,10,6,4,10,35,67,39,42,20,2,47,30,0
"chr2.44",212,1526,7,19,14,1,13,3,1,5,38,68,33,38,31,2,59,21,0
"chr2.45",248,1962,13,33,19,1,8,7,4,12,54,54,35,38,14,2,59,16,0
"chr2.46",340,2385,15,47,25,3,7,8,7,18,80,72,41,41,31,1,56,17,0
"chr2.47",251,1847,6,36,16,2,7,4,4,10,46,52,46,30,17,3,59,19,0
"chr2.48",245,1551,6,27,19,2,10,5,7,14,55,80,37,40,20,2,68,25,0
"chr2.49",374,2469,13,37,35,3,13,9,5,17,98,98,87,55,30,6,77,28,0
"chr2.50",440,3527,41,87,96,6,10,8,9,23,298,247,179,165,52,18,201,38,0
"chr2.51",626,4388,53,127,107,7,10,16,11,34,314,209,166,126,41,11,165,45,0
"chr2.52",699,4582,65,136,133,4,10,9,15,28,337,235,209,130,45,9,206,49,0
"chr2.53",667,4142,55,118,86,5,17,17,12,34,243,160,106,103,36,14,161,36,0
"chr2.54",370,2924,25,58,78,2,5,8,4,14,102,93,58,57,32,8,89,21,0
"chr2.55",236,1922,20,31,18,3,9,1,4,8,73,67,39,43,24,4,68,32,0
"chr2.56",268,2112,17,36,23,2,8,5,5,12,54,62,45,36,26,2,59,29,0
"chr2.57",437,3549,32,79,70,7,11,10,5,22,174,143,103,91,31,7,106,32,1
"chr2.58",500,4159,51,90,90,5,10,7,9,21,185,140,113,79,37,13,129,35,0
"chr2.59",405,3310,31,68,52,3,10,5,7,15,122,97,78,58,28,5,86,24,0
"chr2.60",341,3723,31,61,79,4,4,7,6,17,182,157,92,102,36,9,146,30,0
"chr2.61",296,2460,14,40,31,5,6,6,5,16,92,106,93,52,23,6,81,23,0
"chr2.62",277,2017,20,23,18,1,5,5,7,13,48,70,40,37,15,2,51,21,0
"chr2.63",278,2169,14,28,23,1,7,10,5,16,54,74,42,40,24,2,60,16,1
"chr2.64",356,2395,22,42,32,0,5,13,5,18,74,91,40,53,22,5,78,19,0
"chr2.65",316,2040,9,33,9,0,4,7,3,10,55,94,38,44,17,1,53,30,0
"chr2.66",252,1827,9,36,25,0,4,6,6,12,48,77,67,33,21,5,51,26,0
"chr2.67",469,3340,35,63,66,1,6,10,6,17,78,73,49,45,20,0,80,20,0
"chr2.68",400,3434,29,57,55,0,9,9,5,14,62,73,61,37,20,6,65,16,0
"chr2.69",353,2818,13,40,31,0,5,3,7,10,75,94,53,46,22,1,92,24,0
"chr2.70",301,2043,15,34,18,2,11,4,6,12,61,76,41,37,24,4,59,27,1
"chr2.71",273,1826,7,29,21,0,10,6,6,12,62,69,53,46,44,3,64,31,0
"chr2.72",351,2241,16,43,31,0,9,7,8,15,88,99,81,62,31,9,81,31,0
"chr2.73",305,2425,18,41,29,0,9,14,5,19,78,100,64,75,21,5,88,28,0
"chr2.74",298,2125,17,44,16,0,6,4,2,6,61,71,50,49,11,2,68,24,0
"chr2.75",246,1627,11,26,13,0,4,10,7,17,51,61,54,24,15,4,72,32,0
"chr2.76",368,2677,21,31,35,1,6,6,6,13,102,85,58,48,27,1,81,21,0
"chr2.77",503,4015,54,100,94,1,14,14,16,31,251,196,141,142,54,8,154,48,0
"chr2.78",512,4443,49,117,92,2,8,6,7,15,320,189,205,146,38,11,200,56,0
"chr2.79",526,4315,63,107,92,3,8,17,11,31,358,265,254,187,46,9,200,51,0
"chr2.80",495,3374,40,93,73,1,4,14,6,21,319,219,181,190,43,8,173,50,0
"chr2.81",428,3070,38,69,63,2,9,4,9,15,324,238,209,145,36,18,187,51,0
"chr2.82",707,4320,49,117,103,3,11,19,15,37,288,154,127,81,40,7,155,38,0
"chr2.83",447,3629,28,89,115,3,11,13,7,23,185,142,99,75,31,6,138,25,0
"chr2.84",499,3948,42,98,76,1,8,8,9,18,221,149,151,109,55,13,161,45,0
"chr2.85",291,2405,19,45,38,1,7,6,6,13,117,106,98,61,32,5,101,38,0
"chr2.86",244,1372,11,33,19,0,4,7,3,10,59,83,46,43,22,2,59,26,0
"chr2.87",250,1828,18,30,16,0,1,7,3,10,53,67,29,27,22,4,63,14,0
"chr2.96",263,2027,7,30,27,3,9,7,8,18,65,83,54,29,24,3,69,30,0
"chr2.97",321,2159,17,35,30,3,8,5,6,14,75,106,62,42,27,5,72,24,0
"chr2.98",427,2659,32,74,56,1,11,11,11,23,95,119,74,63,10,7,91,36,0
"chr2.99",265,1923,9,23,19,1,12,1,6,8,55,77,44,33,15,4,61,33,0
"chr2.100",270,2272,13,28,34,1,8,6,5,12,54,73,48,17,16,7,63,20,0
"chr2.101",450,3247,33,72,75,2,5,16,10,28,173,141,95,104,41,10,128,53,0
"chr2.102",543,3904,40,84,90,10,10,16,14,40,229,162,115,108,32,17,136,51,0
"chr2.103",300,2063,23,39,28,1,9,8,3,12,97,115,51,52,24,8,85,41,0
"chr2.105",483,3556,31,69,62,1,6,11,5,17,231,224,150,135,48,12,143,41,0
"chr2.114",633,4180,50,131,105,4,9,21,12,37,232,220,125,136,53,15,137,47,1
"chr2.115",339,3172,27,51,60,3,8,8,8,19,107,88,69,72,38,7,119,22,0
"chr2.116",333,2710,20,43,45,2,3,7,10,19,72,99,53,46,40,3,87,29,0
"chr2.117",364,2423,14,40,36,1,7,8,8,17,88,101,61,67,26,3,97,32,0
"chr2.118",287,1896,16,32,21,4,3,12,9,25,58,79,48,37,20,3,69,19,0
"chr2.119",277,1759,22,30,23,2,7,8,6,16,71,77,46,41,16,3,81,18,0
"chr2.120",359,2610,21,47,34,3,14,6,6,15,145,189,109,105,35,5,103,37,1
"chr2.121",563,4642,67,103,122,5,13,10,9,24,364,247,175,148,61,9,136,45,0
"chr2.122",588,4482,57,104,116,0,11,12,11,23,317,253,193,197,53,13,186,50,0
"chr2.123",378,3353,37,61,63,6,15,8,5,19,304,261,184,149,50,19,196,45,0
"chr2.124",373,3158,25,61,61,2,10,7,11,20,323,290,183,213,41,12,177,46,0
"chr2.125",259,1837,22,22,25,1,5,3,5,9,111,125,74,73,31,5,107,28,0
"chr2.126",253,1563,16,27,30,2,10,6,11,19,91,98,62,47,27,5,92,28,0
"chr2.127",569,3339,31,89,77,4,11,5,9,18,212,201,111,141,36,9,139,43,0
"chr2.131",367,2921,27,64,65,4,6,7,7,18,142,120,82,65,30,8,120,22,0
"chr2.132",375,2293,13,52,50,3,8,6,4,13,66,93,57,47,21,3,65,25,0
"chr2.134",389,2239,20,41,45,1,14,7,6,14,99,114,80,87,16,4,72,21,0
"chr2.135",529,3531,33,98,65,7,11,11,2,20,278,231,155,143,76,11,156,41,1
"chr2.136",257,2390,18,38,31,2,2,10,7,19,71,93,60,48,46,7,72,26,0
"chr2.137",448,3990,44,66,64,4,14,14,15,33,251,219,126,145,35,13,145,51,0
"chr2.138",496,4601,57,126,97,7,8,12,21,40,351,263,246,176,81,16,179,59,1
"chr2.140",490,4384,56,116,80,5,12,10,15,30,218,156,126,85,38,3,147,38,0
"chr2.141",464,3883,58,92,79,4,11,13,8,25,150,115,86,51,39,11,117,23,0
"chr2.142",440,3022,30,82,50,2,8,8,10,20,142,143,87,79,43,6,92,25,0
"chr2.143",532,3997,56,104,84,8,8,11,12,31,171,139,94,75,42,9,129,44,0
"chr2.144",539,4263,65,142,118,5,10,12,17,34,156,112,71,65,24,4,98,30,0
"chr2.145",382,3092,27,88,55,1,4,17,7,25,92,80,62,51,17,3,99,22,0
"chr2.146",278,2130,15,44,29,2,7,5,4,11,70,82,52,36,22,5,71,19,0
"chr2.148",330,2783,23,39,39,3,10,11,8,22,70,74,33,49,30,6,66,22,0
"chr2.149",361,3055,27,65,44,6,9,9,12,27,91,107,61,56,40,7,92,26,0
"chr2.151",383,2751,26,70,34,2,7,9,6,17,162,164,104,81,45,11,109,31,0
"chr2.152",489,3877,49,126,79,5,10,15,8,28,245,215,146,109,41,5,126,45,0
"chr2.153",415,3677,32,90,64,3,11,12,10,25,140,134,70,62,47,6,114,41,0
"chr2.154",373,2865,22,48,25,3,6,6,6,15,106,116,59,52,28,1,72,32,0
"chr2.155",260,2566,18,44,20,1,8,9,5,15,60,96,50,44,17,4,72,25,0
"chr2.156",268,2393,12,34,26,0,7,11,10,21,49,63,48,36,17,3,48,24,0
"chr2.157",266,1865,11,24,11,0,9,6,11,17,32,63,39,39,18,2,71,18,0
"chr2.158",262,1988,15,18,19,1,4,6,7,14,63,51,48,48,26,2,60,22,1
"chr2.159",361,2728,18,34,36,1,4,10,9,20,73,68,47,37,19,2,63,30,0
"chr2.160",322,2743,19,46,30,3,1,11,15,29,114,128,84,64,29,8,92,43,0
"chr2.161",410,3700,39,54,67,3,6,14,8,25,159,154,98,96,31,6,116,29,0
"chr2.162",521,3909,58,88,89,4,8,13,13,30,218,167,115,85,43,6,142,39,0
"chr2.163",335,2840,26,53,22,1,11,9,4,14,96,95,60,35,31,4,73,32,0
"chr2.164",333,2930,28,63,47,2,4,13,7,22,97,90,79,50,22,6,94,30,0
"chr2.165",388,3281,25,77,65,4,10,8,11,23,161,128,83,60,40,7,102,28,0
"chr2.166",291,2155,21,27,24,1,6,5,3,9,75,66,51,39,28,3,72,29,0
"chr2.167",273,2298,12,29,27,1,7,5,5,11,75,88,39,41,25,3,68,22,0
"chr2.168",274,2291,17,24,21,2,6,8,3,13,73,73,32,34,22,6,48,32,0
"chr2.169",286,2254,12,25,20,2,8,3,9,14,65,75,44,47,24,3,49,31,0
"chr2.170",232,1975,10,40,24,0,12,4,8,12,64,71,55,44,34,1,75,31,0
"chr2.171",251,2076,17,28,14,1,10,4,3,8,81,70,42,33,26,4,59,26,0
"chr2.172",302,2203,12,35,22,3,5,7,4,14,52,76,45,37,22,5,65,29,0
"chr2.173",359,2671,13,45,44,1,18,4,9,14,85,101,70,51,25,7,94,27,0
"chr2.174",353,2810,21,27,26,1,5,18,6,25,138,160,86,92,42,11,104,31,0
"chr2.175",325,2590,14,35,29,0,7,8,6,14,89,109,54,60,30,5,83,37,0
"chr2.176",327,2649,18,46,19,2,8,4,6,12,61,77,50,50,23,4,71,35,0
"chr2.177",339,2788,28,39,37,3,9,11,15,29,81,94,56,51,23,4,78,34,0
"chr2.178",355,3448,28,68,59,5,6,6,4,15,99,115,55,58,30,3,74,21,0
"chr2.179",360,3323,24,69,58,4,6,7,6,17,75,101,50,42,29,1,107,30,0
"chr2.180",327,2702,19,56,41,4,4,4,9,17,94,86,61,42,27,5,86,24,0
"chr2.181",351,2549,16,39,33,0,5,7,4,11,98,102,69,54,23,3,68,24,0
"chr2.182",363,3470,38,69,71,4,9,8,6,18,242,202,171,131,51,6,134,34,0
"chr2.183",402,3807,36,97,69,4,7,11,10,25,217,160,132,110,49,10,142,34,0
"chr2.184",264,2498,29,60,37,2,8,9,7,18,121,102,55,38,34,4,72,22,0
"chr2.185",333,3085,30,70,55,2,5,14,13,29,97,104,56,66,22,3,96,25,0
"chr2.186",403,3413,33,58,62,4,12,11,14,29,94,96,55,39,23,9,66,32,0
"chr2.187",401,3193,23,60,41,4,8,11,9,24,105,92,67,50,35,2,75,31,0
"chr2.188",283,2225,18,33,15,3,9,9,4,16,52,90,36,42,24,2,75,21,0
"chr2.189",284,2157,16,28,16,1,2,11,5,17,40,65,31,35,23,3,67,33,0
"chr2.190",345,2787,26,42,38,3,11,14,11,28,97,112,60,57,30,6,88,16,0
"chr2.191",407,3660,38,81,58,4,10,8,9,21,124,112,95,72,41,2,100,24,0
"chr2.192",504,3945,43,87,87,2,18,13,9,24,222,204,124,106,51,3,118,33,0
"chr2.193",308,3035,24,48,46,2,9,8,8,18,201,175,123,88,30,5,132,35,0
"chr2.194",313,2302,13,29,24,2,14,9,7,18,103,82,64,54,31,4,67,32,0
"chr2.195",273,2076,15,33,18,4,5,6,9,19,95,87,54,53,21,4,64,25,0
"chr2.196",319,2728,28,32,22,3,12,7,5,15,132,139,82,69,36,8,119,34,1
"chr2.197",230,2473,16,31,21,0,9,7,7,14,204,189,137,127,49,11,118,57,0
"chr2.198",293,2518,9,39,11,1,2,3,5,9,99,99,65,50,35,3,74,40,0
"chr2.200",330,2173,16,27,22,2,6,6,5,13,64,80,53,47,18,3,71,19,0
"chr2.202",332,2520,11,25,22,1,11,4,5,10,86,81,51,47,17,4,66,32,0
"chr2.203",261,2010,15,40,29,2,15,9,5,16,79,98,75,55,20,9,68,19,0
"chr2.204",288,1941,13,20,25,2,8,5,8,15,65,108,65,52,25,7,78,34,0
"chr2.205",417,2725,23,51,30,2,3,14,6,22,101,126,61,50,36,5,84,21,0
"chr2.206",256,1792,17,25,25,3,15,9,6,18,61,63,52,42,16,1,71,20,0
"chr2.208",444,2993,32,57,52,2,6,12,8,22,115,109,73,58,17,10,101,28,0
"chr2.209",410,3459,33,86,63,6,12,9,7,22,180,142,120,99,32,10,113,33,0
"chr2.211",421,3169,28,53,48,2,15,8,12,22,128,104,60,63,28,7,94,27,0
"chr2.213",410,3063,29,63,60,1,11,10,6,17,149,114,77,67,30,7,84,42,0
"chr2.214",335,2190,16,35,32,0,5,8,6,14,82,95,60,37,18,2,72,25,0
"chr2.215",489,2656,31,64,50,3,10,6,11,20,128,153,83,81,21,4,103,42,0
"chr2.216",340,1930,24,39,25,1,12,6,3,10,83,85,59,52,25,8,78,18,0
"chr2.217",275,1554,15,33,21,3,8,2,7,12,67,67,55,46,13,4,64,19,0
"chr2.218",395,2698,30,64,58,8,6,9,13,30,158,138,76,81,29,3,91,46,0
"chr2.219",335,3164,34,67,63,5,2,7,4,16,218,166,110,98,36,11,130,33,0
"chr2.220",351,2911,23,52,52,0,9,7,5,12,146,117,75,65,29,8,111,36,0
"chr2.221",284,2241,9,32,31,1,8,5,8,14,81,91,50,46,21,3,78,24,0
"chr2.222",320,2292,21,31,24,1,9,12,8,21,76,87,45,59,15,2,72,20,0
"chr2.223",355,2733,17,46,29,1,3,9,5,15,131,144,85,67,33,9,71,38,0
"chr2.224",422,3655,24,66,62,6,4,5,13,24,106,137,61,62,34,2,91,29,0
"chr2.225",341,2304,20,40,12,1,7,5,6,12,73,81,40,42,22,5,80,28,0
"chr2.226",297,2422,18,40,19,3,8,7,8,18,105,133,64,53,33,6,100,22,2
"chr2.227",354,3046,34,55,47,2,7,7,3,12,213,184,120,114,33,4,152,47,0
"chr2.228",356,2382,14,55,39,1,11,6,7,14,112,124,72,63,25,5,83,19,0
"chr2.229",212,1719,18,34,19,3,9,4,6,13,56,92,56,41,25,5,64,31,0
"chr2.232",273,2190,15,36,16,2,9,5,8,15,67,85,50,48,17,2,61,25,0
"chr2.233",314,2185,18,39,20,2,4,5,6,13,68,68,66,56,23,3,64,34,0
"chr2.234",275,1816,15,50,24,1,8,9,4,14,92,106,72,43,27,2,70,23,0
"chr2.235",422,2555,28,47,46,6,7,4,5,15,96,131,61,65,19,9,86,26,0
"chr2.236",242,1608,15,37,25,0,9,1,3,4,66,68,41,32,28,4,74,23,0
"chr2.237",275,1706,17,40,18,1,10,9,11,21,90,113,62,58,27,8,91,25,0
"chr2.238",418,2336,33,59,43,1,4,8,11,20,112,170,126,93,23,7,112,42,1
"chr2.239",241,1382,19,34,17,5,6,8,3,16,74,84,64,51,16,6,69,30,0
"chr20.2",368,2225,11,22,33,0,7,4,1,5,70,92,50,38,18,7,84,24,0
"chr20.3",319,2036,9,28,33,1,4,7,2,10,69,70,66,43,33,3,97,34,0
"chr20.5",379,2188,18,34,52,2,11,3,7,12,66,80,55,53,29,2,92,18,0
"chr20.6",268,1724,19,33,31,0,9,1,1,2,59,76,55,57,24,14,83,22,1
"chr20.7",350,2537,20,47,49,1,5,1,1,3,71,89,85,41,16,9,86,20,0
"chr20.8",581,3818,29,68,91,3,5,7,5,15,120,112,92,57,39,11,123,28,0
"chr20.9",401,2836,15,72,47,1,9,2,3,6,64,85,63,48,31,7,87,15,0
"chr20.10",349,2432,18,35,39,3,14,3,4,10,69,66,50,39,22,2,88,28,0
"chr20.11",316,2169,17,40,39,0,3,3,3,6,47,57,35,39,21,6,78,19,0
"chr20.12",338,2739,14,44,57,2,6,8,4,14,61,66,57,44,27,1,81,23,0
"chr20.13",382,2991,28,64,83,2,4,5,2,9,92,124,85,49,17,3,125,21,0
"chr20.14",377,2411,15,35,44,1,9,3,4,8,75,76,70,53,23,7,84,26,0
"chr20.17",360,2344,31,45,46,0,17,2,5,7,82,85,72,55,28,8,89,15,0
"chr20.18",319,2024,15,35,42,0,6,6,1,7,63,74,53,52,31,5,90,23,1
"chr20.19",330,2085,27,47,24,2,3,5,3,10,50,66,60,31,42,1,69,23,0
"chr20.20",328,2075,18,42,33,5,2,10,2,17,43,75,59,51,22,4,76,21,0
"chr20.21",348,2144,25,48,29,2,9,12,2,16,78,91,61,64,26,4,90,20,0
"chr20.22",442,2781,27,57,69,3,10,7,5,15,137,130,91,90,35,14,128,20,0
"chr20.23",436,2424,37,54,55,1,7,6,6,13,96,101,60,36,25,3,91,21,0
"chr20.24",452,2459,37,62,55,2,9,10,3,15,90,111,78,59,23,4,114,28,0
"chr20.25",448,2483,23,65,65,6,10,12,14,32,121,117,79,69,42,8,106,22,1
"chr20.28",249,1394,17,45,21,4,5,7,8,19,71,92,90,45,23,2,59,25,0
"chr20.29",301,1496,23,57,35,0,10,7,6,13,78,88,62,54,17,4,87,24,0
"chr20.33",278,1383,20,49,22,0,10,8,4,12,55,63,53,50,24,2,72,20,0
"chr20.34",348,1787,39,45,27,1,5,13,6,20,62,99,54,38,18,4,70,24,0
"chr20.35",459,2797,42,100,84,3,13,7,14,24,197,177,128,121,22,8,154,26,0
"chr20.36",429,3149,34,104,73,5,8,18,6,29,201,183,119,122,36,6,147,31,1
"chr20.37",332,1950,16,36,31,0,5,7,6,13,64,97,43,48,15,7,90,35,0
"chr20.38",563,3137,43,106,91,5,9,11,12,28,196,187,95,82,40,14,113,39,0
"chr20.39",473,2245,33,82,67,1,5,17,11,29,131,157,95,92,37,5,112,34,0
"chr20.40",264,1617,19,39,18,2,9,6,8,16,72,111,56,55,29,4,82,27,0
"chr20.41",288,1909,25,48,30,3,8,11,5,19,56,95,49,38,25,6,69,23,0
"chr20.42",337,1968,22,59,40,5,5,6,6,17,124,107,59,68,34,1,62,39,0
"chr20.43",344,1776,15,37,33,3,8,7,6,16,69,85,53,26,22,4,71,29,0
"chr20.44",392,2100,21,67,48,3,6,8,7,18,105,126,87,73,26,9,91,32,0
"chr20.45",277,1635,22,54,32,5,16,6,6,17,81,66,53,47,14,3,86,29,0
"chr20.46",228,1136,12,30,15,2,6,6,7,15,56,70,44,42,36,3,85,21,1
"chr20.47",318,1843,21,49,25,2,8,6,8,16,68,90,60,51,21,4,76,21,0
"chr20.48",383,2412,24,49,40,2,8,15,8,25,126,117,87,80,28,6,109,37,0
"chr20.49",406,2364,25,58,55,1,11,23,8,32,103,114,89,56,36,4,104,28,0
"chr20.50",410,2519,21,61,34,0,5,14,6,20,86,91,65,48,29,9,95,33,1
"chr20.51",401,2854,39,85,87,4,6,17,6,27,254,235,166,135,45,9,187,50,2
"chr20.52",396,2491,43,88,82,5,10,15,9,29,177,185,126,119,38,10,155,37,0
"chr20.53",337,1672,20,51,47,1,15,11,5,17,127,166,94,88,49,5,113,46,0
"chr20.54",337,1911,13,54,25,3,8,15,8,26,91,103,71,44,36,8,87,23,1
"chr20.55",413,2344,26,63,52,3,10,21,8,32,100,150,93,92,45,5,118,36,0
"chr20.56",598,3314,44,104,84,2,12,10,18,30,275,203,148,146,52,12,178,50,0
"chr20.57",620,2746,50,124,107,4,10,6,14,24,304,282,209,215,67,12,222,44,0
"chr20.59",239,1136,27,66,35,3,6,3,12,18,106,119,80,80,31,6,101,25,0
"chr21.14",350,2443,15,36,22,1,7,2,3,6,67,85,47,36,19,4,70,28,0
"chr21.15",458,3387,40,85,59,6,8,4,10,20,175,150,111,88,109,14,98,35,0
"chr21.17",596,3703,58,103,74,4,8,9,7,20,169,146,129,92,37,11,132,36,0
"chr21.18",748,5083,63,142,95,4,11,9,11,24,251,201,165,91,35,12,148,47,0
"chr21.19",750,5125,78,124,91,4,12,11,11,26,318,252,216,141,45,12,172,54,0
"chr21.20",688,4964,72,149,114,13,10,7,7,27,357,230,257,178,49,20,181,70,0
"chr21.21",761,4449,51,134,102,9,19,7,9,25,351,272,251,198,55,20,179,61,0
"chr21.22",811,5283,54,176,113,6,17,14,10,30,325,252,216,155,62,17,164,54,0
"chr21.23",690,4989,69,143,108,3,12,4,11,18,299,224,186,137,45,20,168,47,0
"chr21.24",483,3122,38,68,51,2,14,2,5,9,193,195,152,119,28,9,121,37,0
"chr21.25",430,2991,22,53,46,3,9,3,3,9,169,145,107,89,29,8,120,36,0
"chr21.26",573,3797,52,83,71,3,4,9,3,15,180,142,106,77,41,11,134,33,0
"chr21.27",448,3142,28,74,47,2,9,5,5,12,94,119,64,36,25,9,74,31,0
"chr21.28",364,2315,19,48,21,0,7,1,2,3,67,81,53,29,21,5,67,27,0
"chr21.29",625,4087,40,102,104,6,7,9,4,19,233,193,152,128,34,9,156,43,0
"chr21.30",458,2204,36,37,45,1,9,7,6,14,123,162,99,78,14,4,104,32,0
"chr21.31",262,1951,16,40,19,4,9,4,1,9,67,85,73,43,20,1,75,31,0
"chr21.32",284,1703,12,44,16,1,9,4,2,7,55,112,39,40,33,4,70,19,0
"chr21.33",329,1987,19,39,23,1,3,4,1,6,50,60,54,31,17,3,74,23,0
"chr21.35",261,1541,11,32,18,2,5,5,2,9,48,61,42,39,17,2,56,32,0
"chr21.36",336,2096,10,23,29,1,3,4,1,6,48,76,48,36,22,3,49,23,0
"chr21.37",306,2273,23,38,31,1,14,4,4,9,57,113,62,58,40,6,105,20,0
"chr21.38",299,1819,15,34,18,0,9,3,3,6,62,110,45,42,21,4,56,22,0
"chr21.39",537,2764,22,63,47,3,11,4,6,13,130,134,105,66,34,6,109,26,0
"chr21.41",197,1270,7,29,21,0,8,2,1,3,51,82,36,37,18,2,57,19,0
"chr21.43",235,1280,17,28,28,4,5,6,1,11,65,84,56,52,31,2,64,25,0
"chr21.44",356,1958,28,56,48,1,6,4,6,11,95,114,67,81,41,9,86,28,0
"chr22.16",272,1360,11,12,13,1,8,4,6,11,63,79,65,45,28,2,67,26,0
"chr22.20",273,1559,14,31,29,0,6,5,9,14,59,79,37,40,15,12,80,24,0
"chr22.23",404,2119,15,40,37,2,9,6,11,19,86,120,59,70,38,5,101,37,0
"chr22.24",396,2324,20,33,31,4,7,3,13,20,65,84,57,68,20,7,90,26,0
"chr22.25",304,2118,22,30,30,3,9,8,8,19,45,78,63,40,26,7,53,30,0
"chr22.27",195,1447,11,24,14,2,6,1,7,10,44,50,27,41,22,2,67,33,0
"chr22.30",353,2160,17,32,34,0,12,4,5,9,104,124,65,78,27,2,89,23,0
"chr22.31",443,2679,24,50,36,1,6,6,3,10,101,138,81,71,26,12,86,36,0
"chr22.32",275,1794,18,28,29,0,4,7,4,11,97,115,71,72,21,6,93,28,0
"chr22.33",221,1371,6,29,17,3,6,4,3,10,54,63,35,58,21,2,50,20,0
"chr22.34",232,1345,16,35,22,2,9,5,3,10,61,81,70,41,31,4,74,32,0
"chr22.36",295,1461,16,34,17,3,8,1,3,7,59,75,53,44,36,3,48,34,0
"chr22.37",293,1670,15,37,12,1,3,5,4,10,46,89,37,35,25,1,55,32,0
"chr22.40",263,1262,17,30,20,0,7,2,2,4,60,72,52,45,27,2,67,33,0
"chr22.41",371,1802,22,46,42,0,6,5,7,12,77,95,54,49,23,9,76,20,0
"chr22.42",278,1317,19,53,24,0,8,1,6,7,64,98,52,59,38,4,75,23,0
"chr22.43",231,1068,9,21,9,1,7,3,5,9,53,85,41,44,41,4,48,31,0
"chr22.44",306,1638,24,47,21,1,10,8,8,17,77,97,66,53,37,7,79,14,0
"chr22.45",607,2581,28,77,51,2,13,6,11,19,212,217,122,148,46,12,140,50,0
"chr22.46",483,2161,29,84,55,2,12,7,6,15,211,196,136,143,40,9,136,36,0
"chr3.2",535,4649,49,115,117,7,12,15,17,39,335,261,148,172,38,24,192,54,0
"chr3.3",559,4162,56,123,117,6,17,15,12,33,311,280,168,185,47,21,166,58,0
"chr3.4",453,3255,26,69,82,3,6,11,9,23,113,132,70,80,33,2,99,37,0
"chr3.5",321,2162,11,35,25,2,12,10,9,21,64,72,40,48,21,4,55,20,0
"chr3.6",357,2454,15,49,54,3,4,13,5,21,59,97,45,59,33,5,76,17,0
"chr3.7",401,3101,29,59,53,1,5,6,3,10,144,124,85,75,29,3,97,29,0
"chr3.8",447,3340,35,98,59,2,8,20,11,33,105,119,53,39,25,9,101,29,0
"chr3.9",352,2332,23,56,57,0,6,15,5,20,56,93,41,39,16,4,68,26,0
"chr3.10",222,1593,7,28,27,3,7,6,7,16,48,60,39,42,20,2,58,26,0
"chr3.11",364,1752,14,40,28,1,14,7,7,15,63,80,50,56,19,1,71,25,1
"chr3.12",269,1812,10,39,27,0,7,5,6,11,48,80,35,43,20,3,56,22,0
"chr3.13",238,1678,16,28,28,0,11,8,4,12,48,70,33,39,19,3,64,15,0
"chr3.14",358,1808,15,48,34,3,8,3,4,10,121,110,68,62,33,9,57,24,0
"chr3.15",266,1612,20,35,20,1,6,5,5,11,48,79,48,36,27,1,65,18,0
"chr3.16",247,1800,13,26,20,1,7,8,3,12,48,71,29,39,26,1,53,16,0
"chr3.17",389,2843,29,40,52,5,9,7,11,23,78,61,54,50,33,2,69,21,0
"chr3.18",274,2239,13,41,30,2,11,4,6,12,44,81,40,37,25,4,51,17,0
"chr3.19",311,2686,16,47,56,2,9,12,12,26,108,106,61,38,27,2,81,27,0
"chr3.20",367,3058,25,48,52,3,14,12,9,24,80,96,41,50,19,3,76,27,0
"chr3.21",520,3411,40,73,79,6,4,12,6,24,115,111,73,63,17,4,103,29,0
"chr3.22",716,4966,71,119,130,4,11,21,10,35,200,120,87,93,35,7,112,26,0
"chr3.23",544,4152,70,106,96,5,11,16,9,30,236,203,108,117,30,18,138,26,0
"chr3.24",422,2666,27,58,56,3,8,12,4,19,80,111,60,61,18,10,80,27,0
"chr3.25",440,2900,22,40,36,2,3,11,1,14,50,68,41,36,8,3,58,18,0
"chr3.26",412,2908,19,42,61,4,12,11,6,21,79,80,50,50,27,3,87,24,0
"chr3.28",363,2532,12,41,36,3,8,12,4,19,81,84,59,51,17,2,97,30,0
"chr3.29",383,2883,22,55,50,1,6,7,4,12,149,120,77,68,23,8,99,23,0
"chr3.30",433,3472,30,67,65,2,7,16,10,28,140,124,75,70,33,7,107,35,0
"chr3.31",254,2355,9,30,20,1,4,7,5,13,62,69,30,38,17,4,58,23,0
"chr3.32",291,2088,3,34,24,1,3,9,4,14,58,105,30,40,19,3,55,28,0
"chr3.33",286,1755,12,24,15,0,8,10,5,15,46,71,33,36,16,2,48,20,1
"chr3.34",268,2003,16,28,23,0,14,9,5,14,62,68,32,36,14,2,64,19,0
"chr3.35",357,2896,24,53,38,3,4,10,7,20,138,123,62,76,33,5,85,31,0
"chr3.36",570,4150,46,92,61,4,11,10,9,23,211,164,83,83,29,11,110,25,0
"chr3.37",466,3079,29,66,53,5,8,8,8,21,140,128,88,66,29,8,84,35,0
"chr3.38",236,1744,12,26,21,2,9,5,3,10,58,52,41,30,23,3,62,22,0
"chr3.39",330,1870,8,35,30,2,10,10,3,15,65,79,55,41,16,4,60,27,0
"chr3.40",275,2182,6,30,19,4,10,6,6,16,83,61,45,33,21,5,70,19,0
"chr3.41",285,2149,12,18,23,1,4,11,6,18,62,68,42,47,17,2,61,23,0
"chr3.42",306,2125,8,25,31,1,10,11,4,16,61,59,46,37,16,3,49,18,0
"chr3.43",265,1805,6,29,20,0,11,6,4,10,53,78,31,31,12,0,27,17,0
"chr3.44",319,2137,17,31,23,2,5,5,6,13,65,83,36,43,21,1,43,25,0
"chr3.45",371,2311,17,37,22,2,5,5,3,10,59,73,36,46,13,4,52,24,0
"chr3.46",244,1535,10,25,11,1,8,11,3,15,54,59,38,27,15,4,39,25,0
"chr3.47",288,2096,19,33,28,2,10,12,5,19,52,76,40,47,21,5,45,19,0
"chr3.51",259,1355,15,38,25,1,12,4,3,8,51,70,37,36,17,6,64,30,0
"chr3.53",190,1028,13,22,26,2,10,4,1,7,40,50,32,35,11,0,44,14,0
"chr3.54",233,1415,10,30,20,0,9,8,0,8,50,47,39,37,17,2,48,16,0
"chr3.55",413,2684,22,44,59,3,7,5,6,14,158,166,93,105,26,9,85,37,0
"chr3.56",404,2895,24,51,75,3,6,3,7,13,195,142,95,106,32,10,76,42,1
"chr3.57",354,2327,21,45,37,1,8,8,10,19,80,84,48,44,15,7,44,30,0
"chr3.60",344,2681,21,53,41,3,11,11,7,21,74,101,43,46,17,2,51,27,0
"chr3.62",275,2009,11,42,27,2,7,8,7,17,55,87,38,30,15,4,47,18,1
"chr3.63",294,2370,18,24,29,1,7,11,6,18,49,81,33,42,19,1,72,19,0
"chr3.64",276,2354,12,25,26,0,8,12,5,17,47,68,33,30,10,6,53,20,0
"chr3.65",300,2557,14,33,37,4,7,10,6,20,70,74,54,36,15,2,50,28,0
"chr3.66",293,2124,18,25,32,1,5,6,6,13,58,49,39,34,17,1,52,21,0
"chr3.68",308,2432,24,31,36,1,9,13,3,17,73,70,50,56,17,5,63,31,0
"chr3.69",453,3276,25,69,87,3,5,10,16,29,132,155,81,83,21,5,96,30,0
"chr3.70",368,2427,24,41,36,2,3,15,2,19,78,68,54,37,12,1,59,28,0
"chr3.71",446,3556,33,58,62,1,8,12,8,21,108,118,63,60,22,8,84,18,0
"chr3.72",317,1894,12,39,45,1,3,8,9,18,61,65,44,38,22,4,64,22,0
"chr3.73",295,2044,18,26,22,3,5,7,3,13,60,97,37,29,20,0,56,27,0
"chr3.74",282,2203,7,24,32,1,11,8,7,16,150,152,92,88,24,10,92,43,0
"chr3.75",407,3338,31,59,57,4,12,16,11,31,131,112,72,69,22,6,85,23,0
"chr3.78",563,3742,37,87,106,6,12,12,8,26,225,180,125,75,32,8,144,38,0
"chr3.79",673,4201,60,113,110,6,14,16,18,40,248,201,107,108,29,10,121,57,0
"chr3.80",587,4548,53,95,100,6,10,18,12,36,232,208,97,89,28,29,123,38,0
"chr3.81",463,3461,35,67,65,3,8,11,15,29,138,121,82,68,26,7,111,31,0
"chr3.82",328,2861,31,58,48,2,9,12,6,20,142,145,96,72,24,6,108,39,0
"chr3.83",706,4909,75,141,132,1,8,16,11,28,309,227,134,129,36,16,123,61,0
"chr3.84",806,5213,116,157,134,3,13,18,12,33,350,235,181,171,49,17,133,57,0
"chr3.85",768,5202,90,146,146,12,24,16,20,48,338,224,124,115,36,16,171,40,0
"chr3.87",617,4063,38,86,101,5,11,15,8,28,256,209,109,131,38,18,154,62,0
"chr3.88",354,2811,30,47,49,4,8,12,8,24,130,116,45,80,34,7,116,39,0
"chr3.89",427,3349,28,67,65,4,10,13,13,30,184,148,113,94,21,9,150,32,1
"chr3.90",527,3997,34,90,97,2,13,19,7,28,167,137,89,63,32,5,136,31,0
"chr3.91",363,3000,28,66,71,3,8,11,5,19,150,140,91,63,29,8,94,29,0
"chr3.92",495,3732,29,88,85,7,14,8,10,25,230,167,119,77,46,16,142,39,0
"chr3.93",638,4828,45,132,112,4,16,22,11,37,255,172,125,82,38,5,161,35,0
"chr3.94",500,3877,46,92,97,5,12,8,16,29,240,173,131,123,43,9,151,31,0
"chr3.95",460,3048,31,67,77,3,11,8,8,19,130,134,79,55,31,7,92,30,0
"chr3.96",456,3473,33,85,66,1,6,9,12,22,177,135,87,72,30,7,130,42,0
"chr3.97",328,1994,6,27,24,1,2,7,4,12,60,60,53,36,26,1,63,24,0
"chr3.98",327,2542,24,44,33,1,7,14,3,18,78,71,46,33,29,2,56,15,0
"chr3.99",311,2529,22,56,52,2,3,3,10,15,98,80,51,50,29,2,98,26,0
"chr3.100",577,4089,57,119,116,5,9,18,12,35,176,141,97,93,31,6,126,42,0
"chr3.101",542,3835,54,115,109,8,8,23,10,41,310,228,141,137,43,8,156,48,0
"chr3.102",404,3049,37,58,71,1,17,16,9,26,147,115,75,55,29,4,99,38,0
"chr3.103",433,3190,19,64,68,7,13,10,8,25,132,136,73,55,32,6,118,26,0
"chr3.104",450,2911,29,59,56,2,13,15,9,26,118,122,54,56,34,3,97,35,0
"chr3.105",269,2212,12,26,15,0,11,6,4,10,51,64,56,33,25,3,60,21,0
"chr3.107",383,3093,17,73,78,1,10,6,7,14,97,117,71,42,37,6,118,29,0
"chr3.108",363,2658,24,39,48,4,3,9,3,16,75,94,46,43,21,4,88,19,0
"chr3.109",309,2188,17,26,27,3,5,8,6,17,60,82,31,44,18,5,59,27,0
"chr3.110",326,1976,12,28,32,4,10,8,4,16,51,60,49,45,21,2,70,16,0
"chr3.111",305,2223,15,50,38,4,7,13,6,23,81,93,64,48,22,3,74,24,0
"chr3.112",364,3132,19,62,49,2,9,13,8,23,104,114,59,52,25,2,86,34,0
"chr3.113",450,3406,31,74,82,2,14,7,13,22,141,124,98,83,34,4,100,38,0
"chr3.115",492,3684,45,79,90,2,8,12,12,26,256,180,146,109,41,10,181,45,0
"chr3.116",371,2515,24,43,46,0,11,10,8,18,89,98,55,44,21,3,74,20,0
"chr3.117",276,2154,16,30,24,0,9,7,5,12,54,73,53,46,24,1,76,20,0
"chr3.119",293,2152,18,27,35,0,14,12,4,16,37,52,41,34,29,2,47,25,1
"chr3.120",334,1854,10,21,21,1,7,7,7,15,72,88,55,55,20,3,70,38,0
"chr3.121",335,2167,19,20,25,0,6,4,5,9,63,83,44,49,19,3,57,31,0
"chr3.122",261,1548,13,26,23,0,8,9,1,10,49,58,39,38,21,3,54,25,0
"chr3.124",320,1692,24,37,38,1,12,10,6,17,79,93,57,58,20,7,81,25,0
"chr3.125",261,1792,4,22,22,3,9,3,3,9,55,83,59,39,24,2,68,16,0
"chr3.126",250,1366,11,31,25,2,9,8,4,14,54,71,51,28,13,4,60,19,0
"chr3.128",352,2599,24,41,36,1,7,9,6,16,66,84,51,49,19,7,103,23,0
"chr3.129",314,2281,18,39,43,4,5,11,8,23,63,106,54,53,22,2,74,32,0
"chr3.131",298,1920,11,24,23,1,7,5,2,8,57,132,41,43,19,7,67,34,0
"chr3.132",400,2812,26,66,46,2,10,8,8,18,166,147,117,97,29,8,165,44,0
"chr3.135",317,2103,23,44,28,2,7,9,7,18,64,91,51,38,20,4,73,18,0
"chr3.136",312,2085,18,32,24,1,13,5,6,12,66,107,60,35,20,11,85,30,0
"chr3.137",429,2994,26,57,67,7,7,8,10,25,196,198,101,147,29,10,139,60,0
"chr3.138",299,1829,13,38,19,2,9,7,2,11,51,106,48,47,18,5,62,20,0
"chr3.139",248,1763,14,23,14,0,11,7,2,9,58,75,47,32,21,3,64,25,0
"chr3.140",372,2673,23,41,28,1,3,12,7,20,70,83,47,38,21,2,90,31,0
"chr3.141",482,3585,40,90,87,5,9,9,9,23,212,143,126,99,21,11,115,38,0
"chr3.142",578,4465,41,99,120,8,12,14,14,36,272,185,121,100,50,20,127,52,0
"chr3.143",365,2624,15,41,48,1,7,8,3,12,127,110,87,50,28,6,94,35,0
"chr3.144",588,3804,56,93,108,4,11,10,13,27,266,236,171,107,38,18,180,41,0
"chr3.145",425,3571,19,60,65,1,6,10,8,19,153,152,92,74,23,5,130,37,0
"chr3.146",340,2272,10,32,37,2,7,9,4,15,62,79,40,40,24,5,72,28,0
"chr3.147",319,2138,16,30,28,4,5,11,8,23,56,77,33,24,27,4,87,31,0
"chr3.148",351,2776,19,38,43,0,5,20,7,27,73,98,58,41,21,6,90,39,0
"chr3.149",300,2443,12,40,31,0,3,9,5,14,64,118,41,36,34,8,74,27,0
"chr3.150",370,2948,28,45,54,0,11,13,5,18,98,106,73,50,30,2,101,32,0
"chr3.151",448,2999,27,61,71,4,6,7,7,18,128,108,65,67,27,8,99,28,1
"chr3.152",349,2543,15,46,40,5,6,10,10,25,91,93,55,40,34,6,108,17,0
"chr3.153",365,2400,19,45,34,2,8,9,8,19,75,81,31,52,35,4,91,21,0
"chr3.154",354,2707,26,36,40,4,7,13,11,28,82,112,49,53,36,1,76,34,0
"chr3.156",352,2967,33,46,67,4,6,12,3,19,123,115,98,75,41,2,134,43,0
"chr3.157",314,2514,13,35,36,1,10,8,4,13,46,88,55,42,25,9,117,24,0
"chr3.158",376,2751,22,55,62,2,4,12,5,19,92,69,57,53,25,6,85,21,0
"chr3.159",496,3897,48,96,101,4,16,13,9,26,248,177,126,108,41,8,162,34,0
"chr3.160",588,4341,61,103,105,7,4,12,14,33,345,249,174,174,53,38,198,56,0
"chr3.161",429,3662,45,70,94,5,12,19,12,36,316,243,166,142,66,10,180,58,0
"chr3.162",344,3327,21,65,94,4,9,13,9,26,207,221,130,113,39,13,154,63,0
"chr3.163",565,4462,46,109,95,4,10,18,16,38,367,270,209,145,51,11,149,53,0
"chr3.164",462,3349,43,79,105,4,12,16,2,22,219,203,124,102,50,20,146,48,1
"chr3.165",273,2705,25,37,40,4,10,7,6,17,75,77,100,43,34,2,96,33,0
"chr3.166",252,2206,13,31,29,0,12,10,3,13,57,63,48,45,31,23,87,29,0
"chr3.167",302,2035,12,25,18,0,2,7,6,13,102,80,53,29,32,5,65,30,0
"chr3.168",307,2109,6,26,26,1,6,11,4,16,48,55,30,40,28,1,74,15,0
"chr3.169",283,1879,10,23,21,5,6,14,3,22,29,75,40,35,29,3,83,28,0
"chr3.170",415,3006,31,59,72,3,7,9,10,22,106,134,103,70,36,7,111,35,0
"chr3.171",460,3513,20,58,71,6,15,10,5,21,134,115,81,59,41,5,108,23,0
"chr3.173",400,3089,24,56,72,3,7,19,8,30,137,125,108,69,33,11,118,31,0
"chr3.174",270,1817,13,36,23,1,5,7,5,13,67,81,58,30,37,2,102,29,0
"chr3.175",363,2988,20,39,52,1,6,12,3,16,79,93,48,51,31,2,107,34,0
"chr3.176",357,2369,24,37,46,2,8,7,7,16,95,99,59,45,31,6,95,20,0
"chr3.177",540,3677,50,91,91,5,6,17,9,31,208,204,112,104,44,15,141,38,0
"chr3.178",530,3518,34,72,78,5,4,13,7,25,153,146,97,45,47,6,118,30,0
"chr3.179",415,2726,18,39,34,2,13,10,12,24,68,106,56,46,39,4,91,33,0
"chr3.180",301,1956,13,24,20,0,3,6,4,10,44,75,46,40,34,6,71,27,0
"chr3.181",283,1521,15,27,27,2,11,8,3,13,59,92,56,32,36,3,62,30,0
"chr3.182",226,1571,10,22,19,1,2,4,2,7,61,81,48,36,52,1,78,18,0
"chr3.183",369,2169,16,25,33,4,10,14,5,23,60,72,64,39,28,5,77,38,0
"chr3.184",388,2466,23,33,27,2,9,14,4,20,71,76,46,54,32,7,68,39,0
"chr3.185",250,1774,7,26,18,1,3,5,3,9,58,72,53,52,20,3,68,20,0
"chr3.186",257,2350,21,27,31,0,4,6,8,14,51,76,36,41,34,6,79,30,0
"chr3.187",314,2508,17,26,34,1,2,9,5,15,71,79,57,47,17,4,88,18,1
"chr3.188",463,3246,42,64,70,4,11,12,10,26,120,131,79,50,34,2,102,22,0
"chr3.189",514,3727,49,90,90,4,4,16,9,29,202,182,146,85,32,7,131,48,0
"chr3.190",390,2393,16,26,43,0,4,9,3,12,69,99,60,35,26,2,83,28,0
"chr3.191",232,1459,17,27,21,0,6,2,6,8,60,71,28,28,21,0,72,24,0
"chr4.3",220,1370,16,23,18,1,13,7,1,9,45,73,52,37,18,1,78,17,0
"chr4.6",558,2821,53,74,59,2,14,14,7,23,175,181,111,148,28,12,117,43,0
"chr4.7",293,1540,19,40,14,0,8,5,7,12,75,92,64,63,22,3,81,29,0
"chr4.8",290,1412,14,42,25,1,14,7,3,11,70,105,64,62,20,4,58,28,0
"chr4.11",319,2340,11,25,21,1,9,4,4,9,96,121,71,61,22,5,96,24,0
"chr4.12",262,2367,14,20,18,2,5,3,7,12,74,90,43,57,24,7,82,18,0
"chr4.13",438,3483,35,59,66,0,8,7,9,16,148,151,118,124,25,14,111,43,0
"chr4.14",473,2855,37,56,51,3,16,11,4,18,115,110,62,78,16,7,109,21,0
"chr4.15",620,3584,33,70,76,4,14,10,11,25,88,98,70,64,14,4,98,27,0
"chr4.16",351,2368,21,31,36,1,2,6,4,11,69,104,59,45,20,3,78,24,0
"chr4.17",392,2541,34,48,30,7,6,4,7,18,86,107,86,69,27,3,105,25,1
"chr4.18",402,2540,25,46,35,2,10,7,8,17,111,103,86,63,26,5,110,35,0
"chr4.19",383,3616,37,74,59,5,11,10,12,27,101,113,69,63,20,6,88,29,1
"chr4.20",589,4248,64,131,78,8,7,14,4,26,234,164,136,101,27,9,121,41,0
"chr4.21",430,2902,28,74,64,7,7,9,6,22,195,165,130,116,39,12,101,37,0
"chr4.22",532,3530,32,81,74,7,10,7,14,28,190,149,113,108,31,6,149,35,0
"chr4.23",348,2652,18,47,32,2,9,5,10,17,90,99,61,66,20,5,72,22,0
"chr4.24",328,2786,20,40,40,2,9,5,5,12,66,95,54,44,21,8,71,38,0
"chr4.25",290,2055,8,29,18,3,7,5,2,10,42,77,59,44,11,3,73,22,0
"chr4.26",303,1973,13,26,20,2,11,3,4,9,45,67,36,36,9,4,68,19,0
"chr4.27",361,2252,23,39,20,4,5,5,7,16,53,73,41,35,5,2,55,21,0
"chr4.28",495,3654,40,90,67,2,12,12,6,20,195,189,124,136,36,11,108,35,0
"chr4.29",663,4886,81,119,107,3,22,7,15,25,318,240,204,188,48,13,147,46,0
"chr4.30",798,5699,83,163,135,10,11,13,20,43,354,309,201,214,57,19,196,29,0
"chr4.31",587,3911,56,111,90,4,11,12,10,26,187,158,108,82,38,8,111,27,0
"chr4.32",534,3706,46,92,57,4,11,7,13,24,184,144,98,119,53,9,149,29,0
"chr4.33",596,4386,75,115,70,8,12,10,11,29,262,198,157,187,38,14,174,46,0
"chr4.34",774,5160,74,161,94,10,10,10,12,32,347,304,227,210,33,18,202,49,0
"chr4.35",722,5411,88,127,81,12,14,11,4,27,319,271,174,189,41,18,151,48,0
"chr4.36",576,4131,46,114,72,5,8,12,11,28,243,196,126,134,42,9,134,31,0
"chr4.37",356,2944,17,49,35,2,12,10,8,20,132,119,60,76,24,9,90,25,0
"chr4.38",271,2235,13,41,28,0,9,5,2,7,56,58,45,40,21,7,58,24,0
"chr4.39",264,1882,10,34,12,2,5,2,5,9,41,60,36,37,12,1,60,12,0
"chr4.42",368,2257,20,22,29,1,7,6,4,11,86,99,62,71,14,8,78,35,1
"chr4.43",391,2724,25,37,29,2,12,5,5,12,107,116,76,73,17,3,84,25,0
"chr4.44",668,4535,58,137,85,3,13,16,18,37,149,124,95,66,28,9,128,32,0
"chr4.45",588,4460,69,99,82,2,9,4,17,23,189,165,120,111,30,13,123,41,0
"chr4.46",567,4055,43,82,68,5,11,6,17,28,176,165,120,102,48,5,142,33,0
"chr4.47",438,3557,35,89,61,4,13,10,10,24,209,148,138,118,23,8,152,45,0
"chr4.48",338,2684,17,37,30,0,4,8,5,13,130,122,89,83,22,9,92,26,0
"chr4.49",270,1897,8,21,20,1,10,5,5,11,47,64,45,49,18,6,56,23,0
"chr4.52",355,2452,24,51,32,5,8,4,7,16,106,103,51,49,16,4,93,28,0
"chr4.53",382,2391,19,44,35,2,6,6,7,15,61,75,45,41,14,5,82,25,0
"chr4.54",281,1981,10,30,20,2,7,10,5,17,77,63,55,42,11,2,81,28,1
"chr4.56",639,4709,57,133,95,0,10,12,7,19,292,212,180,143,57,11,129,51,0
"chr4.58",825,5791,94,160,130,7,13,11,13,31,300,207,172,144,49,13,158,58,0
"chr4.59",624,4999,60,97,66,3,11,11,12,26,138,119,101,92,37,10,105,34,0
"chr4.60",448,4406,42,104,88,6,12,12,13,31,190,177,111,108,48,6,127,42,0
"chr4.61",569,4837,67,111,105,7,8,18,8,33,305,207,214,149,56,15,193,54,0
"chr4.62",750,4777,84,134,91,7,16,9,12,28,225,158,105,90,35,6,156,42,0
"chr4.63",659,5035,62,110,113,8,13,13,14,35,261,206,168,146,30,16,164,32,0
"chr4.64",803,5081,71,139,118,11,12,15,25,51,261,227,161,134,48,15,156,51,0
"chr4.65",521,3223,38,79,77,5,8,7,10,22,165,117,89,77,29,3,100,30,0
"chr4.66",322,2691,29,43,42,4,6,9,8,21,67,85,57,62,27,4,79,21,0
"chr4.68",347,2754,24,50,37,2,10,11,5,18,74,84,64,35,14,6,80,18,0
"chr4.69",286,2449,22,34,33,2,6,7,9,18,48,61,41,33,12,3,65,15,0
"chr4.70",471,3634,38,89,73,9,6,13,5,27,102,108,84,54,34,8,78,29,1
"chr4.71",367,2451,24,44,40,0,4,2,17,19,64,73,50,39,18,5,73,40,2
"chr4.74",225,1769,10,24,22,0,15,6,4,10,37,70,56,42,14,3,64,21,0
"chr4.75",257,1944,23,22,22,1,7,6,4,11,52,65,43,36,18,3,76,24,0
"chr4.76",313,2149,11,18,23,0,8,8,4,12,53,61,45,41,15,4,65,23,0
"chr4.77",311,2817,24,40,35,5,8,4,7,16,91,100,73,57,23,6,132,18,0
"chr4.78",365,3053,29,41,39,0,6,8,12,20,96,91,71,69,30,2,100,33,0
"chr4.79",315,2651,22,29,33,1,6,6,9,16,89,89,69,44,22,4,67,27,0
"chr4.80",350,2379,26,37,16,4,5,8,1,13,42,80,54,36,17,5,72,22,0
"chr4.81",266,1790,13,23,19,2,9,2,5,9,45,64,54,42,15,5,63,21,0
"chr4.82",335,2606,19,33,45,4,11,4,3,11,104,126,87,80,12,5,91,35,0
"chr4.83",363,2724,27,52,35,1,2,6,5,12,92,97,55,57,19,2,83,25,0
"chr4.84",367,2686,25,48,35,3,2,3,3,9,101,78,45,52,25,5,71,17,1
"chr4.85",268,1861,23,27,19,2,11,4,9,15,63,67,38,35,19,3,57,15,0
"chr4.86",368,2553,14,24,21,2,2,2,1,5,59,83,55,52,13,3,53,18,0
"chr4.87",290,2265,11,29,22,0,5,5,8,13,39,81,35,51,17,1,72,19,0
"chr4.88",334,2574,33,51,43,1,3,9,7,17,90,79,63,51,20,1,71,12,0
"chr4.89",376,2723,29,55,47,2,13,10,8,20,107,106,97,97,27,5,95,20,0
"chr4.90",391,3380,33,72,55,5,4,11,18,34,144,123,86,82,25,5,86,27,0
"chr4.92",324,2489,14,29,26,1,12,5,5,11,43,82,42,34,21,6,72,30,0
"chr4.93",504,3342,26,106,66,4,8,7,9,20,145,127,99,76,28,5,85,38,0
"chr4.94",621,4319,63,148,85,6,11,13,13,32,237,136,104,77,23,10,126,43,0
"chr4.95",492,3747,58,92,67,3,11,6,9,18,185,132,111,76,30,11,124,24,0
"chr4.96",379,2534,20,40,44,1,8,6,5,12,90,85,74,34,24,4,82,27,1
"chr4.97",300,2441,15,34,28,0,8,4,9,13,47,72,35,51,17,3,62,17,0
"chr4.98",426,3151,32,59,42,5,6,6,11,22,70,86,58,55,21,4,100,34,0
"chr4.99",304,2732,26,42,34,0,8,6,5,11,75,71,43,40,20,6,61,23,0
"chr4.100",350,2372,17,49,35,2,10,9,6,17,51,73,53,47,23,2,70,22,0
"chr4.102",392,3638,34,65,45,2,8,10,8,20,111,99,46,62,19,3,78,27,0
"chr4.103",271,2258,19,34,30,3,10,5,7,15,55,65,48,39,17,1,69,22,0
"chr4.104",332,2231,11,46,31,3,4,5,8,16,72,84,76,36,17,5,71,20,0
"chr4.105",333,2899,34,56,51,0,5,13,4,17,117,108,71,88,21,9,86,29,0
"chr4.106",327,2493,12,35,31,1,7,5,6,12,70,87,46,50,29,4,76,29,0
"chr4.107",411,2652,27,60,40,3,8,6,6,15,102,91,70,76,21,5,89,23,0
"chr4.108",284,2373,23,29,35,2,5,7,7,16,76,83,68,60,20,3,94,21,0
"chr4.109",290,3130,24,52,37,1,3,4,8,13,152,157,110,114,31,15,125,30,0
"chr4.110",350,2371,19,30,27,1,4,2,2,5,77,79,44,63,19,7,63,21,0
"chr4.111",397,2719,25,53,45,3,11,10,11,24,110,97,97,59,25,3,72,30,0
"chr4.112",307,2566,13,33,21,2,7,7,2,11,58,76,46,40,17,3,60,23,0
"chr4.113",377,3230,28,71,59,6,7,10,3,19,167,134,69,75,30,9,136,28,0
"chr4.114",536,4399,45,103,73,6,10,9,7,22,231,262,166,119,34,8,135,41,0
"chr4.115",422,3843,33,84,64,0,4,6,16,22,222,180,140,131,37,10,134,39,0
"chr4.118",375,3221,28,52,46,2,8,8,9,19,133,93,84,71,18,2,89,36,0
"chr4.119",365,2796,26,45,39,2,7,10,9,21,111,107,88,64,26,9,98,30,0
"chr4.120",365,2726,21,41,31,0,6,7,5,12,92,86,77,56,21,2,86,23,0
"chr4.121",297,2134,17,30,22,4,6,4,3,11,62,66,42,31,19,1,53,17,0
"chr4.122",320,3062,19,42,46,1,6,8,7,16,61,74,41,42,19,5,93,17,0
"chr4.123",523,4136,55,99,75,4,13,14,16,34,154,116,76,72,23,6,84,20,0
"chr4.124",705,4971,80,149,108,12,22,12,17,41,261,178,150,130,39,20,129,25,1
"chr4.125",499,3098,52,75,79,5,7,15,13,33,159,128,108,101,23,13,117,25,0
"chr4.127",378,2856,23,45,52,1,9,7,11,19,108,119,95,87,27,6,100,33,0
"chr4.128",694,5039,61,120,98,5,15,21,8,34,273,163,102,135,27,10,133,41,0
"chr4.129",799,5742,77,182,84,10,10,14,11,35,303,235,188,177,49,19,169,47,0
"chr4.131",871,6129,64,175,114,3,14,17,10,30,368,264,280,251,58,25,201,48,0
"chr4.132",676,4715,59,117,106,3,13,15,6,24,324,234,210,190,55,21,150,32,0
"chr4.133",763,5328,62,136,104,6,13,14,12,32,350,251,202,214,46,21,173,47,0
"chr4.134",799,6172,82,139,99,0,9,14,20,34,346,232,172,160,37,8,192,33,1
"chr4.135",673,4716,55,145,77,3,8,8,5,16,313,228,196,144,40,15,149,41,0
"chr4.136",394,3021,28,53,44,1,8,10,10,21,122,106,80,59,26,6,95,36,1
"chr4.137",304,1954,14,32,33,2,11,7,6,15,72,55,41,41,15,3,57,18,0
"chr4.138",327,1884,11,24,17,2,5,4,3,9,54,55,57,37,26,4,62,22,0
"chr4.139",401,2763,30,47,35,3,4,5,6,14,75,81,66,52,28,5,68,26,0
"chr4.140",281,2505,15,42,25,1,4,3,7,11,60,79,53,37,19,3,77,20,0
"chr4.141",346,2376,8,27,21,0,7,8,7,15,73,75,55,56,22,6,79,24,0
"chr4.144",328,2455,10,35,28,0,5,5,2,7,55,76,54,48,25,3,73,16,1
"chr4.145",401,3000,24,35,36,2,13,11,4,17,78,94,74,45,24,6,106,23,0
"chr4.146",326,2247,20,26,23,1,3,8,4,13,80,54,55,49,16,2,55,24,1
"chr4.147",289,2824,16,33,21,2,10,5,3,10,92,74,57,58,21,2,82,23,0
"chr4.148",295,2025,16,35,21,0,6,4,2,6,91,78,60,53,21,5,59,23,0
"chr4.149",250,1611,6,20,23,0,9,3,9,12,43,73,52,43,15,5,45,12,0
"chr4.150",334,2316,15,39,35,0,6,7,9,16,62,77,66,58,20,2,68,26,0
"chr4.151",276,1718,11,18,17,1,6,5,5,11,53,69,42,33,17,3,58,11,0
"chr4.152",459,2900,31,50,40,2,10,6,6,14,120,131,70,93,22,2,87,33,0
"chr4.153",501,3389,37,60,87,0,12,10,13,23,145,129,89,72,25,4,93,31,0
"chr4.154",553,3386,44,75,65,1,9,13,14,28,184,138,91,100,34,6,107,20,0
"chr4.155",457,3495,39,58,60,2,14,10,11,23,122,108,65,53,25,10,93,35,0
"chr4.156",365,2485,20,48,40,0,8,3,9,12,76,94,84,49,14,4,66,33,0
"chr4.157",312,2114,19,31,26,4,7,4,6,14,85,86,58,52,19,2,71,21,0
"chr4.158",455,3206,33,78,69,1,8,16,7,24,224,209,176,135,47,19,121,44,0
"chr4.159",587,4412,59,94,86,3,10,17,12,32,251,206,195,114,40,10,139,36,0
"chr4.160",468,3530,39,75,63,0,13,11,9,20,151,157,106,85,27,5,108,35,0
"chr4.161",390,2982,26,51,44,2,4,6,12,20,150,139,118,91,28,6,91,23,0
"chr4.162",546,3664,46,86,84,1,9,6,8,15,259,226,167,167,43,19,140,38,0
"chr4.163",411,2574,24,60,42,0,8,9,8,17,130,118,103,78,19,11,91,27,0
"chr4.164",520,3761,43,62,82,0,3,7,10,17,213,176,132,95,33,5,115,32,0
"chr4.165",591,4090,58,68,63,1,8,13,7,21,194,127,85,84,22,6,100,25,0
"chr4.166",364,2501,19,47,31,2,6,5,8,15,67,98,49,40,16,4,67,23,0
"chr4.167",279,1624,13,21,17,1,5,4,5,10,40,64,48,33,12,2,56,16,0
"chr4.168",358,2493,18,44,41,1,11,6,4,11,106,123,83,93,32,6,98,36,0
"chr4.169",608,4463,47,114,82,3,8,10,9,22,256,179,178,151,52,13,124,49,0
"chr4.170",449,3330,38,73,68,0,13,10,14,24,149,144,118,116,33,10,114,28,0
"chr4.171",306,2269,15,23,31,0,9,8,3,11,56,80,50,49,15,0,63,24,0
"chr4.172",444,2877,20,50,49,0,3,14,4,18,75,107,60,55,18,4,70,23,0
"chr4.173",693,4130,57,95,92,8,11,17,12,37,171,144,142,93,40,6,103,38,0
"chr4.174",672,4043,45,86,97,1,7,12,11,24,167,140,120,83,25,10,100,29,0
"chr4.175",548,3462,41,83,79,0,16,17,3,20,128,124,120,76,24,5,121,18,0
"chr4.176",546,4370,43,108,57,5,9,7,9,21,202,131,128,102,25,9,104,27,0
"chr4.177",783,5041,73,155,114,4,19,18,14,36,356,277,197,207,61,22,195,50,0
"chr4.178",752,4488,47,145,92,6,17,12,17,35,369,307,223,231,53,16,134,34,0
"chr4.179",633,3647,67,101,76,3,15,8,14,25,285,249,211,179,28,15,161,41,0
"chr4.180",622,3320,52,95,49,3,16,13,9,25,206,169,157,152,36,18,127,36,0
"chr4.181",345,1976,12,46,31,2,6,1,10,13,67,88,40,39,62,1,61,15,0
"chr4.182",310,1940,17,29,23,1,10,3,7,11,61,71,41,44,8,1,55,11,0
"chr4.183",371,1984,20,37,19,0,4,9,4,13,54,76,62,34,16,3,43,19,0
"chr4.184",344,1960,18,31,29,3,13,6,8,17,71,90,54,46,22,2,67,29,0
"chr4.185",397,2410,19,43,28,1,12,4,3,8,127,139,102,98,21,11,83,30,0
"chr4.187",677,3358,60,121,68,3,11,17,13,33,230,206,167,132,43,11,131,33,0
"chr5.2",284,1447,24,46,45,1,11,7,2,10,125,145,99,96,36,8,110,39,1
"chr5.3",635,3169,56,122,112,10,11,10,20,40,377,363,242,269,57,21,221,69,0
"chr5.4",796,3986,95,157,127,5,14,13,9,27,445,377,286,274,84,29,242,64,0
"chr5.5",748,4842,91,142,143,12,19,13,19,44,398,367,240,257,61,13,252,68,0
"chr5.6",639,3476,59,92,84,6,9,8,6,20,246,219,188,177,50,14,206,59,0
"chr5.7",494,2586,28,53,65,4,9,2,9,15,148,138,93,93,30,7,124,30,0
"chr5.8",477,3036,28,72,66,1,5,9,9,19,175,131,84,81,23,11,144,42,0
"chr5.9",445,3179,25,59,72,3,6,4,11,18,186,147,148,106,48,10,139,37,0
"chr5.10",307,2129,15,34,30,4,12,7,4,15,177,182,137,111,45,13,161,44,1
"chr5.11",332,1946,20,41,32,3,5,7,6,16,74,105,76,52,32,8,67,29,0
"chr5.12",592,3909,47,109,82,3,12,6,7,16,189,164,129,110,33,10,137,40,0
"chr5.13",651,5027,62,119,97,5,10,2,14,21,317,247,182,165,48,18,166,56,0
"chr5.14",463,3333,51,61,70,8,10,13,8,29,166,173,99,99,27,9,131,32,0
"chr5.15",229,1690,14,24,24,2,6,4,6,12,72,88,66,44,21,6,53,22,0
"chr5.16",445,2926,33,61,79,4,9,18,11,33,207,233,128,109,42,8,143,40,0
"chr5.17",320,2005,21,39,46,3,10,7,7,17,102,122,71,73,42,7,81,23,0
"chr5.19",614,4153,50,98,101,4,15,13,10,27,279,250,179,131,56,8,174,40,0
"chr5.20",801,5359,104,162,119,8,18,10,18,36,342,250,180,162,39,11,195,44,0
"chr5.23",755,5437,78,158,133,5,17,19,9,33,192,180,157,96,48,10,163,27,0
"chr5.24",877,5557,84,159,123,10,14,15,13,38,369,252,212,145,61,22,191,47,0
"chr5.25",822,5757,75,146,94,13,19,19,10,42,369,308,248,224,56,13,230,51,0
"chr5.26",921,6065,91,171,148,9,21,14,17,40,494,357,298,211,80,25,247,51,0
"chr5.27",852,5745,86,147,170,11,18,10,18,39,510,373,297,255,76,22,242,54,0
"chr5.28",870,4815,91,166,143,4,23,19,17,40,386,281,209,196,46,16,171,43,0
"chr5.29",797,4734,76,137,117,8,19,14,15,37,359,245,223,164,50,10,188,46,1
"chr5.30",770,4911,83,133,139,4,15,22,13,39,239,200,129,136,57,13,177,44,0
"chr5.31",638,4639,59,119,100,6,12,10,13,29,295,203,153,125,49,12,160,43,0
"chr5.32",433,2513,28,51,56,1,11,10,8,19,103,105,65,66,27,4,77,27,0
"chr5.33",282,1985,19,30,30,3,13,4,8,15,115,87,73,76,31,4,87,22,0
"chr5.34",417,2827,35,58,68,3,6,7,6,16,175,165,86,80,33,12,119,40,0
"chr5.36",346,2580,20,33,59,0,11,4,6,10,115,98,62,64,28,8,99,27,0
"chr5.37",395,2753,15,59,33,2,3,9,7,18,87,98,57,50,15,4,88,24,0
"chr5.39",491,2995,32,55,70,4,11,10,6,20,115,132,88,79,31,9,83,32,0
"chr5.40",287,2445,17,37,34,0,2,3,2,5,85,79,49,39,28,5,78,22,0
"chr5.41",306,2462,16,36,35,0,12,3,5,8,66,87,58,42,12,8,74,30,0
"chr5.42",349,2869,17,41,46,3,13,11,12,26,98,101,70,54,29,5,89,30,0
"chr5.43",377,3082,24,48,54,1,11,7,7,15,144,132,86,82,30,4,118,33,0
"chr5.45",462,3819,46,79,89,5,15,6,4,15,170,152,104,68,31,11,112,38,0
"chr5.46",433,3457,33,83,72,5,15,5,11,21,260,150,119,129,34,4,175,33,0
"chr5.48",504,3650,33,77,64,3,10,10,10,23,149,132,103,73,28,9,113,31,0
"chr5.49",335,2669,16,43,32,3,8,8,7,18,108,96,75,55,20,11,77,21,0
"chr5.50",337,2557,28,31,26,1,10,6,5,12,76,86,50,41,24,2,86,24,0
"chr5.51",359,2574,13,32,35,0,7,9,6,15,61,83,76,49,19,5,58,23,0
"chr5.52",278,2000,10,31,26,1,4,8,5,14,58,64,43,38,16,1,54,26,0
"chr5.53",324,2346,15,42,34,3,10,8,9,20,60,63,33,25,17,3,65,24,0
"chr5.54",344,2615,10,33,53,5,6,8,6,19,52,72,50,40,21,2,81,22,0
"chr5.55",341,2736,15,35,49,3,8,8,6,17,46,77,42,35,15,5,71,19,0
"chr5.57",318,2238,9,27,25,1,17,5,5,11,53,77,47,48,24,5,72,13,2
"chr5.58",345,2360,19,27,25,0,4,8,6,14,44,55,42,47,16,3,67,17,0
"chr5.60",493,4231,61,77,74,2,11,8,9,19,206,170,149,104,36,15,115,17,0
"chr5.61",408,2947,21,56,42,1,12,13,5,19,83,119,92,62,19,7,59,25,0
"chr5.62",283,2251,14,32,19,2,5,2,3,7,50,53,44,37,12,5,40,16,0
"chr5.63",361,2502,26,32,37,1,9,6,4,11,74,64,53,48,28,4,50,22,1
"chr5.64",295,2339,12,24,27,3,6,8,3,14,64,71,42,37,23,1,74,15,1
"chr5.65",270,2262,15,23,15,1,5,7,6,14,41,54,46,42,24,4,53,23,0
"chr5.69",323,2237,12,26,23,2,9,5,3,10,54,62,29,28,22,1,55,23,0
"chr5.70",298,1994,7,15,13,2,9,10,5,17,48,70,37,26,27,3,54,17,0
"chr5.71",243,1914,14,17,16,2,8,6,4,12,48,65,50,29,18,3,64,21,0
"chr5.73",264,2121,15,24,30,2,8,9,5,16,54,69,43,41,21,6,60,26,0
"chr5.74",369,2655,27,32,20,2,9,6,3,11,67,72,57,59,17,2,65,16,0
"chr5.76",320,2335,26,39,24,3,10,1,7,11,88,100,53,69,21,5,76,23,0
"chr5.78",348,2524,12,40,20,2,8,7,2,11,53,88,48,42,25,6,48,20,0
"chr5.79",339,2624,27,36,40,1,7,10,6,17,48,76,65,40,27,3,60,15,0
"chr5.80",403,3086,34,62,42,1,3,7,4,12,82,99,81,55,27,5,70,23,0
"chr5.81",617,4460,46,122,88,2,9,5,10,17,261,180,162,142,39,12,142,39,0
"chr5.82",599,4935,67,109,111,6,23,20,8,34,288,243,181,184,40,12,149,39,0
"chr5.83",428,3298,38,65,63,5,12,9,9,23,155,105,109,73,26,9,117,23,0
"chr5.84",366,3006,28,55,56,4,6,7,7,18,176,138,94,83,28,10,109,25,0
"chr5.85",416,3004,30,60,45,2,7,11,8,21,162,118,120,86,33,11,117,39,0
"chr5.86",386,3428,30,53,86,4,8,12,7,23,168,99,86,66,32,4,107,23,1
"chr5.87",331,2413,16,40,29,0,1,6,3,9,92,83,54,48,21,5,76,25,0
"chr5.88",326,2695,30,51,51,3,9,14,4,21,94,108,78,55,25,4,93,27,0
"chr5.90",353,2562,28,44,38,2,10,5,7,14,116,105,69,56,19,4,84,17,0
"chr5.91",407,3151,28,46,64,3,9,6,9,18,96,73,64,72,18,7,80,22,0
"chr5.92",280,2138,19,31,34,3,12,10,0,13,72,75,62,42,26,4,83,15,0
"chr5.93",250,2224,14,23,12,2,7,3,1,6,46,62,31,25,28,4,63,11,0
"chr5.94",275,2675,11,42,30,3,5,7,3,13,82,93,78,55,24,3,80,13,0
"chr5.95",234,2271,13,26,26,3,6,10,6,19,88,104,70,45,24,3,83,20,0
"chr5.98",447,3699,33,86,71,4,11,12,10,26,214,164,167,110,45,11,133,27,0
"chr5.99",397,2994,36,44,44,3,6,6,5,14,128,120,95,68,28,5,93,15,0
"chr5.100",379,2897,23,40,41,2,9,4,4,10,85,107,80,43,17,7,92,38,0
"chr5.101",311,2867,24,57,62,2,10,6,12,20,241,198,162,122,36,9,153,32,0
"chr5.102",430,3977,46,86,94,6,6,11,10,27,308,208,207,165,41,15,162,48,0
"chr5.103",459,3748,37,76,69,4,7,5,7,16,178,117,86,65,20,4,114,26,1
"chr5.104",276,2808,24,38,40,0,11,5,4,9,54,69,42,49,25,6,108,24,0
"chr5.105",327,2426,16,44,38,0,8,9,5,14,79,97,58,49,14,4,76,15,0
"chr5.106",359,2655,18,32,34,3,6,8,6,17,96,92,70,49,21,6,85,29,1
"chr5.107",477,3703,45,62,73,2,7,14,6,22,173,130,87,91,25,8,109,32,0
"chr5.108",427,3087,34,50,60,1,8,12,12,25,102,92,60,52,23,3,85,30,2
"chr5.109",402,2532,31,50,48,4,6,6,7,17,62,86,49,29,17,3,58,13,0
"chr5.110",439,3013,26,49,72,2,7,5,11,18,150,117,88,64,15,6,78,26,0
"chr5.111",435,3038,29,63,49,2,7,9,8,19,185,181,135,107,31,13,121,35,0
"chr5.112",302,2081,14,36,21,0,10,8,2,10,62,94,56,39,15,4,72,22,0
"chr5.113",351,2411,23,43,31,3,5,5,6,14,100,143,81,58,23,3,101,20,0
"chr5.114",442,3513,37,70,65,3,13,7,12,22,195,143,118,72,32,8,109,29,0
"chr5.115",387,3077,24,46,62,2,5,6,7,15,116,144,81,81,33,8,100,28,0
"chr5.116",305,2339,13,39,36,4,6,9,3,16,103,92,69,60,29,2,74,20,0
"chr5.117",479,3929,30,67,81,4,7,13,11,28,227,171,128,103,42,8,144,39,0
"chr5.118",428,3501,26,56,82,4,13,13,9,26,156,145,88,79,33,11,106,23,0
"chr5.119",295,2473,16,26,26,1,8,12,5,18,76,107,49,49,24,5,88,21,0
"chr5.120",290,2430,15,28,27,2,4,6,2,10,65,81,42,28,23,6,78,17,0
"chr5.121",311,2531,17,34,24,1,5,9,6,16,73,81,44,34,18,6,90,24,0
"chr5.122",323,2995,11,35,35,3,6,4,12,19,54,78,42,41,25,3,62,32,0
"chr5.124",246,2237,21,31,24,4,10,5,10,19,51,69,60,37,14,5,66,25,0
"chr5.125",410,2926,25,42,46,2,9,14,7,23,130,136,79,59,24,9,97,36,0
"chr5.126",422,3215,21,53,49,5,4,9,4,18,182,137,96,89,38,12,106,21,0
"chr5.128",285,1981,12,32,18,2,5,7,3,12,55,67,52,49,22,6,67,20,1
"chr5.129",246,1439,12,15,12,1,4,5,5,11,56,61,33,36,20,3,58,21,0
"chr5.130",290,1769,15,28,24,1,7,1,5,7,63,119,57,41,34,2,66,29,0
"chr5.132",298,1955,3,30,23,0,6,3,6,9,65,103,47,51,17,4,77,32,0
"chr5.133",374,2542,17,32,41,0,10,7,6,13,109,139,71,48,29,8,85,32,0
"chr5.134",351,2278,24,46,53,1,3,3,8,12,81,104,57,50,19,4,79,26,0
"chr5.137",258,1870,21,30,39,0,9,6,6,12,75,70,67,64,22,7,65,20,0
"chr5.138",385,2143,23,39,43,2,10,6,5,13,90,100,79,56,36,4,82,30,0
"chr5.139",277,1718,18,15,24,1,11,5,1,7,54,53,46,40,15,3,54,22,0
"chr5.140",317,2678,18,38,34,4,5,8,5,17,70,76,50,39,20,5,76,22,0
"chr5.141",365,3484,22,51,64,0,15,12,6,18,132,150,80,90,22,1,96,36,0
"chr5.142",263,2143,15,24,28,3,8,6,5,14,63,76,38,48,18,3,70,19,0
"chr5.143",337,2350,22,35,36,3,6,6,3,12,71,104,45,45,24,5,75,20,0
"chr5.144",331,2798,24,40,37,2,7,9,2,13,57,78,49,52,38,6,61,28,0
"chr5.145",300,2533,14,30,33,0,7,9,5,14,50,87,44,24,10,4,59,25,0
"chr5.146",201,1551,14,20,8,3,8,4,6,13,55,60,46,41,13,1,57,23,0
"chr5.147",245,1461,21,21,27,0,6,8,4,12,46,96,47,55,25,6,69,25,0
"chr5.148",307,1964,17,38,44,2,7,9,3,14,92,97,73,52,29,5,94,38,0
"chr5.150",491,3388,46,75,75,1,9,7,13,21,207,188,118,130,39,4,142,30,0
"chr5.151",273,1689,14,22,20,1,5,3,6,10,55,81,45,45,19,1,76,25,0
"chr5.153",424,3186,36,56,74,3,9,9,4,16,176,189,110,114,33,12,148,36,0
"chr5.154",250,1952,20,24,24,0,8,7,8,15,75,93,68,46,26,4,82,17,0
"chr5.155",397,2828,24,60,55,2,8,6,15,23,118,130,74,51,18,4,114,29,0
"chr5.156",402,2428,38,42,42,2,5,9,7,18,95,126,66,73,26,3,92,32,0
"chr5.157",261,1689,13,26,21,4,4,6,4,14,66,83,47,31,18,5,69,29,0
"chr5.158",384,3122,42,58,53,0,6,16,8,24,143,151,86,108,32,3,116,31,0
"chr5.159",488,3817,37,73,85,3,9,11,11,25,160,202,88,114,36,12,148,39,0
"chr5.160",394,2697,30,51,66,2,9,6,12,20,139,184,109,100,38,14,126,48,0
"chr5.161",605,4210,61,89,113,5,13,7,11,23,300,231,145,141,39,12,148,37,0
"chr5.162",629,4119,59,94,106,9,17,11,12,32,298,207,171,137,37,11,176,36,0
"chr5.163",601,3466,46,76,118,9,20,12,11,32,351,295,240,237,46,13,192,59,0
"chr5.164",450,3148,39,54,72,3,21,6,5,14,271,257,165,165,47,11,152,46,0
"chr5.165",307,1797,24,31,19,1,7,8,5,14,76,95,57,48,16,5,79,25,0
"chr5.166",497,3161,38,73,68,3,5,12,12,27,138,178,97,97,42,6,119,44,0
"chr5.167",401,2297,29,65,43,4,13,7,7,18,124,118,96,64,40,8,110,34,0
"chr5.168",341,1958,26,41,39,0,13,4,5,9,86,105,59,56,27,9,84,21,0
"chr5.169",262,1406,10,20,11,3,8,5,4,12,58,82,58,47,17,1,61,25,0
"chr5.170",323,1945,25,32,22,1,8,2,5,8,80,98,68,70,22,5,83,36,0
"chr5.171",355,2310,23,49,32,2,10,3,8,13,107,144,78,68,29,8,100,34,0
"chr6.2",344,1654,12,36,23,1,6,5,4,10,61,59,37,33,22,4,64,22,0
"chr6.3",285,1599,19,23,19,3,11,1,5,9,51,64,35,26,19,3,43,17,0
"chr6.4",269,1627,21,35,15,3,6,1,7,11,46,62,44,27,23,2,46,22,0
"chr6.5",334,2150,16,32,21,2,8,2,7,11,66,66,37,47,31,6,45,16,0
"chr6.6",333,1702,16,41,30,1,5,3,1,5,60,71,38,25,24,6,71,15,0
"chr6.7",319,1996,20,23,21,1,4,3,4,8,95,102,51,38,34,2,65,26,0
"chr6.8",308,1681,10,34,31,0,13,1,2,3,75,69,50,27,14,2,54,24,0
"chr6.9",383,2530,11,34,52,0,4,5,1,6,124,99,67,55,28,7,83,30,0
"chr6.10",523,3252,37,99,107,5,7,6,11,22,182,172,81,107,41,10,111,40,2
"chr6.11",403,2173,29,63,48,2,9,4,13,19,79,81,50,54,19,4,77,16,0
"chr6.12",323,1853,3,21,17,3,6,3,1,7,70,73,39,34,25,4,54,27,0
"chr6.13",369,2231,24,38,32,0,4,3,10,13,73,76,39,35,19,17,61,13,0
"chr6.14",297,1998,21,30,27,3,7,3,4,10,72,72,48,27,25,4,60,24,1
"chr6.15",351,2120,16,25,31,3,12,4,5,12,76,71,57,31,24,12,65,14,1
"chr6.16",304,1873,9,26,19,1,6,1,3,5,77,74,43,39,11,4,47,16,0
"chr6.17",291,1960,25,35,24,1,6,5,5,11,61,72,47,32,25,2,77,13,0
"chr6.18",312,1815,16,26,21,2,7,3,12,17,58,79,32,36,21,4,57,21,0
"chr6.19",316,2178,27,43,48,1,6,6,4,11,102,90,58,49,27,5,60,37,0
"chr6.20",438,2654,39,64,69,3,6,5,7,15,153,156,89,63,36,10,117,27,0
"chr6.21",278,1728,15,37,27,3,6,4,4,11,80,76,57,32,26,3,64,25,0
"chr6.22",323,1953,11,33,32,5,4,3,6,14,77,95,78,38,28,5,77,22,0
"chr6.23",389,2748,17,51,49,2,3,7,6,15,150,131,76,83,34,9,105,22,0
"chr6.24",465,3443,37,76,68,2,7,6,2,10,211,179,94,78,29,10,129,26,0
"chr6.25",311,2068,16,42,27,8,6,8,5,21,64,76,31,34,28,2,66,29,0
"chr6.26",316,2118,14,33,29,1,7,5,6,12,50,83,41,37,21,1,65,17,0
"chr6.28",432,2507,19,51,46,2,5,9,6,17,103,133,85,69,20,12,112,31,0
"chr6.29",428,2496,22,57,50,4,8,6,5,15,113,121,94,62,37,9,119,36,0
"chr6.30",373,2137,15,48,46,0,3,5,7,12,94,103,58,61,28,9,86,28,0
"chr6.31",255,1285,14,19,24,1,6,2,3,6,63,77,44,32,23,3,69,18,0
"chr6.33",318,1730,6,33,23,1,6,10,5,16,53,75,37,33,18,15,59,24,0
"chr6.34",236,1234,11,28,25,6,6,1,3,10,62,96,73,35,35,5,67,26,0
"chr6.35",255,1257,11,20,11,1,8,4,7,12,57,79,69,29,15,4,61,21,0
"chr6.36",243,1309,10,33,12,1,3,5,1,7,53,62,40,36,18,2,63,24,0
"chr6.37",212,1261,9,32,12,0,5,4,4,8,55,71,37,32,15,8,41,23,0
"chr6.38",305,1715,9,37,23,2,6,3,3,8,47,87,51,39,23,3,77,25,0
"chr6.39",297,1994,16,44,25,2,3,1,6,9,63,68,33,40,23,5,68,22,0
"chr6.40",358,2223,18,58,28,3,7,5,7,15,99,101,65,57,23,6,78,26,0
"chr6.41",368,2188,16,37,41,3,8,4,7,14,81,102,57,58,27,5,93,23,0
"chr6.42",259,1543,15,37,19,1,6,1,4,6,56,67,51,39,28,10,72,24,0
"chr6.44",193,1126,12,23,12,0,9,4,3,7,60,85,40,40,27,3,52,28,0
"chr6.45",281,1781,14,47,28,1,8,4,5,10,63,86,37,31,30,7,70,25,0
"chr6.46",292,2047,18,31,35,1,6,6,4,11,80,83,39,54,27,6,49,25,0
"chr6.47",287,2338,13,27,14,1,1,4,2,7,59,74,49,69,23,2,59,32,0
"chr6.48",284,2093,15,34,24,1,4,3,10,14,83,92,54,39,24,7,81,29,0
"chr6.49",342,3112,32,91,72,3,3,11,13,27,189,153,82,48,34,11,136,32,0
"chr6.50",330,2938,17,63,71,3,3,4,4,11,93,123,71,53,50,8,76,39,1
"chr6.51",545,3826,42,84,110,7,3,8,13,28,189,180,126,85,51,6,122,26,0
"chr6.52",331,2782,16,55,63,3,5,9,7,19,103,127,71,57,30,3,86,37,0
"chr6.53",270,1764,6,24,19,0,5,3,2,5,35,75,34,34,25,8,51,19,0
"chr6.54",307,1999,11,31,23,0,4,4,5,9,54,82,45,38,30,8,61,22,1
"chr6.55",282,2628,22,30,31,1,5,7,8,16,71,93,55,43,22,8,73,29,2
"chr6.56",441,3249,39,59,75,3,9,8,4,15,150,150,77,53,26,21,98,34,0
"chr6.57",307,2298,25,26,29,5,9,10,9,24,60,107,41,36,18,6,62,20,0
"chr6.60",501,3635,40,91,72,0,8,11,6,17,230,173,122,118,39,7,137,36,0
"chr6.61",282,2412,16,37,33,0,13,7,7,14,106,79,44,39,24,9,74,29,0
"chr6.63",614,4592,42,97,125,4,13,9,5,18,378,295,182,193,70,20,165,37,0
"chr6.64",705,4882,62,110,107,6,15,11,14,31,373,330,240,160,68,22,174,48,0
"chr6.65",738,5070,69,143,105,8,17,4,6,18,406,295,240,175,62,19,141,43,0
"chr6.66",643,4955,50,152,109,6,10,13,10,29,337,304,142,138,49,13,155,43,0
"chr6.67",434,3227,35,70,76,5,11,6,2,13,166,159,84,61,32,6,119,27,0
"chr6.68",325,2391,14,44,31,0,7,5,7,12,56,82,34,22,22,1,74,23,0
"chr6.69",452,3863,41,86,82,5,10,11,6,22,175,128,70,58,39,9,77,26,0
"chr6.70",492,3721,36,116,79,6,7,13,4,23,181,133,55,61,37,11,83,30,0
"chr6.73",321,2384,14,32,37,1,10,7,7,15,87,99,55,32,15,3,62,19,0
"chr6.74",466,3633,40,85,73,3,9,8,9,20,169,151,90,47,39,5,100,29,1
"chr6.75",404,3556,39,82,88,5,11,11,12,28,128,95,59,61,28,3,70,25,0
"chr6.76",355,3046,31,63,46,2,6,7,6,15,121,114,81,40,28,8,76,25,0
"chr6.77",319,2400,24,34,34,4,5,5,10,19,60,68,44,37,21,5,53,24,0
"chr6.78",348,2887,26,42,56,4,9,4,8,16,107,106,83,36,23,5,60,22,0
"chr6.79",271,2745,25,33,36,2,10,13,8,23,92,80,56,38,19,5,40,18,0
"chr6.80",349,2565,20,57,40,1,11,7,10,18,69,75,39,35,20,0,48,34,0
"chr6.81",357,2411,22,36,41,0,4,8,7,15,76,80,69,41,26,8,60,27,0
"chr6.82",426,2812,27,60,49,4,8,5,9,18,84,98,48,46,32,5,77,15,0
"chr6.85",370,2391,17,36,32,0,6,5,6,11,86,86,47,38,20,3,55,18,0
"chr6.86",395,2626,20,45,41,1,4,8,6,15,102,114,58,33,36,2,62,28,0
"chr6.87",363,2260,17,39,33,3,8,10,3,16,73,82,34,25,24,7,39,16,0
"chr6.88",492,3241,40,61,55,4,11,9,11,24,129,125,59,59,26,8,75,34,0
"chr6.89",516,4493,52,100,81,3,16,9,14,26,195,179,101,68,32,9,92,32,0
"chr6.90",664,5495,69,143,96,8,8,13,17,38,268,167,126,84,48,5,122,35,0
"chr6.91",551,4072,41,91,78,4,8,11,8,23,161,109,108,55,35,9,69,24,0
"chr6.93",505,3875,36,83,80,1,5,8,6,15,126,92,59,50,31,2,72,25,1
"chr6.94",417,3072,29,54,51,2,8,12,8,22,129,102,63,53,28,10,61,24,0
"chr6.95",514,4267,50,95,101,6,12,8,10,24,273,223,128,87,43,15,109,25,0
"chr6.96",445,3138,22,65,65,0,10,9,6,15,166,111,88,66,29,5,84,31,0
"chr6.97",364,3098,22,44,51,1,6,6,11,18,101,114,73,62,29,7,64,16,0
"chr6.98",349,2665,27,58,41,0,8,3,4,7,103,98,55,50,23,3,61,17,1
"chr6.99",537,4491,64,100,97,7,16,9,14,30,293,193,139,104,46,14,117,35,1
"chr6.100",698,5410,67,134,117,10,14,21,11,42,286,229,146,124,39,13,127,48,0
"chr6.101",586,4502,58,136,94,6,13,13,9,28,273,204,122,110,47,15,94,37,0
"chr6.102",357,2574,20,57,55,1,12,6,11,18,88,114,63,43,22,5,55,23,0
"chr6.103",340,2316,18,23,28,4,3,5,7,16,78,67,52,34,23,6,39,20,0
"chr6.104",242,1617,13,22,19,2,9,3,5,10,47,62,37,19,12,1,38,16,0
"chr6.105",308,2103,12,26,23,2,5,2,8,12,39,58,49,32,27,1,44,21,1
"chr6.106",242,1701,10,19,13,0,4,0,2,2,40,62,32,23,22,3,31,17,0
"chr6.107",318,2298,18,34,34,3,7,6,5,14,59,73,39,23,18,3,45,18,0
"chr6.108",265,1915,10,27,14,2,13,5,5,12,55,63,33,27,28,2,37,20,0
"chr6.109",367,2546,17,50,31,3,5,6,9,18,78,85,44,41,27,4,56,23,0
"chr6.110",345,3226,26,39,38,2,6,5,6,13,150,105,54,55,27,6,77,21,0
"chr6.111",348,2523,18,33,45,1,13,5,4,10,64,49,43,24,24,5,45,9,0
"chr6.112",528,3937,51,87,85,1,10,8,10,19,132,104,66,35,28,5,72,26,0
"chr6.113",347,2572,25,57,39,1,6,7,5,13,76,65,50,23,22,3,43,16,0
"chr6.114",369,2835,25,38,38,2,6,7,5,14,129,95,64,45,18,6,52,20,1
"chr6.115",480,3153,45,78,77,1,7,10,15,26,133,96,66,40,31,11,57,22,0
"chr6.116",341,2546,23,49,49,2,8,15,8,25,58,66,47,35,28,2,59,14,0
"chr6.117",423,3811,38,69,76,6,12,7,8,21,148,121,79,42,30,5,89,27,0
"chr6.118",373,3065,23,64,81,1,8,8,7,16,121,80,81,41,22,5,66,13,0
"chr6.119",470,3313,36,75,84,4,10,16,12,32,171,137,106,76,40,4,68,22,0
"chr6.120",374,3081,23,57,63,1,5,7,9,17,110,92,62,37,38,4,62,25,0
"chr6.121",468,4107,54,92,85,6,6,16,6,28,250,168,115,97,50,8,79,19,0
"chr6.122",347,2908,28,45,57,3,6,9,7,19,157,99,65,59,26,7,72,23,0
"chr6.124",432,3157,29,54,49,3,8,10,8,21,121,100,59,41,33,6,60,26,0
"chr6.125",302,2741,15,33,32,1,7,9,8,18,74,76,55,37,18,3,48,14,0
"chr6.126",370,3079,32,38,35,0,10,10,7,17,110,82,52,34,26,4,81,21,0
"chr6.127",345,2553,11,35,40,1,5,6,5,12,100,97,52,25,30,4,50,16,0
"chr6.128",281,2166,19,21,28,2,14,4,7,13,97,95,48,41,19,1,47,18,0
"chr6.129",305,2589,9,32,30,2,6,6,5,13,46,61,33,25,18,4,43,24,0
"chr6.130",418,3228,33,56,55,6,8,10,11,27,66,67,38,41,24,6,47,18,0
"chr6.131",359,2491,16,33,28,0,6,11,8,19,58,79,41,30,27,4,52,24,0
"chr6.132",267,2016,14,24,21,1,9,2,8,11,54,75,36,32,25,1,43,8,0
"chr6.133",317,2462,14,35,35,1,11,11,7,19,53,54,33,26,18,1,56,15,0
"chr6.134",275,2014,13,29,13,2,5,6,9,17,48,61,40,31,24,5,35,16,0
"chr6.135",285,2130,15,36,15,0,5,4,3,7,46,57,26,19,30,2,26,11,0
"chr6.136",322,2158,17,24,22,2,14,11,4,17,70,67,32,26,29,2,43,9,0
"chr6.137",379,2896,23,40,42,0,9,6,7,13,72,74,41,26,24,6,57,22,0
"chr6.138",408,3247,33,76,66,5,2,11,7,23,118,99,71,51,28,11,66,27,0
"chr6.139",383,2866,36,48,56,5,12,10,6,21,96,97,47,37,22,5,60,23,0
"chr6.140",304,2271,12,34,34,1,5,7,4,12,60,56,35,23,13,4,37,8,0
"chr6.141",258,1976,13,31,24,2,11,12,5,19,53,58,39,24,22,6,47,15,0
"chr6.142",300,2561,18,43,49,1,1,6,5,12,78,66,47,39,20,4,44,19,1
"chr6.143",425,3096,15,56,49,1,10,10,6,17,112,110,63,48,21,6,68,16,1
"chr6.144",319,2597,13,33,34,0,8,10,4,14,80,82,53,38,20,2,53,13,0
"chr6.145",286,1841,17,50,36,1,8,7,11,19,80,57,49,52,21,3,69,15,0
"chr6.146",394,2622,23,44,36,1,11,8,6,15,57,66,46,33,16,0,39,15,1
"chr6.147",251,1820,11,26,19,3,5,6,4,13,51,82,33,30,17,5,44,21,0
"chr6.148",289,1845,13,35,28,1,17,2,5,8,61,55,44,15,19,2,49,20,0
"chr6.149",491,3189,40,80,63,6,9,6,14,26,126,104,130,49,14,5,60,20,1
"chr6.150",544,3613,38,74,77,1,4,4,6,11,173,149,96,62,22,8,90,19,0
"chr6.151",414,2970,39,70,60,0,7,17,8,25,104,73,60,37,19,8,52,16,0
"chr6.152",295,2121,9,23,30,1,10,7,2,10,46,63,37,30,11,5,43,13,0
"chr6.153",397,2985,19,47,46,3,8,8,2,13,69,60,52,34,16,6,58,14,0
"chr6.155",225,1460,16,24,18,0,3,4,5,9,52,45,27,28,14,2,38,18,0
"chr6.156",339,1974,21,29,31,2,9,3,7,12,55,83,46,37,13,4,39,26,1
"chr6.157",295,1944,16,29,27,2,8,5,6,13,59,72,47,26,15,4,51,27,0
"chr6.160",598,3485,39,112,112,2,14,12,10,24,173,140,102,66,26,7,75,28,0
"chr6.161",683,3837,69,135,117,12,17,12,9,33,222,192,116,83,30,7,98,30,0
"chr6.162",646,3808,67,103,106,6,11,6,10,22,287,226,176,140,33,15,121,34,0
"chr6.163",433,2590,31,40,49,4,5,7,6,17,177,148,88,58,22,9,89,28,0
"chr6.166",417,2339,19,43,37,0,4,4,7,11,99,125,82,60,18,4,63,30,0
"chr7.2",251,1142,26,42,33,2,18,6,8,16,106,104,81,72,25,11,70,43,0
"chr7.3",222,952,20,38,36,1,12,6,11,18,76,89,54,46,19,3,56,29,0
"chr7.4",462,2840,32,96,69,5,11,10,15,30,144,109,63,80,26,4,83,30,0
"chr7.8",260,2124,9,19,20,3,1,8,3,14,61,65,31,43,18,4,36,18,0
"chr7.9",389,2842,19,61,62,2,7,9,12,23,116,128,83,89,23,5,93,37,0
"chr7.10",692,4511,68,153,138,3,13,6,11,20,346,268,181,194,56,17,177,62,0
"chr7.11",625,3839,59,127,107,4,11,11,12,27,301,211,147,133,44,11,144,44,0
"chr7.12",361,3133,26,67,61,2,9,5,4,11,123,100,63,64,29,6,93,35,0
"chr7.13",337,2614,17,38,39,3,11,8,3,14,92,93,63,45,28,5,68,34,0
"chr7.14",433,3293,22,90,58,0,8,5,7,12,121,117,84,66,44,5,91,36,0
"chr7.15",355,3611,39,92,90,9,9,10,6,25,119,131,51,66,28,5,83,31,0
"chr7.16",404,3319,20,70,78,4,13,13,9,26,129,108,66,64,32,5,82,28,0
"chr7.17",309,2089,17,32,40,2,8,2,5,9,79,96,53,31,16,7,87,36,0
"chr7.18",318,2321,10,32,20,2,7,7,10,19,60,76,43,45,17,2,56,17,0
"chr7.19",407,3305,40,83,71,1,17,9,6,16,129,116,89,76,30,15,101,27,0
"chr7.20",511,3594,54,97,100,3,17,13,12,28,211,201,131,106,35,11,129,46,0
"chr7.21",341,2501,18,48,41,1,4,4,2,7,108,109,58,73,14,1,67,36,0
"chr7.22",429,2789,17,64,54,3,16,14,8,25,116,105,82,64,18,5,91,32,1
"chr7.23",430,2306,23,36,43,1,6,9,6,16,76,104,48,67,18,2,76,24,0
"chr7.25",376,2504,23,41,54,5,12,6,7,18,86,102,59,39,20,3,67,25,1
"chr7.26",322,2322,16,34,27,1,6,2,5,8,99,130,69,66,28,5,85,34,0
"chr7.27",306,2301,12,32,35,0,6,4,7,11,89,113,62,52,28,5,82,30,0
"chr7.28",291,1970,23,42,31,0,12,4,2,6,65,68,42,42,23,3,55,24,1
"chr7.29",389,2837,28,51,42,3,14,8,2,13,79,87,52,57,21,6,72,27,0
"chr7.30",276,1934,12,30,31,1,10,6,7,14,61,70,52,26,15,2,63,23,0
"chr7.31",212,1653,12,24,17,0,12,8,6,14,53,55,41,32,17,5,71,22,0
"chr7.32",405,2674,29,50,47,1,5,8,13,22,96,112,58,64,15,2,70,34,0
"chr7.34",305,2113,10,38,33,1,11,3,3,7,66,85,72,50,22,3,88,29,0
"chr7.35",382,2531,27,45,62,5,16,7,4,16,114,103,93,51,32,7,85,28,0
"chr7.37",296,2008,12,36,30,0,9,6,6,12,68,78,54,42,18,7,79,22,0
"chr7.38",459,2886,26,71,66,4,12,8,10,22,208,172,105,97,30,6,145,39,0
"chr7.39",442,3013,29,56,58,5,12,7,7,19,140,124,101,75,34,6,112,45,0
"chr7.40",373,2365,31,49,50,2,8,10,5,17,100,88,43,63,27,3,95,41,0
"chr7.41",357,2552,17,41,44,1,4,3,7,11,198,194,143,124,37,4,104,50,0
"chr7.42",552,3227,35,69,97,3,15,13,16,32,375,256,218,195,52,16,207,69,0
"chr7.43",600,3381,44,96,93,3,12,8,10,21,290,231,178,197,55,12,185,49,0
"chr7.44",434,2405,21,49,46,1,14,6,10,17,140,151,75,78,34,11,84,37,0
"chr7.47",463,3121,31,53,71,1,6,6,11,18,141,171,63,70,31,7,118,32,0
"chr7.48",285,1827,18,40,40,0,8,2,2,4,102,79,50,46,24,0,47,29,0
"chr7.49",492,2944,43,86,88,3,13,10,3,16,154,145,115,80,39,4,97,37,0
"chr7.50",613,4197,44,113,112,4,15,7,8,19,317,245,161,157,53,18,179,40,0
"chr7.51",380,2347,24,44,39,2,12,7,5,14,101,113,60,52,29,5,90,24,0
"chr7.52",305,2223,14,35,38,6,10,6,7,19,77,101,54,87,28,1,81,30,0
"chr7.53",576,3675,65,131,109,4,15,14,8,26,204,147,144,128,55,6,148,42,0
"chr7.54",707,4735,62,162,152,6,18,16,11,33,404,341,260,201,78,19,204,47,0
"chr7.55",530,3381,41,107,91,1,14,6,9,16,205,178,110,131,46,10,117,36,0
"chr7.65",684,3195,68,134,120,5,19,10,17,32,381,281,193,227,58,22,179,62,0
"chr7.66",737,3519,69,119,90,4,21,15,17,36,405,325,254,242,54,19,241,72,0
"chr7.67",419,2746,33,58,45,1,10,7,11,19,204,187,129,92,32,20,140,47,0
"chr7.68",510,2520,64,83,77,4,17,14,8,26,303,258,185,148,67,13,153,63,0
"chr7.75",335,2264,16,37,39,1,7,4,7,12,101,95,57,74,27,5,87,36,0
"chr7.77",408,3130,26,70,76,1,12,10,6,17,150,143,84,69,25,7,95,22,0
"chr7.78",320,2587,15,38,46,2,11,9,9,20,99,96,53,40,26,3,86,21,0
"chr7.79",423,3463,31,85,88,2,15,2,9,13,158,132,77,63,37,5,101,32,0
"chr7.80",430,3300,30,78,69,4,9,8,10,22,146,101,86,59,24,6,118,29,0
"chr7.81",406,3102,23,65,85,2,8,9,6,17,129,124,69,64,47,8,108,23,0
"chr7.82",511,3772,60,90,95,8,22,8,13,29,230,159,117,115,39,9,167,45,0
"chr7.83",575,4337,49,122,134,4,13,11,17,32,317,223,183,180,47,18,172,59,0
"chr7.84",377,2843,24,46,52,2,9,5,5,12,138,145,70,84,40,9,140,29,0
"chr7.85",330,2525,14,46,37,1,8,8,6,15,118,96,65,65,33,5,108,33,1
"chr7.86",504,3657,26,93,104,2,12,10,9,21,259,171,107,115,47,8,160,35,0
"chr7.87",367,2626,33,59,57,2,13,7,8,17,85,100,68,57,39,6,105,26,0
"chr7.88",376,3124,36,67,72,2,7,6,7,15,100,126,53,59,25,5,85,19,0
"chr7.90",338,2319,18,38,28,0,10,6,7,13,79,70,56,55,24,1,76,20,0
"chr7.91",472,3389,40,67,87,2,15,4,7,13,154,173,107,75,41,7,127,28,0
"chr7.92",386,2866,15,46,63,3,3,6,3,12,104,115,56,59,22,3,96,27,0
"chr7.93",391,2756,15,56,47,2,4,5,4,11,52,70,53,27,24,1,84,30,0
"chr7.94",425,3079,21,70,64,0,18,8,8,16,111,125,92,68,33,4,111,27,0
"chr7.96",279,1580,20,39,26,1,9,3,4,8,102,99,70,46,23,3,100,28,0
"chr7.101",388,3038,25,55,57,2,9,5,9,16,94,121,76,63,20,7,107,29,0
"chr7.103",267,1793,16,20,28,0,8,9,6,15,57,68,41,35,18,5,70,14,0
"chr7.104",351,2448,17,40,41,2,16,8,3,13,79,101,49,47,25,4,106,37,0
"chr7.105",336,2026,15,26,26,1,12,4,3,8,51,69,67,30,14,1,73,21,0
"chr7.106",555,3521,51,116,93,3,12,11,9,23,179,212,122,94,33,18,147,38,0
"chr7.107",539,4104,43,114,97,4,14,9,13,26,235,153,123,105,32,7,159,42,0
"chr7.108",373,2752,25,77,98,2,13,8,8,18,146,136,111,86,39,13,117,22,0
"chr7.109",325,2360,24,46,57,4,7,8,3,15,81,100,59,42,26,8,95,24,0
"chr7.110",386,2748,17,42,40,7,10,7,6,20,106,117,69,56,31,7,91,22,0
"chr7.111",455,3466,37,61,86,3,10,12,11,26,206,166,110,77,37,7,142,37,0
"chr7.112",444,3757,33,69,78,3,14,10,11,24,205,107,81,70,30,10,119,27,0
"chr7.113",385,3174,26,49,49,1,11,8,8,17,121,96,83,45,23,5,123,35,0
"chr7.114",279,2043,13,22,22,3,9,8,9,20,51,67,45,24,27,2,73,21,0
"chr7.115",286,2301,23,37,41,1,11,1,1,3,96,104,58,56,11,7,90,29,0
"chr7.116",487,3994,42,92,102,8,12,9,8,25,276,217,166,149,52,22,199,42,0
"chr7.117",609,4713,55,120,106,3,9,11,14,28,245,201,164,136,45,11,174,45,0
"chr7.118",379,2870,29,54,62,4,8,7,13,24,118,130,58,67,35,4,130,29,0
"chr7.119",391,2985,22,53,71,4,17,6,8,18,67,90,41,50,15,4,73,27,0
"chr7.120",324,2566,23,40,55,2,5,8,5,15,87,100,64,50,26,5,80,18,0
"chr7.121",362,2721,28,62,60,3,9,5,8,16,109,100,64,50,26,6,73,27,0
"chr7.122",524,3662,47,79,80,3,10,6,16,25,179,152,99,69,28,7,137,38,0
"chr7.123",632,4335,66,97,105,4,15,14,11,29,338,235,177,142,56,15,162,46,0
"chr7.124",359,2624,18,38,66,2,12,3,8,13,225,194,116,103,35,3,132,43,1
"chr7.125",325,1750,20,23,23,2,11,2,2,6,85,88,52,36,19,6,69,28,0
"chr7.127",268,1638,16,34,20,1,15,6,3,10,57,76,52,33,18,2,71,23,0
"chr7.129",383,2227,20,32,46,1,15,8,5,14,110,126,90,83,29,7,76,30,0
"chr7.130",394,2475,26,42,41,5,11,8,11,24,105,124,82,67,31,5,96,23,1
"chr7.131",346,2021,17,58,36,2,10,5,7,14,64,78,49,40,18,7,76,14,0
"chr7.132",409,2734,21,56,57,1,15,7,3,11,67,111,51,44,26,4,68,31,0
"chr7.133",428,2584,23,66,71,1,17,11,9,21,116,106,79,53,26,3,101,26,1
"chr7.134",677,4396,70,127,141,4,19,11,7,22,274,231,168,177,45,14,158,59,0
"chr7.135",389,2645,35,52,66,3,8,9,6,18,150,147,93,96,24,10,109,40,0
"chr7.136",277,1803,14,38,27,3,12,12,6,21,72,80,56,47,28,2,62,25,1
"chr7.139",389,2255,17,40,38,2,6,4,10,16,74,88,64,76,26,3,75,28,0
"chr7.142",430,2857,32,79,65,3,4,5,9,17,170,147,82,86,35,12,124,32,0
"chr7.143",774,4790,67,126,149,8,18,13,18,39,369,275,185,182,75,21,196,53,0
"chr7.148",268,1782,17,30,23,3,11,4,6,13,70,93,61,46,39,4,65,32,0
"chr7.149",271,1667,16,26,26,0,5,3,5,8,59,58,53,56,16,4,74,26,1
"chr7.153",334,2015,19,45,28,3,13,4,7,14,57,89,66,65,28,7,76,28,0
"chr7.154",284,1853,20,28,24,5,14,8,2,15,73,73,53,55,29,3,73,18,0
"chr7.155",399,1814,37,73,58,3,16,6,2,11,93,86,71,86,35,7,107,35,2
"chr7.156",338,1653,19,58,33,2,10,3,8,13,94,87,75,68,24,4,78,26,0
"chr8.2",474,2137,48,32,33,1,11,1,6,8,158,160,105,129,32,6,102,30,2
"chr8.3",610,3268,41,64,39,2,10,6,8,16,192,209,107,165,40,6,135,26,0
"chr8.5",693,4419,55,68,53,4,11,3,8,15,197,195,141,147,39,11,129,30,0
"chr8.6",657,4384,59,97,71,1,14,4,8,13,249,229,147,219,49,11,158,45,0
"chr8.10",390,2411,27,22,21,1,15,4,5,10,66,82,42,58,13,9,74,22,0
"chr8.11",405,2255,29,36,19,3,11,4,7,14,60,102,57,58,22,2,76,20,0
"chr8.14",558,4428,53,64,49,5,11,5,3,13,218,191,113,139,39,19,143,36,0
"chr8.16",849,5171,73,95,70,3,13,8,6,17,215,173,127,131,22,7,110,25,0
"chr8.17",488,4057,32,47,44,4,14,10,6,20,121,86,62,57,24,2,90,19,0
"chr8.18",277,2002,14,15,9,1,4,4,1,6,47,58,43,39,18,1,49,25,0
"chr8.19",290,2229,10,13,10,1,11,6,2,9,36,69,36,34,13,1,64,20,0
"chr8.20",384,2479,11,19,24,1,7,5,4,10,58,77,48,40,17,2,60,22,0
"chr8.21",457,2907,24,31,30,3,5,3,2,8,129,147,79,105,20,12,106,35,0
"chr8.22",354,1986,19,23,19,1,11,3,4,8,93,105,69,69,25,7,84,26,0
"chr8.23",224,1465,6,17,8,0,8,2,3,5,37,65,28,39,15,2,49,23,0
"chr8.24",347,2256,14,18,17,1,1,7,7,15,49,69,39,34,22,4,60,25,0
"chr8.25",394,3028,28,24,27,2,8,3,4,9,66,111,62,57,24,3,54,26,0
"chr8.26",347,2250,21,30,16,1,10,7,0,8,81,97,52,53,28,1,82,21,2
"chr8.27",326,2394,23,28,17,1,6,5,4,10,69,98,71,65,19,6,86,14,0
"chr8.28",280,1779,14,12,9,1,6,4,8,13,31,70,33,54,15,3,63,20,0
"chr8.29",278,1665,4,10,10,1,16,3,3,7,31,65,38,39,17,0,41,22,0
"chr8.30",309,2017,14,16,13,1,4,2,1,4,32,59,23,37,55,3,47,21,0
"chr8.31",328,2015,13,21,13,0,9,2,4,6,39,65,38,47,20,3,60,22,0
"chr8.32",578,3823,49,53,49,2,5,8,7,17,133,139,100,84,41,13,126,39,0
"chr8.33",624,3935,46,79,55,0,4,8,7,15,151,152,116,85,32,11,102,26,0
"chr8.34",410,2540,29,46,36,0,6,1,8,9,127,116,90,87,22,5,74,29,0
"chr8.35",569,4017,42,68,54,5,7,6,7,18,186,139,135,104,43,10,107,44,0
"chr8.36",474,3406,42,57,59,10,10,11,7,28,174,182,111,136,35,8,122,39,0
"chr8.37",439,3256,34,50,31,5,15,6,4,15,158,197,137,130,43,7,134,47,0
"chr8.38",226,1501,10,19,16,0,7,2,5,7,83,91,33,56,23,2,58,18,0
"chr8.39",239,1684,21,26,18,8,7,4,5,17,56,73,62,62,19,1,75,21,0
"chr8.40",386,2351,22,41,41,1,9,4,3,8,76,125,91,71,35,6,80,30,0
"chr8.41",393,2746,42,48,57,2,8,7,6,15,152,177,113,123,35,6,103,38,0
"chr8.42",365,2213,28,39,39,1,9,3,2,6,95,130,61,103,38,11,76,28,0
"chr8.44",613,2556,62,158,82,4,12,15,4,23,287,264,177,197,69,15,188,56,0
"chr8.46",447,2478,34,67,48,5,7,9,4,18,115,111,94,73,36,7,114,38,1
"chr8.47",737,4468,61,159,88,8,10,12,4,24,175,108,83,87,42,7,149,31,0
"chr8.48",639,4327,47,208,90,6,5,16,10,32,247,193,149,142,46,5,136,38,0
"chr8.49",469,3130,45,124,55,3,15,11,7,21,229,175,152,149,47,15,144,36,0
"chr8.50",353,2563,15,48,32,3,6,9,4,16,107,96,67,58,35,5,94,28,0
"chr8.51",429,2833,35,87,54,4,2,16,6,26,113,137,82,59,25,4,88,24,0
"chr8.52",429,2818,31,84,58,2,13,11,11,24,141,127,83,110,32,8,96,39,1
"chr8.53",423,2737,30,94,48,5,8,8,8,21,167,185,117,102,43,7,133,26,0
"chr8.54",442,2828,34,93,62,3,9,9,12,24,123,129,72,67,21,2,94,36,0
"chr8.55",435,3057,40,103,61,5,4,11,9,25,101,103,75,59,25,4,105,31,0
"chr8.56",398,2693,25,74,50,1,14,10,4,15,86,90,79,39,33,1,83,27,0
"chr8.57",324,3064,25,85,48,5,7,17,8,30,98,126,93,52,36,6,95,30,0
"chr8.58",301,2287,16,38,24,7,8,11,8,26,75,87,59,58,26,4,81,20,0
"chr8.59",290,2348,17,43,25,1,6,7,2,10,64,86,60,46,32,2,75,23,0
"chr8.60",293,3004,25,60,37,6,9,7,7,20,78,101,64,53,25,0,90,30,0
"chr8.61",403,2954,32,82,49,5,9,12,6,23,185,154,148,128,38,9,133,24,0
"chr8.62",569,4153,55,112,83,2,19,12,12,26,278,260,155,120,40,14,168,50,0
"chr8.63",430,2978,44,89,62,2,12,7,7,16,119,127,96,73,29,1,123,32,0
"chr8.64",364,2334,24,38,27,2,6,6,2,10,72,96,66,41,36,2,96,28,1
"chr8.65",328,2337,15,47,31,3,2,2,6,11,81,102,52,46,29,4,116,29,0
"chr8.66",563,3917,46,123,77,3,5,14,12,29,269,203,140,133,40,14,176,37,0
"chr8.67",536,3278,28,103,58,7,11,11,8,26,234,169,137,114,32,8,171,44,0
"chr8.68",375,2451,19,52,39,1,4,10,6,17,70,89,52,53,11,4,88,26,0
"chr8.69",402,2963,25,44,48,3,9,9,6,18,129,129,100,90,34,8,127,33,0
"chr8.70",462,3473,40,92,79,3,10,11,8,22,175,165,98,92,38,7,127,35,0
"chr8.71",317,2208,17,44,35,4,10,6,3,13,61,97,42,35,22,4,64,24,0
"chr8.72",404,2890,32,66,53,2,6,5,4,11,131,131,80,71,42,6,98,21,0
"chr8.73",410,3035,44,74,60,3,9,13,6,22,156,172,111,95,34,2,136,32,0
"chr8.74",475,3864,38,110,97,2,8,11,9,22,249,231,181,136,45,8,164,52,1
"chr8.75",512,4039,55,129,93,7,4,10,7,24,272,234,154,160,40,11,145,58,0
"chr8.76",431,3403,23,83,69,0,12,11,8,19,206,152,103,90,41,2,124,42,0
"chr8.77",348,2815,22,52,46,2,7,14,11,27,134,133,97,106,36,4,112,30,0
"chr8.78",261,1925,17,30,19,1,3,6,5,12,61,76,46,48,21,1,63,25,0
"chr8.79",301,2366,17,42,19,5,7,5,3,13,45,76,46,43,26,3,68,31,0
"chr8.80",541,3754,48,122,79,3,11,11,9,23,218,176,137,110,36,9,131,39,0
"chr8.81",706,4783,77,173,127,4,13,16,13,33,263,178,147,148,36,13,160,35,0
"chr8.82",611,4539,54,157,93,5,5,12,11,28,134,137,87,77,37,3,149,19,0
"chr8.84",387,2614,37,59,49,1,12,14,6,21,80,97,53,60,30,3,94,24,0
"chr8.85",710,4716,73,162,91,7,11,14,11,32,309,233,188,183,50,13,170,42,0
"chr8.86",724,4930,66,150,111,3,10,14,14,31,333,290,236,225,58,15,240,55,0
"chr8.87",410,3121,41,95,59,3,7,12,13,28,194,155,133,111,31,12,132,24,0
"chr8.88",437,2900,15,85,52,2,4,12,7,21,121,132,90,58,31,8,120,33,0
"chr8.89",479,3308,33,98,68,4,3,9,5,18,187,129,92,84,33,5,113,24,0
"chr8.90",482,3924,48,117,67,3,5,15,4,22,207,175,138,107,43,9,140,37,0
"chr8.91",354,2859,26,54,48,2,7,13,8,23,112,106,80,62,38,7,111,36,0
"chr8.92",276,1908,14,34,18,1,9,3,3,7,61,70,42,43,28,6,81,22,0
"chr8.93",350,2248,29,55,33,2,6,3,10,15,73,113,73,52,33,2,96,29,0
"chr8.94",466,3246,35,74,69,5,6,5,14,24,122,133,79,75,34,7,120,35,0
"chr8.95",378,2732,25,54,43,6,2,11,4,21,67,88,53,57,27,2,99,25,0
"chr8.96",256,1962,14,26,30,0,3,7,4,11,53,57,32,37,22,2,63,19,0
"chr8.97",261,1936,11,38,21,3,8,9,8,20,68,77,51,48,48,3,63,22,0
"chr8.98",287,2112,12,33,20,1,9,12,3,16,53,79,41,35,35,1,73,34,0
"chr8.99",227,1751,11,24,24,2,8,9,4,15,49,75,32,44,29,2,78,25,0
"chr8.100",311,2127,17,34,17,2,8,14,6,22,44,68,37,48,27,3,92,16,0
"chr8.101",407,2619,17,53,38,5,5,11,7,23,105,109,62,58,33,6,95,28,0
"chr8.102",494,3637,42,124,59,2,12,9,9,20,259,204,158,150,53,12,186,42,0
"chr8.104",368,3199,17,86,65,5,7,9,7,21,94,68,64,45,29,2,97,29,0
"chr8.105",488,3237,35,93,70,5,9,11,14,30,206,196,115,122,40,15,147,34,0
"chr8.106",411,3363,28,94,68,4,7,12,8,24,166,131,96,64,34,5,113,26,0
"chr8.107",313,2866,22,68,35,6,6,8,11,25,130,106,75,53,36,2,109,31,0
"chr8.108",454,3535,32,99,86,7,7,9,15,31,332,237,189,157,58,44,182,45,0
"chr8.109",468,3608,40,110,99,6,8,18,9,33,370,264,196,176,50,16,216,43,0
"chr8.110",612,3921,56,129,102,6,12,12,8,26,345,198,168,113,59,17,153,43,0
"chr8.111",749,4854,78,188,115,5,16,11,14,30,375,197,188,126,55,21,157,49,0
"chr8.112",843,5720,86,213,142,8,15,24,10,42,459,303,249,207,52,20,225,66,0
"chr8.113",824,4957,73,191,120,8,14,18,9,35,312,182,144,127,39,15,172,42,1
"chr8.114",497,3412,47,107,106,6,16,10,7,23,192,149,113,75,41,7,142,21,0
"chr8.115",411,3042,33,65,61,3,2,13,11,27,116,125,83,76,42,7,129,32,0
"chr8.116",282,1958,14,37,32,4,6,11,1,16,65,73,40,36,24,2,83,20,0
"chr8.117",274,2672,19,39,36,3,8,3,9,15,67,70,64,40,29,6,102,33,1
"chr8.118",315,2142,13,26,32,3,12,6,4,13,87,77,72,70,27,4,90,24,0
"chr8.119",316,2588,26,40,46,2,4,10,3,15,109,103,84,41,18,9,119,39,0
"chr8.120",369,2984,32,61,47,1,7,7,7,15,104,107,76,66,35,4,125,39,0
"chr8.121",245,1833,20,28,15,4,6,9,3,16,58,62,52,57,25,2,56,26,0
"chr8.122",320,2212,22,41,24,0,0,7,6,13,57,66,57,71,22,4,91,16,0
"chr8.123",282,1856,16,33,14,3,5,5,5,13,66,79,38,41,25,4,115,24,0
"chr8.124",383,2674,25,63,39,1,7,13,5,19,113,118,65,65,28,11,143,30,0
"chr8.125",227,1783,17,37,16,1,6,6,9,16,66,75,48,42,24,2,112,17,0
"chr8.126",280,2516,11,32,30,1,7,9,3,13,68,80,41,72,24,6,115,38,0
"chr8.127",446,3284,26,80,59,2,7,17,9,28,183,147,139,118,33,5,128,42,0
"chr8.128",352,2243,26,50,26,5,6,9,6,20,96,102,64,78,21,7,120,32,0
"chr8.129",519,3778,58,137,78,8,8,20,8,36,283,217,165,157,60,11,163,52,0
"chr8.130",399,2657,27,65,30,2,7,8,17,27,137,112,111,116,33,8,152,54,0
"chr8.131",325,1923,17,51,33,3,7,3,6,12,75,107,57,68,21,5,111,26,0
"chr8.132",425,2638,24,72,51,4,4,5,5,14,116,114,73,74,27,5,115,32,0
"chr8.133",442,2890,36,72,55,4,12,14,6,24,180,137,124,88,31,9,173,40,0
"chr8.134",564,3849,57,129,95,9,8,15,6,30,266,183,182,130,46,10,217,42,0
"chr8.135",664,4654,68,148,112,5,13,20,10,35,360,272,198,174,69,14,207,49,0
"chr8.136",475,3027,49,95,64,4,12,9,4,17,225,209,135,122,39,9,189,48,0
"chr8.137",420,2738,30,67,68,2,9,8,7,17,174,148,103,77,33,6,163,38,0
"chr8.138",255,1307,14,30,19,3,8,5,2,10,55,71,65,65,24,5,101,18,0
"chr8.140",344,1762,39,65,44,3,18,7,5,15,127,136,92,88,47,6,120,40,0
"chr8.141",264,1349,29,55,30,4,10,3,7,14,114,122,78,78,22,9,96,29,0
"chr9.2",393,2921,38,48,64,3,9,9,5,17,80,131,63,58,19,7,99,24,0
"chr9.3",349,2477,27,38,45,2,6,6,6,14,65,54,45,40,21,0,64,12,1
"chr9.4",339,2488,15,49,31,3,8,6,3,12,48,58,39,40,16,2,57,14,0
"chr9.5",270,1997,11,34,24,1,8,1,0,2,36,51,19,24,16,3,62,7,0
"chr9.6",320,2141,17,35,28,1,10,5,4,10,34,52,27,21,10,11,57,15,1
"chr9.8",312,2427,16,36,42,1,6,5,5,11,80,76,66,57,10,10,86,22,0
"chr9.9",279,2427,15,50,37,0,14,5,5,10,116,113,83,72,32,10,100,25,0
"chr9.11",665,4381,49,184,100,2,15,9,10,21,145,90,70,85,40,5,119,39,0
"chr9.12",652,4312,62,117,123,4,16,10,21,35,182,141,110,121,29,10,147,34,0
"chr9.13",320,2733,24,63,69,4,7,7,8,19,97,87,47,65,32,6,99,34,0
"chr9.14",362,2937,28,70,54,0,9,6,9,15,95,67,56,41,16,4,81,24,0
"chr9.15",333,2438,27,36,26,0,11,4,9,13,43,62,37,27,15,1,53,17,1
"chr9.17",419,2921,31,69,59,1,13,8,8,17,90,126,81,61,20,6,64,21,0
"chr9.18",318,2632,17,57,43,0,9,12,6,18,98,99,78,63,19,7,69,20,0
"chr9.19",256,2144,23,34,28,1,6,4,4,9,79,107,89,51,24,6,83,28,0
"chr9.20",310,2020,19,34,36,0,11,3,6,9,60,73,40,47,17,2,61,33,0
"chr9.21",262,1936,17,26,38,0,10,4,9,13,46,106,39,42,8,3,41,11,0
"chr9.22",414,2878,12,52,33,4,7,10,9,23,42,84,64,39,12,2,37,21,0
"chr9.23",503,3546,16,67,77,0,8,11,16,27,70,73,49,43,15,0,62,22,0
"chr9.24",606,3718,35,82,87,1,15,6,10,17,177,142,105,99,45,5,101,29,0
"chr9.25",632,4130,45,121,99,2,16,8,12,22,208,178,148,132,35,16,132,33,0
"chr9.26",542,3890,33,110,95,3,9,10,13,26,144,127,95,91,32,7,110,21,0
"chr9.27",478,2960,37,70,63,2,11,10,8,20,122,84,60,70,25,4,84,18,0
"chr9.28",327,2299,20,46,36,4,7,7,3,14,54,62,41,29,16,2,40,15,0
"chr9.29",528,3803,43,111,92,5,12,9,16,30,181,114,97,100,38,11,115,33,0
"chr9.30",565,4273,49,117,87,2,18,9,11,22,254,175,120,96,34,8,115,44,0
"chr9.31",632,4586,57,122,89,6,16,13,10,29,200,148,82,89,42,10,124,25,1
"chr9.32",493,3740,48,109,87,1,11,12,7,20,138,98,59,64,30,4,127,22,0
"chr9.33",394,2377,36,53,43,4,11,8,6,18,88,91,64,45,30,4,69,27,0
"chr9.36",225,1601,14,35,13,1,9,1,6,8,26,61,64,22,32,3,63,22,0
"chr9.37",259,1688,19,34,19,1,11,7,5,13,56,68,54,36,34,5,70,30,0
"chr9.38",299,1683,14,33,20,1,9,5,5,11,48,76,52,30,70,3,58,23,0
"chr9.69",290,1800,13,23,24,3,10,5,3,11,40,63,29,34,20,1,62,15,0
"chr9.71",325,2931,17,54,52,2,12,7,4,13,64,89,69,42,27,7,70,33,0
"chr9.72",283,2056,12,28,22,3,17,6,6,15,37,53,54,23,19,6,61,21,0
"chr9.73",340,2873,29,46,46,2,8,5,7,14,99,98,69,52,31,4,76,31,0
"chr9.74",574,3733,43,76,84,2,13,11,15,28,168,173,98,128,34,12,126,49,0
"chr9.75",320,2652,22,42,35,1,14,7,5,13,73,101,55,73,33,13,92,30,0
"chr9.76",263,2099,13,27,20,0,8,5,5,10,60,65,36,33,24,4,67,23,0
"chr9.77",290,2292,17,36,28,5,11,4,8,17,65,55,47,50,21,8,77,20,0
"chr9.78",328,2334,20,48,30,2,5,4,12,18,105,98,68,66,32,7,94,26,0
"chr9.79",476,3520,52,87,85,3,12,9,13,25,156,168,102,71,33,15,114,23,0
"chr9.80",592,4189,64,122,97,3,11,11,9,23,210,161,117,104,40,7,111,28,0
"chr9.81",396,3033,29,73,80,3,13,4,10,17,104,115,61,66,18,4,88,42,0
"chr9.82",342,2919,17,57,54,3,3,7,4,14,103,121,82,71,36,9,101,36,0
"chr9.83",344,2433,14,27,34,1,11,6,8,15,49,69,37,28,24,1,68,22,0
"chr9.85",321,2484,11,53,46,5,7,6,5,16,75,87,52,44,18,2,78,28,0
"chr9.87",431,2904,34,80,60,2,16,7,11,20,59,84,44,42,37,2,62,31,0
"chr9.89",335,1979,24,38,40,2,12,1,2,5,72,82,46,42,26,4,63,26,0
"chr9.91",339,2314,21,31,31,1,11,5,3,9,42,64,39,33,19,3,76,18,0
"chr9.92",297,2047,15,34,27,2,11,8,2,12,55,70,43,37,25,1,65,24,0
"chr9.93",214,1525,11,36,28,0,12,6,9,15,54,68,57,39,22,2,53,20,0
"chr9.95",241,1627,15,23,21,0,16,3,8,11,33,75,40,37,25,3,92,15,0
"chr9.96",304,1934,22,20,28,0,8,6,3,9,58,65,43,39,26,2,83,24,0
"chr9.98",322,1857,22,45,30,1,12,3,8,12,55,57,47,35,24,5,60,17,0
"chr9.99",404,2486,25,55,56,3,8,5,6,14,87,92,56,51,23,3,85,28,0
"chr9.100",356,2352,23,54,39,2,14,8,5,15,62,66,49,45,12,5,60,23,0
"chr9.101",332,2745,33,44,44,4,8,5,8,17,60,92,77,45,20,2,94,23,0
"chr9.102",403,3523,32,65,64,0,10,7,7,14,158,125,111,104,70,10,125,32,1
"chr9.103",535,4465,65,101,104,4,13,8,17,29,208,164,143,138,40,10,121,37,0
"chr9.104",382,3188,38,74,60,2,8,11,8,21,153,115,111,74,32,8,148,31,0
"chr9.105",301,2166,16,30,23,2,5,6,8,16,58,66,43,37,29,3,63,17,1
"chr9.106",404,2972,29,51,42,5,11,8,4,17,114,123,96,66,23,11,116,41,0
"chr9.107",287,2275,21,19,28,0,9,8,8,16,49,61,56,32,28,4,91,34,0
"chr9.108",254,2208,9,23,16,1,10,3,7,11,39,64,34,32,25,2,69,30,0
"chr9.109",286,1856,8,25,25,2,7,4,4,10,49,75,34,23,21,3,76,21,0
"chr9.110",318,2298,18,23,32,3,6,6,8,17,40,74,48,31,27,3,70,31,0
"chr9.111",318,2458,16,39,38,0,10,13,4,17,63,83,41,32,27,5,69,19,1
"chr9.112",269,1673,11,27,17,1,7,4,6,11,43,49,38,27,19,4,68,21,0
"chr9.114",328,1893,21,36,28,2,10,8,3,13,49,56,42,38,15,7,44,18,0
"chr9.115",323,2639,22,32,40,2,16,6,9,17,62,79,55,38,28,3,70,24,0
"chr9.116",425,3242,28,65,59,2,14,13,5,20,154,113,84,79,39,7,111,42,0
"chr9.117",411,2834,38,67,61,2,11,4,5,11,190,159,129,102,37,12,124,39,0
"chr9.118",389,3278,33,77,48,3,6,6,7,16,206,157,130,121,51,12,138,40,0
"chr9.119",554,3877,47,89,95,3,10,12,8,23,173,188,124,110,41,8,169,51,0
"chr9.120",448,2439,26,71,60,6,14,6,11,23,121,117,81,88,41,9,122,30,0
"chr9.121",241,1765,19,37,31,1,10,4,8,13,41,56,47,32,21,2,54,10,0
"chr9.122",291,1767,24,35,21,1,11,4,10,15,50,61,40,42,26,3,72,24,1
"chr9.123",241,1617,11,43,14,0,4,3,5,8,50,62,56,28,20,8,50,15,0
"chr9.124",237,1672,17,39,17,2,12,5,7,14,53,72,44,38,24,5,56,15,0
"chr9.125",226,1390,18,34,15,0,8,5,6,11,43,69,35,36,15,2,56,20,0
"chr9.126",338,2235,12,31,14,3,10,4,5,12,82,90,72,39,19,5,65,23,0
"chr9.127",226,1438,14,24,17,0,5,4,3,7,45,70,44,33,30,1,55,19,0
"chr9.131",241,1403,14,40,23,3,12,4,8,15,44,73,53,48,30,2,54,28,1
"chr9.132",310,1598,15,41,25,1,12,4,4,9,56,58,62,49,25,4,78,20,0
"chr9.133",232,1433,11,32,23,0,11,7,8,15,65,82,54,29,22,5,70,24,0
"chr9.135",378,2025,36,65,43,4,16,6,12,22,152,149,107,117,37,10,119,33,0
"chr9.137",99,689,15,29,29,5,27,4,6,15,54,68,48,38,27,12,64,26,0
