,kidney_clear_cell,kidney_papillary,melanoma_acral_lentiginuous,melanoma_desmoplastic,melanoma_mucosal_lentiginous,melanoma_nodular,melanoma_superificial_spreading,colorectal_nos,colorectal_adeno_nos,colorectal_adeno_mucinous,CIN,GS,MSI,POLE
chr1.5,290,61,85,2,3,1412,1180,17,2000,1366,190,45,12,2080
chr1.6,309,62,74,4,8,1497,1257,8,1880,1292,155,28,6,1997
chr1.7,199,60,20,1,0,428,384,3,818,673,62,8,12,997
chr1.8,195,57,32,5,4,784,621,0,1450,1015,77,12,12,1691
chr1.9,228,67,32,1,1,553,412,1,968,873,46,11,5,1254
chr1.11,230,68,30,1,3,516,381,5,789,634,51,7,11,996
chr1.12,256,72,30,3,0,640,533,5,1014,780,79,9,6,1168
chr1.15,213,53,41,0,2,640,541,4,1585,1220,88,15,8,1871
chr1.16,189,58,32,0,1,488,375,4,1026,775,67,7,7,1204
chr1.19,272,54,69,2,3,1544,1109,9,1365,1113,91,13,5,1592
chr1.20,214,65,52,2,1,675,431,4,840,688,55,8,12,1049
chr1.21,223,68,32,1,4,951,681,1,1008,857,52,5,7,1278
chr1.23,241,60,53,3,5,711,475,4,910,772,66,9,5,1124
chr1.24,214,72,32,0,4,713,535,5,881,702,48,6,12,1099
chr1.25,193,76,30,3,0,508,307,2,813,658,42,8,11,1019
chr1.31,273,60,94,4,7,1339,842,9,1633,1255,112,16,8,1982
chr1.32,209,50,29,2,2,685,489,4,1062,846,61,6,5,1308
chr1.33,195,60,26,1,3,532,365,5,816,732,47,7,6,1083
chr1.34,186,63,31,0,1,495,322,4,924,809,45,10,12,1190
chr1.35,288,62,76,2,6,2217,1685,11,1836,1410,103,14,9,2166
chr1.36,197,57,55,1,3,891,693,5,1343,1061,79,8,15,1631
chr1.37,212,64,22,1,2,464,342,6,1002,883,68,7,4,1287
chr1.38,261,56,57,2,5,1164,743,10,1515,1143,137,18,5,1761
chr1.39,204,78,33,2,3,1099,767,3,1342,1035,69,15,9,1645
chr1.42,216,51,34,3,1,558,395,4,1121,835,60,10,5,1359
chr1.43,209,50,45,3,3,635,460,7,1456,1182,83,13,5,1805
chr1.44,194,67,44,0,2,705,477,7,1176,983,63,15,11,1508
chr1.45,201,69,38,0,0,551,396,5,1043,926,66,6,10,1313
chr1.49,208,71,54,3,4,802,600,4,1234,1030,59,9,4,1576
chr1.51,215,58,78,2,6,1684,1066,13,1792,1630,154,30,5,2309
chr1.52,189,56,40,0,3,535,364,4,1309,1055,55,16,5,1686
chr1.53,215,60,17,1,5,400,262,3,1174,990,52,11,7,1495
chr1.54,215,76,36,2,2,680,480,6,1200,953,61,10,9,1455
chr1.55,202,48,22,2,4,611,425,5,974,795,65,7,6,1225
chr1.56,197,60,36,1,2,945,615,3,1105,938,56,13,12,1449
chr1.57,196,67,92,2,4,1695,1226,13,1915,1422,153,20,15,2285
chr1.58,234,67,102,4,4,2455,1803,19,2177,1604,177,31,6,2517
chr1.60,197,52,37,1,4,853,660,1,1196,931,42,10,9,1506
chr1.61,245,71,31,1,3,1038,654,2,1447,1149,59,18,11,1856
chr1.62,231,75,26,3,0,644,409,6,1403,1053,74,11,8,1719
chr1.63,228,64,30,3,11,758,519,6,1136,984,53,11,11,1524
chr1.64,221,66,22,3,1,460,341,6,1480,1289,73,14,5,1939
chr1.65,207,53,25,0,3,652,518,14,1702,1268,73,11,7,2085
chr1.66,208,71,30,1,3,509,358,1,1262,1084,60,15,7,1641
chr1.67,261,57,23,2,1,967,705,5,1833,1372,85,13,7,2327
chr1.68,218,50,22,3,1,565,382,6,1496,1273,75,11,13,1959
chr1.69,190,73,27,4,5,615,424,9,1458,1143,80,10,8,1804
chr1.70,254,66,54,3,11,1560,1239,28,2955,2029,264,50,15,3292
chr1.71,231,61,29,2,4,837,583,22,1959,1521,132,28,5,2387
chr1.72,199,75,63,3,4,2048,1368,27,2134,1649,151,34,12,2645
chr1.73,261,67,40,3,5,1273,721,31,2389,1962,206,49,11,3061
chr1.74,463,77,107,0,7,2851,2070,25,2911,2349,232,59,6,3685
chr1.75,317,43,64,2,9,1886,1390,12,2465,1843,161,35,9,3037
chr1.76,315,62,75,2,3,2402,1728,30,2735,1862,220,56,13,3093
chr1.77,258,72,37,1,3,806,544,17,2058,1601,153,28,9,2520
chr1.78,278,65,61,0,7,1088,702,10,2100,1535,122,31,10,2512
chr1.79,193,76,48,2,9,1306,1002,10,1464,1179,97,15,6,1799
chr1.80,349,66,71,1,8,1643,1026,34,2605,2002,247,47,10,3024
chr1.81,276,57,73,2,8,2102,1540,31,3142,2324,369,81,8,3577
chr1.82,296,49,68,2,5,1574,969,26,2984,2229,283,69,11,3511
chr1.83,287,60,78,5,0,1849,1151,28,2527,1936,248,44,7,3104
chr1.85,181,54,35,2,4,422,331,9,1509,1265,86,14,3,1984
chr1.86,221,65,14,3,3,570,436,6,1520,1158,66,11,5,1915
chr1.87,233,78,26,2,3,515,413,9,1797,1411,99,13,1,2324
chr1.88,220,68,31,2,3,685,515,4,1478,1188,74,14,5,1908
chr1.89,262,70,38,0,2,1481,1129,7,2055,1482,89,11,10,2550
chr1.90,207,63,31,3,5,620,442,10,1575,1297,80,10,10,2016
chr1.91,236,69,33,0,5,1296,857,13,1571,1310,78,15,10,2048
chr1.92,246,63,27,4,5,970,664,15,1710,1358,104,17,5,2107
chr1.93,232,57,27,2,4,703,464,2,1422,1137,69,12,8,1751
chr1.95,187,55,26,0,4,659,559,5,1278,1016,58,9,3,1658
chr1.96,180,63,26,0,4,815,564,9,1122,1005,50,13,8,1539
chr1.97,399,65,75,3,4,2032,1607,27,2451,1805,212,41,8,2931
chr1.98,296,68,58,2,5,2214,1577,34,2536,1866,215,62,8,2995
chr1.99,347,58,44,0,5,1723,1299,27,2530,1811,212,36,8,2886
chr1.100,219,53,47,2,30,876,615,22,2067,1633,147,29,5,2598
chr1.101,196,54,18,3,8,531,414,6,1394,1115,69,10,9,1748
chr1.102,247,55,58,6,8,1172,789,8,1916,1433,115,24,6,2284
chr1.103,432,71,70,1,8,1824,1337,28,2310,1831,202,30,9,2815
chr1.106,530,73,88,3,5,1761,1087,35,3405,2337,312,58,7,3689
chr1.107,426,67,111,5,8,2927,2110,20,3217,2296,249,43,14,3703
chr1.108,410,56,87,5,5,2296,1612,35,2772,2058,231,37,13,3191
chr1.110,195,64,23,4,3,446,334,3,1019,840,48,10,11,1270
chr1.111,204,48,20,2,2,586,416,4,1178,868,64,8,3,1415
chr1.112,272,58,53,1,4,1178,793,8,1876,1552,119,24,7,2364
chr1.113,252,45,49,4,6,1576,1173,7,1510,1173,86,13,5,1858
chr1.115,202,65,37,4,6,740,524,6,1197,1116,68,9,5,1558
chr1.116,231,45,42,1,8,1561,1230,10,2032,1437,111,20,9,2401
chr1.117,249,56,32,8,4,825,576,6,1419,1149,63,5,8,1809
chr1.118,187,61,24,2,5,584,392,7,1322,1049,52,10,4,1723
chr1.119,212,52,43,2,4,1178,815,10,1822,1356,97,22,4,2219
chr1.120,249,57,71,3,8,1634,1115,9,1779,1375,88,22,4,2207
chr1.149,210,53,42,0,32,926,754,5,1268,1055,65,14,7,1584
chr1.150,305,70,81,8,6,1883,1322,7,1599,1320,128,21,5,1950
chr1.152,215,64,37,6,5,609,412,3,914,849,73,21,13,1135
chr1.154,229,58,41,3,6,1066,747,5,1214,1024,67,7,13,1493
chr1.155,286,85,60,8,7,1585,1219,19,1962,1522,133,39,8,2308
chr1.156,301,52,76,5,9,2016,1428,20,2337,1710,184,33,7,2661
chr1.157,216,59,38,4,10,1234,806,6,1294,1062,57,11,13,1638
chr1.160,250,58,43,4,7,1164,808,23,1845,1455,125,11,13,2296
chr1.161,332,69,120,8,19,3463,2438,24,2291,1540,152,19,9,2701
chr1.162,271,72,75,4,8,1711,1281,8,1730,1355,104,17,14,2075
chr1.164,222,63,59,7,10,1510,1047,4,1378,1223,77,13,9,1842
chr1.165,227,51,42,1,8,720,483,7,1326,1113,68,6,9,1717
chr1.166,194,71,35,5,8,681,447,5,1313,1039,50,8,11,1702
chr1.167,209,49,44,2,12,1071,701,8,1743,1400,89,11,8,2229
chr1.168,248,94,50,2,6,1390,898,24,1976,1438,101,24,7,2389
chr1.169,170,42,30,2,6,934,678,11,1495,1219,68,19,11,1913
chr1.170,224,49,48,2,8,1532,964,10,1895,1466,91,19,7,2284
chr1.172,260,61,62,4,9,1131,759,12,1555,1262,112,19,3,1855
chr1.173,235,70,89,11,11,1726,1204,20,1817,1408,136,10,5,2131
chr1.174,258,66,135,6,12,2937,2173,29,2358,1700,226,38,7,2660
chr1.175,195,59,46,6,8,969,685,11,1325,1089,90,17,10,1678
chr1.177,221,60,37,4,4,838,527,2,1259,1087,71,13,7,1629
chr1.178,180,58,46,5,1,1149,779,9,1421,1140,79,12,7,1707
chr1.179,262,46,73,4,9,1603,1177,15,1662,1400,122,11,6,2093
chr1.180,237,55,42,2,3,762,540,12,1474,1150,63,9,4,1797
chr1.181,238,67,27,3,5,509,350,6,1495,1261,72,15,9,1899
chr1.182,205,67,22,2,3,554,332,8,1638,1324,73,7,8,2080
chr1.183,182,53,25,4,6,580,392,17,1836,1456,107,20,7,2307
chr1.184,391,73,56,4,0,1242,806,27,2395,1696,229,37,13,2695
chr1.185,390,64,75,3,6,1320,864,44,3755,2667,340,80,15,4040
chr1.186,462,76,98,4,4,2269,1577,30,3799,2732,403,76,12,4079
chr1.187,591,90,117,3,17,2916,2024,28,3603,2727,306,63,10,4158
chr1.188,484,64,109,6,14,2847,2037,39,3475,2387,358,62,18,3601
chr1.189,436,84,73,5,8,1650,1094,34,2906,2120,247,60,16,3290
chr1.190,220,62,45,4,7,918,659,6,1652,1437,73,14,8,2164
chr1.191,320,65,131,3,12,2570,1917,25,2147,1538,155,28,9,2656
chr1.192,604,97,117,4,13,3184,2303,36,2554,1954,262,42,7,3060
chr1.193,406,58,102,7,12,2584,1791,29,2422,1678,226,34,6,2753
chr1.195,256,69,39,3,11,1248,932,20,1832,1396,101,23,10,2296
chr1.196,345,83,52,3,9,1266,906,46,2386,1625,212,37,9,2687
chr1.197,313,53,49,5,6,1658,1091,6,1641,1280,115,17,6,1968
chr1.198,221,63,37,4,5,744,491,9,1158,910,66,14,3,1462
chr1.200,214,54,28,0,3,678,485,3,1159,945,49,9,4,1432
chr1.201,241,75,23,3,3,513,356,13,1022,862,68,20,9,1267
chr1.202,230,65,40,4,2,834,516,5,1120,1019,91,10,5,1405
chr1.204,217,54,40,3,6,630,422,7,1121,979,64,13,4,1429
chr1.206,330,73,127,12,8,2946,2164,21,2263,1637,185,27,15,2640
chr1.207,249,60,51,7,8,1130,817,8,1790,1378,106,24,6,2152
chr1.208,269,64,46,4,7,845,630,13,1734,1398,145,27,10,2072
chr1.209,216,57,23,0,7,534,347,6,1096,931,60,5,5,1399
chr1.210,209,54,28,1,4,553,414,1,1252,1073,67,14,6,1567
chr1.211,253,62,49,4,13,1359,1026,12,1501,1240,76,16,6,1870
chr1.212,250,73,41,2,8,731,515,24,2102,1537,152,35,6,2419
chr1.213,292,64,57,5,6,1191,849,27,2494,1816,186,32,10,2936
chr1.214,253,72,45,2,11,1414,932,28,2249,1580,190,31,11,2606
chr1.215,275,48,40,2,6,1135,690,26,2141,1592,161,31,10,2473
chr1.216,288,57,44,5,12,1180,872,24,2402,1812,198,48,17,2793
chr1.217,239,64,25,3,5,781,515,18,1766,1304,115,25,9,2157
chr1.218,283,55,55,5,11,1607,1114,15,1950,1473,156,21,7,2297
chr1.219,259,65,43,4,11,1102,717,30,1971,1567,175,32,6,2379
chr1.222,194,76,34,3,6,830,594,8,1334,1077,80,18,4,1682
chr1.223,182,68,36,2,7,561,392,4,950,848,53,15,7,1225
chr1.224,211,54,33,3,3,457,300,5,1233,1004,68,17,12,1515
chr1.225,239,56,41,6,8,940,634,5,1419,1050,96,14,10,1628
chr1.227,219,50,51,2,4,784,584,4,1249,1058,72,14,8,1544
chr1.228,238,56,26,3,5,674,434,10,1274,1124,60,12,9,1640
chr1.229,224,68,36,4,5,617,412,12,1860,1311,103,17,4,2200
chr1.230,253,51,63,6,8,1299,764,7,1376,1074,70,9,10,1677
chr1.231,243,61,98,6,11,3039,2159,7,1695,1347,115,24,7,2041
chr1.233,199,65,25,4,8,466,297,4,1382,1075,86,10,5,1692
chr1.234,249,42,50,7,4,728,534,10,1897,1393,148,29,8,2197
chr1.235,259,55,83,6,8,1020,702,31,2651,1963,245,47,14,2989
chr1.236,326,63,116,16,11,2609,1976,21,2267,1785,180,41,15,2699
chr1.237,315,83,113,8,15,2028,1426,16,1662,1394,116,30,11,2107
chr1.238,459,80,132,6,15,2695,1892,26,2056,1536,147,27,7,2388
chr1.241,204,64,39,3,6,638,457,8,1973,1469,134,25,3,2249
chr1.242,209,63,49,0,7,653,394,11,1444,1209,88,20,4,1796
chr1.243,202,60,34,6,7,590,346,4,1423,1215,100,20,14,1709
chr10.2,327,55,42,1,1,1123,601,18,1581,1226,171,27,13,1727
chr10.3,310,51,65,4,2,1731,859,23,2542,1793,235,62,10,2652
chr10.4,251,54,40,1,3,697,362,8,1508,1019,110,12,5,1638
chr10.5,234,49,19,1,4,513,247,13,1778,1264,87,11,10,2130
chr10.7,182,42,43,5,4,795,447,14,1618,1091,122,9,5,1754
chr10.8,236,63,34,2,3,583,308,24,2020,1380,206,40,8,2052
chr10.9,381,65,87,3,7,2551,1383,28,2263,1612,189,38,7,2489
chr10.10,460,59,87,3,9,2481,1400,36,2822,1850,261,60,7,3009
chr10.11,454,73,64,3,3,1439,812,31,2423,1620,200,31,14,2668
chr10.12,244,81,27,2,1,449,264,7,1176,926,81,12,9,1394
chr10.14,214,53,26,3,4,530,321,2,1447,1033,76,11,7,1650
chr10.15,205,50,22,4,3,878,497,16,1639,1155,96,16,12,1853
chr10.16,235,61,36,0,3,1174,638,8,1466,1174,73,20,7,1828
chr10.17,228,76,27,8,3,1163,679,19,2102,1498,157,36,10,2418
chr10.20,389,61,84,3,10,2836,1731,24,2505,1526,158,36,10,2715
chr10.21,222,58,81,0,6,2799,1691,22,2094,1383,130,17,6,2464
chr10.22,227,60,26,2,3,1425,846,7,1366,1049,67,9,4,1635
chr10.23,207,67,22,3,2,604,341,5,1805,1231,97,17,6,2066
chr10.24,220,66,35,1,2,946,477,12,2111,1390,114,26,7,2347
chr10.25,196,49,71,2,2,1612,1031,7,1669,1142,84,19,10,1889
chr10.26,284,53,31,3,3,900,530,10,1721,1324,103,14,3,2060
chr10.27,213,53,62,2,3,1583,921,18,2168,1512,191,37,11,2408
chr10.28,242,60,34,1,3,752,406,13,1478,1119,92,11,11,1744
chr10.29,245,50,48,2,2,1690,924,13,1561,1200,116,18,3,1884
chr10.30,205,63,24,0,2,458,292,17,1487,1146,118,17,8,1729
chr10.31,241,56,47,0,5,1080,633,5,1666,1151,103,22,4,1839
chr10.32,181,57,30,0,9,849,480,12,1744,1427,112,23,7,2156
chr10.34,230,50,32,0,4,974,641,9,1756,1310,93,18,5,2081
chr10.35,200,59,37,4,5,957,543,8,1478,1143,91,18,10,1772
chr10.36,212,65,26,2,4,552,348,4,1388,1009,89,14,5,1593
chr10.37,259,71,85,4,6,2074,1274,36,2711,1799,247,46,9,2871
chr10.41,232,66,52,4,2,1078,595,8,1323,970,85,17,13,1505
chr10.42,236,46,83,7,6,2168,1331,17,1866,1315,135,23,5,2157
chr10.51,372,72,51,2,3,1197,615,21,2302,1610,208,30,7,2775
chr10.52,342,59,85,3,9,2633,1530,15,2006,1468,132,18,7,2441
chr10.53,415,73,77,3,12,2304,1262,44,2612,1811,233,54,5,3039
chr10.55,448,66,75,0,2,1822,1016,43,3503,2256,323,57,10,3737
chr10.56,381,61,50,2,7,998,528,31,3071,2112,267,69,11,3377
chr10.57,227,44,39,2,3,1199,809,12,1776,1273,97,22,1,2157
chr10.58,202,49,28,0,1,853,457,24,1997,1334,110,17,8,2306
chr10.59,211,71,48,1,5,1713,865,7,1288,1027,67,5,5,1627
chr10.60,194,74,24,0,2,1153,432,10,1738,1299,88,18,6,2137
chr10.61,206,69,22,3,1,785,323,15,1551,1162,77,9,10,1919
chr10.62,249,73,13,0,3,454,224,7,1739,1276,125,22,10,2006
chr10.63,236,49,29,3,1,1118,628,18,1661,1247,115,26,12,2044
chr10.64,260,65,60,3,5,1589,840,25,2353,1723,179,31,12,2818
chr10.65,271,68,61,2,5,1611,868,27,2242,1623,157,31,7,2729
chr10.69,214,62,26,0,3,768,379,3,1094,887,72,9,5,1344
chr10.70,224,53,26,1,2,870,373,6,1246,876,73,14,4,1414
chr10.71,182,73,33,2,3,580,298,5,912,755,60,11,9,1108
chr10.74,198,71,17,1,6,475,237,7,1204,900,81,5,11,1417
chr10.75,179,69,22,3,2,376,175,14,1923,1229,109,17,7,2229
chr10.76,208,43,34,2,2,654,321,13,1933,1347,110,35,6,2256
chr10.77,216,52,25,1,0,665,335,6,1254,900,74,9,9,1484
chr10.78,216,59,21,1,2,630,317,7,1203,837,70,12,9,1369
chr10.80,280,66,61,2,1,1772,856,23,2216,1510,160,16,4,2539
chr10.81,210,53,71,2,5,2117,955,47,3408,2026,288,59,7,3444
chr10.82,299,54,103,6,5,2789,1389,29,3122,1911,270,44,7,3273
chr10.83,263,57,69,2,4,1962,985,13,1621,1239,100,19,5,1992
chr10.84,321,56,69,1,4,1112,556,32,2118,1435,176,24,13,2404
chr10.85,262,54,62,4,6,750,444,10,1702,1235,108,19,4,1901
chr10.87,195,64,18,0,0,441,237,4,1416,1125,66,9,6,1807
chr10.88,209,66,25,4,3,646,304,3,1452,1126,64,6,4,1841
chr10.89,230,63,47,2,7,1916,1040,17,1924,1354,127,34,4,2229
chr10.90,227,57,31,3,4,1048,587,18,2203,1436,136,23,9,2468
chr10.92,184,56,19,1,0,500,282,3,1243,977,50,11,10,1523
chr10.93,220,50,30,1,3,754,346,3,1174,998,48,9,8,1548
chr10.95,178,53,29,0,3,711,379,2,1261,1034,51,14,3,1612
chr10.96,182,57,26,1,3,557,279,4,1073,853,69,10,9,1292
chr10.97,223,53,22,2,1,472,246,7,1210,868,77,9,7,1375
chr10.100,198,63,22,2,4,662,340,3,1186,873,75,7,4,1348
chr10.101,195,69,22,1,4,377,215,3,937,698,55,5,8,1099
chr10.103,214,57,22,3,2,634,368,3,1075,906,50,4,17,1383
chr10.104,282,50,83,4,2,2525,1432,26,2292,1504,206,46,9,2501
chr10.105,350,83,106,7,5,2713,1541,24,2915,1857,256,77,9,3122
chr10.106,268,63,37,2,2,520,276,28,2693,1789,234,50,10,2935
chr10.107,293,58,49,2,5,1474,907,23,2276,1609,167,28,11,2782
chr10.108,299,62,70,3,3,1492,876,21,2398,1648,201,36,9,2731
chr10.109,197,58,34,1,5,694,345,7,1209,1039,64,13,6,1564
chr10.110,245,56,33,2,2,761,398,5,1410,1150,81,9,6,1792
chr10.111,272,74,41,4,5,929,503,12,1510,1161,99,14,8,1883
chr10.112,214,62,34,1,1,493,255,7,1190,975,64,5,9,1502
chr10.113,211,68,36,2,3,721,364,4,1152,933,41,9,4,1461
chr10.114,214,61,22,0,5,807,386,4,1448,1185,72,18,5,1867
chr10.115,269,63,26,2,5,1158,537,13,2312,1636,163,30,8,2647
chr10.116,203,68,36,1,2,737,350,6,1600,1139,89,15,4,1832
chr10.117,190,60,48,3,4,842,381,6,1853,1359,90,19,6,2206
chr10.118,203,58,28,3,2,609,319,8,1111,957,80,11,9,1411
chr10.119,230,45,23,4,1,775,396,5,1617,1130,95,14,8,1847
chr10.120,217,76,70,2,4,1552,942,6,1759,1255,92,19,10,2046
chr10.121,171,60,48,1,8,794,401,3,939,783,50,9,5,1165
chr10.122,179,58,46,2,5,1309,867,9,1499,1108,105,17,4,1715
chr10.123,240,57,33,2,5,1116,699,7,1550,958,118,14,8,1595
chr10.124,209,67,23,4,1,431,268,5,1413,962,53,19,9,1628
chr10.125,226,52,19,2,3,417,262,9,1717,1224,95,20,9,1973
chr10.127,236,56,64,4,9,1792,995,10,1601,1173,96,20,13,1896
chr10.128,300,69,110,11,15,2510,1371,19,2306,1518,208,35,13,2413
chr10.129,235,58,71,6,7,1317,742,12,1627,1157,157,28,10,1714
chr10.130,348,74,90,9,8,1486,823,33,2327,1534,297,46,12,2207
chr10.132,217,74,34,1,1,734,375,10,921,618,97,11,6,976
chr11.3,277,65,29,0,0,689,627,0,940,626,67,11,9,1003
chr11.6,231,62,83,1,6,2130,1619,15,2368,1628,167,25,7,2637
chr11.7,194,65,22,1,3,832,685,9,1399,1098,77,14,5,1637
chr11.8,214,46,53,2,5,1404,1105,19,1872,1312,134,22,1,2155
chr11.9,216,59,31,1,4,787,632,4,1462,973,114,16,10,1593
chr11.11,190,63,19,0,10,546,387,2,1339,1090,86,12,5,1689
chr11.12,231,65,32,1,2,568,401,8,1367,1005,85,12,5,1635
chr11.13,205,56,31,1,2,375,341,1,1063,869,45,9,4,1327
chr11.14,200,47,33,1,0,747,597,2,1483,1141,82,12,3,1825
chr11.16,231,55,30,0,8,731,544,10,1764,1303,98,19,9,2067
chr11.17,214,59,29,3,4,468,310,14,1685,1227,82,14,12,2061
chr11.18,230,56,29,1,3,848,565,0,1114,877,70,8,8,1314
chr11.20,250,53,49,2,3,784,540,6,1409,1088,62,8,8,1804
chr11.21,279,71,59,1,5,1177,1045,12,1731,1238,126,20,9,1998
chr11.22,313,42,65,0,3,1202,922,28,2970,1924,236,56,5,3188
chr11.23,286,67,58,0,5,1485,1074,13,2521,1616,164,37,11,2748
chr11.24,375,72,103,2,4,1099,910,20,2077,1558,141,25,7,2585
chr11.25,340,73,99,4,4,1608,1402,14,2482,1909,209,44,11,3013
chr11.26,306,63,103,2,7,1823,1691,14,3123,2086,245,57,6,3438
chr11.27,247,50,42,2,6,958,780,17,2232,1679,181,32,9,2666
chr11.28,237,63,62,2,7,850,727,7,1484,1169,81,13,9,1872
chr11.29,227,48,70,0,5,1239,1059,15,1954,1515,156,26,4,2332
chr11.30,381,73,61,1,6,962,823,23,3146,1957,261,59,8,3423
chr11.31,257,51,48,2,4,1130,899,25,2746,1767,218,53,9,2985
chr11.32,236,49,57,1,4,1157,837,14,1949,1391,133,20,13,2242
chr11.33,197,58,39,2,3,1084,775,7,1719,1346,105,19,7,2081
chr11.34,228,51,22,0,4,389,335,4,1409,1105,70,12,8,1730
chr11.35,246,72,25,0,1,480,446,2,1081,850,65,7,8,1341
chr11.36,239,56,22,0,2,481,453,6,1438,1058,79,11,5,1748
chr11.37,225,46,48,0,4,985,797,7,1293,1087,104,17,8,1609
chr11.38,459,83,135,2,15,2125,1967,18,2785,1834,265,53,4,2890
chr11.39,514,92,115,2,5,2096,1858,20,3444,2027,324,72,8,3353
chr11.40,384,73,148,7,6,2839,2322,20,3307,2351,323,63,15,3439
chr11.41,267,83,155,5,8,2789,2471,21,3564,2349,367,64,16,3524
chr11.42,326,70,77,3,8,1980,1731,29,3454,2214,294,73,11,3596
chr11.43,473,61,133,3,4,2137,1776,18,3090,1932,291,56,11,3195
chr11.44,261,72,43,0,4,1062,846,8,1740,1269,120,26,9,2013
chr11.45,202,72,32,0,2,608,426,5,1370,1011,95,17,5,1522
chr11.46,259,62,42,1,2,779,610,4,1268,1022,79,14,8,1516
chr11.47,203,60,31,2,5,364,316,5,865,748,50,4,8,1101
chr11.53,348,77,66,9,2,2190,1528,14,2244,1753,164,41,8,2732
chr11.54,275,64,38,23,2,1245,832,4,1210,912,87,13,9,1403
chr11.55,218,58,68,36,5,1379,907,9,1606,1229,84,15,8,2003
chr11.56,236,51,64,15,11,1025,590,4,1416,1196,66,10,9,1789
chr11.57,267,61,53,0,1,1147,617,5,1638,1273,83,12,8,2023
chr11.61,206,71,31,0,0,675,495,2,693,546,74,7,6,780
chr11.62,241,67,33,0,1,494,364,3,716,588,63,1,17,847
chr11.69,205,50,103,11,7,721,411,8,949,854,58,11,7,1223
chr11.70,213,59,100,24,2,460,330,1,890,770,43,4,9,1113
chr11.71,179,64,117,13,4,505,334,4,970,803,56,9,9,1199
chr11.72,229,66,93,17,2,555,423,5,974,797,52,5,3,1213
chr11.73,231,66,152,25,8,602,415,3,974,803,43,12,3,1227
chr11.74,179,55,100,26,2,573,415,2,977,787,42,6,8,1208
chr11.75,194,56,130,21,14,724,469,2,1147,920,74,16,4,1395
chr11.76,220,55,165,21,4,1821,1227,14,2304,1600,168,46,6,2639
chr11.77,243,56,250,18,28,3417,2262,16,2295,1680,173,26,7,2772
chr11.78,333,72,196,17,8,3067,2065,19,2636,1826,209,35,7,3035
chr11.79,250,65,170,7,4,2170,1678,19,2284,1622,221,36,13,2606
chr11.80,214,55,62,1,8,653,535,9,1895,1324,118,25,8,2255
chr11.82,202,55,62,11,2,1556,1001,8,1702,1287,63,19,9,2144
chr11.83,196,57,37,13,1,485,327,4,1287,1033,56,9,9,1593
chr11.84,202,60,33,13,2,562,419,7,1769,1283,98,18,7,2155
chr11.88,410,102,92,3,6,2549,1937,20,2635,1912,257,63,20,2993
chr11.89,332,78,71,2,4,1689,1443,21,2280,1554,172,47,4,2535
chr11.90,223,51,77,6,1,1060,729,7,1523,1191,69,12,6,1868
chr11.91,189,57,43,32,7,850,591,5,1625,1195,88,16,7,1892
chr11.92,170,60,15,12,3,434,279,9,1630,1238,74,17,8,2008
chr11.94,376,68,127,20,3,2272,1728,14,2723,1930,216,52,13,3056
chr11.95,428,55,129,1,1,1939,1500,22,3801,2449,370,68,17,3884
chr11.96,391,64,139,0,2,2372,2036,23,3732,2447,322,72,14,3898
chr11.97,249,54,88,2,3,1985,1553,19,2468,1612,211,39,9,2745
chr11.98,272,61,103,3,0,1679,1247,9,1921,1372,127,21,5,2274
chr11.99,226,64,68,1,1,629,463,4,1376,1042,60,8,10,1729
chr11.100,221,42,54,1,2,935,647,7,1946,1406,116,40,10,2292
chr11.101,292,57,78,1,5,994,623,22,2572,1853,240,61,9,2885
chr11.102,270,66,65,2,2,810,575,10,2019,1512,118,25,8,2367
chr11.103,297,52,90,1,2,1223,1047,25,2610,1799,205,49,5,2823
chr11.104,277,67,70,1,1,1263,1077,18,2103,1461,155,28,10,2335
chr11.106,255,49,38,1,1,466,375,19,2262,1487,143,44,10,2542
chr11.107,218,55,32,0,2,353,302,10,1968,1364,107,26,7,2331
chr11.108,216,61,34,1,0,611,448,5,1720,1284,82,18,7,2097
chr11.109,186,60,26,0,1,494,452,6,1361,1001,77,17,6,1643
chr11.110,275,66,42,0,0,838,731,9,1711,1251,100,25,13,1925
chr11.111,230,58,51,1,2,882,703,7,1344,1193,78,14,3,1752
chr11.112,262,51,66,2,3,1021,821,6,1921,1424,131,24,8,2192
chr11.113,211,68,37,2,2,1117,856,6,1644,1201,105,25,6,1830
chr11.114,167,50,29,0,1,563,399,6,1086,907,69,12,9,1319
chr11.115,220,69,29,0,2,588,418,4,1025,797,55,11,8,1225
chr11.116,197,65,44,0,4,589,463,0,1081,766,62,8,7,1180
chr11.117,245,54,33,0,9,826,650,5,1234,954,71,9,8,1432
chr11.118,239,57,61,0,1,1051,857,6,1456,1063,72,11,9,1644
chr11.119,256,60,51,1,3,1329,931,16,2364,1508,175,32,13,2461
chr11.120,250,59,38,1,1,797,608,7,1716,1227,118,22,6,1916
chr11.121,310,55,57,0,0,1813,1376,14,1728,1562,114,25,10,2297
chr11.122,237,67,20,1,1,441,319,13,1424,1134,105,12,9,1719
chr11.123,214,66,32,1,1,501,393,6,1395,996,91,9,5,1600
chr11.124,354,74,70,0,4,1817,1350,15,2446,1623,170,50,12,2661
chr11.125,245,73,29,1,1,969,702,10,1932,1422,124,27,6,2231
chr11.126,209,55,32,1,1,1141,787,5,1295,1018,64,11,11,1626
chr11.127,211,66,35,1,1,721,506,4,1154,953,72,13,10,1422
chr11.128,270,56,75,2,2,1794,1392,21,1974,1476,174,51,13,2134
chr11.129,267,69,60,3,5,1191,905,24,3158,2150,335,74,22,3073
chr11.130,327,63,73,0,2,1611,1072,23,2829,1908,269,64,14,2795
chr11.131,289,68,57,1,1,826,741,18,1668,1130,118,18,10,1854
chr12.2,241,42,30,1,0,463,290,1,1046,915,61,13,8,1350
chr12.3,243,51,52,4,1,1156,736,8,1330,1006,78,17,10,1584
chr12.4,249,58,37,1,2,776,471,6,1168,854,69,17,8,1310
chr12.5,293,74,67,4,11,1352,867,7,1648,1125,111,19,7,1904
chr12.6,382,82,66,0,7,1579,1032,8,1808,1219,123,28,7,2016
chr12.7,225,61,35,1,4,621,390,1,839,688,100,14,14,972
chr12.11,242,65,40,2,4,987,609,12,1948,1484,102,32,6,2414
chr12.12,203,71,28,3,1,698,370,7,1412,1106,93,15,10,1764
chr12.13,203,66,35,2,7,468,267,3,1017,815,56,10,3,1274
chr12.14,293,60,46,0,3,1586,932,4,1220,890,67,14,9,1455
chr12.15,213,64,41,2,8,1257,797,5,1213,1063,66,14,9,1620
chr12.16,206,49,32,5,4,1138,675,8,1484,1241,73,12,5,1925
chr12.17,245,57,53,2,7,1430,866,4,1578,1276,86,23,4,1977
chr12.18,345,76,93,6,5,2616,1519,13,2838,1904,222,72,11,3094
chr12.19,265,68,95,1,9,2437,1484,12,2269,1744,171,38,8,2717
chr12.20,198,74,46,2,3,1066,730,7,1709,1192,77,19,16,1949
chr12.21,280,70,59,3,6,1397,982,13,1764,1489,115,25,6,2266
chr12.22,330,73,74,2,2,1735,1101,14,1772,1388,120,28,7,2167
chr12.23,296,75,27,3,3,587,371,3,1650,1318,90,21,5,2029
chr12.24,383,68,44,3,5,810,487,14,2668,1699,211,52,13,2890
chr12.25,323,65,28,4,8,363,220,22,2967,1867,255,69,10,3066
chr12.26,232,62,41,0,4,933,551,10,2001,1368,120,28,5,2276
chr12.27,212,67,42,2,2,404,278,6,1421,1161,57,12,8,1761
chr12.28,205,65,25,1,3,514,275,4,1298,998,67,11,6,1613
chr12.29,252,57,43,1,3,690,402,8,1746,1302,100,19,5,2146
chr12.30,304,75,26,3,2,687,400,13,1873,1366,116,21,5,2231
chr12.31,316,67,37,5,7,1155,619,16,2232,1570,214,35,8,2464
chr12.34,373,67,143,5,8,3430,2183,16,2028,1415,156,35,8,2309
chr12.36,249,65,51,1,3,1011,674,18,2184,1687,166,37,8,2717
chr12.37,198,65,36,3,6,834,509,13,2038,1423,143,22,5,2414
chr12.38,338,70,41,1,4,1068,613,38,2858,1766,233,55,7,3088
chr12.39,211,56,31,1,3,908,548,15,2016,1336,141,38,9,2236
chr12.40,266,71,48,1,3,1440,971,29,2674,1719,230,49,13,2840
chr12.41,249,54,46,1,4,930,558,12,1623,1239,114,29,9,1916
chr12.42,261,65,44,2,2,944,603,23,2116,1622,170,34,18,2498
chr12.43,220,56,58,2,4,1137,699,5,1647,1204,73,10,8,1951
chr12.44,197,58,49,3,4,2104,1260,6,1824,1352,72,17,5,2259
chr12.45,222,55,61,3,2,973,620,11,1150,992,68,15,7,1450
chr12.47,218,57,29,2,2,503,341,2,899,743,65,4,9,1071
chr12.49,217,61,29,0,4,788,478,5,988,819,68,8,16,1234
chr12.50,225,68,29,0,12,854,591,4,886,749,75,22,10,1061
chr12.51,242,62,47,2,3,743,433,6,1111,963,74,15,6,1372
chr12.55,239,64,48,4,7,1231,791,4,1291,1011,98,14,7,1583
chr12.56,234,64,50,4,10,1603,996,17,1688,1349,88,21,8,2179
chr12.57,482,70,95,5,7,2243,1337,16,2710,1732,223,61,8,2977
chr12.58,574,97,131,5,7,2778,2016,38,3404,2082,302,85,5,3568
chr12.59,325,89,90,6,2,1896,1430,22,2160,1495,162,44,6,2463
chr12.60,248,47,40,6,4,641,424,9,1515,1203,75,22,6,1889
chr12.62,209,57,18,1,4,758,524,10,1547,1192,77,19,8,1854
chr12.63,256,58,34,4,4,1014,604,4,1739,1239,92,20,2,2070
chr12.64,217,46,96,1,3,699,436,9,1880,1287,108,29,9,2182
chr12.65,226,61,62,1,2,1114,695,8,1673,1223,71,22,8,2033
chr12.66,200,73,99,2,3,707,480,5,1322,1102,57,8,4,1722
chr12.67,205,61,148,10,3,1600,1021,6,1525,1197,54,14,8,1911
chr12.68,251,55,208,4,7,2265,1293,6,1634,1170,54,9,4,1972
chr12.69,219,51,115,3,6,1279,827,15,1681,1240,123,23,3,2033
chr12.70,292,75,93,5,4,3067,1977,33,3226,2079,281,64,19,3425
chr12.71,400,76,68,6,4,2165,1513,31,3405,2120,281,84,14,3486
chr12.72,349,76,31,3,5,1466,865,20,2151,1452,141,31,6,2408
chr12.73,215,58,35,1,4,469,311,6,1379,1110,91,17,3,1652
chr12.74,274,62,32,0,3,595,411,7,1940,1462,92,26,9,2291
chr12.75,366,57,45,1,5,748,495,18,2413,1658,151,43,12,2804
chr12.76,332,51,82,4,10,1862,1322,12,1991,1451,133,36,11,2361
chr12.77,243,59,41,5,5,1215,736,13,1741,1339,84,20,6,2147
chr12.78,245,73,80,4,4,2446,1518,22,2513,1717,173,39,3,2758
chr12.79,267,57,67,4,8,1244,815,24,2581,1766,202,40,11,2868
chr12.80,230,63,50,0,3,759,509,14,1824,1332,121,25,11,2165
chr12.81,448,80,125,2,7,1903,1203,30,3014,2122,273,60,7,3359
chr12.82,367,63,66,2,4,930,531,28,2733,1820,180,48,7,3077
chr12.83,425,85,69,1,11,1610,839,23,2743,1884,207,41,13,3054
chr12.84,474,73,105,7,11,3050,1895,25,2680,1924,246,59,18,3044
chr12.85,287,69,112,2,11,2121,1450,19,1962,1423,119,22,22,2356
chr12.86,202,59,59,1,5,1416,936,6,1661,1105,62,16,6,1971
chr12.87,268,64,43,0,6,1530,917,9,1728,1198,80,21,7,2012
chr12.88,346,63,58,0,5,2171,1285,15,2280,1547,132,27,4,2756
chr12.89,239,59,27,0,5,665,402,7,1763,1290,58,17,7,2137
chr12.90,198,54,21,1,1,570,344,4,1196,966,69,8,6,1479
chr12.91,222,69,17,1,2,501,317,5,1398,1152,70,15,2,1750
chr12.92,219,64,36,3,3,775,434,6,1316,1060,73,12,10,1641
chr12.93,220,56,29,0,3,730,432,6,1313,1006,85,8,6,1596
chr12.94,247,61,83,6,5,2176,1386,15,2380,1608,156,35,15,2588
chr12.95,260,53,89,5,10,3238,2100,18,2185,1522,201,45,9,2403
chr12.96,221,68,31,2,9,839,584,19,1858,1370,142,42,7,2177
chr12.97,202,76,49,1,7,1233,782,19,1973,1368,143,32,4,2237
chr12.98,206,59,46,0,6,1491,928,10,1600,1261,69,17,8,2033
chr12.99,202,64,31,2,2,885,466,6,1354,1154,76,19,6,1717
chr12.100,284,65,55,4,4,1543,1014,23,2094,1618,138,34,4,2452
chr12.101,227,61,33,3,3,995,586,10,1426,1192,80,17,7,1775
chr12.102,215,51,24,1,0,463,350,9,1435,1062,78,17,4,1702
chr12.103,256,65,38,0,4,927,598,11,1536,1220,100,14,6,1881
chr12.104,222,71,52,2,0,998,640,8,1573,1160,84,21,6,1833
chr12.105,248,72,43,4,2,1229,838,15,1857,1243,131,26,6,2003
chr12.107,223,70,19,2,2,436,283,4,925,780,52,3,9,1093
chr12.108,257,67,37,2,4,935,538,5,1260,1037,81,22,9,1461
chr12.110,255,58,34,1,1,1001,646,6,1051,916,72,15,6,1289
chr12.111,337,71,41,3,4,1541,999,12,1620,1145,126,28,7,1743
chr12.112,376,94,71,1,2,1404,898,7,1575,1119,73,18,4,1759
chr12.113,303,73,37,4,7,1064,728,8,1312,1054,52,15,8,1610
chr12.114,239,60,43,2,3,980,642,4,1183,946,87,11,9,1374
chr12.115,316,65,59,3,14,1460,1006,6,1103,919,67,14,10,1350
chr12.116,331,80,87,4,12,1962,1305,14,1958,1430,155,39,6,2188
chr12.117,229,64,27,1,6,960,651,13,1149,868,86,15,8,1313
chr12.121,200,67,30,2,3,594,389,5,1113,819,60,19,13,1234
chr12.122,232,65,45,1,4,797,511,3,857,653,67,7,5,942
chr12.123,306,55,98,9,9,2335,1542,14,1969,1386,175,67,8,2169
chr12.124,354,81,111,7,11,2702,1850,27,2348,1535,242,63,7,2343
chr12.125,441,102,155,5,17,3403,2264,33,2220,1590,216,53,13,2348
chr12.126,324,68,89,4,8,2231,1389,16,2102,1441,233,64,13,2070
chr12.127,441,74,65,2,5,1216,803,25,2386,1456,230,48,19,2181
chr12.128,382,64,72,2,5,1155,689,15,1716,1076,151,38,10,1634
chr13.18,217,61,23,1,6,491,273,10,1373,969,81,11,13,1589
chr13.19,287,62,75,8,0,1663,1053,13,1926,1314,128,20,11,2085
chr13.20,277,51,74,3,7,2181,1349,36,2205,1566,239,49,8,2301
chr13.21,205,51,34,1,0,594,376,8,1291,1073,80,20,6,1569
chr13.23,292,54,39,2,2,877,469,23,1940,1397,158,28,10,2168
chr13.24,266,51,53,3,1,1084,661,16,1359,1103,105,17,11,1621
chr13.25,261,74,44,0,6,852,480,8,1517,1098,107,13,9,1712
chr13.26,329,89,61,1,0,1467,1055,15,2010,1418,139,29,11,2249
chr13.27,194,36,25,1,1,609,383,9,1619,1136,86,9,8,1863
chr13.28,232,58,21,0,3,735,492,13,1579,1139,110,19,6,1759
chr13.29,272,57,48,2,2,1188,698,21,1791,1350,115,20,9,2158
chr13.30,194,59,25,2,1,959,554,16,1554,1112,83,11,6,1810
chr13.31,229,60,20,1,6,896,559,15,1682,1224,118,17,9,2016
chr13.32,201,63,46,1,6,1414,759,49,2024,1464,250,40,8,2344
chr13.33,222,44,37,0,3,851,618,49,2477,1720,313,60,17,2684
chr13.34,264,66,53,3,6,1294,792,39,1974,1375,212,39,6,2202
chr13.35,296,55,45,4,5,1427,1028,34,2493,1756,262,38,11,2735
chr13.36,221,65,41,1,5,1032,717,29,2227,1524,179,31,10,2537
chr13.37,252,50,29,4,5,701,486,32,1999,1415,143,27,4,2280
chr13.39,223,72,30,1,1,619,373,11,1335,1031,76,9,9,1648
chr13.40,229,62,36,3,1,877,514,10,1744,1274,121,19,3,2074
chr13.41,200,44,29,4,4,737,456,7,1560,1270,93,14,8,1967
chr13.42,204,52,35,1,1,510,379,7,1255,892,62,14,3,1510
chr13.43,272,61,20,1,1,722,464,7,1564,1235,118,16,5,1871
chr13.44,252,59,39,2,6,1137,652,29,1931,1358,167,27,8,2208
chr13.45,184,50,32,2,6,950,510,22,1796,1316,151,24,6,2126
chr13.46,184,53,36,2,4,538,319,11,1515,1210,88,13,14,1878
chr13.47,193,73,26,2,2,498,327,3,1265,965,77,17,8,1504
chr13.48,197,54,28,0,1,556,386,11,1674,1209,115,17,9,1932
chr13.51,500,70,107,3,4,2882,1650,68,3081,2028,381,60,15,3099
chr13.52,617,82,116,4,3,3103,1971,48,4310,2594,478,88,9,4166
chr13.53,455,78,119,3,9,3154,2091,52,3925,2572,473,76,15,3863
chr13.54,411,78,94,5,3,2784,1700,75,3582,2488,431,56,17,3679
chr13.55,454,84,90,2,8,2693,1611,53,3762,2431,458,69,10,3810
chr13.56,303,60,66,2,2,2027,1172,51,2975,2012,370,68,15,3149
chr13.57,198,62,37,4,5,1072,601,19,1796,1248,120,30,6,2057
chr13.58,344,53,61,0,5,1166,823,33,2592,1733,266,39,7,2771
chr13.59,423,77,84,5,4,2418,1491,52,4064,2631,458,89,10,4081
chr13.60,508,73,80,6,6,2270,1269,54,4782,2828,493,90,7,4559
chr13.62,550,80,94,4,3,2896,1795,47,4779,2926,532,93,18,4567
chr13.63,451,66,77,2,7,1515,943,45,4185,2837,483,89,12,4499
chr13.64,311,64,44,3,6,1057,655,58,4107,2772,458,82,17,4320
chr13.65,477,63,91,3,6,1434,955,40,4036,2804,450,88,23,4313
chr13.66,451,77,98,3,8,2055,1324,50,4145,2718,486,89,15,4350
chr13.67,267,65,77,2,4,1554,1025,55,2763,2012,292,32,7,3147
chr13.68,405,68,80,2,5,2914,1855,31,2451,1717,203,32,11,2762
chr13.69,315,64,77,1,5,2808,1872,9,1852,1341,93,16,5,2283
chr13.70,266,55,58,2,3,1452,891,9,1324,1059,83,13,9,1663
chr13.71,229,53,39,2,4,940,579,7,1595,1247,103,18,8,1952
chr13.72,240,62,38,0,3,1181,727,30,2308,1384,199,38,7,2453
chr13.73,275,52,43,2,6,843,500,33,1837,1355,199,22,15,2142
chr13.74,225,58,41,1,5,1087,607,33,1963,1374,158,30,8,2256
chr13.75,355,65,38,4,5,1135,683,46,2393,1655,243,45,10,2642
chr13.76,362,69,60,4,5,2246,1402,25,1922,1457,160,27,10,2264
chr13.77,256,61,31,2,8,844,509,15,1571,1076,93,12,6,1876
chr13.78,249,64,81,0,9,2266,1504,23,2293,1647,169,28,6,2711
chr13.79,310,63,111,3,8,2585,1728,51,2941,2173,333,49,15,3363
chr13.80,373,60,97,0,6,2886,1905,57,4000,2585,476,73,16,4072
chr13.81,573,73,95,7,6,3211,2089,61,4202,2637,501,71,21,4172
chr13.82,519,77,74,2,7,2212,1439,62,2756,1962,349,44,11,3169
chr13.84,382,66,106,7,7,2724,1729,53,3764,2530,457,77,20,4011
chr13.85,311,69,84,2,11,1728,1211,52,3570,2513,471,78,7,3906
chr13.86,420,63,112,7,8,2173,1267,40,3025,2278,411,66,8,3485
chr13.87,273,62,99,4,1,1910,1343,41,2937,2092,382,65,11,3179
chr13.88,324,68,78,0,8,1980,1355,29,2328,1775,245,41,5,2712
chr13.89,425,54,129,2,4,2744,1845,45,2483,1723,253,40,7,2875
chr13.90,261,61,123,2,6,3088,2131,35,3086,1882,323,41,8,3363
chr13.92,198,44,26,0,2,853,574,24,1745,1305,165,21,8,2006
chr13.93,255,57,45,0,5,1194,795,14,1694,1244,118,13,7,1970
chr13.94,289,76,76,3,5,1969,1381,20,1943,1440,155,26,9,2311
chr13.95,190,71,23,1,2,610,429,10,1610,1138,101,10,3,1870
chr13.96,221,65,20,2,3,513,337,8,1091,859,72,9,6,1295
chr13.97,221,57,38,4,5,688,456,4,1287,911,76,16,6,1515
chr13.98,305,67,72,2,4,1294,911,24,1779,1313,187,22,9,1969
chr13.99,236,54,72,2,4,1483,999,53,2915,1815,290,50,10,3049
chr13.100,222,47,57,3,8,1938,1270,23,2086,1488,159,21,6,2436
chr13.101,299,59,97,1,3,2276,1542,44,3150,1917,312,66,11,3203
chr13.102,411,60,64,4,5,1353,804,46,2954,1869,271,38,9,3197
chr13.103,367,60,75,4,5,1277,693,12,1887,1325,123,23,5,2223
chr13.104,459,67,104,3,4,2423,1627,41,1896,1320,199,34,6,2156
chr13.105,503,76,130,4,7,2623,1769,46,2291,1581,250,32,9,2483
chr13.106,427,74,45,0,4,902,467,48,2324,1557,254,37,8,2500
chr13.107,288,75,43,5,4,698,448,14,1676,1253,155,23,10,1948
chr13.108,213,64,37,2,4,606,452,7,1322,907,89,6,12,1456
chr13.110,231,83,34,3,3,643,391,9,1169,776,113,10,4,1259
chr14.18,213,58,23,1,3,589,356,6,1130,947,54,9,8,1438
chr14.19,227,63,42,3,5,2101,1413,7,1911,1387,84,16,7,2298
chr14.22,258,49,21,3,5,681,563,6,1625,1251,85,18,5,2040
chr14.23,354,65,90,4,6,2307,1695,24,2754,1766,232,59,10,2960
chr14.24,210,45,85,2,6,2681,1734,18,2873,1904,215,74,17,3167
chr14.25,407,59,112,8,11,3266,2087,25,3449,2248,306,79,11,3745
chr14.26,322,67,86,7,10,2041,1316,22,3410,2154,265,55,13,3624
chr14.27,217,62,36,1,5,1161,749,12,2475,1697,137,25,7,2815
chr14.28,179,62,19,3,2,566,368,4,1120,1045,50,16,7,1516
chr14.29,175,53,20,2,2,489,327,4,1496,1145,52,8,6,1849
chr14.30,195,49,29,3,6,822,554,16,2218,1526,134,26,7,2630
chr14.31,195,52,28,0,5,572,372,2,1361,1091,63,13,6,1687
chr14.33,181,49,32,1,3,743,486,3,1433,1188,63,11,9,1828
chr14.34,198,67,59,1,6,1094,857,11,1842,1260,94,27,6,2113
chr14.35,274,62,112,6,7,2558,1790,10,1930,1531,102,25,5,2364
chr14.37,201,47,105,8,7,2726,2024,22,2831,1946,216,56,11,3098
chr14.38,308,65,114,4,8,2403,1781,24,3755,2241,307,76,16,3830
chr14.39,432,80,83,4,5,1595,1039,29,3598,2324,324,64,16,3841
chr14.40,431,61,64,2,7,1418,816,17,2700,2060,192,42,7,3388
chr14.41,382,55,44,2,6,969,607,10,2395,1813,168,32,8,2932
chr14.43,320,59,33,2,2,992,589,17,2238,1559,153,28,8,2655
chr14.44,393,46,30,3,10,587,386,12,2803,2077,200,47,11,3289
chr14.45,429,73,51,3,16,1076,695,20,3093,2058,282,87,16,3283
chr14.46,240,46,79,3,8,1237,856,13,2162,1523,164,47,4,2454
chr14.47,172,64,38,2,1,327,249,2,902,782,45,10,12,1147
chr14.48,168,49,24,0,4,479,322,6,1667,1235,82,17,7,1974
chr14.49,204,52,35,5,5,736,504,7,1437,1245,72,17,8,1871
chr14.50,195,46,17,1,6,534,371,5,1579,1191,69,20,4,1939
chr14.51,189,43,42,2,3,1125,735,4,1523,1089,56,13,6,1818
chr14.52,154,65,21,2,2,409,249,1,1084,893,49,11,5,1399
chr14.53,169,59,38,3,5,490,338,2,1654,1171,67,15,6,1964
chr14.54,186,57,50,2,5,1366,902,6,2038,1350,97,20,8,2336
chr14.55,181,68,54,1,5,1151,771,6,1763,1341,84,25,6,2153
chr14.56,203,60,15,3,2,633,466,4,1612,1317,41,12,13,2025
chr14.57,211,52,32,2,0,1069,708,3,1897,1441,72,15,7,2391
chr14.58,184,41,20,2,0,500,352,2,1474,1117,67,19,3,1752
chr14.59,232,60,74,5,12,1930,1371,15,1817,1393,111,30,13,2176
chr14.60,274,75,60,6,9,1914,1268,10,2159,1422,138,24,7,2403
chr14.61,186,64,26,1,3,397,244,0,1053,884,40,9,5,1369
chr14.62,188,60,22,3,5,637,364,4,997,816,51,10,11,1225
chr14.63,200,51,38,3,5,971,563,7,1379,1181,60,13,6,1836
chr14.64,173,62,18,4,4,411,288,7,1139,1039,54,7,7,1551
chr14.65,151,64,22,0,1,335,253,6,1004,906,33,8,10,1387
chr14.66,168,68,23,5,7,528,394,1,1082,761,60,14,12,1261
chr14.67,224,49,42,2,10,1563,1008,7,1510,1089,60,13,8,1755
chr14.68,167,65,35,5,6,919,621,5,1243,942,50,11,5,1502
chr14.69,219,66,77,2,5,2225,1572,8,1817,1306,105,26,5,2090
chr14.70,202,67,26,4,1,565,381,1,1033,829,49,11,9,1278
chr14.72,177,62,28,1,5,536,337,5,963,791,48,6,5,1178
chr14.73,163,63,26,1,6,592,406,3,1198,948,80,10,7,1427
chr14.74,172,55,35,3,4,647,467,4,1086,881,61,13,6,1277
chr14.75,253,63,46,6,7,1215,958,6,1416,1080,82,17,7,1649
chr14.77,242,62,58,5,8,1114,885,14,1866,1432,154,35,10,2219
chr14.78,183,52,45,3,6,735,453,10,1587,1223,76,16,7,1933
chr14.79,308,78,117,7,9,2381,1858,21,2900,1839,259,70,15,2952
chr14.80,489,87,125,6,10,3100,2226,29,3945,2410,338,114,20,3854
chr14.81,440,95,48,0,8,1526,978,22,4233,2590,342,86,15,4113
chr14.82,411,93,103,4,14,1948,1396,31,3831,2489,397,80,9,3735
chr14.83,442,81,87,3,8,1593,1119,16,3537,2243,263,79,13,3437
chr14.84,364,54,134,6,13,2736,1861,21,3318,2158,269,75,14,3505
chr14.85,256,58,56,5,4,1429,870,11,1715,1318,103,21,11,2058
chr14.86,209,54,41,2,4,770,532,2,1398,1016,52,12,6,1628
chr14.87,183,48,34,0,5,944,605,3,1423,1015,68,18,2,1637
chr14.88,192,60,33,3,5,466,308,3,930,780,49,8,10,1140
chr14.89,172,63,32,1,1,1008,645,5,1200,928,49,9,7,1459
chr14.90,174,55,30,2,3,603,408,5,1164,802,57,13,6,1317
chr14.91,204,65,46,2,5,1132,769,3,1671,1214,98,22,11,1878
chr14.92,222,56,52,2,7,1016,709,9,1296,999,95,13,7,1498
chr14.93,239,52,55,1,5,1497,1010,7,1418,1055,66,14,3,1669
chr14.94,261,65,77,5,5,1472,1009,10,1977,1389,136,35,13,2161
chr14.95,266,44,119,6,13,2047,1586,15,2661,1570,166,32,8,2678
chr14.96,244,68,66,7,3,1045,796,4,1560,1025,93,16,16,1611
chr14.97,164,52,32,0,2,541,385,7,1125,918,73,7,9,1363
chr14.98,323,55,65,7,6,1528,1017,12,1523,1090,108,16,5,1726
chr14.99,186,63,30,5,3,480,373,2,867,685,60,11,5,1053
chr14.100,187,62,28,1,5,560,371,1,822,634,43,8,7,944
chr14.101,189,70,34,1,2,851,518,3,960,750,77,14,7,1120
chr14.102,170,55,32,2,3,557,374,3,711,531,63,9,11,797
chr15.22,295,72,71,2,3,1504,1111,27,2291,1561,203,40,14,2378
chr15.23,303,88,77,6,2,1597,1264,21,3031,1878,296,78,17,2981
chr15.24,289,47,69,1,2,1054,872,31,3118,1956,290,62,8,3124
chr15.30,214,47,37,0,3,690,399,8,1420,1181,90,17,9,1756
chr15.32,193,60,34,1,2,689,434,9,1557,1289,83,11,2,1948
chr15.33,210,59,70,5,3,2071,1302,13,2328,1601,124,26,12,2710
chr15.34,267,56,55,5,1,1766,1194,8,2483,1648,143,31,9,2786
chr15.35,203,60,19,2,1,940,663,3,1852,1238,82,15,7,2240
chr15.36,158,42,30,0,2,1598,824,1,1636,1231,58,15,11,2036
chr15.37,216,43,19,2,2,592,332,2,961,783,45,11,4,1217
chr15.39,170,60,19,2,1,474,279,1,861,707,36,7,5,1105
chr15.43,275,51,79,5,4,2192,1438,15,1643,1363,99,23,6,2099
chr15.44,403,78,27,0,1,773,475,16,2235,1603,125,25,6,2712
chr15.45,224,55,25,0,4,555,333,12,2025,1382,102,24,11,2306
chr15.46,185,68,25,1,4,672,399,5,1605,1270,63,14,9,1956
chr15.47,202,77,31,1,1,1048,665,7,1384,1029,45,14,5,1708
chr15.48,212,58,28,1,1,853,477,4,1291,1040,51,10,5,1575
chr15.49,199,73,24,1,3,460,296,0,1197,910,42,11,3,1475
chr15.50,264,61,63,0,3,1454,928,9,1985,1411,112,24,7,2361
chr15.51,221,80,98,4,2,2670,1649,23,2449,1678,153,54,13,2792
chr15.53,186,64,22,3,4,676,418,5,1685,1146,55,13,6,1945
chr15.54,242,70,38,3,6,743,466,3,1248,1022,32,15,6,1563
chr15.55,217,64,45,1,3,968,534,4,1324,1113,53,14,8,1694
chr15.56,178,83,21,2,1,492,261,3,1017,811,50,9,8,1273
chr15.57,214,67,39,2,1,917,566,7,1441,1146,75,16,8,1765
chr15.58,227,53,78,9,4,1738,1160,14,1910,1496,122,32,7,2251
chr15.59,205,67,46,4,7,1038,640,7,1240,1027,56,15,12,1544
chr15.60,203,72,37,4,1,619,376,4,1012,754,44,5,7,1226
chr15.61,189,70,21,4,4,453,291,3,877,759,43,11,8,1133
chr15.62,193,75,22,2,2,456,326,5,1016,812,63,12,10,1188
chr15.63,196,72,30,4,1,721,426,1,1055,832,46,9,8,1299
chr15.64,210,43,30,2,2,578,371,4,1038,878,45,6,13,1289
chr15.65,214,68,22,4,3,667,365,2,1344,1033,64,13,6,1638
chr15.66,225,64,29,2,4,742,465,3,1145,991,52,11,9,1454
chr15.67,239,48,41,0,3,797,539,3,1371,1025,70,15,10,1578
chr15.68,219,47,39,7,3,1211,671,5,1160,980,51,11,8,1517
chr15.70,216,70,27,1,2,631,428,8,1475,1199,67,13,6,1849
chr15.73,207,70,32,4,2,720,423,3,1174,960,51,9,6,1471
chr15.74,210,67,25,6,2,463,264,5,1039,880,54,9,5,1309
chr15.75,227,57,28,6,3,667,396,5,902,806,40,10,7,1124
chr15.76,236,66,28,1,1,872,533,9,1482,1121,83,20,3,1642
chr15.77,227,68,27,2,6,545,328,5,1280,1035,66,13,11,1513
chr15.78,261,55,27,1,1,682,428,6,1274,1074,69,23,7,1564
chr15.83,268,87,43,4,2,1034,591,6,1358,1127,88,20,9,1656
chr15.84,390,64,89,3,5,2536,1642,15,2499,1729,195,48,14,2680
chr15.85,334,76,72,3,6,2043,1318,25,2195,1516,193,36,17,2301
chr15.86,252,64,34,3,4,721,403,2,1181,932,56,11,5,1365
chr15.88,231,59,48,4,3,750,511,2,1030,875,50,17,5,1267
chr15.89,266,66,62,2,2,1164,844,7,1462,1214,91,18,7,1725
chr15.90,235,70,69,5,5,1265,829,2,1083,918,64,21,5,1325
chr15.91,310,92,107,6,7,2147,1275,8,1643,1406,95,25,3,2012
chr15.92,345,74,122,10,14,3257,2024,21,2337,1690,165,55,11,2652
chr15.93,267,69,60,4,1,1577,1023,22,2665,1731,211,68,8,2582
chr15.94,275,62,129,3,8,3102,2088,12,2314,1627,172,41,5,2498
chr15.95,277,67,95,2,7,2010,1336,9,1694,1232,85,20,4,1900
chr15.96,231,78,41,4,3,588,359,3,1273,1001,62,16,5,1457
chr15.97,203,57,32,1,1,536,370,4,1444,1124,80,11,7,1690
chr15.98,205,50,38,3,3,670,378,5,1060,901,72,14,14,1226
chr16.2,217,56,28,2,3,694,460,6,749,447,96,2,12,720
chr16.4,203,66,32,4,3,645,444,5,999,781,58,20,11,1120
chr16.5,235,68,22,1,3,499,358,6,764,580,67,9,9,840
chr16.6,317,63,76,3,6,1412,1023,2,1535,1043,109,23,11,1619
chr16.8,418,79,133,8,16,3256,2094,24,2739,1753,265,49,15,2736
chr16.10,211,49,96,5,6,2080,1612,6,1345,1076,68,22,3,1658
chr16.11,285,57,79,6,8,1785,1144,8,1220,941,88,14,6,1382
chr16.12,200,57,35,1,1,555,388,2,845,622,62,8,7,940
chr16.13,254,87,29,4,2,735,464,7,1088,870,99,16,12,1230
chr16.14,215,63,88,5,13,3250,2141,14,2024,1520,181,31,13,2187
chr16.18,400,92,82,7,6,1749,1278,8,1528,1074,87,15,7,1671
chr16.20,242,62,38,4,3,1034,696,4,997,831,61,7,5,1210
chr16.24,277,60,57,2,1,1050,742,5,1199,919,77,17,9,1389
chr16.25,273,71,62,0,5,1399,935,7,1503,1121,88,23,9,1740
chr16.26,318,75,85,4,4,2395,1624,14,1841,1375,161,29,7,2070
chr16.27,385,86,120,11,8,3740,2501,26,2439,1716,231,55,12,2597
chr16.28,248,53,53,4,4,996,654,6,1224,864,102,20,8,1310
chr16.45,254,51,39,5,6,728,517,10,1405,1073,101,15,3,1617
chr16.46,311,68,47,0,5,1788,1247,8,1783,1260,112,15,9,1997
chr16.47,286,67,54,2,3,1074,739,6,1280,929,88,14,7,1432
chr16.48,248,64,45,6,7,1752,1200,24,1532,1157,130,22,3,1732
chr16.49,258,55,69,5,11,2446,1716,21,2089,1555,178,30,13,2356
chr16.50,196,54,48,3,5,1031,759,6,1381,1051,68,15,8,1708
chr16.51,237,78,27,1,3,455,328,7,1285,1013,86,8,6,1527
chr16.52,266,68,25,2,2,773,484,11,2041,1493,132,34,10,2245
chr16.53,311,70,35,2,5,802,583,16,1831,1368,155,15,6,2081
chr16.54,207,62,16,1,0,487,305,6,903,711,52,7,4,1051
chr16.55,200,55,31,3,3,627,417,5,1042,751,67,10,3,1172
chr16.56,229,57,31,3,2,1100,788,13,1520,1234,131,21,1,1838
chr16.57,492,93,44,1,5,848,616,42,3100,2178,316,59,2,3293
chr16.58,611,95,87,3,5,1679,1177,40,4080,2555,399,82,6,3984
chr16.59,638,114,105,2,7,2415,1742,44,4491,2631,450,65,7,4205
chr16.60,499,101,90,1,7,2767,1883,42,4118,2198,362,68,12,3692
chr16.61,343,85,48,1,3,988,652,36,3415,1879,327,46,11,3023
chr16.62,311,68,64,0,7,1262,755,39,2807,1839,310,52,7,2918
chr16.63,345,89,90,3,4,2918,2109,19,1988,1314,191,26,5,2098
chr16.64,209,82,31,0,3,493,386,2,836,640,49,8,3,967
chr16.69,201,76,36,3,5,1033,759,4,1131,905,75,10,3,1342
chr16.70,209,45,42,1,4,1080,666,7,1183,946,84,18,5,1417
chr16.71,282,58,53,2,4,2091,1392,11,1972,1510,135,19,9,2328
chr16.73,308,67,40,1,5,1119,773,10,1462,1131,110,21,1,1743
chr16.74,302,77,77,2,8,1827,1409,23,2559,1791,204,43,3,2817
chr16.75,316,68,76,6,10,2230,1579,19,1999,1304,159,17,1,2137
chr16.76,202,51,41,5,4,645,443,14,1955,1626,191,44,6,2260
chr16.77,215,59,52,0,2,1260,794,6,2221,1387,117,21,0,2326
chr16.78,227,64,55,3,7,1050,778,5,1467,1106,104,15,0,1647
chr16.79,214,66,32,3,5,853,547,6,1181,912,75,13,4,1390
chr16.80,302,56,62,2,3,1570,1136,15,1947,1427,166,20,9,2243
chr16.81,247,68,42,5,8,1136,846,13,1475,1106,124,20,4,1674
chr16.82,217,58,23,3,5,589,348,7,817,635,66,6,7,936
chr16.83,228,75,35,2,3,748,504,9,867,668,81,10,7,986
chr16.84,246,69,57,0,5,912,614,14,1525,1061,137,13,6,1581
chr17.6,218,71,46,0,6,980,583,8,1228,1054,68,20,6,1464
chr17.7,277,55,36,3,3,914,628,6,1188,1022,68,12,11,1415
chr17.9,215,65,23,2,2,668,412,7,1235,1037,78,9,6,1446
chr17.11,300,56,51,3,4,1333,780,6,1293,1093,72,14,6,1575
chr17.12,251,51,78,4,5,1441,930,10,1379,1260,97,13,5,1657
chr17.13,342,66,95,5,10,2637,1644,7,1464,1213,84,19,7,1714
chr17.14,376,73,63,2,7,1259,1060,14,1820,1540,111,25,8,2172
chr17.15,257,77,56,2,5,1240,830,9,1985,1480,110,42,15,2139
chr17.18,217,65,40,1,3,482,295,6,635,587,45,7,8,771
chr17.24,199,70,32,0,5,532,365,5,821,720,50,14,9,1048
chr17.25,198,66,33,0,2,433,294,0,926,785,50,10,9,1134
chr17.29,292,84,93,9,7,1606,1248,8,1639,1182,98,24,11,1883
chr17.30,280,66,56,3,8,1258,899,15,2038,1398,120,32,16,2189
chr17.31,198,56,22,2,3,685,473,1,1254,965,63,20,6,1487
chr17.33,223,57,41,2,2,517,383,1,941,783,46,11,7,1130
chr17.36,251,70,33,1,3,683,513,9,1113,868,80,5,8,1313
chr17.37,226,63,50,1,3,810,599,4,990,798,55,12,10,1174
chr17.44,238,58,44,0,2,910,614,2,1116,847,61,9,11,1355
chr17.45,230,67,43,0,3,542,406,5,1133,842,65,4,1,1276
chr17.46,245,83,118,3,2,638,426,2,819,681,47,8,13,1021
chr17.47,268,69,103,2,2,2037,1237,14,1640,1328,115,20,5,2002
chr17.48,443,83,155,6,11,2654,1803,17,2356,1644,174,30,6,2693
chr17.49,305,72,140,9,5,2626,1703,24,3289,2122,336,55,16,3502
chr17.50,254,70,130,10,5,2470,1446,12,2209,1506,181,36,12,2430
chr17.51,257,63,82,2,12,1931,1354,9,1624,1216,92,22,9,1930
chr17.52,228,56,48,5,9,1557,1009,8,1379,1156,93,15,8,1728
chr17.53,201,61,26,1,3,579,397,4,1004,827,48,12,3,1214
chr17.54,195,70,44,0,5,584,423,2,1311,1101,70,21,7,1581
chr17.57,237,54,86,1,7,677,448,4,1276,1012,66,11,3,1534
chr17.59,193,54,50,1,11,581,343,3,1052,770,58,3,7,1218
chr17.61,205,56,54,1,10,653,443,1,1221,1012,44,18,7,1515
chr17.62,239,73,41,2,5,585,392,2,1169,841,74,21,8,1317
chr17.64,199,73,98,1,3,580,416,15,1707,1271,100,13,3,2074
chr17.65,248,65,59,6,6,696,458,6,1575,1266,71,20,14,1965
chr17.66,271,63,107,1,9,1389,902,4,2108,1480,90,12,4,2489
chr17.67,200,55,49,1,12,841,600,5,1675,1210,62,17,13,2005
chr17.68,214,66,24,4,7,541,321,4,872,725,62,8,6,1013
chr17.69,309,62,41,0,10,989,616,7,1244,895,94,9,13,1390
chr17.70,231,71,39,1,8,951,583,5,942,669,64,10,6,1015
chr17.73,234,71,37,4,4,748,478,5,1034,773,69,5,12,1170
chr17.74,265,62,35,2,4,813,515,5,885,688,79,6,8,961
chr17.76,236,77,32,0,6,440,333,4,736,570,75,8,1,792
chr18.2,334,64,102,4,9,2830,2132,28,2452,1862,176,49,16,2952
chr18.3,266,59,68,3,5,1679,1263,7,1457,1109,65,21,3,1792
chr18.4,182,54,34,1,7,579,462,2,1169,1031,45,17,2,1487
chr18.5,438,70,80,2,5,1041,1047,12,2235,1781,139,36,11,2727
chr18.6,244,60,54,1,5,1010,762,14,2071,1611,124,23,6,2500
chr18.7,218,54,60,3,3,1314,890,13,1922,1463,138,30,1,2323
chr18.8,208,66,29,4,2,515,348,16,2226,1556,158,35,8,2479
chr18.9,204,63,34,0,2,530,335,10,1697,1292,108,18,10,1969
chr18.10,196,49,32,1,3,558,353,2,1387,1114,58,13,10,1692
chr18.11,264,65,37,6,5,629,484,4,1629,1245,84,30,9,1789
chr18.12,232,56,30,1,5,583,439,9,1894,1379,134,27,8,2127
chr18.14,224,56,40,4,5,861,618,1,1378,974,55,14,12,1604
chr18.17,216,51,46,1,6,1240,853,7,1257,986,51,11,11,1568
chr18.18,193,67,22,2,3,523,359,5,1060,772,43,6,7,1230
chr18.19,237,49,43,4,2,853,609,9,1343,1062,59,16,5,1634
chr18.20,273,61,67,3,8,901,669,17,2171,1645,144,34,11,2571
chr18.21,233,56,32,3,0,531,429,9,1869,1294,104,22,6,2098
chr18.22,249,52,52,1,2,737,649,15,2767,1993,185,71,14,2983
chr18.23,307,65,66,3,4,1389,958,16,3617,2507,292,82,13,3934
chr18.24,459,75,109,5,10,2302,1737,19,3917,2569,284,64,14,4253
chr18.25,483,63,83,6,5,1534,1136,9,2615,1945,149,52,8,3066
chr18.26,213,48,64,0,3,1809,1307,4,1491,1188,36,11,9,1901
chr18.27,211,58,45,3,4,700,515,2,1454,1198,56,20,12,1846
chr18.28,216,50,69,4,6,1514,1170,6,2258,1702,104,25,8,2796
chr18.29,261,44,82,0,5,1435,1194,4,2057,1353,89,22,10,2455
chr18.30,199,43,34,0,5,604,398,5,1447,1123,35,10,5,1806
chr18.31,193,66,34,0,7,399,266,2,1408,1085,54,13,11,1717
chr18.32,213,57,68,6,3,1287,1003,7,1683,1301,109,28,10,1968
chr18.33,307,55,169,14,14,3497,2563,21,3324,2336,251,78,9,3717
chr18.34,281,49,157,10,6,3118,2414,8,2439,2052,129,56,10,3169
chr18.35,344,69,144,8,15,3468,2588,15,3128,2305,202,74,12,3685
chr18.36,326,60,141,8,6,3340,2586,9,2707,2055,169,42,12,3226
chr18.37,201,55,58,1,24,1205,944,8,2219,1875,117,28,9,2793
chr18.38,300,53,87,5,3,2368,1681,17,3181,2192,192,43,14,3590
chr18.39,268,60,72,3,5,1719,1246,10,2633,1899,142,41,7,3059
chr18.40,172,50,52,2,2,1125,935,5,1790,1312,83,18,8,2144
chr18.41,255,65,37,1,11,808,597,5,1408,1005,73,13,12,1585
chr18.42,225,49,49,3,6,1480,1078,5,1523,1133,60,15,4,1819
chr18.43,254,56,31,3,1,796,609,3,1112,777,39,10,10,1304
chr18.44,201,62,35,2,2,573,422,2,891,794,29,13,4,1205
chr18.45,182,57,69,2,5,1650,1212,3,1212,1008,45,10,8,1542
chr18.46,237,51,52,3,9,1369,937,8,1646,1285,81,27,9,1994
chr18.47,269,58,156,9,10,2539,1884,11,2510,1782,139,53,12,2994
chr18.48,260,55,136,10,7,2962,2201,18,2218,1629,124,31,8,2663
chr18.50,304,76,59,3,5,2215,1663,6,2054,1448,94,32,12,2307
chr18.51,294,58,66,1,25,1827,1439,7,2265,1489,131,40,7,2552
chr18.52,232,43,52,2,23,1542,1145,4,1310,1087,44,13,7,1677
chr18.53,241,53,33,2,4,591,430,1,1105,917,38,4,9,1401
chr18.54,264,54,54,3,9,1243,999,6,1524,1224,86,21,7,1805
chr18.55,402,65,67,4,11,1183,954,7,2342,1775,108,26,10,2729
chr18.56,248,56,117,5,9,2643,2057,6,2270,1657,118,30,7,2683
chr18.57,227,72,39,2,3,849,578,2,1123,969,47,7,4,1475
chr18.58,218,66,37,1,5,898,737,4,1328,1079,51,10,11,1663
chr18.59,339,57,70,1,2,2154,1929,9,2055,1669,138,42,13,2475
chr18.60,478,59,94,1,6,2689,2047,12,2673,1974,179,57,12,3069
chr18.61,506,69,59,3,4,1672,1238,7,2338,1643,111,26,13,2714
chr18.62,311,63,79,4,5,1831,1466,11,3214,2257,185,62,9,3516
chr18.63,319,64,104,3,9,1887,1714,9,3277,2311,209,68,18,3584
chr18.64,200,52,72,1,7,2047,1745,7,2559,1757,141,57,16,2801
chr18.65,229,46,44,4,18,848,710,2,1394,1171,51,18,6,1792
chr18.66,253,60,66,7,6,2216,1665,24,2843,2126,189,50,8,3262
chr18.67,366,58,71,3,4,2266,1836,15,3560,2356,218,61,12,3820
chr18.68,324,54,113,3,5,2279,1798,23,2864,1950,193,63,11,3030
chr18.69,201,62,38,3,5,792,562,12,1339,1133,67,14,11,1644
chr18.70,251,67,50,2,4,799,581,14,1703,1346,102,19,8,2061
chr18.71,305,46,79,2,4,987,724,8,1970,1348,114,25,11,2145
chr18.72,287,71,67,3,5,1264,1005,18,1663,1247,100,15,6,1924
chr18.73,354,70,124,3,10,1926,1405,29,2192,1653,182,56,14,2286
chr18.74,266,63,44,5,4,892,689,13,1453,1045,111,23,12,1571
chr19.26,287,56,87,3,7,1245,765,20,1938,1387,189,26,18,2094
chr19.27,301,68,66,1,2,1194,708,14,1553,1117,135,23,8,1682
chr19.28,411,94,94,4,4,2394,1579,23,2456,1573,212,46,10,2429
chr19.29,422,79,151,8,7,2929,1694,29,2416,1597,220,52,16,2405
chr19.31,274,78,56,1,4,908,587,7,1297,982,123,15,9,1476
chr19.32,235,55,35,3,5,888,569,8,1096,891,68,15,9,1312
chr19.39,251,65,46,1,7,1018,679,6,1000,769,65,12,16,1141
chr19.48,285,56,51,3,5,1036,760,7,1085,801,80,7,9,1209
chr19.49,273,66,70,4,8,1373,908,10,1751,1290,129,22,4,1873
chr19.54,332,71,83,2,11,1576,1144,17,1993,1342,192,32,12,2070
chr2.2,296,46,102,4,4,1979,1365,34,1764,1259,204,38,0,1873
chr2.3,263,73,134,6,10,2356,1552,41,2406,1575,246,46,10,2415
chr2.5,476,77,106,3,3,2209,1470,43,3289,1977,357,73,12,3221
chr2.7,510,77,98,4,5,2591,1751,24,2385,1659,226,44,2,2669
chr2.8,281,54,48,3,4,690,484,13,2188,1502,140,26,3,2491
chr2.9,236,55,55,3,10,829,587,8,1234,968,62,10,4,1525
chr2.10,231,46,38,2,6,444,324,3,1041,824,59,10,5,1241
chr2.11,219,77,24,3,4,544,394,4,899,792,61,5,7,1125
chr2.12,240,57,32,3,0,561,398,4,1133,963,87,10,12,1430
chr2.13,239,54,28,1,2,515,360,18,1897,1413,163,30,4,2201
chr2.14,367,65,94,3,6,2308,1602,31,2659,1911,233,57,14,3024
chr2.15,359,75,107,1,11,2463,1751,17,1748,1367,123,18,3,2163
chr2.16,237,58,49,2,12,1087,785,3,1454,1142,77,11,7,1789
chr2.18,319,62,85,3,6,2108,1498,16,1889,1450,146,29,5,2322
chr2.19,239,50,78,1,5,1689,997,14,1916,1504,142,33,9,2328
chr2.20,168,50,63,2,7,1741,1209,6,1683,1319,93,13,11,2072
chr2.21,220,48,27,0,6,564,397,6,1004,906,58,8,9,1331
chr2.22,226,58,66,2,6,1385,997,22,2256,1508,203,40,10,2460
chr2.23,279,63,122,2,8,1833,1268,26,2982,2075,274,62,12,3389
chr2.24,219,47,36,1,5,791,520,14,1498,1144,89,11,2,1888
chr2.25,226,61,23,2,4,346,240,3,1303,1065,67,9,9,1686
chr2.26,207,65,17,2,2,368,273,4,1096,903,63,9,12,1336
chr2.27,234,61,26,0,1,526,353,3,1040,885,64,11,6,1322
chr2.28,214,61,38,1,4,549,423,5,1141,919,55,10,10,1400
chr2.29,208,58,29,1,2,486,382,6,1042,913,47,6,8,1330
chr2.30,266,56,23,3,3,729,487,8,1847,1352,124,32,4,2115
chr2.31,220,56,48,2,4,902,616,6,1710,1294,101,16,13,2037
chr2.32,267,71,81,1,6,1551,1324,11,1841,1343,117,20,7,2184
chr2.34,219,66,36,5,3,778,498,16,1605,1218,100,15,5,1898
chr2.35,234,79,55,1,7,469,472,28,2591,1804,248,45,11,2947
chr2.36,308,68,75,0,4,1238,954,38,2833,2195,256,54,8,3477
chr2.37,299,43,48,0,4,783,556,12,1664,1359,119,18,5,2095
chr2.38,232,58,20,2,6,375,242,5,1288,1107,66,11,9,1669
chr2.39,226,54,21,3,1,440,313,1,1299,1107,51,11,8,1653
chr2.40,188,56,23,0,2,426,313,9,1417,1155,63,10,9,1799
chr2.41,265,57,49,5,2,1569,930,22,2545,1618,180,30,9,2804
chr2.42,231,60,36,1,8,1116,606,22,2422,1770,195,32,8,2876
chr2.43,201,64,33,3,0,515,386,7,1081,887,50,11,10,1340
chr2.44,207,59,32,0,0,504,330,3,907,886,48,7,13,1271
chr2.45,224,80,20,0,2,416,299,7,1250,1038,65,6,8,1613
chr2.46,237,40,27,1,3,720,460,6,1639,1192,86,17,7,1939
chr2.47,227,54,18,1,3,365,262,4,1194,975,60,13,7,1499
chr2.48,180,55,37,0,8,720,530,6,974,892,64,9,10,1286
chr2.49,242,74,31,0,3,841,572,4,1646,1308,93,20,13,2031
chr2.50,378,83,62,0,5,1966,1244,32,2470,1722,240,31,10,2877
chr2.51,395,63,70,3,6,1704,1139,28,3247,2070,313,61,10,3458
chr2.52,410,71,82,3,9,2944,2080,51,3496,2106,357,87,10,3513
chr2.53,504,84,51,3,4,1298,871,37,2951,2131,276,74,17,3238
chr2.54,323,56,27,1,8,772,575,23,2000,1451,179,26,5,2365
chr2.55,186,64,29,3,5,382,250,8,1210,1026,53,11,9,1614
chr2.56,210,77,26,0,4,494,346,4,1394,1078,86,8,8,1739
chr2.57,222,59,61,0,7,1501,1050,19,2439,1742,208,53,11,2761
chr2.58,320,56,49,6,5,1403,811,42,2862,2017,257,47,10,3206
chr2.59,338,62,51,1,6,1244,673,18,2265,1608,161,33,10,2684
chr2.60,354,73,111,3,8,2112,1302,22,2595,1639,185,33,4,2918
chr2.61,288,64,63,1,2,1054,634,5,1679,1179,93,18,6,1954
chr2.62,205,55,10,4,3,415,303,10,1304,1059,64,12,5,1639
chr2.63,183,66,24,2,2,397,281,4,1422,1109,75,9,7,1766
chr2.64,214,61,30,3,1,447,321,10,1552,1308,88,22,5,1984
chr2.65,189,63,20,2,5,401,299,5,1282,1134,55,12,4,1636
chr2.66,215,48,28,2,3,599,391,8,1183,974,72,14,4,1519
chr2.67,304,56,42,0,5,1257,725,21,2344,1631,171,35,6,2659
chr2.68,263,63,56,3,5,1318,826,13,2285,1700,136,28,9,2764
chr2.69,238,50,27,0,5,617,413,8,1936,1326,79,22,5,2230
chr2.70,223,57,20,2,3,458,345,5,1311,1118,64,13,11,1685
chr2.71,214,66,36,0,1,677,469,3,1165,1010,52,6,10,1502
chr2.72,210,59,27,2,3,759,528,11,1559,1136,99,12,9,1789
chr2.73,238,57,30,3,2,671,439,13,1558,1275,88,11,9,1964
chr2.74,211,55,34,3,1,588,396,5,1387,1120,67,12,6,1737
chr2.75,215,76,26,1,3,467,319,6,1062,876,51,6,4,1355
chr2.76,229,56,39,2,3,1021,701,6,1811,1334,93,23,6,2150
chr2.77,316,71,79,3,6,2387,1503,36,2928,1847,267,56,14,3049
chr2.78,340,59,61,5,5,1373,789,29,3113,2094,266,68,8,3333
chr2.79,454,84,58,4,4,1047,647,34,2937,2171,264,60,8,3280
chr2.80,465,78,46,2,16,1214,774,28,2370,1702,207,42,4,2658
chr2.81,433,71,64,4,6,1444,961,28,2050,1614,171,42,9,2473
chr2.82,480,84,118,2,12,3253,2150,33,2997,2314,339,87,11,3562
chr2.83,566,96,141,2,11,3459,2277,39,2418,1885,258,37,11,3000
chr2.84,530,93,109,3,7,2542,1720,32,2696,1961,225,46,8,3197
chr2.85,303,66,89,2,8,1909,1232,13,1557,1248,97,18,7,1969
chr2.86,221,60,34,1,3,507,375,4,922,767,61,12,4,1125
chr2.87,194,46,50,0,4,508,328,6,1203,944,61,9,1,1486
chr2.96,224,58,33,2,4,665,433,6,1349,1026,65,7,9,1684
chr2.97,206,66,39,1,3,636,354,7,1456,1121,85,18,8,1756
chr2.98,218,45,41,2,1,894,478,12,1869,1401,162,25,11,2173
chr2.99,216,52,32,0,2,673,414,2,1264,993,56,13,12,1568
chr2.100,211,69,55,2,7,1503,955,7,1459,1171,69,9,8,1819
chr2.101,306,56,126,5,15,2750,1861,25,2293,1592,196,30,5,2567
chr2.102,268,55,86,5,8,2041,1267,16,2831,1864,237,49,10,3095
chr2.103,225,52,47,2,7,959,632,5,1354,1115,88,17,9,1676
chr2.105,249,67,92,4,6,2976,1541,22,2432,1770,152,37,6,2774
chr2.114,570,85,83,9,6,1953,1313,32,3092,2021,305,74,9,3134
chr2.115,459,75,62,1,7,1545,1080,15,2180,1481,146,31,8,2568
chr2.116,255,74,77,3,4,1663,1102,12,1891,1270,106,19,3,2186
chr2.117,246,68,76,6,8,1866,1301,14,1637,1250,93,20,7,1902
chr2.118,215,66,29,2,4,709,468,5,1254,1021,75,7,3,1538
chr2.119,253,84,45,2,3,888,525,6,1244,884,74,18,7,1429
chr2.120,213,63,68,2,4,554,405,8,1761,1331,101,29,14,2121
chr2.121,304,67,37,1,4,1010,654,35,3238,2261,297,73,13,3675
chr2.122,343,68,73,4,7,1741,1126,38,3118,2225,287,87,11,3563
chr2.123,394,83,88,5,5,2178,1453,14,2258,1654,169,26,15,2736
chr2.124,356,69,78,3,7,1283,809,11,2124,1573,144,36,10,2568
chr2.125,238,75,42,1,1,953,599,4,1174,1001,82,13,5,1516
chr2.126,226,61,32,1,2,663,418,9,1024,885,68,8,10,1281
chr2.127,402,79,100,4,6,2434,1692,14,2484,1636,219,40,11,2603
chr2.131,215,47,30,0,4,695,485,19,2156,1293,171,19,6,2254
chr2.132,230,51,28,3,6,851,565,15,1593,1196,122,13,8,1861
chr2.134,238,62,47,2,2,1184,743,10,1521,1231,119,23,14,1814
chr2.135,402,90,100,4,8,3419,2255,20,2460,1807,211,46,11,2771
chr2.136,274,57,57,1,5,1324,899,7,1479,1269,90,14,2,1966
chr2.137,296,55,112,4,16,2748,1758,20,2636,2003,196,44,14,3165
chr2.138,385,80,107,1,11,2847,1661,28,3169,2228,300,39,8,3660
chr2.140,421,82,87,4,13,1314,804,23,2859,2286,279,52,12,3527
chr2.141,313,67,39,1,5,1094,668,25,2528,2059,241,47,11,3094
chr2.142,248,69,21,2,6,503,301,17,1916,1719,167,23,8,2463
chr2.143,282,59,18,3,9,553,329,29,2814,1969,281,53,8,3124
chr2.144,359,72,51,3,7,1154,755,30,3110,2031,324,56,10,3327
chr2.145,249,58,65,3,10,2113,1182,12,2111,1550,160,19,4,2498
chr2.146,226,60,33,0,10,872,549,6,1328,1180,79,15,7,1745
chr2.148,230,70,41,4,6,644,432,7,1908,1331,104,19,10,2209
chr2.149,250,57,31,4,11,663,379,7,2044,1537,148,16,9,2402
chr2.151,323,77,78,3,9,1681,1085,9,1830,1449,130,31,7,2203
chr2.152,358,79,141,7,15,3099,1922,24,2678,1956,262,44,10,3098
chr2.153,299,68,76,2,10,1862,1025,20,2504,1790,186,27,11,2953
chr2.154,382,74,39,2,5,810,484,6,1836,1512,111,19,6,2364
chr2.155,280,53,55,2,4,1122,617,3,1661,1267,76,6,8,2097
chr2.156,203,71,43,1,7,731,476,5,1540,1216,65,5,7,1960
chr2.157,207,63,29,2,2,395,231,3,1198,1002,39,10,9,1538
chr2.158,196,50,26,3,5,581,329,5,1199,1116,60,9,4,1599
chr2.159,246,63,37,2,9,735,433,6,1773,1422,103,15,4,2193
chr2.160,268,56,77,3,8,1542,911,6,1695,1489,101,15,1,2227
chr2.161,308,64,57,4,9,1982,1143,15,2419,1867,167,23,6,2948
chr2.162,233,51,35,1,12,963,605,25,2723,1955,267,52,8,3021
chr2.163,229,71,36,1,7,975,598,5,1873,1423,96,18,11,2305
chr2.164,249,65,33,5,3,947,683,13,2065,1349,130,17,4,2354
chr2.165,323,60,42,5,8,1925,1165,17,2273,1579,170,41,10,2691
chr2.166,236,55,39,2,5,901,533,7,1321,1205,84,11,6,1799
chr2.167,246,79,43,3,7,769,490,5,1506,1146,62,9,7,1870
chr2.168,182,65,26,3,4,663,426,7,1469,1170,55,12,6,1875
chr2.169,236,57,19,1,5,729,463,4,1505,1110,59,7,8,1830
chr2.170,209,66,23,1,4,591,410,3,1258,1044,59,10,12,1614
chr2.171,223,55,32,0,2,676,410,5,1301,1098,50,10,10,1703
chr2.172,212,59,46,0,4,799,478,3,1435,1155,62,12,5,1773
chr2.173,267,63,33,0,3,622,418,9,1817,1338,117,13,18,2156
chr2.174,236,64,21,1,5,946,606,6,1843,1418,83,21,5,2290
chr2.175,220,70,32,2,7,1110,607,9,1590,1415,78,11,7,2121
chr2.176,208,65,25,2,9,718,409,6,1758,1315,73,22,8,2144
chr2.177,244,62,32,4,8,1464,949,15,1892,1362,105,25,9,2231
chr2.178,263,65,65,3,9,1695,1077,19,2342,1618,151,32,6,2758
chr2.179,310,70,58,0,11,1532,913,13,2227,1617,148,19,6,2725
chr2.180,259,63,29,3,6,1531,906,9,1763,1394,118,14,4,2222
chr2.181,240,59,41,3,6,951,571,12,1690,1302,89,16,5,2102
chr2.182,390,76,80,3,10,1993,1269,17,2309,1712,188,30,9,2865
chr2.183,370,96,94,1,8,2567,1653,26,2681,1736,196,45,7,3046
chr2.184,224,55,48,2,10,1126,727,9,1546,1359,112,24,8,2043
chr2.185,233,66,59,1,9,2074,1235,17,2080,1510,149,21,5,2481
chr2.186,256,50,57,0,7,1383,892,22,2448,1540,160,40,12,2688
chr2.187,288,50,49,3,7,1439,848,10,2085,1655,133,23,8,2618
chr2.188,223,59,29,3,9,642,408,3,1390,1206,71,5,9,1801
chr2.189,191,58,21,2,4,458,268,6,1373,1141,61,12,2,1782
chr2.190,264,61,52,1,7,1487,934,11,1817,1449,113,23,11,2301
chr2.191,324,67,123,3,11,3081,2064,21,2509,1745,183,41,10,2986
chr2.192,421,100,120,3,5,3033,1918,26,2724,1958,231,51,18,3127
chr2.193,341,71,121,5,13,2961,1999,18,2008,1462,126,31,9,2441
chr2.194,248,44,47,1,9,1404,912,5,1551,1157,61,13,14,1857
chr2.195,242,58,29,3,6,570,403,5,1341,1093,55,8,5,1683
chr2.196,251,58,22,3,2,725,432,8,1756,1392,88,20,12,2252
chr2.197,216,46,62,3,3,1895,1203,9,1500,1285,64,8,9,2034
chr2.198,243,74,37,2,3,546,352,4,1595,1282,47,7,2,2041
chr2.200,230,68,17,2,2,572,326,4,1422,1161,68,11,6,1758
chr2.202,269,51,32,1,5,762,488,6,1574,1351,62,10,11,1989
chr2.203,215,58,29,2,2,519,342,8,1254,1124,85,14,15,1653
chr2.204,216,53,47,2,2,767,527,5,1242,1063,63,11,8,1553
chr2.205,248,64,56,2,3,883,536,5,1887,1379,135,16,3,2226
chr2.206,179,66,24,0,4,600,384,10,1116,1022,74,6,15,1454
chr2.208,199,71,43,1,5,764,499,10,2039,1557,146,21,6,2449
chr2.209,343,66,77,3,7,1814,1162,20,2254,1811,176,36,12,2731
chr2.211,250,76,97,0,10,2243,1456,20,2082,1654,141,28,15,2563
chr2.213,239,62,31,1,8,870,601,22,2051,1580,146,31,11,2510
chr2.214,260,62,31,2,2,594,374,14,1346,1267,84,12,5,1776
chr2.215,229,53,37,2,3,830,531,11,1844,1465,142,32,10,2055
chr2.216,232,81,32,3,5,719,477,9,1293,1078,90,16,12,1587
chr2.217,202,71,33,1,3,535,376,7,1037,874,72,5,8,1258
chr2.218,250,59,71,1,4,2288,1395,21,1951,1309,164,29,6,2181
chr2.219,318,70,78,2,7,1397,880,16,2052,1613,163,28,2,2601
chr2.220,257,65,32,0,11,1245,734,15,1896,1499,132,21,9,2379
chr2.221,212,61,25,0,5,604,374,6,1455,1158,75,14,8,1867
chr2.222,175,57,22,3,2,454,342,10,1521,1187,77,11,9,1833
chr2.223,308,57,43,3,5,817,493,12,1759,1427,96,18,3,2231
chr2.224,282,65,51,1,5,741,487,12,2500,1745,157,31,4,2886
chr2.225,176,67,26,0,6,678,414,1,1440,1295,73,11,7,1883
chr2.226,274,72,73,5,9,1324,1032,3,1513,1306,88,12,8,1997
chr2.227,343,54,110,4,15,2035,1601,16,2003,1536,129,30,7,2481
chr2.228,219,66,71,2,2,1311,875,16,1627,1228,103,20,11,1897
chr2.229,227,66,31,1,4,588,438,6,1126,892,65,14,9,1428
chr2.232,227,72,40,2,4,682,574,7,1462,1085,56,9,9,1775
chr2.233,208,56,26,0,2,507,448,6,1448,1139,68,12,4,1758
chr2.234,228,60,42,2,1,391,331,2,1301,899,86,12,8,1470
chr2.235,247,73,57,1,7,678,572,12,1758,1350,131,27,7,2037
chr2.236,186,68,26,2,2,372,305,8,1108,824,77,11,9,1297
chr2.237,263,65,42,1,3,547,428,6,1187,894,74,8,10,1381
chr2.238,299,71,37,0,5,800,581,9,1705,1199,128,13,4,1842
chr2.239,191,68,38,5,2,471,379,6,960,749,73,4,6,1117
chr20.2,227,63,30,3,3,933,671,4,1521,1146,76,14,7,1761
chr20.3,231,57,41,2,0,783,588,8,1443,988,63,12,4,1647
chr20.5,267,62,42,4,2,1058,850,10,1533,1151,108,18,11,1786
chr20.6,245,59,33,3,4,885,712,13,1133,940,72,10,9,1409
chr20.7,220,59,90,6,3,2415,1753,15,1739,1257,127,23,5,2081
chr20.8,257,58,98,3,8,2188,1470,32,2789,1786,230,54,5,3040
chr20.9,211,45,73,2,3,2046,1278,12,2062,1312,131,33,9,2348
chr20.10,276,62,105,3,5,2456,1840,15,1646,1236,102,19,14,2008
chr20.11,239,56,56,2,2,1083,794,9,1482,1099,93,12,3,1766
chr20.12,240,61,52,4,8,1109,738,13,1899,1300,109,16,6,2234
chr20.13,261,64,63,2,4,1414,1113,28,2102,1431,172,23,4,2403
chr20.14,195,49,43,8,13,691,471,13,1715,1171,102,21,9,1950
chr20.17,262,56,42,1,3,803,551,14,1628,1208,119,26,17,1932
chr20.18,247,52,32,2,2,576,360,11,1374,1063,90,16,6,1658
chr20.19,223,61,47,1,0,1174,820,23,1460,1043,72,13,3,1666
chr20.20,276,44,56,7,6,1441,996,2,1466,1047,95,21,2,1676
chr20.21,243,73,48,0,2,932,581,5,1451,1163,97,14,9,1731
chr20.22,282,59,47,3,3,1655,1134,18,2042,1341,178,16,10,2254
chr20.23,419,54,102,6,1,2305,1602,18,1688,1320,142,23,7,2004
chr20.24,293,59,60,3,5,1105,693,11,1801,1277,180,28,9,1958
chr20.25,294,48,88,5,8,2143,1387,19,1838,1269,175,30,10,1970
chr20.28,227,62,31,1,3,664,421,9,996,745,90,10,5,1138
chr20.29,254,82,44,1,3,851,543,2,1085,848,114,14,10,1207
chr20.33,202,71,32,0,2,691,485,5,1031,738,86,13,10,1124
chr20.34,229,65,37,3,2,749,484,8,1306,957,106,8,5,1429
chr20.35,301,62,57,2,1,1273,755,24,2163,1332,201,32,13,2230
chr20.36,295,62,75,6,5,1953,1210,20,2333,1473,191,35,8,2501
chr20.37,230,50,42,5,2,1002,554,10,1420,953,83,15,5,1571
chr20.38,347,64,132,8,7,4033,2705,24,2388,1565,232,43,9,2469
chr20.39,290,91,102,7,7,2840,2019,19,1714,1201,181,41,5,1797
chr20.40,262,63,46,2,3,1395,936,5,1123,854,68,12,9,1331
chr20.41,255,70,37,0,5,1021,674,7,1333,987,103,11,8,1596
chr20.42,234,66,39,4,0,877,541,15,1443,990,103,8,5,1558
chr20.43,226,71,54,7,4,1090,696,10,1308,911,86,9,8,1427
chr20.44,288,70,50,0,2,1200,899,9,1586,1057,141,23,6,1679
chr20.45,251,59,24,2,2,612,439,7,1193,853,101,13,16,1313
chr20.46,245,70,33,2,1,627,428,5,790,647,56,14,6,921
chr20.47,262,54,47,4,4,784,527,5,1358,917,83,10,8,1468
chr20.48,270,68,75,3,9,1757,1245,15,1729,1197,122,19,8,1951
chr20.49,282,63,69,2,6,2218,1650,13,1703,1235,144,18,11,1930
chr20.50,257,68,61,3,3,1136,795,9,1764,1297,143,17,5,2068
chr20.51,372,83,141,9,11,3006,2106,26,2177,1296,220,30,6,2267
chr20.52,332,69,76,7,4,1664,1155,27,1932,1180,216,25,10,1992
chr20.53,298,72,64,5,3,1182,785,11,1248,900,122,16,15,1318
chr20.54,267,60,53,6,3,1151,682,7,1420,947,93,14,8,1521
chr20.55,316,87,62,3,3,1171,796,11,1737,1192,147,19,10,1811
chr20.56,347,71,77,4,5,1926,1259,23,2498,1665,227,55,12,2548
chr20.57,329,68,97,4,6,2022,1329,21,2274,1386,309,39,10,2105
chr20.59,253,95,38,3,2,957,588,5,932,590,133,15,6,911
chr21.14,233,53,39,1,5,967,661,7,1599,1273,90,11,7,1983
chr21.15,253,58,70,1,6,2056,1450,17,2362,1678,195,32,8,2699
chr21.17,436,71,52,2,8,1359,965,33,2673,1856,252,52,8,2909
chr21.18,603,72,111,3,6,1675,1402,26,3748,2392,337,75,11,3778
chr21.19,602,66,106,5,2,2508,2056,34,3809,2363,348,57,12,3798
chr21.20,572,71,87,5,9,1112,944,36,3611,2377,371,76,10,3960
chr21.21,614,83,103,6,6,2516,2081,23,3250,2268,352,68,19,3598
chr21.22,636,80,119,6,7,3033,2284,35,3935,2514,351,90,17,3892
chr21.23,465,65,109,2,13,2977,2438,27,3782,2220,346,56,12,3731
chr21.24,274,38,68,3,4,1859,1504,22,2216,1547,179,30,14,2460
chr21.25,252,54,50,4,6,1446,1113,31,2069,1460,132,32,9,2373
chr21.26,262,51,26,2,8,873,595,31,2751,1813,222,49,4,2954
chr21.27,189,43,53,3,4,1084,729,20,2217,1523,151,40,9,2483
chr21.28,225,60,39,2,4,616,468,14,1533,1230,86,28,7,1859
chr21.29,463,80,43,0,5,772,484,33,2974,1977,290,58,7,3048
chr21.30,247,51,34,1,5,677,477,20,1627,1156,144,36,9,1639
chr21.31,208,45,23,3,7,644,509,6,1332,968,86,10,9,1515
chr21.32,210,67,26,2,3,595,379,1,1125,949,87,11,9,1381
chr21.33,212,48,30,2,3,733,574,6,1344,1056,70,22,3,1568
chr21.35,230,54,25,3,5,577,356,4,1043,830,62,10,5,1234
chr21.36,227,55,28,2,1,839,626,10,1409,1084,75,6,3,1678
chr21.37,284,64,57,3,4,1496,1261,8,1556,1130,84,17,14,1828
chr21.38,202,58,38,3,7,1084,792,10,1210,980,57,13,9,1468
chr21.39,305,59,85,1,4,2552,1793,20,1948,1489,154,31,11,2171
chr21.41,208,56,26,0,6,771,546,2,851,682,55,4,8,1005
chr21.43,246,70,36,2,6,836,630,15,918,671,75,9,5,1020
chr21.44,237,55,26,1,3,656,487,20,1459,984,139,16,6,1538
chr22.16,220,68,36,1,2,507,376,7,957,723,44,12,8,1061
chr22.20,189,50,32,2,3,894,616,5,1065,856,75,10,6,1294
chr22.23,301,59,63,3,3,1405,936,3,1496,1144,96,19,9,1690
chr22.24,301,58,65,1,11,1428,936,6,1679,1146,83,22,7,1818
chr22.25,205,54,45,2,2,521,365,9,1518,1005,90,17,9,1723
chr22.27,209,65,37,7,4,628,401,4,943,760,39,7,6,1170
chr22.30,225,46,46,2,8,723,490,6,1503,1108,92,17,12,1728
chr22.31,271,52,110,7,10,1716,1135,9,1882,1357,126,28,6,2057
chr22.32,226,55,86,7,11,1501,1014,11,1234,914,78,14,4,1417
chr22.33,194,56,30,0,4,639,368,3,878,779,47,9,6,1101
chr22.34,209,60,53,1,5,982,660,5,905,759,73,6,9,1077
chr22.36,220,69,39,5,3,681,424,7,1040,791,62,10,8,1153
chr22.37,235,65,50,0,18,677,414,3,1117,920,59,10,3,1328
chr22.40,228,55,42,2,3,649,431,7,886,710,60,16,7,1030
chr22.41,298,73,67,3,4,814,474,13,1331,957,108,18,6,1379
chr22.42,253,55,39,3,3,672,468,4,984,718,85,9,8,1054
chr22.43,245,78,39,3,0,558,372,2,741,611,48,11,7,837
chr22.44,232,64,49,8,7,833,583,5,1175,883,77,9,10,1305
chr22.45,453,96,82,8,5,1587,1078,24,1932,1420,173,41,13,1966
chr22.46,407,58,89,3,4,1051,600,10,1658,1171,177,26,12,1675
chr3.2,249,49,64,4,7,1469,1074,25,3347,2144,289,66,12,3332
chr3.3,173,61,97,6,6,1983,1398,22,2944,2101,315,57,17,3163
chr3.4,118,47,82,4,7,2250,1474,23,2282,1609,191,27,6,2540
chr3.5,94,54,39,2,5,668,483,8,1378,1201,74,20,12,1784
chr3.6,139,59,83,5,9,1808,1305,17,1632,1305,117,27,4,2012
chr3.7,150,38,95,1,9,1991,1314,14,2031,1613,151,29,5,2504
chr3.8,135,44,90,5,9,2752,1682,19,2331,1670,185,43,8,2626
chr3.9,120,53,25,2,6,929,554,14,1591,1241,121,20,6,1861
chr3.10,140,50,56,0,2,678,464,9,1031,860,62,9,7,1311
chr3.11,171,52,52,0,2,1095,704,5,1200,1022,80,11,14,1396
chr3.12,141,55,35,4,8,913,460,7,1236,932,81,8,7,1454
chr3.13,105,54,47,3,2,882,620,8,1108,895,66,9,11,1356
chr3.14,111,66,36,3,0,1013,654,6,1279,996,93,13,8,1460
chr3.15,122,59,44,2,2,822,555,7,1056,907,66,5,6,1337
chr3.16,97,51,21,1,3,438,278,6,1212,907,59,7,7,1482
chr3.17,106,57,30,3,2,861,551,10,1980,1395,129,24,9,2337
chr3.18,120,56,53,4,3,837,619,10,1476,1134,94,13,11,1836
chr3.19,203,81,100,2,9,2047,1413,13,1741,1397,131,24,9,2149
chr3.20,189,58,71,3,8,1601,1094,10,1965,1613,125,19,14,2430
chr3.21,148,70,83,3,9,2175,1478,26,2392,1733,230,51,4,2711
chr3.22,175,49,125,3,11,3215,2279,31,3553,2464,355,81,11,3771
chr3.23,199,76,86,5,11,1971,1468,35,2911,2063,294,57,11,3308
chr3.24,103,40,43,2,2,566,361,19,1819,1418,148,32,8,2165
chr3.25,115,50,46,5,5,1328,948,9,1931,1515,95,18,3,2296
chr3.26,144,59,30,4,3,818,589,27,2024,1424,136,29,12,2294
chr3.28,138,44,33,1,7,908,595,15,1719,1277,108,15,8,2028
chr3.29,118,54,55,2,7,1310,785,18,1974,1419,125,32,6,2360
chr3.30,121,63,28,3,6,897,545,26,2404,1672,178,31,7,2762
chr3.31,135,54,31,1,7,1038,634,5,1541,1139,60,10,4,1895
chr3.32,141,68,50,2,4,811,590,4,1368,1085,70,17,3,1677
chr3.33,101,60,34,3,3,670,427,1,1188,926,67,4,8,1421
chr3.34,110,43,49,4,2,655,441,8,1355,1003,72,10,14,1635
chr3.35,177,65,102,4,7,3410,2329,8,2038,1346,130,17,4,2317
chr3.36,140,52,92,3,3,1727,1298,27,2949,1977,211,37,11,3224
chr3.37,119,57,77,6,9,2710,1839,16,2158,1548,155,41,8,2408
chr3.38,108,64,24,1,2,487,323,8,1197,853,56,5,9,1409
chr3.39,138,64,55,3,3,1416,957,10,1301,987,84,18,10,1527
chr3.40,141,52,59,2,4,1368,834,5,1430,1103,65,6,10,1793
chr3.41,102,45,32,1,6,735,493,12,1401,1096,60,11,4,1767
chr3.42,110,58,25,2,0,562,404,10,1401,1110,77,26,10,1715
chr3.43,136,55,30,2,2,696,449,6,1220,920,54,7,11,1457
chr3.44,97,50,30,0,3,586,438,7,1433,1105,65,13,5,1722
chr3.45,116,45,38,3,6,647,414,9,1562,1202,78,11,5,1861
chr3.46,117,53,28,4,5,604,413,6,1038,804,51,11,8,1268
chr3.47,132,42,33,6,4,947,572,8,1409,1076,85,14,10,1692
chr3.51,121,52,56,2,1,1087,811,5,963,744,72,13,12,1086
chr3.53,147,63,30,1,1,497,318,3,697,596,61,9,10,843
chr3.54,137,65,22,0,6,723,520,9,902,814,63,8,9,1181
chr3.55,139,42,108,10,7,2858,1919,17,1917,1309,144,20,7,2131
chr3.56,192,45,103,4,8,2288,1606,24,2038,1406,165,25,6,2371
chr3.57,135,54,56,4,2,1599,1215,16,1590,1205,105,27,8,1860
chr3.60,128,55,47,1,10,902,656,11,1819,1342,112,20,11,2210
chr3.62,153,51,47,2,3,557,410,5,1357,1026,83,18,7,1637
chr3.63,173,56,53,2,2,543,424,8,1594,1158,78,10,7,1997
chr3.64,202,61,41,1,8,845,570,0,1538,1180,66,15,8,1890
chr3.65,149,62,44,2,9,668,484,13,1736,1219,86,13,7,2024
chr3.66,141,51,74,2,6,1586,1194,12,1352,1146,84,22,5,1706
chr3.68,150,53,65,8,10,1496,1023,9,1658,1190,102,14,9,1972
chr3.69,138,47,104,6,11,3488,2412,19,2327,1598,191,34,5,2585
chr3.70,134,63,20,2,3,427,296,10,1661,1247,92,26,3,1944
chr3.71,177,51,42,5,6,1118,769,24,2437,1723,155,29,8,2865
chr3.72,142,55,46,3,5,1047,619,11,1284,1033,116,14,3,1554
chr3.73,168,54,40,2,3,813,469,4,1368,1051,73,11,5,1634
chr3.74,185,56,37,2,4,830,542,3,1512,1060,69,14,11,1782
chr3.75,242,60,82,7,3,1788,1002,12,2382,1541,160,31,12,2607
chr3.78,264,56,75,6,11,1414,929,28,2822,1723,250,58,12,3012
chr3.79,239,58,56,4,6,1735,1221,23,3202,1986,286,79,14,3299
chr3.80,308,79,69,4,8,1499,1043,34,3207,2188,265,69,10,3526
chr3.81,312,80,123,3,8,2741,2096,18,2388,1722,175,30,8,2717
chr3.82,161,57,77,3,9,1846,1226,17,1962,1376,139,23,9,2295
chr3.83,292,55,57,3,6,1661,988,30,3542,2427,347,70,8,3708
chr3.84,446,72,67,2,6,1287,806,39,3736,2697,450,85,13,4120
chr3.85,496,71,87,0,3,1631,1237,29,3872,2523,438,70,24,3991
chr3.87,445,79,113,5,11,3150,2037,25,2771,2148,273,57,11,3257
chr3.88,294,56,73,2,5,2234,1476,13,1946,1364,137,20,8,2254
chr3.89,305,69,52,5,11,2007,1260,14,2327,1635,172,26,10,2729
chr3.90,504,83,67,4,12,1853,1368,31,2855,1900,233,38,13,3192
chr3.91,287,61,89,0,11,2063,1424,34,2029,1492,181,24,8,2408
chr3.92,284,63,90,3,8,2127,1401,23,2627,1818,241,29,14,2935
chr3.93,430,85,100,3,16,2890,1936,27,3499,2282,318,71,16,3690
chr3.94,323,62,104,4,6,2999,2096,31,2682,1940,245,40,12,3123
chr3.95,270,51,52,0,9,1274,902,31,2180,1502,166,38,11,2448
chr3.96,223,68,58,0,3,1804,1054,26,2461,1654,193,49,6,2773
chr3.97,155,57,28,3,1,449,363,9,1324,1060,65,18,2,1621
chr3.98,172,53,34,0,4,680,454,10,1704,1281,96,15,7,2075
chr3.99,238,62,54,1,8,1810,1129,15,1683,1290,133,18,3,2111
chr3.100,263,63,95,1,9,2845,2057,42,2985,1975,312,43,9,3268
chr3.101,349,71,69,2,7,1964,1398,37,2780,1887,305,61,8,3024
chr3.102,225,51,55,2,10,1066,759,33,2135,1494,156,29,17,2431
chr3.103,273,78,56,0,12,1536,927,25,2275,1512,181,37,13,2530
chr3.104,214,47,43,0,6,1107,756,16,2056,1472,157,30,13,2324
chr3.105,195,56,55,1,4,1333,879,6,1384,1165,48,12,11,1799
chr3.107,251,60,73,2,5,1453,917,22,2192,1454,168,22,10,2476
chr3.108,215,47,55,1,5,1448,1051,17,1810,1324,121,16,3,2104
chr3.109,173,64,29,2,4,847,554,10,1430,1149,63,7,5,1813
chr3.110,200,68,33,3,3,624,422,12,1270,1118,80,19,10,1603
chr3.111,238,80,35,1,2,636,422,13,1451,1197,100,15,7,1832
chr3.112,185,57,37,1,3,995,583,14,2138,1506,135,18,9,2530
chr3.113,400,67,49,1,5,508,348,23,2351,1705,195,44,14,2715
chr3.115,352,63,89,2,5,2465,1687,40,2492,1892,243,50,8,2916
chr3.116,173,45,26,2,6,740,504,13,1716,1299,105,20,11,2084
chr3.117,191,57,27,0,8,532,386,6,1451,1064,69,11,9,1761
chr3.119,165,55,58,2,4,1407,1096,14,1467,1074,84,13,14,1776
chr3.120,183,54,23,1,3,628,448,3,1236,1023,63,14,7,1462
chr3.121,172,58,36,1,2,717,571,11,1415,1155,74,10,6,1755
chr3.122,206,67,24,2,3,579,404,5,1052,832,58,14,8,1259
chr3.124,220,58,43,2,5,1000,656,14,1202,924,91,10,12,1354
chr3.125,188,57,26,1,3,690,482,5,1218,896,48,10,9,1459
chr3.126,213,50,22,0,2,519,318,4,913,789,60,8,9,1120
chr3.128,184,50,39,2,3,902,725,18,1749,1308,102,15,7,2087
chr3.129,264,48,51,1,8,1200,889,13,1502,1208,100,15,5,1888
chr3.131,187,56,41,0,5,692,517,8,1274,1009,61,12,7,1504
chr3.132,207,61,51,1,7,902,730,14,2102,1262,130,30,10,2226
chr3.135,218,55,34,2,1,759,545,10,1427,1103,88,14,7,1733
chr3.136,207,54,51,5,8,1332,903,13,1379,1104,68,16,13,1685
chr3.137,219,52,80,3,10,1434,959,29,2153,1423,159,39,7,2366
chr3.138,194,61,31,0,6,785,540,3,1237,978,73,14,9,1478
chr3.139,200,67,26,2,1,519,319,6,1162,914,44,9,11,1418
chr3.140,200,49,44,2,2,770,538,12,1789,1359,82,13,3,2174
chr3.141,293,58,77,2,2,1570,1155,32,2507,1777,209,40,9,2890
chr3.142,357,72,109,3,1,2639,1977,40,3164,2147,287,72,12,3516
chr3.143,255,54,41,3,2,1217,762,18,1737,1357,111,17,7,2190
chr3.144,420,76,41,1,5,1744,1169,43,2708,1936,283,57,11,3060
chr3.145,318,70,45,0,8,1572,1161,26,2479,1660,172,41,6,2832
chr3.146,209,78,32,1,3,640,412,10,1566,1137,92,13,7,1860
chr3.147,199,55,16,1,2,505,338,9,1367,1183,78,15,5,1765
chr3.148,232,73,50,1,8,1271,811,12,1881,1366,100,15,5,2227
chr3.149,278,76,41,1,3,814,488,8,1563,1272,74,18,3,2007
chr3.150,312,62,28,2,7,820,532,18,2039,1417,137,15,11,2400
chr3.151,368,61,46,2,7,1392,833,13,2127,1490,165,33,6,2417
chr3.152,220,45,61,2,6,1425,803,15,1724,1285,103,25,6,2069
chr3.153,218,57,38,0,2,1171,778,16,1602,1272,95,18,8,1921
chr3.154,199,52,29,1,2,745,484,13,1828,1357,111,24,7,2220
chr3.156,255,64,77,1,11,2251,1599,23,2048,1419,156,25,6,2358
chr3.157,216,71,53,3,2,986,698,11,1686,1238,82,17,10,2063
chr3.158,226,61,71,2,7,1780,1236,36,1896,1357,141,20,4,2289
chr3.159,406,58,103,4,12,3317,2300,31,2855,1794,269,47,16,3057
chr3.160,445,60,91,1,12,2556,1782,35,3258,1942,294,61,4,3296
chr3.161,406,72,72,4,6,2077,1008,29,2584,1735,245,50,12,2962
chr3.162,402,86,74,0,6,1662,1056,23,2291,1572,199,31,9,2692
chr3.163,413,62,122,0,12,2401,1744,32,3321,1972,261,59,10,3439
chr3.164,299,68,103,1,6,2080,1492,30,2357,1685,241,42,12,2631
chr3.165,299,54,48,1,8,1579,1108,10,1733,1364,98,12,10,2259
chr3.166,282,55,59,3,8,2568,1919,6,1419,1131,57,15,12,1791
chr3.167,210,60,25,1,2,802,496,3,1331,1073,65,15,2,1684
chr3.168,166,69,23,2,2,612,411,11,1418,1067,68,13,6,1730
chr3.169,203,53,29,2,11,705,477,6,1232,1006,66,9,6,1527
chr3.170,205,55,36,2,7,1428,914,17,2042,1553,176,30,7,2363
chr3.171,207,50,35,2,2,506,282,27,2350,1781,171,39,15,2853
chr3.173,345,70,58,2,6,2069,1291,23,2095,1560,160,14,7,2518
chr3.174,223,56,30,0,1,702,485,7,1183,987,73,14,5,1517
chr3.175,218,63,56,1,2,1399,1022,15,1976,1493,121,19,6,2454
chr3.176,217,47,25,0,3,703,517,14,1680,1163,111,30,8,1863
chr3.177,311,85,73,1,9,2144,1366,38,2668,1780,242,43,6,2872
chr3.178,319,57,60,1,4,1400,895,22,2544,1695,202,40,4,2761
chr3.179,349,59,39,1,1,1011,672,6,1824,1439,116,26,13,2234
chr3.180,197,55,19,2,4,483,307,4,1287,1036,60,8,3,1602
chr3.181,208,65,28,0,4,749,439,5,1080,812,73,16,11,1188
chr3.182,213,62,21,0,3,470,300,5,1036,816,50,8,2,1286
chr3.183,203,49,44,1,3,721,464,6,1517,1122,90,17,10,1707
chr3.184,206,54,33,0,3,647,362,7,1671,1288,93,17,9,1938
chr3.185,205,60,30,0,3,460,293,4,1172,911,53,13,3,1441
chr3.186,203,44,70,3,8,1692,1155,10,1508,1186,74,11,4,1901
chr3.187,198,45,54,0,9,1566,1092,14,1617,1285,88,18,2,2012
chr3.188,269,54,80,2,5,1912,1285,25,2285,1612,180,42,11,2513
chr3.189,277,65,124,3,6,2833,1884,28,2692,1783,240,54,4,2883
chr3.190,226,61,45,4,7,1157,752,4,1560,1320,103,24,4,1942
chr3.191,195,54,34,0,3,650,419,7,1002,761,75,5,6,1152
chr4.3,221,66,15,4,6,447,276,6,945,718,60,11,13,1117
chr4.6,188,56,34,0,2,619,420,17,2170,1415,220,52,14,2187
chr4.7,246,55,51,3,3,983,574,7,1062,857,83,15,8,1257
chr4.8,210,50,37,0,5,847,562,8,1005,795,94,7,14,1142
chr4.11,292,59,48,0,7,978,619,6,1628,1100,57,17,9,1919
chr4.12,244,54,62,2,4,1856,1290,3,1587,1108,74,7,5,1954
chr4.13,281,67,71,4,7,2211,1397,32,2386,1687,156,36,8,2850
chr4.14,235,56,30,3,8,515,351,14,2014,1478,152,40,16,2261
chr4.15,209,60,40,3,4,522,295,19,2711,1692,223,65,14,2779
chr4.16,199,60,21,2,2,615,428,8,1621,1191,94,24,2,1947
chr4.17,255,43,45,2,15,1434,939,8,1781,1280,128,24,6,2060
chr4.18,261,63,54,5,6,1505,1019,13,1739,1323,119,24,10,2066
chr4.19,380,59,102,5,14,2095,1363,18,2606,1583,187,37,11,2953
chr4.20,344,56,91,3,15,2326,1621,23,3026,2094,297,75,7,3442
chr4.21,261,61,64,2,6,1764,1217,20,1926,1581,175,33,7,2327
chr4.22,281,55,70,1,4,2554,1903,21,2551,1715,208,50,10,2712
chr4.23,227,74,53,3,10,1440,994,4,1785,1334,102,20,9,2140
chr4.24,208,61,43,5,8,1105,784,11,1816,1408,106,12,9,2201
chr4.25,218,64,35,2,7,933,561,4,1312,1101,62,13,7,1707
chr4.26,215,58,41,2,5,800,524,3,1322,1030,72,13,11,1580
chr4.27,189,54,28,4,3,682,442,9,1582,1125,90,14,5,1788
chr4.28,406,75,74,3,9,1907,1229,25,2559,1794,222,50,12,2822
chr4.29,623,81,75,2,11,2262,1503,28,3443,2432,369,57,22,3687
chr4.30,642,102,68,6,10,1783,1172,38,4114,2780,435,81,11,4240
chr4.31,572,92,42,0,11,1032,614,28,2778,1986,282,54,11,3070
chr4.32,492,69,40,0,4,1016,633,16,2577,1877,230,62,11,2901
chr4.33,313,61,64,1,9,1686,1108,15,2947,2321,307,61,12,3486
chr4.34,414,76,66,2,8,2266,1685,25,3617,2663,391,71,10,3972
chr4.35,502,102,86,2,12,2071,1673,17,3865,2588,331,68,14,4017
chr4.36,409,74,75,8,3,2310,1706,20,2864,2091,261,50,8,3260
chr4.37,269,61,72,4,5,1701,1234,10,1975,1448,114,22,12,2363
chr4.38,243,50,34,2,3,1273,849,9,1434,1161,73,11,9,1804
chr4.39,180,48,51,1,1,755,482,6,1209,1001,54,8,5,1536
chr4.42,200,56,68,0,3,1315,744,11,1534,1169,72,20,7,1801
chr4.43,260,54,79,0,6,2207,1331,9,1887,1334,117,35,12,2210
chr4.44,481,71,123,7,6,3580,2392,22,3307,2204,306,69,13,3485
chr4.45,312,61,124,5,7,3016,2073,31,3226,2073,260,56,9,3402
chr4.46,355,62,138,5,11,3481,2394,21,2925,1908,203,47,11,3093
chr4.47,463,77,76,1,15,2768,2114,20,2530,1667,195,32,13,2765
chr4.48,251,53,48,0,8,1281,848,9,1674,1440,86,12,4,2177
chr4.49,191,60,36,4,10,749,515,7,1258,972,57,9,10,1542
chr4.52,275,50,46,4,6,679,448,18,1654,1266,106,19,8,2010
chr4.53,271,56,55,1,3,816,539,11,1594,1287,111,17,6,1953
chr4.54,234,59,45,2,3,500,320,10,1327,1009,73,13,7,1613
chr4.56,315,52,100,4,6,2647,1802,27,3360,2275,332,56,10,3510
chr4.58,535,71,119,5,7,2073,1379,42,4253,2749,432,82,13,4235
chr4.59,466,60,66,3,9,1597,1106,20,3562,2301,244,66,11,3833
chr4.60,563,87,40,3,3,1183,798,24,3019,2088,238,58,12,3505
chr4.61,497,84,51,3,7,1003,664,27,3442,2261,309,64,8,3735
chr4.62,398,73,80,2,4,2569,1723,27,3326,2527,328,66,16,3592
chr4.63,504,76,45,4,5,841,584,25,3341,2661,342,70,13,3880
chr4.64,437,92,85,2,11,2332,1572,43,3575,2657,381,79,12,3863
chr4.65,317,62,54,1,6,1552,1059,20,2233,1715,214,39,8,2605
chr4.66,227,46,69,1,2,1731,1243,11,1804,1339,133,18,6,2189
chr4.68,249,84,34,3,4,1305,908,11,1893,1336,105,27,10,2215
chr4.69,210,56,32,2,0,663,457,9,1621,1218,103,9,6,2011
chr4.70,251,61,47,2,7,1288,839,20,2539,1779,219,41,6,2960
chr4.71,218,59,39,2,12,1326,809,11,1684,1254,108,24,4,1974
chr4.74,199,59,28,0,5,673,393,7,1072,996,50,11,15,1447
chr4.75,208,60,49,0,6,982,638,4,1303,979,65,8,7,1569
chr4.76,210,57,34,0,5,729,514,6,1454,1074,64,19,8,1734
chr4.77,252,61,61,2,8,1259,818,8,1904,1339,114,14,8,2289
chr4.78,271,55,93,2,6,2218,1535,14,2132,1407,129,22,6,2443
chr4.79,240,50,65,3,4,1618,957,4,1704,1364,96,21,6,2139
chr4.80,195,45,37,2,2,1093,649,3,1623,1200,84,22,5,1961
chr4.81,202,64,38,9,2,816,540,5,1150,974,63,9,9,1446
chr4.82,247,71,60,1,2,1384,879,9,1773,1278,104,19,11,2096
chr4.83,224,79,44,4,3,656,540,11,1824,1380,102,29,2,2198
chr4.84,189,67,49,0,2,722,447,5,1819,1348,105,19,2,2189
chr4.85,223,62,33,0,3,561,362,5,1194,1025,74,5,11,1520
chr4.86,208,46,20,1,3,610,389,5,1695,1287,81,9,2,2084
chr4.87,185,54,32,2,0,613,346,8,1460,1167,78,17,5,1859
chr4.88,223,47,33,1,3,1303,745,5,1626,1424,126,31,3,2150
chr4.89,224,56,91,6,5,2587,1547,6,1866,1391,146,33,13,2175
chr4.90,387,73,79,6,2,2818,1975,15,2365,1589,163,35,4,2669
chr4.92,268,68,59,1,2,1379,900,8,1648,1249,75,10,12,2075
chr4.93,287,47,41,1,3,588,337,16,2376,1680,209,51,8,2741
chr4.94,382,64,72,2,5,1258,734,29,3117,2133,291,69,11,3406
chr4.95,258,53,100,1,4,2396,1459,18,2743,1724,252,51,11,2998
chr4.96,233,67,62,3,1,1325,836,8,1730,1299,126,22,8,2011
chr4.97,244,60,41,0,2,1352,853,7,1604,1228,68,11,8,2008
chr4.98,251,49,52,0,4,1845,1016,16,2169,1553,144,30,6,2552
chr4.99,278,51,52,3,1,1214,656,14,1829,1314,97,21,8,2258
chr4.100,186,46,35,2,5,895,533,7,1599,1244,102,21,10,1974
chr4.102,254,53,99,0,3,2452,1564,13,2498,1691,154,28,8,2954
chr4.103,157,46,59,2,5,1387,851,6,1486,1145,89,7,10,1861
chr4.104,244,65,67,1,2,1409,807,10,1438,1223,98,14,4,1791
chr4.105,309,70,68,3,4,2318,1366,12,1978,1405,144,17,5,2360
chr4.106,257,68,30,1,0,414,278,7,1741,1169,80,13,7,2023
chr4.107,232,49,28,2,0,613,326,9,1777,1427,135,22,8,2173
chr4.108,193,61,50,3,2,1412,956,8,1605,1152,88,9,5,1905
chr4.109,367,60,65,3,3,2406,1538,8,2062,1479,121,17,3,2528
chr4.110,261,51,23,1,3,789,488,5,1544,1257,97,12,4,1920
chr4.111,210,66,30,5,3,435,273,12,1815,1447,121,16,11,2202
chr4.112,200,59,31,1,2,1039,683,8,1639,1311,55,13,7,2115
chr4.113,402,61,88,0,6,2089,1406,14,2159,1618,176,35,7,2716
chr4.114,415,64,84,4,6,2891,1817,24,2984,2180,238,66,10,3467
chr4.115,354,64,102,2,1,2835,1765,24,2656,1792,204,29,4,3065
chr4.118,241,47,83,4,2,1461,970,13,2166,1570,115,24,8,2651
chr4.119,254,62,66,4,2,1207,849,17,1937,1345,121,27,7,2283
chr4.120,235,54,55,1,6,1266,793,7,1882,1313,99,21,6,2249
chr4.121,186,53,32,4,1,556,320,2,1419,1096,74,9,6,1713
chr4.122,285,47,25,3,3,657,494,9,1980,1522,115,28,6,2516
chr4.123,289,47,59,1,7,1490,991,26,2978,1931,246,71,13,3240
chr4.124,365,70,98,0,9,2386,1605,25,3466,2585,369,77,22,3884
chr4.125,271,49,65,2,8,1507,1042,26,2158,1659,211,46,7,2392
chr4.127,270,63,44,1,4,1040,647,14,1946,1422,129,25,9,2290
chr4.128,298,59,102,3,7,2456,1548,33,3541,2487,326,67,15,3844
chr4.129,347,65,84,0,7,1756,1182,25,4026,2878,375,81,10,4360
chr4.131,397,73,80,2,12,1975,1258,32,4262,3103,388,89,14,4595
chr4.132,303,55,109,3,6,2677,1589,29,3457,2224,324,74,13,3521
chr4.133,417,60,134,4,9,3109,1836,29,3724,2685,338,86,13,3969
chr4.134,428,70,126,2,12,3081,1940,38,4226,3070,372,71,9,4624
chr4.135,268,58,117,2,4,3024,1738,17,3260,2413,301,85,8,3616
chr4.136,308,59,78,4,11,1916,1140,12,2058,1499,127,22,8,2423
chr4.137,207,47,21,1,3,762,466,6,1373,984,73,9,11,1575
chr4.138,195,54,30,0,9,622,421,6,1190,1081,61,11,5,1511
chr4.139,239,54,35,5,3,776,573,13,1875,1406,118,25,4,2261
chr4.140,275,51,26,3,5,597,340,7,1629,1247,79,16,4,2039
chr4.141,203,61,27,0,2,832,464,4,1505,1291,55,17,7,1952
chr4.144,227,61,55,0,8,1209,795,6,1628,1234,85,16,5,1984
chr4.145,235,47,76,7,6,1843,1167,15,1999,1512,114,16,13,2390
chr4.146,194,73,42,2,4,833,507,7,1513,1138,71,11,3,1817
chr4.147,246,48,78,0,9,1177,652,10,1824,1369,72,9,10,2318
chr4.148,213,52,33,1,5,588,411,5,1253,1146,71,11,6,1669
chr4.149,209,72,34,3,5,562,412,4,1006,921,57,8,9,1309
chr4.150,232,58,39,0,4,782,531,11,1527,1223,79,15,6,1851
chr4.151,182,44,23,1,2,443,243,3,1051,1003,44,9,6,1378
chr4.152,259,60,46,4,11,1274,758,19,1864,1621,126,30,10,2315
chr4.153,259,60,65,1,3,1838,1170,30,2355,1724,193,41,12,2684
chr4.154,267,68,51,3,8,1292,870,18,2353,1789,210,47,9,2657
chr4.155,284,54,54,3,7,1500,1143,25,2428,1693,177,39,14,2772
chr4.156,295,68,39,7,3,1453,900,11,1635,1332,112,23,8,2000
chr4.157,257,70,49,0,3,1255,853,6,1329,1188,69,15,7,1706
chr4.158,425,72,100,5,6,1820,1396,18,2123,1732,180,38,8,2606
chr4.159,475,74,112,1,8,2073,1606,30,2927,2323,237,51,10,3519
chr4.160,393,77,106,5,10,2203,1584,28,2227,1953,176,32,13,2877
chr4.161,409,77,93,6,9,2650,1671,21,1948,1548,119,30,4,2406
chr4.162,436,63,125,1,5,3262,1998,30,2573,1847,214,54,9,2851
chr4.163,255,46,67,1,8,1777,1201,8,1782,1346,126,27,8,2057
chr4.164,257,73,143,11,9,3193,1963,27,2521,1940,209,50,3,2925
chr4.165,395,71,134,6,10,2806,1864,20,2728,2151,221,68,8,3235
chr4.166,254,58,61,4,4,2001,1163,11,1596,1376,92,21,6,2016
chr4.167,225,61,20,1,2,493,285,3,1026,940,53,6,5,1325
chr4.168,267,58,68,4,3,1826,1091,9,1623,1344,105,20,11,2004
chr4.169,385,69,68,6,7,1223,761,28,2967,2349,273,64,8,3450
chr4.170,440,68,97,7,0,1354,672,22,2241,1732,183,43,13,2705
chr4.171,227,59,58,1,5,1468,849,6,1497,1161,64,16,9,1836
chr4.172,304,63,57,2,3,1766,1048,14,1875,1572,128,30,3,2264
chr4.173,465,82,120,3,2,2914,1934,24,2966,2125,281,62,11,3073
chr4.174,285,52,76,1,2,1647,1062,27,2800,2147,255,61,7,3009
chr4.175,255,51,58,3,3,1755,1240,18,2376,1855,208,57,16,2713
chr4.176,413,80,106,5,1,2218,1478,16,2949,2189,218,62,9,3390
chr4.177,559,79,72,4,0,1236,779,31,3471,2719,356,88,19,3726
chr4.178,520,55,51,1,1,706,468,24,3107,2445,318,71,17,3186
chr4.179,458,88,154,6,3,1532,962,16,2549,1999,249,63,15,2576
chr4.180,314,74,75,7,2,1828,1114,14,2352,1813,182,58,16,2388
chr4.181,202,49,21,0,1,740,412,10,1275,1144,86,22,6,1564
chr4.182,204,50,34,0,0,691,451,3,1198,1139,57,13,10,1541
chr4.183,185,55,23,1,3,515,313,8,1281,1159,72,10,4,1548
chr4.184,221,54,44,2,1,1061,658,15,1258,1139,73,13,13,1585
chr4.185,253,51,79,1,1,2091,1190,9,1483,1425,97,24,12,1927
chr4.187,318,82,78,3,0,1574,972,23,2506,1799,259,63,11,2482
chr5.2,313,71,80,3,1,1110,748,5,1107,755,127,6,11,1181
chr5.3,418,82,120,7,6,2903,2012,34,2537,1574,315,49,11,2339
chr5.4,488,95,175,6,11,1685,1277,30,3278,1894,394,87,14,2843
chr5.5,305,69,88,2,6,2103,1489,45,3783,2201,384,75,19,3521
chr5.6,308,59,80,5,9,2073,1379,30,2699,1650,262,47,9,2652
chr5.7,283,71,75,3,8,1982,1420,24,1957,1269,163,35,9,2013
chr5.8,257,57,53,2,5,972,624,26,2181,1496,163,36,5,2451
chr5.9,354,66,57,2,11,1553,1072,19,2224,1561,176,36,6,2563
chr5.10,245,70,61,3,9,1696,1129,8,1353,1181,86,19,12,1763
chr5.11,252,85,50,1,6,1420,947,8,1331,1053,102,22,5,1564
chr5.12,348,64,120,5,10,2552,1888,36,2869,1862,262,63,12,2987
chr5.13,439,89,119,5,9,3565,2386,33,3754,2200,333,60,10,3759
chr5.14,281,76,101,3,9,3397,2396,21,2396,1600,193,41,10,2642
chr5.15,220,59,41,2,3,835,574,8,1157,834,72,9,6,1373
chr5.16,387,68,101,1,7,1152,862,25,2064,1497,188,31,9,2399
chr5.17,328,57,60,2,7,1465,931,15,1408,1035,105,16,10,1643
chr5.19,586,81,86,1,2,1422,1115,39,3028,1991,285,44,15,3257
chr5.20,620,99,107,2,7,2369,1774,34,4106,2459,412,73,18,3975
chr5.23,532,88,82,3,8,2404,1498,38,4244,2329,416,90,17,3910
chr5.24,513,78,129,2,11,3201,2389,46,4259,2547,412,80,14,4001
chr5.25,529,77,142,3,4,3016,2120,29,4208,2718,370,73,19,4200
chr5.26,647,88,170,3,7,2791,2029,42,4570,2845,435,80,21,4366
chr5.27,506,80,167,1,5,3253,2362,51,4266,2740,459,77,18,4225
chr5.28,368,75,136,3,11,2943,2356,47,3665,2436,427,91,23,3439
chr5.29,484,100,145,0,10,3116,2345,38,3477,2402,379,80,19,3511
chr5.30,474,80,149,2,5,2920,2039,49,3645,2396,389,73,15,3734
chr5.31,332,51,155,7,15,3029,2214,43,3405,2148,314,63,12,3547
chr5.32,247,65,54,1,2,998,681,18,1793,1300,142,27,11,2011
chr5.33,216,69,51,2,2,981,780,10,1299,1065,97,28,13,1637
chr5.34,231,71,85,1,5,1498,1101,41,2006,1380,165,34,6,2287
chr5.36,233,59,82,0,7,2372,1436,18,1724,1317,113,23,11,2112
chr5.37,235,69,55,2,2,1054,718,12,1914,1350,113,15,3,2193
chr5.39,210,62,73,5,2,2210,1359,20,2124,1530,162,35,11,2388
chr5.40,225,64,77,1,3,1406,851,9,1549,1269,96,8,2,2017
chr5.41,258,61,94,4,4,1709,1156,11,1631,1233,82,14,12,2018
chr5.42,255,61,141,1,6,2145,1553,22,1974,1365,106,19,13,2355
chr5.43,280,58,145,0,10,2321,1617,17,2092,1502,130,26,11,2512
chr5.45,419,72,111,4,9,1426,1160,33,2663,1829,220,38,15,3034
chr5.46,577,65,128,1,11,2321,1710,24,2560,1530,202,31,15,2727
chr5.48,442,62,93,2,16,2326,1600,23,2617,1721,175,47,10,2949
chr5.49,280,67,65,1,19,1320,919,10,1793,1318,102,28,8,2169
chr5.50,278,69,38,1,0,713,520,19,1664,1318,96,17,10,2085
chr5.51,270,68,41,2,7,728,497,11,1737,1287,83,22,7,2091
chr5.52,205,53,22,0,1,533,376,10,1349,1004,66,8,4,1606
chr5.53,200,56,37,1,3,573,402,10,1625,1156,90,17,10,1848
chr5.54,269,64,37,1,5,708,453,19,1817,1244,104,19,6,2082
chr5.55,270,67,32,3,4,858,551,15,1848,1338,111,17,8,2267
chr5.57,227,60,30,1,2,430,319,5,1448,1192,64,15,17,1834
chr5.58,241,62,45,1,6,818,609,11,1560,1223,85,10,4,1944
chr5.60,366,63,111,2,11,2256,1663,31,2995,1940,241,58,11,3331
chr5.61,262,60,65,2,6,1271,869,17,2001,1487,114,34,12,2397
chr5.62,236,50,30,2,1,971,702,6,1470,1135,65,13,5,1893
chr5.63,244,72,32,2,2,980,769,18,1654,1306,104,17,9,2040
chr5.64,267,58,30,3,3,610,455,5,1581,1131,63,17,6,1877
chr5.65,239,48,36,1,5,815,587,6,1427,1171,47,8,5,1813
chr5.69,216,53,19,0,1,533,398,7,1554,1079,70,9,9,1815
chr5.70,238,67,28,2,7,764,435,2,1317,1034,40,11,9,1598
chr5.71,245,50,37,0,3,859,590,5,1228,991,50,12,8,1524
chr5.73,232,56,39,0,5,900,538,9,1426,1043,65,16,8,1750
chr5.74,202,61,29,1,1,659,506,10,1881,1232,80,14,9,2127
chr5.76,229,67,28,0,2,674,501,11,1585,1169,81,11,10,1894
chr5.78,219,52,36,0,4,531,368,3,1744,1216,84,11,8,2054
chr5.79,189,56,32,2,4,740,565,12,1809,1269,104,21,7,2130
chr5.80,269,62,50,1,7,859,732,16,2128,1498,148,22,3,2436
chr5.81,462,66,67,4,13,1378,954,28,3270,2061,275,64,9,3415
chr5.82,485,86,75,7,12,2099,1616,39,3499,2340,315,82,23,3672
chr5.83,324,59,57,0,17,1313,1066,29,2243,1655,186,37,12,2571
chr5.84,364,71,54,1,7,1795,1156,24,2063,1448,138,17,6,2413
chr5.85,322,65,33,2,6,1049,794,20,2096,1467,147,25,7,2367
chr5.86,536,76,37,1,10,902,605,33,2342,1639,193,43,8,2741
chr5.87,255,67,43,2,4,935,598,8,1585,1246,90,10,1,1915
chr5.88,226,70,42,0,3,1550,1084,17,1784,1382,127,16,9,2195
chr5.90,265,73,32,2,7,584,448,16,1776,1257,129,22,10,2051
chr5.91,256,53,43,2,7,1370,929,28,2160,1535,138,29,9,2552
chr5.92,254,63,47,2,5,1131,750,10,1399,1118,82,14,12,1749
chr5.93,192,55,29,2,2,746,559,3,1361,1172,47,9,7,1838
chr5.94,323,53,56,1,7,1477,1067,12,1803,1236,85,19,5,2176
chr5.95,370,65,53,1,2,788,528,9,1539,1047,65,10,6,1847
chr5.98,383,63,72,4,8,2196,1353,27,2537,1809,208,55,11,3035
chr5.99,247,62,63,2,11,1712,1009,19,2099,1417,119,43,6,2417
chr5.100,319,71,40,1,8,1246,816,16,1963,1420,109,23,9,2349
chr5.101,481,66,73,4,2,1310,727,24,2006,1321,145,31,10,2285
chr5.102,700,86,103,5,4,2479,1588,42,2835,1789,223,44,6,3155
chr5.103,416,60,55,0,3,1513,894,24,2685,1703,193,49,7,3005
chr5.104,343,46,30,1,6,661,504,12,1834,1360,99,15,11,2336
chr5.105,302,63,47,1,5,570,385,6,1582,1285,107,14,8,1961
chr5.106,256,65,39,0,9,815,522,10,1832,1279,88,16,6,2128
chr5.107,335,55,95,8,3,2028,1332,28,2649,1712,195,31,7,2923
chr5.108,269,49,72,3,3,1880,1356,30,2219,1442,170,36,8,2492
chr5.109,240,56,35,1,4,1108,749,20,1836,1230,138,23,6,2026
chr5.110,329,62,53,1,4,1506,1040,25,2094,1505,171,43,7,2455
chr5.111,481,61,89,3,5,2275,1495,17,2138,1485,154,24,7,2399
chr5.112,230,74,51,0,7,882,540,10,1346,1118,71,12,10,1670
chr5.113,258,48,60,0,5,541,357,7,1648,1223,101,22,5,1917
chr5.114,290,69,58,1,5,1434,923,32,2379,1751,193,40,13,2816
chr5.115,220,79,30,2,7,772,485,26,2109,1481,140,26,5,2483
chr5.116,307,67,53,5,6,1849,1215,13,1608,1133,90,20,6,1885
chr5.117,503,82,76,2,9,1826,1244,27,2803,1791,206,49,7,3076
chr5.118,499,83,50,2,4,822,614,31,2361,1740,197,42,13,2793
chr5.119,265,67,71,0,4,1723,1228,12,1570,1280,83,14,8,1983
chr5.120,272,48,50,0,8,1056,741,8,1562,1234,79,13,4,1946
chr5.121,305,65,25,1,8,656,427,8,1751,1179,73,15,5,2045
chr5.122,235,71,31,0,5,737,508,11,2008,1405,94,16,6,2377
chr5.124,345,67,27,0,2,714,473,11,1423,1154,73,17,10,1837
chr5.125,470,57,50,3,2,1496,975,19,1961,1501,111,29,9,2376
chr5.126,434,82,64,3,8,1486,953,21,2276,1485,133,38,4,2581
chr5.128,221,67,51,1,3,561,395,5,1270,1070,55,15,5,1635
chr5.129,252,76,33,1,5,471,303,4,954,781,54,13,4,1172
chr5.130,250,57,37,1,8,658,474,5,1148,987,71,17,7,1426
chr5.132,252,69,39,2,4,955,715,5,1276,1043,58,7,6,1613
chr5.133,318,78,68,2,6,1881,1378,15,1654,1360,98,21,10,2101
chr5.134,256,51,43,1,2,695,527,14,1579,1174,133,21,3,1871
chr5.137,285,67,43,3,4,1040,718,11,1233,995,83,11,9,1504
chr5.138,276,78,30,3,8,1005,711,13,1533,1110,124,15,10,1711
chr5.139,246,49,25,1,0,520,385,6,1126,938,59,13,11,1425
chr5.140,259,74,33,2,2,772,521,5,1817,1285,102,20,5,2153
chr5.141,281,61,94,0,10,2472,1800,24,2380,1615,143,21,15,2843
chr5.142,198,59,50,3,5,1457,978,9,1401,1085,65,22,8,1738
chr5.143,279,57,34,3,1,754,493,14,1567,1217,100,19,6,1895
chr5.144,352,67,45,0,5,855,515,14,1829,1407,97,10,7,2238
chr5.145,261,58,88,2,2,1317,874,11,1680,1240,86,10,7,2037
chr5.146,256,72,21,1,2,514,339,6,990,819,56,9,8,1241
chr5.147,247,65,24,2,2,716,484,10,962,821,67,6,6,1179
chr5.148,273,58,27,3,2,667,533,13,1382,996,100,14,7,1569
chr5.150,402,53,114,2,8,2510,1811,37,2520,1548,197,58,9,2668
chr5.151,241,51,21,0,1,535,380,8,1146,879,54,15,5,1360
chr5.153,356,58,52,2,4,559,369,34,2186,1581,185,29,9,2552
chr5.154,256,59,29,3,2,1005,621,7,1271,1015,70,10,8,1590
chr5.155,312,61,47,2,3,1211,711,17,1908,1470,145,28,8,2274
chr5.156,296,55,36,1,3,1097,716,17,1685,1273,142,28,5,1947
chr5.157,256,71,35,1,5,855,514,6,1110,912,65,2,4,1364
chr5.158,430,74,83,11,4,2498,1765,19,2139,1531,156,36,6,2521
chr5.159,457,76,92,6,12,1531,1009,30,2651,1853,218,52,9,3014
chr5.160,388,70,65,5,3,1586,1041,26,1831,1410,161,25,9,2173
chr5.161,548,86,48,2,9,1142,703,42,3109,1963,304,69,13,3240
chr5.162,699,91,58,1,4,1075,744,29,3110,1917,325,77,17,3243
chr5.163,571,81,113,3,11,1708,1070,37,2585,1737,300,77,20,2647
chr5.164,399,67,116,4,9,2015,1691,27,2213,1558,192,43,21,2474
chr5.165,251,69,69,1,5,1176,770,11,1237,951,64,12,7,1454
chr5.166,305,71,58,1,4,1989,1236,32,2303,1534,182,47,5,2487
chr5.167,389,61,23,2,2,1095,587,9,1638,1219,144,27,13,1874
chr5.168,271,51,37,1,6,1178,528,11,1359,1057,97,17,13,1588
chr5.169,251,54,41,2,0,621,386,3,935,791,49,10,8,1131
chr5.170,267,67,30,3,2,682,488,14,1335,1014,79,18,8,1537
chr5.171,361,68,70,1,2,941,634,6,1630,1156,105,25,10,1786
chr6.2,186,47,47,2,3,631,434,5,1177,903,79,20,6,1361
chr6.3,182,55,40,3,5,691,413,6,1101,858,76,10,11,1372
chr6.4,197,49,56,2,2,730,402,8,1207,769,73,11,6,1289
chr6.5,218,57,42,3,7,592,416,7,1592,973,82,11,8,1794
chr6.6,225,53,51,5,8,722,406,8,1248,876,86,10,5,1399
chr6.7,244,61,84,4,8,1332,856,5,1414,972,78,4,4,1662
chr6.8,230,67,40,3,0,874,512,5,1185,890,69,10,13,1419
chr6.9,220,54,51,2,9,756,439,18,1838,1164,108,16,4,2143
chr6.10,260,60,68,4,9,679,436,28,2613,1406,256,43,7,2721
chr6.11,233,46,52,4,6,687,456,18,1709,1017,141,12,9,1836
chr6.12,226,67,68,1,6,743,506,5,1270,955,60,11,6,1569
chr6.13,221,55,90,3,5,1417,1034,9,1589,1113,91,16,4,1835
chr6.14,230,66,54,5,4,555,444,4,1459,927,82,11,7,1667
chr6.15,197,55,48,5,4,879,553,11,1572,984,90,8,12,1726
chr6.16,185,77,55,2,2,624,413,2,1390,850,67,11,6,1558
chr6.17,199,61,57,5,7,606,405,9,1414,929,83,15,6,1640
chr6.18,184,56,54,1,2,851,481,4,1336,874,74,11,7,1477
chr6.19,224,48,37,3,3,833,505,13,1614,1002,129,12,6,1793
chr6.20,205,65,63,5,5,1045,706,23,2041,1221,188,39,6,2189
chr6.21,175,50,30,2,7,521,377,8,1175,919,69,11,6,1454
chr6.22,198,67,49,5,8,650,440,7,1422,941,82,11,4,1616
chr6.23,263,58,49,3,15,767,552,11,1981,1280,131,28,3,2306
chr6.24,218,56,63,4,7,1019,692,24,2588,1494,197,39,7,2826
chr6.25,189,61,59,1,3,900,513,6,1559,926,93,13,6,1728
chr6.26,225,57,54,5,9,857,573,3,1522,1004,82,7,7,1767
chr6.28,240,47,86,7,7,1288,807,11,1910,1156,125,18,5,2039
chr6.29,239,56,75,8,8,1259,867,12,1974,1090,139,21,8,2017
chr6.30,224,49,43,4,3,1254,841,17,1528,1089,115,15,3,1765
chr6.31,197,80,37,3,12,657,457,5,932,672,67,7,6,1086
chr6.33,189,50,39,4,9,882,538,5,1254,873,67,3,6,1446
chr6.34,209,67,57,3,6,786,532,3,881,666,71,6,6,1028
chr6.35,185,70,41,0,5,567,346,6,879,689,49,7,8,1069
chr6.36,183,80,39,4,1,717,440,3,948,666,46,6,3,1077
chr6.37,194,65,40,5,6,693,492,4,932,603,43,5,5,1041
chr6.38,212,67,51,1,7,694,454,2,1248,853,66,10,6,1427
chr6.39,197,55,60,3,4,740,516,2,1371,1015,79,8,3,1639
chr6.40,213,56,55,2,7,1101,698,8,1653,1046,101,8,7,1824
chr6.41,266,53,70,3,8,1504,976,9,1611,1052,100,23,8,1772
chr6.42,231,51,62,2,4,871,553,3,1129,753,56,16,6,1257
chr6.44,193,73,37,1,5,761,489,3,792,587,54,5,9,914
chr6.45,191,46,37,4,7,758,476,7,1286,876,80,19,8,1499
chr6.46,230,63,45,2,6,706,440,6,1388,1046,81,9,6,1671
chr6.47,227,51,54,4,12,1070,646,7,1482,1198,48,7,1,1930
chr6.48,219,58,56,1,5,868,565,10,1350,1108,80,10,4,1774
chr6.49,335,65,139,9,9,1775,1028,35,2229,1415,191,23,3,2603
chr6.50,345,78,128,3,18,2875,1865,30,2058,1345,155,20,3,2449
chr6.51,312,72,95,3,8,1204,801,36,2764,1838,268,38,3,3085
chr6.52,233,75,52,1,9,614,462,25,1902,1344,147,26,5,2311
chr6.53,200,49,46,2,5,613,409,3,1102,988,50,4,5,1488
chr6.54,190,67,41,4,9,1089,620,7,1302,1075,69,10,4,1709
chr6.55,281,58,145,6,8,2995,1985,10,1775,1229,88,10,5,2189
chr6.56,354,71,155,10,5,2856,1916,26,2246,1615,209,30,9,2709
chr6.57,220,53,62,2,2,879,621,13,1496,1209,84,8,9,1947
chr6.60,404,81,191,8,30,2793,1827,17,2573,1774,225,39,8,2961
chr6.61,267,55,121,12,4,1568,971,11,1526,1270,89,16,13,2018
chr6.63,539,76,90,0,1,1126,679,28,3023,2450,293,61,13,3717
chr6.64,483,89,87,0,4,990,663,20,3352,2540,339,77,15,3909
chr6.65,299,75,59,3,9,1138,724,38,3440,2682,359,84,17,3913
chr6.66,321,55,75,1,7,1013,616,36,3491,2421,344,71,10,3803
chr6.67,244,55,65,1,4,1826,1120,25,2230,1611,181,36,11,2620
chr6.68,208,60,31,1,4,1088,668,12,1594,1218,88,10,7,1966
chr6.69,291,42,52,5,9,2191,1383,25,2741,1790,211,35,10,3071
chr6.70,289,54,29,2,2,1723,983,24,2650,1800,228,50,7,2904
chr6.73,213,63,25,1,5,835,553,10,1633,1170,89,16,10,1939
chr6.74,341,60,94,0,10,1706,1288,22,2541,1763,219,45,9,2901
chr6.75,350,73,84,1,0,2255,1664,20,2567,1621,212,38,11,2869
chr6.76,251,58,61,1,5,2152,1363,16,2050,1496,148,19,6,2472
chr6.77,182,48,26,0,3,875,535,10,1629,1196,91,12,5,1986
chr6.78,307,61,27,2,3,836,530,12,2070,1302,136,29,9,2352
chr6.79,330,59,36,1,10,873,556,12,1826,1305,104,16,10,2251
chr6.80,233,62,53,3,3,1418,976,13,1810,1237,110,25,11,2098
chr6.81,286,65,56,3,10,1867,1245,12,1636,1238,115,11,4,1983
chr6.82,309,67,77,4,4,2681,1632,12,1990,1398,155,35,8,2309
chr6.85,181,67,25,1,7,893,509,14,1596,1253,88,12,6,1948
chr6.86,229,51,39,0,5,863,633,9,1836,1301,111,23,4,2108
chr6.87,207,61,42,0,4,413,292,8,1607,1121,92,25,8,1816
chr6.88,303,50,28,0,3,1263,845,25,2294,1605,160,25,11,2501
chr6.89,252,76,61,1,1,1861,1332,27,3430,1827,256,56,16,3279
chr6.90,331,55,89,3,8,2655,1729,40,4062,2411,318,68,8,4166
chr6.91,220,68,94,3,5,2977,1944,16,2872,1976,230,50,8,3292
chr6.93,313,54,87,2,8,2633,1806,21,2730,1848,213,41,5,3014
chr6.94,223,58,36,2,5,1213,830,20,2158,1475,138,24,8,2477
chr6.95,354,65,50,4,4,2269,1387,31,2999,2033,257,43,12,3388
chr6.96,323,75,18,1,0,1202,723,18,2199,1543,172,27,10,2534
chr6.97,261,50,40,2,4,1473,1006,19,2165,1419,123,26,6,2505
chr6.98,263,56,36,0,6,999,558,9,1829,1317,123,20,8,2177
chr6.99,454,58,41,2,5,1516,1079,28,3257,2050,297,68,16,3482
chr6.100,579,77,81,1,6,2639,1645,32,3824,2626,337,83,14,4101
chr6.101,523,92,78,1,8,3021,2011,34,3235,2148,311,54,13,3559
chr6.102,305,52,34,1,4,1127,678,16,1769,1308,131,14,12,2104
chr6.103,255,70,23,1,1,1070,714,11,1552,1181,74,11,3,1889
chr6.104,188,60,22,0,1,735,428,6,1077,849,61,10,9,1333
chr6.105,196,54,15,2,1,460,314,2,1426,1061,66,13,5,1684
chr6.106,194,39,13,1,1,377,287,6,1091,894,42,12,4,1398
chr6.107,182,55,14,0,0,670,457,11,1495,1217,92,8,7,1902
chr6.108,194,69,17,0,1,324,238,1,1232,1023,53,11,13,1560
chr6.109,201,70,16,2,5,557,380,12,1776,1246,120,20,5,2068
chr6.110,233,54,21,0,4,1050,602,17,2203,1473,118,27,6,2629
chr6.111,249,67,23,1,0,904,566,7,1659,1324,99,19,13,2035
chr6.112,378,66,60,4,6,2594,1732,27,2763,1927,229,47,10,3217
chr6.113,213,49,60,3,4,1483,931,11,1727,1321,119,21,6,2067
chr6.114,289,61,42,2,2,1848,1155,11,1853,1461,93,12,6,2346
chr6.115,276,66,24,1,3,552,365,24,2206,1636,193,36,7,2555
chr6.116,193,47,26,1,6,1119,706,17,1796,1228,127,14,8,2037
chr6.117,337,71,78,1,5,2872,1824,29,2618,1803,195,37,12,3010
chr6.118,363,71,51,3,8,1958,1341,27,2102,1501,173,24,8,2498
chr6.119,342,84,50,7,3,1353,844,31,2312,1677,221,42,10,2676
chr6.120,243,56,34,4,3,1598,1009,18,2103,1499,157,25,5,2467
chr6.121,382,62,53,3,4,2239,1426,28,3005,1807,230,56,6,3212
chr6.122,240,52,62,1,3,1469,839,16,2031,1363,123,27,6,2334
chr6.124,226,45,34,5,2,892,627,14,2114,1622,137,36,8,2531
chr6.125,238,45,33,4,4,2047,1120,7,1847,1294,93,17,7,2240
chr6.126,297,62,31,4,5,1342,833,12,2114,1455,101,18,10,2544
chr6.127,215,68,35,4,6,1752,952,14,1688,1299,82,15,5,2089
chr6.128,203,53,39,2,7,1629,1003,5,1355,1182,75,13,14,1818
chr6.129,187,51,20,1,0,608,364,3,1698,1283,71,18,6,2114
chr6.130,312,52,34,2,3,1471,828,17,2260,1548,135,30,8,2611
chr6.131,229,59,20,0,3,1053,708,7,1655,1290,81,17,6,1999
chr6.132,210,53,16,1,2,435,255,6,1308,1048,68,9,9,1655
chr6.133,190,58,21,3,4,1429,873,8,1598,1287,84,15,11,1989
chr6.134,220,65,25,2,2,783,470,6,1284,1076,50,13,5,1640
chr6.135,204,59,32,3,2,635,374,6,1372,1115,58,18,5,1731
chr6.136,204,56,24,0,0,537,305,7,1442,1125,67,10,14,1745
chr6.137,231,65,14,1,2,881,454,13,1988,1401,109,26,9,2295
chr6.138,277,49,15,1,2,789,494,21,2382,1452,177,36,2,2585
chr6.139,197,78,22,2,2,1007,578,18,1998,1406,157,22,12,2317
chr6.140,214,63,31,1,4,732,425,4,1485,1183,72,9,5,1825
chr6.141,190,57,24,1,3,628,444,8,1319,1005,73,5,11,1627
chr6.142,240,51,22,2,2,868,502,12,1733,1239,112,25,1,2097
chr6.143,316,59,30,0,4,558,306,19,2123,1526,130,29,10,2509
chr6.144,267,69,23,3,5,615,384,5,1705,1308,70,15,8,2145
chr6.145,193,55,15,0,3,503,339,9,1201,1047,111,12,8,1518
chr6.146,237,62,15,0,4,608,308,14,1833,1298,104,21,11,2080
chr6.147,201,67,14,1,7,591,345,2,1226,917,62,13,5,1481
chr6.148,173,42,8,0,4,337,251,5,1306,924,82,20,17,1477
chr6.149,192,49,25,0,0,749,440,22,2332,1544,195,37,9,2508
chr6.150,303,53,42,1,5,1192,769,23,2520,1818,192,44,4,2860
chr6.151,258,69,31,1,8,719,490,21,2123,1441,175,32,7,2380
chr6.152,243,59,23,0,8,555,354,2,1447,1049,65,11,10,1729
chr6.153,283,66,37,1,2,1440,1154,14,2080,1421,127,27,8,2375
chr6.155,187,51,18,0,1,349,269,5,978,772,57,7,3,1172
chr6.156,191,57,24,5,3,731,463,10,1345,1060,92,16,9,1611
chr6.157,221,58,29,0,6,1013,572,5,1325,1002,79,14,8,1571
chr6.160,214,63,37,0,5,832,540,29,2601,1754,274,58,14,2690
chr6.161,261,72,26,0,1,531,328,31,2953,1907,352,70,17,2922
chr6.162,360,63,19,1,3,626,473,35,2880,1848,288,59,11,2937
chr6.163,263,58,24,2,2,607,363,8,1897,1260,129,29,5,2100
chr6.166,224,48,28,0,1,1039,677,9,1702,1159,117,8,4,1837
chr7.2,213,56,52,3,1,828,507,13,873,642,108,10,18,911
chr7.3,234,76,53,4,5,604,396,5,748,545,103,12,12,770
chr7.4,247,65,82,5,9,1298,1037,18,2161,1361,189,46,11,2212
chr7.8,218,53,44,4,6,819,446,10,1351,1086,48,16,1,1706
chr7.9,334,65,94,3,8,1633,999,23,1959,1421,153,32,7,2324
chr7.10,554,120,74,1,7,1525,1021,39,3449,2107,401,76,13,3481
chr7.11,424,88,67,3,2,1482,972,27,2856,1912,308,74,11,3041
chr7.12,240,69,69,2,6,1197,807,16,2150,1502,162,32,9,2521
chr7.13,260,55,57,2,6,1139,640,9,1781,1280,97,23,11,2079
chr7.14,420,78,57,2,6,1678,939,17,2305,1594,171,34,8,2657
chr7.15,310,67,74,2,9,1523,977,21,2565,1635,238,28,9,3023
chr7.16,248,48,58,4,7,1130,732,28,2361,1541,183,38,13,2664
chr7.17,247,54,35,0,7,889,549,10,1385,1109,90,18,8,1717
chr7.18,218,54,35,5,4,616,420,6,1513,1208,80,17,7,1890
chr7.19,404,73,69,0,2,2459,1418,26,2348,1565,196,34,17,2655
chr7.20,392,77,66,1,8,1509,947,30,2681,1690,265,35,17,2896
chr7.21,264,73,62,2,4,1583,916,11,1727,1222,113,18,4,2038
chr7.22,312,82,37,0,6,1770,1083,19,2005,1370,133,30,16,2230
chr7.23,259,63,30,1,7,1442,899,9,1649,1202,108,27,6,1903
chr7.25,228,65,80,4,9,1850,1238,14,1727,1287,130,28,12,2021
chr7.26,291,56,46,3,6,972,635,10,1481,1244,78,23,6,1911
chr7.27,217,63,37,2,5,1019,611,9,1560,1134,91,14,6,1894
chr7.28,199,78,51,3,5,844,489,7,1380,988,90,17,12,1629
chr7.29,232,51,38,2,3,958,568,10,2010,1354,138,18,14,2245
chr7.30,188,65,31,2,4,532,358,6,1271,1030,75,13,10,1606
chr7.31,194,59,29,1,3,570,395,7,1106,831,46,8,12,1323
chr7.32,316,65,79,5,3,1939,1347,17,1894,1321,143,27,5,2132
chr7.34,188,65,40,1,6,721,463,10,1382,1125,88,15,11,1718
chr7.35,379,66,97,5,6,3318,2292,26,1745,1308,161,20,16,2065
chr7.37,219,58,59,3,6,878,583,6,1407,990,95,20,9,1616
chr7.38,279,77,91,1,4,1385,1041,29,2054,1459,183,38,12,2250
chr7.39,235,66,39,1,2,932,617,20,2168,1441,178,37,12,2380
chr7.40,211,56,47,2,4,1475,1069,13,1697,1183,144,19,8,1899
chr7.41,222,77,50,4,6,858,541,16,1681,1329,126,23,4,2109
chr7.42,262,68,80,3,10,2338,1497,35,2330,1662,253,50,15,2597
chr7.43,288,68,43,3,5,1067,671,34,2565,1648,260,61,12,2605
chr7.44,237,70,57,2,5,1193,736,19,1729,1238,135,32,14,1939
chr7.47,201,62,36,1,6,968,528,20,2311,1432,185,46,6,2444
chr7.48,192,67,33,1,2,774,446,12,1250,960,98,14,8,1468
chr7.49,367,72,70,4,4,1026,664,29,2146,1507,227,44,13,2401
chr7.50,398,83,98,6,6,2656,1937,34,3149,1930,322,61,15,3269
chr7.51,259,75,53,2,10,1296,885,12,1657,1191,108,20,12,1880
chr7.52,327,79,68,3,11,2134,1462,17,1585,1042,106,11,10,1787
chr7.53,411,84,145,6,5,3734,2662,22,2877,1698,335,80,15,2732
chr7.54,296,74,155,11,23,4065,2746,41,3680,2148,415,99,18,3440
chr7.55,287,64,156,7,11,3182,2184,20,2506,1654,250,47,14,2663
chr7.65,379,59,98,4,7,1739,1038,38,2572,1642,321,68,19,2454
chr7.66,360,73,105,5,5,2468,1710,30,2794,1767,298,70,21,2648
chr7.67,237,79,126,2,3,1039,697,17,1901,1412,120,25,10,2176
chr7.68,379,93,139,11,9,2277,1609,22,1919,1356,240,37,17,1954
chr7.75,205,57,49,0,6,700,419,13,1570,1127,103,18,7,1845
chr7.77,352,57,35,3,2,1140,773,33,2151,1555,165,36,12,2557
chr7.78,304,63,55,3,5,647,485,12,1813,1212,99,13,11,2060
chr7.79,257,76,75,3,2,1174,899,33,2405,1680,209,36,15,2772
chr7.80,273,74,78,1,4,2256,1570,20,2351,1567,178,40,9,2653
chr7.81,367,59,37,1,5,1100,645,27,2190,1489,175,21,8,2487
chr7.82,304,61,30,0,3,1032,586,37,2853,1689,263,57,22,2893
chr7.83,496,74,96,2,5,2245,1512,33,3288,1941,323,61,13,3357
chr7.84,325,77,109,1,7,2314,1627,16,1966,1381,152,35,9,2305
chr7.85,199,58,92,0,1,1404,873,10,1717,1248,101,23,8,2019
chr7.86,270,75,72,1,6,1308,831,44,2575,1798,248,51,12,2948
chr7.87,224,65,79,3,9,1484,894,25,1866,1281,149,28,13,2172
chr7.88,192,72,74,5,3,1114,755,17,2206,1474,191,24,7,2511
chr7.90,250,70,56,3,3,957,477,4,1593,1167,89,13,10,1893
chr7.91,296,54,43,1,5,1725,1075,33,2454,1596,207,32,15,2776
chr7.92,214,45,46,2,1,942,540,20,2004,1367,150,19,3,2337
chr7.93,254,78,24,2,1,674,387,12,1913,1355,133,24,4,2215
chr7.94,299,75,59,1,1,1296,782,18,2245,1430,160,36,18,2460
chr7.96,263,56,47,2,0,1082,607,8,1153,800,82,14,9,1282
chr7.101,237,52,47,4,3,1312,854,19,2150,1419,152,27,9,2462
chr7.103,220,60,26,2,0,590,310,8,1211,928,64,8,8,1467
chr7.104,238,67,36,1,2,678,440,12,1679,1235,107,18,16,1998
chr7.105,225,50,24,2,7,540,309,9,1315,1125,88,18,12,1657
chr7.106,345,64,84,5,5,1593,971,24,2590,1757,283,45,12,2772
chr7.107,366,72,87,4,3,1577,957,37,2988,1912,295,47,14,3247
chr7.108,216,52,55,5,2,781,471,21,1675,1660,200,31,13,2300
chr7.109,215,43,27,0,2,876,496,12,1700,1122,136,25,7,1929
chr7.110,232,58,49,4,6,1468,878,14,1897,1352,128,23,10,2210
chr7.111,265,74,86,2,11,2229,1423,34,2539,1568,206,34,10,2709
chr7.112,340,82,51,2,9,1312,720,24,2853,1542,176,44,14,2971
chr7.113,295,57,52,3,4,2106,1271,19,2191,1501,131,34,11,2539
chr7.114,217,83,35,3,1,765,492,12,1314,1082,71,6,9,1700
chr7.115,228,71,71,1,4,1244,795,7,1518,1177,99,13,11,1859
chr7.116,377,60,115,7,6,2547,1680,50,2831,1873,276,42,12,3183
chr7.117,416,83,135,6,13,3441,2152,34,3334,2272,329,68,9,3595
chr7.118,230,65,62,6,7,2167,1166,28,2002,1396,178,33,8,2287
chr7.119,305,77,49,3,3,947,507,15,2044,1498,153,27,17,2353
chr7.120,238,57,89,1,3,1535,805,25,1705,1298,123,21,5,2062
chr7.121,280,74,64,6,4,1608,911,17,1897,1344,159,22,9,2230
chr7.122,308,55,70,0,6,1600,927,27,2711,1689,228,43,10,2907
chr7.123,355,66,129,8,10,2275,1461,36,3163,2080,302,74,15,3369
chr7.124,347,50,103,5,9,2613,1626,30,1639,1461,153,22,12,2193
chr7.125,229,64,46,8,1,633,410,6,1164,988,69,14,11,1450
chr7.127,233,56,29,0,1,611,394,7,1132,862,82,8,15,1298
chr7.129,264,63,86,2,1,1905,1030,6,1594,1137,117,22,15,1796
chr7.130,241,76,54,3,3,963,569,12,1791,1210,119,30,11,2038
chr7.131,228,52,70,4,1,597,334,9,1347,1146,115,24,10,1610
chr7.132,201,53,78,4,1,691,433,15,1923,1365,142,18,15,2155
chr7.133,241,59,55,4,1,1297,837,17,1909,1284,170,30,17,2053
chr7.134,428,72,101,6,13,2010,1368,48,3346,2058,383,90,19,3389
chr7.135,244,57,39,7,4,2019,1113,23,1895,1295,165,31,8,2102
chr7.136,237,51,45,4,1,1047,635,7,1283,902,81,11,12,1477
chr7.139,221,88,78,3,8,2412,1756,11,1517,1233,99,20,6,1814
chr7.142,317,63,112,2,11,1627,1060,12,1955,1517,189,36,4,2298
chr7.143,502,92,189,5,10,3426,2432,45,3465,2453,405,72,18,3663
chr7.148,258,74,95,8,4,1542,1041,6,1269,869,80,14,11,1438
chr7.149,209,64,30,3,2,593,380,4,1132,883,82,13,5,1357
chr7.153,252,75,72,7,2,1239,809,5,1470,993,99,8,13,1608
chr7.154,246,59,77,2,2,818,586,5,1284,949,75,9,14,1527
chr7.155,368,67,104,7,3,1762,1108,14,1437,957,177,23,16,1458
chr7.156,253,67,61,6,6,1207,851,9,1167,948,114,12,10,1342
chr8.2,250,66,70,3,14,1129,684,15,1553,1175,158,32,11,1677
chr8.3,197,50,91,2,21,2563,1536,6,2335,1707,191,59,10,2463
chr8.5,421,83,105,5,8,2432,1558,14,3134,2166,219,59,11,3332
chr8.6,421,77,118,9,12,3256,2165,20,3210,2065,272,79,14,3281
chr8.10,192,43,42,2,1,701,444,5,1653,1238,81,35,15,1914
chr8.11,213,65,34,1,0,692,498,8,1596,1165,103,26,11,1677
chr8.14,244,65,62,1,3,1566,1036,10,3291,1875,215,50,11,3289
chr8.16,442,55,108,0,6,2285,1286,23,3753,2512,315,93,13,3780
chr8.17,305,62,74,4,17,1481,919,11,2791,1900,178,51,14,3153
chr8.18,209,67,37,1,3,679,388,3,1233,1091,44,9,4,1633
chr8.19,254,64,44,0,4,841,463,7,1404,1161,43,9,11,1844
chr8.20,244,73,22,2,2,547,341,6,1661,1267,66,13,7,2014
chr8.21,211,55,55,3,5,1642,1028,9,1980,1473,100,18,5,2351
chr8.22,221,63,32,1,1,1128,721,5,1329,1086,85,11,11,1605
chr8.23,183,56,38,0,3,533,305,6,946,781,32,6,8,1170
chr8.24,175,72,54,2,1,1174,738,7,1531,1130,71,26,1,1859
chr8.25,218,52,89,1,5,2370,1419,7,2066,1445,98,34,8,2450
chr8.26,226,78,67,0,6,1449,848,4,1526,1152,76,13,10,1798
chr8.27,156,57,41,1,2,975,615,4,1664,1136,69,19,6,1934
chr8.28,186,72,33,2,0,700,390,3,1170,940,47,11,6,1458
chr8.29,198,61,28,1,2,463,250,4,1093,893,36,11,16,1340
chr8.30,210,49,33,1,2,569,294,3,1348,1026,57,6,4,1642
chr8.31,206,56,27,0,0,551,254,1,1349,1055,53,14,9,1615
chr8.32,277,66,58,5,6,1933,1170,15,2804,1755,195,54,5,2964
chr8.33,206,55,88,2,10,1986,1310,14,2875,1869,221,54,4,3078
chr8.34,260,68,81,2,3,1854,1173,7,1847,1222,131,26,6,2071
chr8.35,376,63,112,1,4,2694,1387,14,2846,1915,223,57,7,3149
chr8.36,248,61,123,4,8,2441,1402,12,2427,1637,202,43,10,2633
chr8.37,307,60,44,2,8,991,574,9,2211,1620,135,31,15,2641
chr8.38,245,67,24,0,4,576,358,4,965,817,49,7,7,1215
chr8.39,207,60,28,0,2,442,288,8,1164,840,73,8,7,1385
chr8.40,270,52,58,0,2,2387,1506,13,1655,1190,123,29,9,1898
chr8.41,271,52,98,3,8,2593,1505,14,1952,1343,163,25,8,2189
chr8.42,250,61,50,3,1,906,542,11,1578,1110,118,18,9,1757
chr8.44,395,71,131,12,11,3507,2269,22,2415,1069,313,57,12,1888
chr8.46,268,54,44,4,10,695,473,12,1797,1290,160,26,7,1974
chr8.47,454,82,118,3,14,2749,1852,30,3303,2214,354,89,10,3444
chr8.48,477,92,124,6,15,2210,1469,19,3208,2121,331,71,5,3350
chr8.49,343,78,115,7,17,2076,1398,13,2205,1641,227,32,15,2476
chr8.50,343,72,126,7,14,1916,1260,13,1721,1299,104,10,6,2069
chr8.51,353,73,112,7,19,2370,1485,13,2004,1449,169,26,2,2265
chr8.52,264,63,133,19,17,2750,1886,22,2095,1340,167,25,13,2261
chr8.53,327,67,146,10,16,2232,1612,17,2002,1342,174,25,8,2222
chr8.54,372,70,140,5,13,2430,1614,24,2036,1432,183,25,9,2254
chr8.55,280,81,126,7,12,2192,1318,10,2145,1570,186,29,4,2484
chr8.56,224,55,72,4,8,1147,654,12,1863,1394,139,24,14,2191
chr8.57,338,57,120,6,19,2031,1349,12,2175,1396,169,23,7,2514
chr8.58,244,52,61,6,9,950,586,10,1563,1127,86,10,8,1888
chr8.59,238,76,86,10,14,1463,938,8,1593,1138,73,10,6,1941
chr8.60,317,51,61,5,15,1224,865,14,2004,1430,117,9,9,2444
chr8.61,335,76,104,11,11,2338,1599,27,1998,1527,167,30,9,2373
chr8.62,375,77,120,13,14,2341,1694,31,3009,1977,259,62,19,3190
chr8.63,231,67,76,3,10,2098,1502,19,2141,1471,187,26,12,2380
chr8.64,208,44,49,2,12,1012,705,10,1599,1194,82,19,6,1868
chr8.65,259,54,78,3,8,1502,971,7,1616,1148,77,13,2,1887
chr8.66,391,62,193,8,12,3231,2221,28,2826,1906,270,47,5,3145
chr8.67,336,66,93,3,21,1440,956,19,2475,1546,187,35,11,2658
chr8.68,218,59,73,3,8,1017,647,8,1717,1232,106,18,4,1956
chr8.69,247,60,91,4,24,1322,892,19,1967,1523,144,15,9,2385
chr8.70,228,45,116,4,13,2424,1805,22,2515,1641,195,38,10,2785
chr8.71,201,67,66,5,9,1045,654,3,1516,1125,87,14,10,1804
chr8.72,257,45,52,5,7,859,542,18,2038,1406,142,22,6,2329
chr8.73,322,57,107,6,4,1771,1178,18,2117,1519,185,23,9,2443
chr8.74,349,70,135,6,11,2007,1401,29,2760,1825,238,40,8,3087
chr8.75,443,72,150,3,20,2548,1800,33,2798,2025,290,43,4,3255
chr8.76,347,63,128,4,15,2285,1600,15,2353,1672,188,54,12,2746
chr8.77,312,71,80,3,9,1612,1083,7,1890,1420,129,21,7,2302
chr8.78,191,49,31,4,10,509,338,8,1238,1021,63,11,3,1592
chr8.79,200,64,44,2,7,738,525,6,1531,1228,71,10,7,1925
chr8.80,369,66,111,4,14,2757,2306,13,2716,1849,242,53,11,3003
chr8.81,350,60,163,11,16,3004,2212,35,3545,2332,379,82,13,3713
chr8.82,314,70,120,6,11,2180,1526,20,3321,2146,320,78,5,3534
chr8.84,215,70,93,4,15,1642,1122,17,1830,1332,137,27,12,2124
chr8.85,411,74,105,4,16,2654,1679,32,3525,2238,382,77,11,3725
chr8.86,403,62,92,7,18,2028,1411,24,3690,2308,343,51,10,3759
chr8.87,235,52,78,3,12,1595,1170,19,2193,1549,180,30,7,2508
chr8.88,225,51,61,4,17,1463,969,11,2068,1435,156,37,4,2361
chr8.89,252,56,78,6,6,1411,1098,26,2399,1582,205,34,3,2663
chr8.90,354,68,123,5,10,2696,1953,19,2859,1787,221,37,5,3095
chr8.91,249,60,86,4,11,1806,1249,3,1948,1420,125,16,7,2386
chr8.92,212,56,42,3,12,730,454,4,1289,973,57,9,9,1579
chr8.93,190,67,71,1,5,1828,1307,4,1520,1212,115,13,6,1850
chr8.94,196,54,70,3,15,1204,949,17,2417,1486,177,31,6,2582
chr8.95,212,63,41,4,15,576,418,12,1944,1299,145,29,2,2154
chr8.96,169,66,34,1,8,484,332,6,1366,930,67,11,3,1634
chr8.97,199,64,48,4,7,541,421,8,1278,1009,60,19,8,1640
chr8.98,216,57,56,4,9,828,545,7,1360,1122,68,8,9,1742
chr8.99,219,52,75,5,6,793,550,1,1191,868,51,8,8,1426
chr8.100,194,72,57,8,7,845,542,2,1507,1027,60,10,8,1720
chr8.101,218,46,44,2,19,1143,739,4,1834,1324,124,17,5,2057
chr8.102,284,58,45,1,11,1505,1036,14,2611,1763,225,37,12,2921
chr8.104,231,66,94,2,17,1734,1184,15,2201,1547,158,32,7,2598
chr8.105,253,67,133,6,27,3366,2401,18,2295,1649,221,27,9,2571
chr8.106,260,68,76,7,10,1362,951,25,2473,1497,200,21,7,2664
chr8.107,245,70,92,5,12,2046,1420,14,2024,1297,119,19,6,2284
chr8.108,329,58,172,6,26,3400,2358,31,2578,1635,222,40,7,2786
chr8.109,565,74,131,7,21,1928,1087,31,2554,1781,242,26,8,2982
chr8.110,599,87,122,2,18,1736,1268,27,2660,2171,316,56,12,3200
chr8.111,559,94,162,8,16,3248,2335,31,3527,2472,394,82,16,3841
chr8.112,467,87,144,7,18,3063,2138,35,4274,2752,457,78,15,4242
chr8.113,264,73,111,6,13,1479,1037,31,3980,2203,399,84,14,3596
chr8.114,300,74,113,5,15,1351,944,29,2631,1548,280,42,16,2693
chr8.115,237,58,95,6,9,2149,1444,22,2137,1482,153,26,2,2459
chr8.116,187,51,113,9,15,2009,1338,8,1356,981,85,15,6,1614
chr8.117,233,52,66,6,5,1080,725,9,1807,1247,89,11,8,2194
chr8.118,191,59,41,1,9,616,438,6,1460,1087,77,10,12,1731
chr8.119,340,58,66,2,13,863,546,16,1775,1244,101,18,4,2123
chr8.120,290,49,50,6,14,1121,693,8,2120,1387,133,13,7,2363
chr8.121,171,43,36,4,3,526,356,5,1225,933,59,12,6,1496
chr8.122,194,51,39,2,8,835,593,6,1531,1095,82,11,0,1783
chr8.123,212,53,40,4,12,680,445,1,1281,937,67,11,5,1486
chr8.124,222,71,105,4,12,1310,840,6,1812,1392,122,20,7,2190
chr8.125,187,59,48,4,14,1022,642,4,1188,910,65,11,6,1448
chr8.126,230,60,59,5,5,768,524,7,1732,1150,76,21,7,2069
chr8.127,314,53,57,11,11,680,462,21,2372,1537,160,42,7,2659
chr8.128,221,53,43,3,10,666,476,14,1659,1050,109,24,6,1774
chr8.129,247,61,144,3,18,3184,2430,32,2763,1819,287,47,8,2968
chr8.130,204,62,81,9,9,1903,1264,7,1935,1270,117,29,7,2166
chr8.131,193,68,64,5,7,872,517,6,1319,1043,111,9,7,1605
chr8.132,224,70,72,4,9,1592,1077,17,1868,1343,153,26,4,2120
chr8.133,229,55,75,5,8,1142,882,25,2104,1402,188,24,12,2314
chr8.134,433,90,136,6,8,1946,1525,17,2928,1787,311,65,8,2979
chr8.135,403,78,133,4,9,2956,1837,34,3598,2062,355,72,13,3447
chr8.136,276,65,119,6,13,2299,1629,20,2312,1407,212,38,12,2339
chr8.137,249,54,127,8,14,2339,1653,18,2036,1295,162,27,9,2183
chr8.138,203,67,46,5,4,561,340,7,883,753,65,5,8,1073
chr8.140,272,69,90,1,5,1268,867,9,1413,865,154,14,18,1400
chr8.141,223,65,48,2,6,989,644,9,1024,718,113,8,10,1067
chr9.2,289,52,73,4,9,1874,1266,29,2025,1436,175,29,9,2443
chr9.3,182,55,32,2,3,467,433,10,1705,1241,124,13,6,2027
chr9.4,193,43,37,2,9,857,648,9,1678,1255,102,15,8,2011
chr9.5,213,61,30,0,2,548,354,8,1292,1046,86,8,8,1634
chr9.6,198,55,21,0,5,337,256,7,1367,1187,78,15,10,1787
chr9.8,288,50,42,2,4,804,583,11,1560,1279,106,17,6,2019
chr9.9,225,58,61,3,5,1457,1080,11,1601,1220,90,17,14,2008
chr9.11,361,67,40,2,9,1237,874,27,3124,2264,375,64,15,3601
chr9.12,448,70,45,2,4,794,533,38,3000,2279,349,66,16,3469
chr9.13,334,64,33,1,4,740,455,27,1767,1441,163,28,7,2306
chr9.14,230,73,34,1,1,785,508,18,1997,1460,151,20,9,2446
chr9.15,205,66,32,4,8,887,551,8,1670,1206,98,20,11,1999
chr9.17,207,46,31,0,1,389,269,26,2061,1442,167,33,13,2339
chr9.18,175,44,70,2,6,648,397,11,1798,1285,127,15,9,2091
chr9.19,215,54,29,1,0,695,425,10,1352,1138,86,17,6,1735
chr9.20,230,54,33,0,3,534,356,9,1315,1115,92,19,11,1697
chr9.21,216,58,33,2,4,624,395,11,1256,1035,86,7,10,1598
chr9.22,209,58,30,2,5,471,417,7,1955,1457,100,15,7,2396
chr9.23,211,45,61,5,4,1230,999,24,2389,1831,201,41,8,2959
chr9.24,328,61,105,4,12,1825,1596,32,2574,1954,267,51,15,2920
chr9.25,422,65,133,4,9,1899,1606,40,2801,2224,320,51,16,3290
chr9.26,277,51,55,4,5,1376,1181,27,2589,2089,287,56,9,3168
chr9.27,281,64,60,2,7,1086,871,18,1963,1658,174,47,11,2456
chr9.28,221,40,28,0,6,761,478,9,1500,1240,102,17,7,1920
chr9.29,329,54,56,5,8,1218,689,31,2613,1975,290,56,12,3100
chr9.30,438,47,66,0,2,1018,598,24,2729,2378,310,59,18,3526
chr9.31,439,66,65,5,7,1200,858,33,3072,2426,347,80,16,3755
chr9.32,403,78,60,4,1,803,537,26,2644,1838,264,40,11,3058
chr9.33,261,56,38,0,2,783,493,13,1590,1329,143,20,11,2002
chr9.36,207,69,58,1,1,376,270,5,993,907,55,14,9,1345
chr9.37,221,48,34,1,1,471,299,7,1098,938,70,9,11,1436
chr9.38,194,52,24,0,1,401,253,7,1128,934,61,16,9,1387
chr9.69,193,53,29,0,5,523,370,6,1195,970,77,8,10,1509
chr9.71,234,59,51,1,4,810,561,12,2023,1369,123,20,12,2305
chr9.72,192,61,42,0,4,581,454,2,1361,1070,69,10,17,1645
chr9.73,238,64,46,2,3,806,637,17,1873,1466,136,25,8,2284
chr9.74,316,62,84,2,3,1483,1134,31,2617,1903,237,67,13,2909
chr9.75,245,54,78,6,6,1532,1139,9,1707,1382,102,12,14,2118
chr9.76,186,53,74,2,5,1348,1130,2,1298,1140,70,18,8,1690
chr9.77,199,46,44,3,1,836,685,4,1531,1156,84,8,11,1886
chr9.78,203,65,34,0,6,717,508,10,1604,1169,109,17,5,1904
chr9.79,255,58,77,3,6,1370,1014,27,2541,1689,235,46,12,2761
chr9.80,229,66,73,1,5,1063,853,28,3112,1958,286,66,11,3239
chr9.81,231,46,36,2,4,514,369,21,2107,1513,184,27,13,2441
chr9.82,261,61,50,1,2,738,511,10,1950,1446,132,17,3,2375
chr9.83,213,38,34,0,7,679,518,10,1686,1182,80,14,11,1975
chr9.85,220,56,32,0,4,487,404,14,1677,1247,108,21,7,1994
chr9.87,205,50,23,1,4,447,330,14,2137,1394,167,31,16,2257
chr9.89,196,57,44,2,0,663,519,15,1387,1031,108,18,12,1564
chr9.91,199,43,33,0,5,706,595,8,1624,1124,88,18,11,1876
chr9.92,210,44,35,0,0,610,477,7,1382,1054,81,12,11,1649
chr9.93,193,50,34,4,1,439,336,5,1056,780,77,8,12,1252
chr9.95,248,70,30,2,3,319,249,6,1099,849,61,13,16,1292
chr9.96,220,41,26,3,6,391,270,4,1345,976,80,12,8,1537
chr9.98,205,41,30,0,3,491,372,7,1224,1069,94,13,12,1523
chr9.99,223,44,21,0,2,529,428,15,1822,1211,139,18,8,1962
chr9.100,201,44,25,3,3,338,276,14,1667,1172,123,25,14,1877
chr9.101,221,42,74,2,10,1557,1112,12,1910,1301,130,21,8,2164
chr9.102,247,55,97,0,9,2109,1795,22,2453,1636,197,41,10,2786
chr9.103,359,58,122,2,10,2119,1717,40,3168,2104,310,53,13,3504
chr9.104,330,56,78,4,8,1864,1515,21,2198,1552,169,34,8,2616
chr9.105,176,50,22,2,3,466,335,3,1407,1147,72,14,5,1802
chr9.106,207,51,22,3,4,484,391,7,2083,1436,147,33,11,2369
chr9.107,225,58,31,0,4,422,308,5,1533,1117,76,8,9,1846
chr9.108,185,47,38,2,6,570,415,4,1454,1073,42,7,10,1774
chr9.109,213,43,25,0,2,453,335,2,1230,985,63,13,7,1520
chr9.110,175,57,38,0,4,602,460,12,1488,1212,93,10,6,1840
chr9.111,201,52,63,1,9,1237,792,9,1702,1185,104,14,10,1977
chr9.112,194,53,24,1,7,294,225,6,1081,928,56,12,7,1356
chr9.114,201,61,34,0,6,469,390,8,1342,979,90,12,10,1482
chr9.115,220,59,45,0,8,956,798,15,1818,1256,94,14,16,2086
chr9.116,206,57,56,2,8,1436,1137,14,2299,1540,162,29,14,2563
chr9.117,251,50,132,5,6,2127,1649,18,2005,1410,168,39,11,2261
chr9.118,214,48,115,2,8,1720,1437,15,2258,1574,169,31,6,2681
chr9.119,203,54,132,2,17,2263,1840,32,2809,1854,253,52,10,2974
chr9.120,205,58,75,3,11,1409,1123,17,1773,1291,170,33,14,1884
chr9.121,182,47,22,0,5,308,238,9,1192,915,75,11,10,1469
chr9.122,190,57,48,2,4,590,436,2,1250,912,75,16,11,1435
chr9.123,192,69,41,1,3,564,406,2,1042,894,62,16,4,1325
chr9.124,222,59,25,1,3,389,307,6,1116,886,62,15,12,1360
chr9.125,179,52,27,1,2,299,244,3,970,729,56,10,8,1130
chr9.126,247,53,36,1,2,562,444,1,1491,1160,56,18,10,1794
chr9.127,192,61,28,4,3,346,278,4,945,782,57,6,5,1178
chr9.131,236,63,28,2,1,436,348,6,1008,734,79,10,12,1131
chr9.132,232,57,32,0,2,479,327,3,1178,829,89,13,12,1278
chr9.133,219,52,32,2,3,543,387,6,1024,727,83,13,11,1141
chr9.135,328,60,58,0,10,986,690,12,1584,989,154,17,16,1557
chr9.137,206,55,39,1,5,423,321,4,538,361,84,6,27,563
