"chr","blum_top_10_perc","blum_bottom_10_perc","nmf_top_10_perc","nmf_bottom_10_perc","blum_50_top_10_perc","blum_50_bottom_10_perc","blum_top_15_perc","blum_bottom_15_perc","nmf_top_15_perc","nmf_bottom_15_perc","blum_50_top_15_perc","blum_50_bottom_15_perc","blum_top_20_perc","blum_bottom_20_perc","nmf_top_20_perc","nmf_bottom_20_perc","blum_50_top_20_perc","blum_50_bottom_20_perc","epithelioid_mesomics","sarcomatoid_mesomics","biphasic_mesomics","combined_mesomics","combined_mesomics_no_biphasic","epithelioid_waddell","sarcomatoid_waddell","waddell_combined","s786","s848","s786_s848_combined","all_meso_datasets_combined","all_meso_datasets_combined_no_biphasic","all_sarcomatoid_combined","all_epithelioid_combined","mesomics_keep"
"chr1.1",4,7,2,3,2,6,5,7,4,4,3,8,7,8,8,4,8,10,34,3,11,48,37,NA,NA,NA,NA,NA,NA,NA,NA,NA,NA,24
"chr1.2",6,13,3,13,3,6,9,15,3,21,5,16,11,18,9,24,9,17,77,5,16,98,82,NA,NA,NA,NA,NA,NA,NA,NA,NA,NA,55
"chr1.3",9,12,3,12,3,3,14,15,7,16,7,14,20,15,17,16,17,18,80,8,24,112,88,NA,NA,NA,NA,NA,NA,NA,NA,NA,NA,59
"chr1.4",8,12,3,10,2,4,12,14,4,12,6,12,16,16,13,13,14,16,65,3,19,87,68,NA,NA,NA,NA,NA,NA,NA,NA,NA,NA,56
"chr1.5",27,18,5,21,7,10,37,24,12,35,15,26,45,31,36,38,41,30,167,10,47,224,177,70,3,73,2,2,4,301,254,15,239,134
"chr1.6",28,17,5,18,5,8,33,19,7,23,9,19,39,22,34,25,37,27,122,5,47,174,127,67,8,75,2,0,2,251,204,15,189,88
"chr1.7",13,9,5,6,4,5,18,9,6,8,9,10,18,12,16,10,19,13,66,14,17,97,80,38,3,41,2,1,3,141,124,19,105,49
"chr1.8",12,11,2,14,2,4,14,16,2,19,4,16,15,17,13,20,14,19,75,3,20,98,78,49,5,54,0,5,5,157,137,8,129,58
"chr1.9",14,7,3,8,4,6,15,9,5,10,6,13,18,16,16,11,17,13,47,5,21,73,52,32,3,35,4,2,6,114,93,12,81,32
"chr1.10",7,6,2,6,1,1,8,7,3,10,2,5,9,8,10,11,9,9,62,3,14,79,65,NA,NA,NA,NA,NA,NA,NA,NA,NA,NA,45
"chr1.11",6,9,4,9,4,4,11,10,6,9,8,10,13,12,14,9,12,12,59,7,15,81,66,35,7,42,3,3,6,129,114,17,97,44
"chr1.12",21,8,5,9,5,5,25,10,7,13,9,10,26,11,25,13,25,14,80,6,26,112,86,59,9,68,3,0,3,183,157,18,139,55
"chr1.13",7,12,4,11,5,7,11,16,6,18,10,13,14,17,11,19,15,18,66,10,12,88,76,NA,NA,NA,NA,NA,NA,NA,NA,NA,NA,43
"chr1.14",8,7,2,10,1,4,9,9,2,12,2,13,11,11,10,12,11,13,53,2,16,71,55,NA,NA,NA,NA,NA,NA,NA,NA,NA,NA,39
"chr1.15",20,16,8,15,8,4,26,20,9,22,14,18,27,21,24,23,28,21,82,10,25,117,92,42,5,47,1,1,2,166,141,16,125,59
"chr1.16",16,12,4,10,2,5,17,16,5,15,4,15,20,17,21,16,20,19,66,4,27,97,70,51,5,56,1,0,1,154,127,10,117,49
"chr1.17",17,9,10,11,12,6,21,12,13,16,16,15,23,17,23,21,25,17,92,18,40,150,110,NA,NA,NA,NA,NA,NA,NA,NA,NA,NA,48
"chr1.18",24,10,8,13,9,7,27,11,11,17,13,15,30,14,29,21,32,19,80,14,32,126,94,NA,NA,NA,NA,NA,NA,NA,NA,NA,NA,41
"chr1.19",24,5,5,6,4,12,31,6,8,9,11,15,35,15,29,11,32,16,99,10,29,138,109,44,12,56,1,2,3,197,168,23,145,78
"chr1.20",16,13,9,14,8,5,19,17,12,19,11,14,23,19,20,19,21,15,61,14,15,90,75,42,10,52,1,2,3,145,130,25,105,36
"chr1.21",11,9,3,7,3,12,14,10,3,11,6,16,14,16,13,15,14,18,84,7,17,108,91,45,5,50,2,2,4,162,145,14,131,71
"chr1.22",8,11,4,12,4,6,12,15,4,23,8,14,14,19,10,25,13,18,75,7,10,92,82,NA,NA,NA,NA,NA,NA,NA,NA,NA,NA,50
"chr1.23",7,11,4,12,2,9,9,14,6,15,4,17,13,18,12,18,10,18,75,5,20,100,80,55,9,64,1,2,3,167,147,15,132,54
"chr1.24",4,10,1,8,1,2,6,14,2,14,5,10,11,16,8,17,10,15,63,3,13,79,66,47,5,52,1,1,2,133,120,9,111,36
"chr1.25",10,7,1,10,5,1,13,12,5,13,9,9,15,12,12,13,14,12,62,9,17,88,71,34,8,42,1,2,3,133,116,18,98,43
"chr1.26",11,6,3,8,4,3,13,7,4,10,6,9,13,10,12,10,14,9,55,5,21,81,60,NA,NA,NA,NA,NA,NA,NA,NA,NA,NA,35
"chr1.27",7,3,2,5,3,4,10,8,3,14,7,9,12,12,11,16,12,9,69,6,20,95,75,NA,NA,NA,NA,NA,NA,NA,NA,NA,NA,47
"chr1.28",12,10,8,12,8,4,16,14,11,19,12,13,20,17,18,19,19,14,70,14,18,102,84,NA,NA,NA,NA,NA,NA,NA,NA,NA,NA,51
"chr1.29",7,9,3,7,4,2,13,13,5,13,9,11,13,15,11,15,14,15,54,8,14,76,62,NA,NA,NA,NA,NA,NA,NA,NA,NA,NA,34
"chr1.30",10,17,6,15,5,5,13,18,9,18,8,16,16,18,16,19,15,17,82,8,16,106,90,NA,NA,NA,NA,NA,NA,NA,NA,NA,NA,60
"chr1.31",28,16,5,15,6,11,37,19,6,22,16,21,39,24,39,22,38,26,108,8,50,166,116,75,12,87,2,1,3,256,206,22,184,82
"chr1.32",9,8,3,12,4,3,12,8,4,18,7,10,14,10,11,20,14,12,82,7,20,109,89,49,7,56,0,2,2,167,147,14,133,55
"chr1.33",5,13,1,13,0,9,9,15,1,20,7,19,12,21,10,22,12,21,87,3,14,104,90,44,7,51,0,1,1,156,142,10,132,62
"chr1.34",13,9,6,10,7,6,17,11,7,12,11,16,18,16,16,15,17,16,54,8,19,81,62,49,10,59,4,2,6,146,127,22,105,39
"chr1.35",15,10,6,9,4,8,23,13,10,16,14,15,27,16,28,18,26,18,114,11,37,162,125,53,5,58,1,2,3,223,186,17,169,87
"chr1.36",18,13,6,13,7,4,24,17,8,19,16,15,29,17,28,23,28,17,83,6,30,119,89,50,8,58,4,2,6,183,153,18,135,56
"chr1.37",11,7,6,7,6,6,15,8,7,11,11,10,18,11,16,14,16,12,64,8,16,88,72,37,9,46,3,1,4,138,122,20,102,44
"chr1.38",20,5,5,6,3,5,25,11,7,17,11,10,29,16,27,21,28,10,89,8,33,130,97,58,7,65,1,0,1,196,163,16,147,61
"chr1.39",9,8,2,9,4,6,12,10,5,16,7,10,13,11,11,17,13,13,74,7,12,93,81,38,5,43,1,0,1,137,125,13,112,56
"chr1.40",6,9,2,9,2,5,13,13,4,17,8,12,16,16,16,19,14,18,81,2,24,107,83,NA,NA,NA,NA,NA,NA,NA,NA,NA,NA,60
"chr1.41",15,11,6,9,8,8,19,12,9,15,12,14,19,15,19,18,21,18,71,9,23,103,80,NA,NA,NA,NA,NA,NA,NA,NA,NA,NA,48
"chr1.42",9,8,11,8,11,3,23,11,14,14,18,10,28,13,25,14,24,13,62,14,21,97,76,50,3,53,3,2,5,155,134,20,114,49
"chr1.43",13,8,7,8,6,3,19,9,7,14,9,9,21,11,22,17,20,12,74,8,26,108,82,36,9,45,1,3,4,157,131,18,113,53
"chr1.44",10,7,3,5,6,3,15,9,6,7,9,7,17,11,16,9,17,10,66,4,25,95,70,38,8,46,1,1,2,143,118,13,105,48
"chr1.45",4,9,3,9,2,4,10,10,3,13,11,11,13,12,11,13,12,13,59,4,19,82,63,44,3,47,1,6,7,136,117,8,109,50
"chr1.46",7,11,1,11,1,4,11,13,1,17,4,13,15,15,10,20,12,16,65,4,18,87,69,NA,NA,NA,NA,NA,NA,NA,NA,NA,NA,41
"chr1.47",7,12,1,14,3,11,10,12,3,21,5,21,10,19,9,21,12,23,65,4,16,85,69,NA,NA,NA,NA,NA,NA,NA,NA,NA,NA,44
"chr1.48",12,8,3,8,5,5,17,9,6,13,11,10,22,10,20,15,20,13,59,5,26,90,64,NA,NA,NA,NA,NA,NA,NA,NA,NA,NA,43
"chr1.49",11,8,1,6,2,7,16,8,3,10,7,12,19,13,19,12,18,13,79,3,33,115,82,54,9,63,0,2,2,180,147,12,135,61
"chr1.50",23,9,10,9,9,6,43,10,16,14,30,12,53,13,45,15,47,14,102,19,50,171,121,NA,NA,NA,NA,NA,NA,NA,NA,NA,NA,83
"chr1.51",17,11,3,13,8,4,27,13,9,18,20,14,33,14,33,20,31,15,84,11,32,127,95,70,7,77,1,0,1,205,173,19,154,58
"chr1.52",9,7,2,7,1,7,15,10,6,10,10,10,21,12,19,10,20,12,58,7,24,89,65,39,9,48,0,1,1,138,114,16,98,40
"chr1.53",6,9,1,10,2,2,11,10,2,14,7,9,13,10,12,15,12,10,52,3,26,81,55,51,6,57,0,1,1,139,113,9,104,28
"chr1.54",11,8,9,8,7,4,18,10,12,11,14,9,21,10,20,12,19,11,63,11,19,93,74,41,9,50,2,1,3,146,127,22,105,43
"chr1.55",10,18,5,15,5,3,20,20,7,21,14,17,22,21,18,22,20,19,66,10,19,95,76,51,3,54,2,2,4,153,134,15,119,39
"chr1.56",14,14,4,12,5,5,22,14,6,15,13,13,24,16,22,16,22,17,67,6,28,101,73,56,9,65,0,2,2,168,140,15,125,46
"chr1.57",25,14,3,15,3,7,39,19,3,22,17,21,39,23,39,24,39,25,81,2,47,130,83,58,6,64,0,0,0,194,147,8,139,52
"chr1.58",23,6,5,7,4,5,36,9,6,10,19,10,38,11,36,14,40,13,76,9,42,127,85,49,4,53,0,2,2,182,140,13,127,50
"chr1.59",27,10,9,8,9,8,37,10,12,11,20,12,40,13,38,11,41,14,80,12,39,131,92,NA,NA,NA,NA,NA,NA,NA,NA,NA,NA,58
"chr1.60",10,4,4,6,5,5,14,4,9,11,10,8,18,8,16,11,15,10,65,11,19,95,76,48,3,51,0,0,0,146,127,14,113,41
"chr1.61",10,10,5,8,5,3,21,13,8,14,14,9,23,14,22,15,21,11,55,8,25,88,63,49,6,55,0,2,2,145,120,14,106,40
"chr1.62",14,7,4,5,2,4,29,8,5,11,18,7,33,10,31,13,31,12,62,4,40,106,66,59,18,77,1,1,2,185,145,23,122,44
"chr1.63",9,7,4,7,2,4,14,10,6,12,8,10,18,12,19,17,17,11,47,5,22,74,52,36,8,44,1,2,3,121,99,14,85,31
"chr1.64",18,8,6,11,7,5,27,12,10,19,17,14,28,16,27,22,29,16,77,11,29,117,88,47,6,53,1,2,3,173,144,18,126,56
"chr1.65",3,7,2,9,2,4,7,8,3,12,8,10,12,11,10,15,9,13,62,3,16,81,65,42,9,51,2,3,5,137,121,14,107,42
"chr1.66",16,8,2,9,2,2,19,8,2,12,8,9,22,9,22,13,22,10,51,2,26,79,53,39,0,39,0,0,0,118,92,2,90,34
"chr1.67",21,12,4,10,5,8,31,13,7,14,14,15,33,17,34,18,35,20,92,5,38,135,97,58,8,66,0,1,1,202,164,13,151,57
"chr1.68",35,9,5,4,4,4,44,10,6,7,14,8,45,12,44,9,45,13,63,6,47,116,69,45,3,48,2,4,6,170,123,11,112,45
"chr1.69",13,4,2,4,3,6,19,5,3,7,7,8,20,8,20,9,20,8,59,3,26,88,62,36,3,39,1,1,2,129,103,7,96,48
"chr1.70",57,18,5,15,5,11,83,20,7,23,31,24,84,25,80,28,85,26,106,10,91,207,116,60,9,69,1,2,3,279,188,20,168,76
"chr1.71",34,15,8,12,7,9,56,15,10,18,30,22,60,21,56,22,57,25,100,12,72,184,112,47,5,52,0,0,0,236,164,17,147,69
"chr1.72",24,12,2,12,2,7,35,13,6,15,14,16,37,17,38,16,38,17,68,8,50,126,76,52,1,53,0,4,4,183,133,9,124,53
"chr1.73",47,15,29,14,23,7,59,16,30,21,37,19,64,20,61,22,59,20,124,27,47,198,151,64,4,68,0,4,4,270,223,31,192,99
"chr1.74",46,16,4,20,7,2,75,19,12,30,33,19,77,21,77,31,80,23,216,11,85,312,227,105,6,111,0,4,4,427,342,17,325,173
"chr1.75",50,20,6,22,5,5,59,24,7,27,18,24,67,26,64,30,66,28,179,9,78,266,188,128,9,137,1,1,2,405,327,19,308,137
"chr1.76",39,17,6,18,8,8,63,21,16,28,30,20,67,22,67,30,69,21,183,10,77,270,193,64,6,70,0,1,1,341,264,16,248,152
"chr1.77",36,7,3,5,3,7,49,10,6,11,17,11,52,14,51,14,54,16,109,7,62,178,116,55,7,62,1,0,1,241,179,15,164,91
"chr1.78",23,11,2,8,1,5,32,11,5,15,12,15,35,14,37,20,37,15,90,2,50,142,92,42,3,45,2,3,5,192,142,7,135,69
"chr1.79",7,7,4,7,4,2,12,11,5,15,9,9,14,13,13,15,13,11,73,5,12,90,78,35,2,37,2,1,3,130,118,9,109,58
"chr1.80",43,12,3,13,1,12,53,14,4,22,11,21,57,21,55,25,55,23,119,2,67,188,121,67,6,73,1,1,2,263,196,9,187,93
"chr1.81",46,15,3,14,4,5,61,15,7,18,18,19,61,18,59,23,63,22,104,8,67,179,112,69,6,75,2,0,2,256,189,16,173,77
"chr1.82",48,12,4,11,4,7,69,15,6,18,25,14,70,17,67,19,69,17,110,8,73,191,118,49,3,52,1,2,3,246,173,12,161,95
"chr1.83",31,16,6,18,6,4,42,16,9,23,17,18,43,18,43,23,45,19,100,9,48,157,109,51,7,58,0,2,2,217,169,16,153,76
"chr1.84",18,11,4,10,3,4,33,14,5,14,17,12,33,17,35,17,34,14,123,4,41,168,127,NA,NA,NA,NA,NA,NA,NA,NA,NA,NA,94
"chr1.85",18,13,3,11,4,6,25,18,5,14,12,15,27,18,28,18,27,22,74,4,37,115,78,43,3,46,2,0,2,163,126,9,117,54
"chr1.86",12,13,4,14,4,10,14,17,5,20,6,15,16,18,15,21,14,18,79,5,20,104,84,37,4,41,1,4,5,150,130,10,120,56
"chr1.87",20,16,7,16,8,8,28,18,11,21,16,21,28,23,28,22,31,26,83,12,27,122,95,41,1,42,0,3,3,167,140,13,127,60
"chr1.88",24,10,0,9,1,3,30,11,4,10,7,10,34,15,33,10,34,14,84,1,38,123,85,34,4,38,0,0,0,161,123,5,118,55
"chr1.89",40,13,8,13,5,3,50,15,10,20,18,17,52,18,51,22,51,21,107,11,54,172,118,52,2,54,0,0,0,226,172,13,159,78
"chr1.90",11,11,2,10,4,3,20,14,7,15,15,11,22,15,19,16,24,14,64,9,19,92,73,49,7,56,1,4,5,153,134,17,117,44
"chr1.91",14,12,7,13,10,8,22,19,11,21,16,19,24,24,22,25,23,22,91,11,22,124,102,61,3,64,1,1,2,190,168,15,153,65
"chr1.92",23,6,6,7,4,3,32,8,6,14,13,9,34,10,32,14,34,11,85,4,41,130,89,46,5,51,1,1,2,183,142,10,132,61
"chr1.93",15,9,4,10,3,4,21,12,7,14,10,11,25,13,25,15,24,12,78,4,33,115,82,38,3,41,0,4,4,160,127,7,120,54
"chr1.94",9,9,5,6,4,3,9,11,5,9,6,8,10,12,10,10,10,11,48,5,15,68,53,NA,NA,NA,NA,NA,NA,NA,NA,NA,NA,34
"chr1.95",11,8,2,8,2,6,16,9,4,14,8,12,18,12,17,16,18,16,63,4,26,93,67,31,3,34,2,2,4,131,105,9,96,41
"chr1.96",14,5,2,3,2,2,22,7,2,6,10,4,22,7,22,8,22,6,59,7,23,89,66,45,1,46,1,1,2,137,114,9,105,44
"chr1.97",60,14,7,13,8,6,77,16,15,14,24,15,80,17,78,17,81,17,124,18,74,216,142,54,5,59,0,0,0,275,201,23,178,98
"chr1.98",19,12,4,14,3,6,22,17,6,20,6,18,25,21,25,22,25,21,91,4,29,124,95,43,5,48,1,2,3,175,146,10,136,63
"chr1.99",24,15,3,14,3,7,30,16,4,18,9,19,31,22,29,20,31,21,95,7,35,137,102,57,2,59,1,1,2,198,163,10,153,69
"chr1.100",43,9,5,12,6,6,54,10,12,18,16,14,57,14,58,21,57,14,125,11,64,200,136,46,3,49,1,2,3,252,188,15,173,96
"chr1.101",15,15,6,16,6,9,17,17,9,19,10,18,20,19,19,19,21,19,77,8,19,104,85,48,6,54,0,0,0,158,139,14,125,53
"chr1.102",23,7,1,7,1,4,28,10,1,10,7,11,29,12,29,12,31,11,75,2,42,119,77,45,4,49,0,0,0,168,126,6,120,58
"chr1.103",38,22,9,18,9,11,60,27,15,24,32,25,67,32,63,26,63,32,166,12,78,256,178,79,4,83,0,1,1,340,262,16,246,136
"chr1.104",47,12,8,11,6,4,69,12,9,12,27,12,72,14,72,14,70,14,125,8,75,208,133,NA,NA,NA,NA,NA,NA,NA,NA,NA,NA,99
"chr1.105",32,12,8,12,8,7,50,17,13,15,26,16,51,20,50,18,53,20,128,13,61,202,141,NA,NA,NA,NA,NA,NA,NA,NA,NA,NA,99
"chr1.106",75,30,4,29,5,15,102,35,9,36,34,37,106,41,101,41,103,41,180,13,115,308,193,86,8,94,1,4,5,407,292,22,270,133
"chr1.107",75,23,8,21,10,14,100,28,14,29,37,31,105,33,100,33,104,35,184,15,108,307,199,80,4,84,2,4,6,397,289,21,268,153
"chr1.108",48,11,10,11,6,4,68,14,12,15,28,15,73,15,72,18,70,15,147,10,77,234,157,44,3,47,1,3,4,285,208,14,194,128
"chr1.109",27,8,6,10,7,4,39,8,9,14,20,10,43,9,40,17,44,10,79,10,46,135,89,NA,NA,NA,NA,NA,NA,NA,NA,NA,NA,58
"chr1.110",22,10,6,10,8,4,26,10,9,12,13,11,28,12,26,14,27,13,68,11,27,106,79,38,3,41,1,1,2,149,122,15,107,45
"chr1.111",15,8,6,6,5,2,19,11,10,8,10,8,26,11,25,10,22,10,61,8,25,94,69,33,2,35,2,0,2,131,106,12,94,44
"chr1.112",21,10,5,12,6,4,25,16,9,16,11,14,25,18,26,17,25,16,89,9,28,126,98,46,1,47,0,3,3,176,148,10,138,66
"chr1.113",14,11,2,11,3,3,18,18,3,16,7,12,19,18,17,17,18,14,68,4,21,93,72,33,5,38,1,3,4,135,114,10,104,46
"chr1.114",14,9,3,8,3,5,16,11,6,13,6,10,20,12,20,14,21,12,66,4,26,96,70,NA,NA,NA,NA,NA,NA,NA,NA,NA,NA,51
"chr1.115",16,9,3,9,3,3,19,12,4,15,7,11,20,14,21,17,21,12,68,4,25,97,72,45,5,50,1,0,1,148,123,10,113,40
"chr1.116",22,12,8,12,8,3,31,12,12,14,17,11,32,12,29,14,31,14,69,14,25,108,83,52,6,58,2,0,2,168,143,22,121,49
"chr1.117",12,4,6,4,6,3,16,6,9,11,11,7,19,7,18,12,18,8,88,12,25,125,100,67,1,68,3,6,9,202,177,16,161,66
"chr1.118",10,6,4,8,3,2,14,8,7,14,7,8,18,10,16,15,17,9,61,6,24,91,67,52,2,54,0,0,0,145,121,8,113,52
"chr1.119",15,13,6,10,5,5,24,15,9,13,15,16,28,18,27,17,28,19,87,7,32,126,94,46,3,49,0,1,1,176,144,10,134,67
"chr1.120",17,13,5,13,4,7,21,13,5,15,10,18,24,17,24,18,23,21,95,6,32,133,101,51,6,57,1,0,1,191,159,13,146,65
"chr1.121",8,7,1,7,0,3,9,8,1,11,2,9,9,9,8,12,9,11,51,2,11,64,53,NA,NA,NA,NA,NA,NA,NA,NA,NA,NA,34
"chr1.122",0,0,0,0,0,0,0,0,0,0,0,0,0,0,0,0,0,0,0,0,0,0,0,NA,NA,NA,NA,NA,NA,NA,NA,NA,NA,0
"chr1.123",0,0,0,0,0,0,0,0,0,0,0,0,0,0,0,0,0,0,0,0,0,0,0,NA,NA,NA,NA,NA,NA,NA,NA,NA,NA,0
"chr1.124",0,0,0,0,0,0,0,0,0,0,0,0,0,0,0,0,0,0,0,0,0,0,0,NA,NA,NA,NA,NA,NA,NA,NA,NA,NA,0
"chr1.125",0,0,0,0,0,0,0,0,0,0,0,0,0,0,0,0,0,0,0,0,0,0,0,NA,NA,NA,NA,NA,NA,NA,NA,NA,NA,0
"chr1.126",0,0,0,0,0,0,0,0,0,0,0,0,0,0,0,0,0,0,0,0,0,0,0,NA,NA,NA,NA,NA,NA,NA,NA,NA,NA,0
"chr1.127",0,0,0,0,0,0,0,0,0,0,0,0,0,0,0,0,0,0,0,0,0,0,0,NA,NA,NA,NA,NA,NA,NA,NA,NA,NA,0
"chr1.128",0,0,0,0,0,0,0,0,0,0,0,0,0,0,0,0,0,0,0,0,0,0,0,NA,NA,NA,NA,NA,NA,NA,NA,NA,NA,0
"chr1.129",0,0,0,0,0,0,0,0,0,0,0,0,0,0,0,0,0,0,0,0,0,0,0,NA,NA,NA,NA,NA,NA,NA,NA,NA,NA,0
"chr1.130",0,0,0,0,0,0,0,0,0,0,0,0,0,0,0,0,0,0,0,0,0,0,0,NA,NA,NA,NA,NA,NA,NA,NA,NA,NA,0
"chr1.131",0,0,0,0,0,0,0,0,0,0,0,0,0,0,0,0,0,0,0,0,0,0,0,NA,NA,NA,NA,NA,NA,NA,NA,NA,NA,0
"chr1.132",0,0,0,0,0,0,0,0,0,0,0,0,0,0,0,0,0,0,0,0,0,0,0,NA,NA,NA,NA,NA,NA,NA,NA,NA,NA,0
"chr1.133",0,0,0,0,0,0,0,0,0,0,0,0,0,0,0,0,0,0,0,0,0,0,0,NA,NA,NA,NA,NA,NA,NA,NA,NA,NA,0
"chr1.134",0,0,0,0,0,0,0,0,0,0,0,0,0,0,0,0,0,0,0,0,0,0,0,NA,NA,NA,NA,NA,NA,NA,NA,NA,NA,0
"chr1.135",0,0,0,0,0,0,0,0,0,0,0,0,0,0,0,0,0,0,0,0,0,0,0,NA,NA,NA,NA,NA,NA,NA,NA,NA,NA,0
"chr1.136",0,0,0,0,0,0,0,0,0,0,0,0,0,0,0,0,0,0,0,0,0,0,0,NA,NA,NA,NA,NA,NA,NA,NA,NA,NA,0
"chr1.137",0,0,0,0,0,0,0,0,0,0,0,0,0,0,0,0,0,0,0,0,0,0,0,NA,NA,NA,NA,NA,NA,NA,NA,NA,NA,0
"chr1.138",0,0,0,0,0,0,0,0,0,0,0,0,0,0,0,0,0,0,0,0,0,0,0,NA,NA,NA,NA,NA,NA,NA,NA,NA,NA,0
"chr1.139",0,0,0,0,0,0,0,0,0,0,0,0,0,0,0,0,0,0,0,0,0,0,0,NA,NA,NA,NA,NA,NA,NA,NA,NA,NA,0
"chr1.140",1,2,4,2,4,2,4,2,5,2,4,2,5,2,5,3,5,2,13,4,4,21,17,NA,NA,NA,NA,NA,NA,NA,NA,NA,NA,9
"chr1.141",1,5,1,3,1,2,2,5,2,5,2,4,3,7,3,5,3,6,21,3,9,33,24,NA,NA,NA,NA,NA,NA,NA,NA,NA,NA,19
"chr1.142",4,8,3,3,2,7,8,10,7,4,7,11,11,13,12,6,12,13,61,7,12,80,68,NA,NA,NA,NA,NA,NA,NA,NA,NA,NA,46
"chr1.143",5,4,1,4,1,5,7,4,4,5,4,6,9,6,10,6,10,7,37,3,12,52,40,NA,NA,NA,NA,NA,NA,NA,NA,NA,NA,20
"chr1.144",18,19,7,16,5,4,23,21,8,19,11,17,26,22,26,21,24,22,84,10,37,131,94,NA,NA,NA,NA,NA,NA,NA,NA,NA,NA,59
"chr1.145",6,5,3,5,1,3,13,7,6,9,9,8,15,10,13,11,16,8,54,7,16,77,61,NA,NA,NA,NA,NA,NA,NA,NA,NA,NA,36
"chr1.146",6,8,2,5,3,4,16,9,4,11,12,10,17,13,14,14,17,14,69,7,26,102,76,NA,NA,NA,NA,NA,NA,NA,NA,NA,NA,49
"chr1.147",10,6,4,5,4,3,18,6,5,8,12,9,18,9,17,9,18,11,53,9,21,83,62,NA,NA,NA,NA,NA,NA,NA,NA,NA,NA,37
"chr1.148",6,14,3,15,4,4,12,16,5,18,12,18,17,17,13,21,16,21,79,7,15,101,86,NA,NA,NA,NA,NA,NA,NA,NA,NA,NA,50
"chr1.149",20,13,11,11,11,7,25,15,12,15,16,15,25,18,23,17,25,16,89,13,25,127,102,51,8,59,0,1,1,187,162,21,141,54
"chr1.150",22,6,3,6,2,5,32,9,5,13,13,10,34,13,32,14,36,11,104,9,41,154,113,65,6,71,1,2,3,228,187,16,171,90
"chr1.151",11,12,3,11,4,6,15,13,6,15,9,13,17,13,15,15,16,14,78,7,23,108,85,NA,NA,NA,NA,NA,NA,NA,NA,NA,NA,56
"chr1.152",10,7,7,9,7,5,16,8,8,12,13,12,19,12,17,14,20,15,73,11,17,101,84,61,8,69,1,1,2,172,155,20,135,38
"chr1.153",9,8,3,8,2,2,10,10,4,11,4,8,14,10,12,11,12,12,60,3,19,82,63,NA,NA,NA,NA,NA,NA,NA,NA,NA,NA,41
"chr1.154",21,10,6,13,5,6,24,13,7,15,11,16,28,16,28,18,27,20,85,7,39,131,92,52,8,60,0,3,3,194,155,15,140,54
"chr1.155",26,10,9,8,9,12,38,12,14,19,20,19,43,24,40,20,43,22,132,17,52,201,149,75,11,86,3,0,3,290,238,31,207,102
"chr1.156",39,13,8,16,11,9,59,16,18,21,32,22,64,22,60,23,67,25,132,18,68,218,150,66,8,74,0,1,1,293,225,26,199,91
"chr1.157",19,16,8,18,9,4,23,17,11,25,11,19,24,19,26,27,24,22,83,10,30,123,93,57,8,65,1,0,1,189,159,19,140,50
"chr1.158",14,8,4,6,7,3,17,11,9,11,12,9,22,13,19,13,21,12,99,10,21,130,109,NA,NA,NA,NA,NA,NA,NA,NA,NA,NA,79
"chr1.159",13,8,7,5,8,7,20,10,11,9,14,9,27,12,25,12,22,14,81,8,28,117,89,NA,NA,NA,NA,NA,NA,NA,NA,NA,NA,56
"chr1.160",19,7,3,6,4,6,29,8,4,9,13,8,31,10,30,9,30,11,88,7,47,142,95,62,6,68,0,1,1,211,164,13,151,77
"chr1.161",43,8,11,5,11,3,59,10,13,11,24,9,62,14,60,13,62,13,153,13,77,243,166,64,5,69,1,0,1,313,236,19,217,116
"chr1.162",18,7,5,10,3,7,27,9,8,12,13,12,31,13,28,13,28,12,126,10,32,168,136,76,8,84,1,1,2,254,222,19,203,105
"chr1.163",36,13,8,16,7,5,50,16,10,22,19,20,52,19,49,24,53,22,135,12,68,215,147,NA,NA,NA,NA,NA,NA,NA,NA,NA,NA,110
"chr1.164",27,5,8,4,10,3,41,6,12,7,24,6,43,8,37,9,42,7,108,17,41,166,125,63,6,69,1,1,2,237,196,24,172,81
"chr1.165",13,10,7,9,7,1,20,10,8,11,15,10,24,11,19,13,23,13,88,15,27,130,103,47,7,54,0,1,1,185,158,22,136,67
"chr1.166",9,13,3,12,5,10,16,14,5,17,10,18,16,19,14,18,16,20,80,7,16,103,87,63,11,74,0,0,0,177,161,18,143,57
"chr1.167",21,10,6,10,7,3,33,11,8,13,19,12,34,13,33,15,35,13,82,8,42,132,90,62,7,69,3,3,6,207,165,18,147,52
"chr1.168",24,5,5,5,7,6,32,7,8,14,14,10,33,12,30,14,33,11,116,9,38,163,125,66,3,69,1,1,2,234,196,13,183,104
"chr1.169",8,9,3,11,3,5,14,12,5,15,9,12,16,14,13,15,16,14,82,8,26,116,90,53,3,56,1,2,3,175,149,12,137,54
"chr1.170",11,11,5,12,5,3,17,14,7,15,12,14,19,16,17,15,18,16,82,7,29,118,89,53,9,62,4,2,6,186,157,20,137,60
"chr1.171",15,14,8,13,7,8,25,17,10,15,17,18,29,21,24,18,28,21,79,13,31,123,92,NA,NA,NA,NA,NA,NA,NA,NA,NA,NA,63
"chr1.172",16,6,4,9,4,4,27,12,6,13,14,11,29,14,27,14,29,13,114,8,34,156,122,78,7,85,1,1,2,243,209,16,193,94
"chr1.173",41,9,5,11,4,8,57,12,7,14,22,14,61,18,59,17,59,15,142,11,79,232,153,77,8,85,2,1,3,320,241,21,220,114
"chr1.174",25,14,3,10,3,14,41,20,8,21,19,21,44,27,46,24,46,24,147,5,62,214,152,65,9,74,2,1,3,291,229,16,213,117
"chr1.175",23,6,8,5,8,3,33,8,8,13,17,7,35,10,32,14,34,9,86,10,44,140,96,42,4,46,2,0,2,188,144,16,128,70
"chr1.176",15,10,4,8,7,5,27,10,9,9,18,9,30,12,28,11,30,11,82,13,31,126,95,NA,NA,NA,NA,NA,NA,NA,NA,NA,NA,64
"chr1.177",17,12,5,12,9,7,20,15,11,17,14,14,21,17,21,17,22,15,78,11,23,112,89,43,8,51,2,6,8,171,148,21,127,52
"chr1.178",14,6,5,8,4,2,16,7,8,8,6,9,20,9,21,10,20,10,63,5,29,97,68,41,6,47,1,1,2,146,117,12,105,44
"chr1.179",23,11,7,10,4,5,37,14,8,16,19,13,40,16,36,20,40,14,103,8,48,159,111,57,11,68,1,3,4,231,183,20,163,79
"chr1.180",14,8,9,7,9,11,22,10,11,14,14,16,24,19,24,19,24,21,87,8,25,120,95,58,4,62,2,2,4,186,161,14,147,67
"chr1.181",10,7,4,5,3,5,15,8,6,7,10,8,17,10,17,7,17,10,55,6,24,85,61,44,11,55,3,4,7,147,123,20,103,40
"chr1.182",13,11,4,10,4,4,19,14,7,14,12,12,21,15,20,15,21,16,78,8,23,109,86,53,6,59,3,1,4,172,149,17,132,58
"chr1.183",12,10,3,11,1,5,17,10,4,12,6,11,22,12,22,12,18,11,67,4,31,102,71,50,6,56,2,3,5,163,132,12,120,54
"chr1.184",35,13,9,13,10,13,52,16,12,20,26,21,54,20,52,27,54,21,140,9,59,208,149,64,6,70,1,0,1,279,220,16,204,114
"chr1.185",51,10,2,13,3,4,70,11,5,17,24,15,74,13,72,19,74,16,151,6,87,244,157,59,12,71,2,0,2,317,230,20,210,126
"chr1.186",50,16,10,15,8,8,67,19,13,26,24,22,74,24,71,28,69,28,186,11,92,289,197,92,11,103,1,4,5,397,305,23,282,147
"chr1.187",72,17,7,19,5,9,106,21,10,27,39,22,110,26,108,29,108,27,155,8,134,297,163,84,6,90,1,0,1,388,254,15,239,112
"chr1.188",62,14,11,13,9,12,97,14,13,22,46,24,100,24,96,26,99,27,183,12,117,312,195,77,9,86,1,1,2,400,283,22,261,145
"chr1.189",57,22,5,22,3,8,80,22,8,27,29,24,82,24,83,29,84,29,163,10,101,274,173,67,11,78,2,1,3,355,254,23,231,127
"chr1.190",20,11,5,11,6,3,29,12,7,12,12,13,31,13,32,14,32,15,82,6,45,133,88,76,3,79,0,1,1,213,168,9,159,61
"chr1.191",33,16,9,13,7,5,49,20,12,19,23,17,52,22,52,23,52,19,126,11,60,197,137,72,4,76,4,4,8,281,221,19,202,99
"chr1.192",54,16,7,16,8,13,87,24,10,28,38,26,91,30,84,31,89,26,178,17,109,304,195,72,12,84,3,0,3,391,282,32,250,156
"chr1.193",61,11,7,9,5,8,73,13,11,12,18,16,78,17,80,16,77,16,159,6,104,269,165,59,10,69,1,0,1,339,235,17,218,137
"chr1.194",21,10,5,6,5,6,31,10,8,11,14,13,35,14,34,14,35,15,103,8,42,153,111,NA,NA,NA,NA,NA,NA,NA,NA,NA,NA,80
"chr1.195",15,9,3,7,5,4,19,11,6,9,8,11,20,14,19,13,19,14,68,8,25,101,76,44,6,50,0,2,2,153,128,14,114,48
"chr1.196",19,10,5,11,5,7,24,12,7,13,10,16,26,16,24,15,26,20,96,7,36,139,103,67,5,72,2,0,2,213,177,14,163,69
"chr1.197",23,11,5,15,4,6,33,15,8,21,15,15,34,17,32,21,34,17,77,12,37,126,89,56,8,64,1,0,1,191,154,21,133,54
"chr1.198",17,15,6,12,7,10,26,18,7,19,16,17,28,20,25,22,27,19,89,8,28,125,97,64,9,73,3,1,4,202,174,20,154,70
"chr1.199",9,5,5,11,4,7,15,9,6,17,10,16,17,15,15,18,15,17,64,8,20,92,72,NA,NA,NA,NA,NA,NA,NA,NA,NA,NA,52
"chr1.200",10,7,5,7,5,3,19,10,7,15,14,9,21,11,18,17,20,10,65,11,28,104,76,52,5,57,1,4,5,166,138,17,121,45
"chr1.201",5,8,2,8,2,5,8,12,3,13,4,10,10,14,9,14,9,14,80,5,25,110,85,47,10,57,1,8,9,176,151,16,135,65
"chr1.202",10,13,0,14,0,9,15,14,1,18,9,13,22,14,19,18,20,15,76,1,25,102,77,44,6,50,2,1,3,155,130,9,121,47
"chr1.203",8,7,3,7,3,4,11,10,5,12,8,8,12,11,11,13,12,9,50,7,13,70,57,NA,NA,NA,NA,NA,NA,NA,NA,NA,NA,29
"chr1.204",8,7,3,8,2,6,14,9,8,12,7,10,15,11,16,14,17,10,52,7,23,82,59,55,4,59,3,3,6,147,124,14,110,38
"chr1.205",11,9,2,8,2,5,15,11,4,9,7,12,16,14,18,13,17,16,73,6,28,107,79,NA,NA,NA,NA,NA,NA,NA,NA,NA,NA,61
"chr1.206",24,11,5,14,3,9,34,15,5,22,14,19,35,19,34,24,35,22,109,4,46,159,113,64,9,73,0,5,5,237,191,13,178,87
"chr1.207",24,7,6,5,5,5,33,7,8,10,14,10,34,11,36,11,35,14,89,9,41,139,98,60,14,74,5,2,7,220,179,28,151,68
"chr1.208",17,15,5,15,4,5,27,18,6,22,16,17,31,23,27,23,29,21,120,8,38,166,128,50,10,60,1,2,3,229,191,19,172,88
"chr1.209",12,6,6,8,5,2,16,11,8,12,10,8,18,11,17,14,17,11,67,10,21,98,77,88,2,90,0,2,2,190,169,12,157,45
"chr1.210",12,13,4,11,5,7,19,13,6,18,12,14,21,14,20,21,20,17,81,8,26,115,89,71,9,80,2,2,4,199,173,19,154,55
"chr1.211",30,11,9,13,8,5,42,12,13,17,22,12,44,14,43,18,44,15,102,17,51,170,119,72,8,80,1,5,6,256,205,26,179,80
"chr1.212",29,15,7,15,8,5,41,18,11,20,18,19,42,22,41,21,42,20,125,10,51,186,135,85,6,91,1,2,3,280,229,17,212,94
"chr1.213",39,14,6,15,5,5,50,19,10,24,16,22,53,23,52,28,53,26,160,10,69,239,170,83,11,94,3,1,4,337,268,24,244,126
"chr1.214",38,14,7,12,5,7,48,15,8,16,16,16,50,18,46,19,49,17,149,12,58,219,161,96,6,102,2,0,2,323,265,20,245,129
"chr1.215",36,14,5,15,6,5,49,18,7,23,19,15,51,19,49,23,51,20,99,9,58,166,108,63,3,66,0,4,4,236,178,12,166,74
"chr1.216",20,12,5,11,4,10,27,12,8,16,11,18,30,18,30,17,27,20,102,8,40,150,110,64,9,73,1,4,5,228,188,18,170,79
"chr1.217",25,9,4,13,7,5,44,9,10,16,23,11,44,13,44,16,46,14,109,8,48,165,117,56,4,60,1,1,2,227,179,13,166,82
"chr1.218",35,13,8,13,7,11,52,16,9,21,24,19,56,21,52,23,55,20,122,10,65,197,132,67,14,81,2,2,4,282,217,26,191,97
"chr1.219",28,13,1,16,3,6,33,15,5,26,10,18,36,19,39,28,37,18,116,4,53,173,120,75,4,79,3,3,6,258,205,11,194,85
"chr1.220",17,9,5,9,7,5,21,11,7,10,13,11,23,12,22,11,23,15,76,10,24,110,86,NA,NA,NA,NA,NA,NA,NA,NA,NA,NA,61
"chr1.221",15,9,10,6,6,4,18,10,11,9,10,9,25,11,23,10,20,13,72,9,24,105,81,NA,NA,NA,NA,NA,NA,NA,NA,NA,NA,47
"chr1.222",25,6,12,5,12,2,30,8,14,8,18,6,31,9,32,9,32,8,76,13,28,117,89,55,6,61,0,2,2,180,152,19,133,52
"chr1.223",12,9,8,9,7,7,19,14,9,16,15,11,19,16,18,17,21,16,82,9,24,115,91,63,4,67,2,1,3,185,161,15,146,57
"chr1.224",13,10,5,8,5,2,17,12,8,11,12,10,22,13,20,12,20,14,75,12,20,107,87,60,8,68,4,1,5,180,160,24,136,56
"chr1.225",31,12,11,13,13,12,44,12,18,21,25,17,47,17,47,23,48,18,89,16,47,152,105,61,6,67,0,2,2,221,174,22,152,68
"chr1.226",24,11,11,10,10,5,33,12,14,16,19,13,38,15,36,17,35,15,77,16,38,131,93,NA,NA,NA,NA,NA,NA,NA,NA,NA,NA,57
"chr1.227",20,10,6,14,6,9,31,17,7,24,18,21,33,23,30,26,33,23,95,11,38,144,106,56,11,67,1,0,1,212,174,23,151,73
"chr1.228",18,11,5,8,7,2,26,11,9,13,14,11,29,12,29,16,27,12,83,8,33,124,91,60,8,68,1,0,1,193,160,17,143,66
"chr1.229",22,15,5,12,8,6,28,17,9,19,13,18,31,18,30,22,29,19,80,11,34,125,91,59,7,66,1,1,2,193,159,19,140,59
"chr1.230",20,13,7,14,7,7,29,15,10,16,16,17,29,18,30,19,31,23,77,10,32,119,87,38,10,48,1,0,1,168,136,21,115,51
"chr1.231",12,8,3,8,3,7,17,11,3,15,9,14,21,17,18,17,19,14,96,2,40,138,98,65,7,72,2,2,4,214,174,11,163,81
"chr1.232",11,5,5,5,4,3,16,6,5,10,10,8,20,9,18,11,19,11,52,7,25,84,59,NA,NA,NA,NA,NA,NA,NA,NA,NA,NA,35
"chr1.233",22,13,5,12,6,7,31,17,8,19,15,16,33,19,34,23,33,21,95,7,44,146,102,44,5,49,5,2,7,202,158,17,141,73
"chr1.234",33,13,4,12,4,10,43,14,7,16,14,20,43,22,42,18,47,23,110,11,46,167,121,49,5,54,3,3,6,227,181,19,162,81
"chr1.235",72,17,7,14,7,7,90,21,8,22,27,18,94,23,92,24,93,22,154,12,99,265,166,61,7,68,1,0,1,334,235,20,215,121
"chr1.236",61,17,5,15,6,6,84,19,9,23,30,17,84,20,82,25,85,24,160,11,96,267,171,58,9,67,2,3,5,339,243,22,221,134
"chr1.237",26,5,1,6,2,5,43,8,5,12,22,9,49,11,44,12,49,10,111,11,64,186,122,59,5,64,1,0,1,251,187,17,170,93
"chr1.238",37,20,3,15,3,7,52,21,6,23,18,20,58,24,56,23,54,27,136,5,69,210,141,70,6,76,1,3,4,290,221,12,209,112
"chr1.239",25,14,8,15,8,9,33,21,10,24,14,21,36,25,34,27,35,21,122,13,44,179,135,NA,NA,NA,NA,NA,NA,NA,NA,NA,NA,95
"chr1.240",24,16,0,15,1,9,38,18,2,21,17,20,42,23,37,23,42,22,103,7,55,165,110,NA,NA,NA,NA,NA,NA,NA,NA,NA,NA,76
"chr1.241",19,8,7,8,7,2,26,8,10,10,14,10,28,10,28,11,27,12,85,10,31,126,95,45,1,46,1,2,3,175,144,12,132,66
"chr1.242",21,11,16,9,16,5,25,12,16,13,17,14,27,14,25,16,26,15,60,13,32,105,73,60,6,66,4,2,6,177,145,23,122,41
"chr1.243",15,12,6,7,7,6,21,13,7,11,13,13,23,16,21,14,22,15,85,6,27,118,91,59,10,69,1,4,5,192,165,17,148,64
"chr1.244",11,11,3,16,2,4,14,15,4,18,8,17,20,18,19,18,18,18,79,4,36,119,83,NA,NA,NA,NA,NA,NA,NA,NA,NA,NA,62
"chr1.245",68,15,10,14,9,6,94,17,12,19,36,17,99,21,92,21,96,18,194,16,109,319,210,NA,NA,NA,NA,NA,NA,NA,NA,NA,NA,159
"chr10.1",9,5,3,4,4,10,12,7,5,8,8,12,15,14,13,13,13,16,53,8,19,80,61,NA,NA,NA,NA,NA,NA,NA,NA,NA,NA,45
"chr10.2",18,8,7,7,8,11,26,11,9,9,15,18,27,18,25,14,26,20,125,9,27,161,134,66,10,76,3,1,4,241,214,22,192,108
"chr10.3",25,7,16,5,12,10,37,7,17,13,26,13,41,14,39,19,38,17,164,16,44,224,180,91,10,101,0,2,2,327,283,26,257,133
"chr10.4",7,6,2,7,3,6,18,8,4,12,13,11,18,13,20,14,18,14,105,5,29,139,110,54,6,60,0,2,2,201,172,11,161,82
"chr10.5",12,8,6,8,6,11,17,12,9,17,11,17,21,20,15,21,18,19,98,9,20,127,107,49,5,54,3,0,3,184,164,17,147,79
"chr10.6",4,5,4,3,3,9,9,6,6,7,9,11,11,12,8,11,10,11,58,11,16,85,69,NA,NA,NA,NA,NA,NA,NA,NA,NA,NA,48
"chr10.7",6,6,3,6,3,9,12,9,6,8,11,12,15,14,16,11,16,16,83,8,26,117,91,43,6,49,3,6,9,175,149,17,132,71
"chr10.8",18,1,5,2,6,8,28,3,8,9,18,9,32,11,28,11,29,10,77,8,35,120,85,62,3,65,2,3,5,190,155,13,142,64
"chr10.9",20,7,7,8,7,6,32,7,12,14,19,10,35,10,32,14,34,12,80,11,40,131,91,40,4,44,2,1,3,178,138,17,121,68
"chr10.10",22,10,9,11,9,6,31,12,12,16,19,12,36,15,35,16,34,17,120,9,38,167,129,43,10,53,0,0,0,220,182,19,163,101
"chr10.11",22,9,14,8,10,6,26,11,16,11,16,11,29,13,30,12,29,18,85,13,36,134,98,55,4,59,0,2,2,195,159,17,142,57
"chr10.12",13,7,7,4,7,8,17,7,8,4,11,9,18,12,16,9,18,12,61,9,17,87,70,47,6,53,0,0,0,140,123,15,108,43
"chr10.13",20,6,4,5,3,7,22,9,4,10,4,12,25,14,24,12,22,14,64,2,30,96,66,NA,NA,NA,NA,NA,NA,NA,NA,NA,NA,55
"chr10.14",12,11,5,9,1,5,12,13,7,18,3,13,14,16,17,23,14,14,90,4,21,115,94,41,2,43,2,1,3,161,140,8,132,59
"chr10.15",9,8,3,6,2,2,14,9,4,11,7,8,15,10,13,13,14,11,59,6,16,81,65,25,7,32,3,4,7,120,104,16,88,38
"chr10.16",10,5,6,5,6,7,21,8,10,14,16,7,23,13,23,15,23,11,114,13,31,158,127,58,3,61,3,1,4,223,192,19,173,92
"chr10.17",15,5,6,7,4,9,28,7,9,16,21,14,34,13,34,16,33,14,116,7,35,158,123,70,6,76,0,4,4,238,203,13,190,99
"chr10.18",14,5,6,5,5,8,20,8,6,14,11,11,21,13,20,15,20,13,90,7,21,118,97,NA,NA,NA,NA,NA,NA,NA,NA,NA,NA,69
"chr10.19",18,3,6,5,8,4,28,4,11,9,19,8,31,7,27,10,30,9,96,16,27,139,112,NA,NA,NA,NA,NA,NA,NA,NA,NA,NA,82
"chr10.20",13,5,4,6,5,3,21,6,8,15,12,6,23,7,23,15,26,7,93,9,31,133,102,55,7,62,1,1,2,197,166,17,149,80
"chr10.21",16,8,3,8,5,10,23,8,6,15,14,15,29,15,22,18,25,15,108,8,29,145,116,46,3,49,0,2,2,196,167,11,156,89
"chr10.22",4,5,1,5,2,6,7,6,4,9,5,7,9,9,8,11,9,8,65,3,16,84,68,42,5,47,1,1,2,133,117,9,108,50
"chr10.23",7,6,3,4,2,4,11,8,5,7,6,7,14,10,15,9,13,9,71,6,26,103,77,48,3,51,0,1,1,155,129,9,120,54
"chr10.24",12,5,5,8,6,7,16,7,7,13,12,12,17,12,17,15,17,14,99,10,18,127,109,44,8,52,3,1,4,183,165,21,144,78
"chr10.25",11,8,3,4,3,7,18,9,4,15,11,11,19,14,19,19,18,15,99,7,26,132,106,45,7,52,1,1,2,186,160,15,145,73
"chr10.26",19,7,3,8,5,5,24,9,8,10,12,10,29,12,28,14,29,12,97,10,34,141,107,43,5,48,0,0,0,189,155,15,140,82
"chr10.27",10,3,5,7,5,5,23,5,5,12,15,9,23,8,20,15,24,11,106,9,31,146,115,52,7,59,0,3,3,208,177,16,161,88
"chr10.28",8,9,1,6,3,8,19,9,6,10,13,12,22,13,22,13,21,14,67,4,25,96,71,39,6,45,2,2,4,145,120,12,108,54
"chr10.29",10,4,9,4,9,11,13,8,13,13,11,14,17,16,18,16,15,16,73,12,24,109,85,35,4,39,2,3,5,153,129,18,111,62
"chr10.30",9,3,2,5,3,8,13,6,6,11,8,12,16,13,16,14,17,12,71,6,21,98,77,55,7,62,0,1,1,161,140,13,127,56
"chr10.31",8,6,3,7,5,6,15,9,5,15,13,11,17,15,17,17,17,14,100,5,18,123,105,43,6,49,1,1,2,174,156,12,144,71
"chr10.32",12,4,2,4,4,2,18,8,6,11,11,5,20,9,20,12,20,7,78,6,34,118,84,50,1,51,0,0,0,169,135,7,128,68
"chr10.33",7,6,4,5,5,5,14,6,6,10,13,9,19,11,17,14,17,13,82,4,26,112,86,NA,NA,NA,NA,NA,NA,NA,NA,NA,NA,59
"chr10.34",7,5,4,9,3,8,11,8,4,18,8,15,14,14,12,21,12,18,78,6,23,107,84,64,7,71,0,2,2,180,157,13,144,64
"chr10.35",5,10,1,11,0,8,8,11,2,11,5,16,11,15,11,12,11,18,74,4,25,103,78,55,3,58,0,1,1,162,137,7,130,59
"chr10.36",4,5,3,4,3,2,9,5,5,5,6,6,12,6,10,10,10,7,81,6,13,100,87,40,5,45,0,0,0,145,132,11,121,56
"chr10.37",22,22,7,20,9,10,36,25,12,25,23,27,38,30,39,32,40,32,146,11,51,208,157,63,4,67,2,3,5,280,229,17,212,99
"chr10.38",27,15,7,14,9,9,44,17,15,16,25,21,50,24,49,21,51,25,166,15,70,251,181,NA,NA,NA,NA,NA,NA,NA,NA,NA,NA,130
"chr10.39",10,9,1,8,1,5,18,10,1,12,10,12,21,13,17,12,19,12,131,5,33,169,136,NA,NA,NA,NA,NA,NA,NA,NA,NA,NA,127
"chr10.40",7,11,2,9,2,6,16,14,2,13,11,14,20,17,15,16,16,17,151,6,30,187,157,NA,NA,NA,NA,NA,NA,NA,NA,NA,NA,136
"chr10.41",9,10,3,10,4,8,21,10,7,13,17,15,25,16,22,16,24,16,96,10,31,137,106,55,6,61,0,2,2,200,169,16,153,74
"chr10.42",21,16,4,15,7,9,29,17,7,18,16,22,30,23,29,22,30,28,116,12,43,171,128,85,11,96,2,1,3,270,227,25,202,85
"chr10.43",14,14,5,13,5,3,24,16,14,21,17,14,28,17,32,22,31,17,91,9,39,139,100,NA,NA,NA,NA,NA,NA,NA,NA,NA,NA,69
"chr10.44",3,4,5,5,5,4,6,4,6,9,6,8,7,8,6,11,6,11,51,8,8,67,59,NA,NA,NA,NA,NA,NA,NA,NA,NA,NA,28
"chr10.45",6,0,2,0,2,3,6,0,4,0,3,3,6,3,7,3,7,3,24,4,10,38,28,NA,NA,NA,NA,NA,NA,NA,NA,NA,NA,18
"chr10.46",9,12,3,10,4,6,12,13,5,13,9,14,15,17,14,15,14,19,81,5,17,103,86,NA,NA,NA,NA,NA,NA,NA,NA,NA,NA,57
"chr10.47",7,13,2,12,3,11,12,13,7,15,8,20,14,18,17,16,15,20,94,4,20,118,98,NA,NA,NA,NA,NA,NA,NA,NA,NA,NA,69
"chr10.48",10,11,3,11,3,10,18,16,5,20,13,20,20,23,20,23,21,21,128,8,32,168,136,NA,NA,NA,NA,NA,NA,NA,NA,NA,NA,94
"chr10.49",11,6,4,7,4,2,14,6,4,9,7,7,15,7,13,10,15,7,59,8,15,82,67,NA,NA,NA,NA,NA,NA,NA,NA,NA,NA,43
"chr10.50",9,14,3,13,3,7,13,15,5,19,9,16,15,17,16,21,17,18,96,6,21,123,102,NA,NA,NA,NA,NA,NA,NA,NA,NA,NA,71
"chr10.51",16,18,9,21,8,7,22,20,12,30,13,22,26,22,21,31,24,24,153,13,24,190,166,38,7,45,0,1,1,236,212,20,192,115
"chr10.52",19,18,9,17,6,14,38,19,11,22,26,25,42,27,40,26,43,27,149,11,52,212,160,66,10,76,2,3,5,293,241,23,218,110
"chr10.53",24,12,5,13,4,8,38,16,8,18,19,16,40,18,38,20,43,19,168,14,51,233,182,79,12,91,1,4,5,329,278,27,251,131
"chr10.54",20,22,3,23,3,14,32,28,5,28,17,31,34,36,32,32,35,37,199,7,46,252,206,NA,NA,NA,NA,NA,NA,NA,NA,NA,NA,154
"chr10.55",33,22,7,16,8,17,50,26,11,25,24,30,51,34,53,31,54,33,174,10,78,262,184,72,8,80,1,1,2,344,266,19,247,132
"chr10.56",18,23,3,21,3,16,26,27,6,26,12,32,34,35,31,34,29,37,184,9,47,240,193,86,11,97,5,1,6,343,296,25,271,141
"chr10.57",16,20,8,18,5,11,29,22,10,25,22,26,35,27,31,29,33,29,96,11,31,138,107,56,9,65,3,0,3,206,175,23,152,69
"chr10.58",13,13,10,14,9,5,25,15,14,17,20,15,29,18,25,20,27,19,90,13,25,128,103,43,3,46,0,3,3,177,152,16,136,68
"chr10.59",3,14,2,11,2,14,9,14,3,14,9,20,11,21,7,20,10,22,75,6,14,95,81,56,8,64,0,2,2,161,147,14,133,47
"chr10.60",8,5,1,8,2,5,11,8,2,16,5,9,12,11,10,19,12,13,107,5,22,134,112,48,7,55,0,1,1,190,168,12,156,81
"chr10.61",7,7,5,5,4,3,13,7,7,5,13,7,19,7,16,6,17,7,69,9,19,97,78,38,8,46,0,2,2,145,126,17,109,57
"chr10.62",11,7,7,9,8,6,16,8,9,13,13,10,19,10,18,16,18,16,100,13,29,142,113,73,6,79,5,2,7,228,199,24,175,72
"chr10.63",12,12,2,13,3,8,19,16,4,18,11,17,21,21,20,21,21,21,118,7,26,151,125,47,5,52,1,1,2,205,179,13,166,93
"chr10.64",13,10,4,11,3,8,23,13,7,16,12,15,25,20,24,18,26,18,158,11,44,213,169,82,9,91,4,3,7,311,267,24,243,122
"chr10.65",21,27,6,24,7,8,30,30,8,29,17,31,34,34,31,35,32,34,142,15,41,198,157,71,13,84,2,2,4,286,245,30,215,101
"chr10.66",18,11,9,12,7,7,33,13,10,17,21,16,37,16,33,18,34,18,147,11,33,191,158,NA,NA,NA,NA,NA,NA,NA,NA,NA,NA,123
"chr10.67",13,10,5,8,6,7,24,14,6,13,16,14,26,18,23,17,26,17,87,6,34,127,93,NA,NA,NA,NA,NA,NA,NA,NA,NA,NA,63
"chr10.68",2,12,1,14,1,4,9,15,2,19,9,17,11,18,9,21,10,18,72,4,19,95,76,NA,NA,NA,NA,NA,NA,NA,NA,NA,NA,45
"chr10.69",9,9,7,7,7,10,13,10,8,14,10,14,15,15,14,17,13,16,68,6,27,101,74,60,5,65,4,1,5,171,144,15,129,49
"chr10.70",10,9,2,7,6,4,16,11,8,10,14,10,20,14,19,11,20,14,84,7,21,112,91,45,2,47,2,2,4,163,142,11,131,66
"chr10.71",8,9,6,8,6,8,11,12,11,15,8,15,14,16,15,18,16,15,69,6,16,91,75,47,9,56,5,1,6,153,137,20,117,44
"chr10.72",10,11,5,11,5,9,11,14,6,13,7,18,11,19,11,17,11,19,50,7,10,67,57,NA,NA,NA,NA,NA,NA,NA,NA,NA,NA,28
"chr10.73",5,8,3,9,3,6,10,11,4,14,10,11,12,13,12,16,13,12,56,6,24,86,62,NA,NA,NA,NA,NA,NA,NA,NA,NA,NA,32
"chr10.74",5,11,4,10,3,7,9,13,7,12,7,15,11,17,11,14,10,18,52,8,18,78,60,45,5,50,1,2,3,131,113,14,99,37
"chr10.75",7,10,4,12,4,6,11,12,7,15,9,15,13,15,13,16,14,17,66,8,13,87,74,57,8,65,4,0,4,156,143,20,123,41
"chr10.76",8,8,4,7,5,6,14,11,5,12,9,13,15,18,14,16,14,18,92,4,22,118,96,44,2,46,3,6,9,173,151,9,142,64
"chr10.77",8,8,7,7,6,6,8,10,7,14,6,11,9,13,9,17,8,15,85,7,7,99,92,44,8,52,1,1,2,153,146,16,130,62
"chr10.78",8,4,6,4,3,4,13,7,9,8,9,8,17,11,15,13,16,14,81,6,26,113,87,42,7,49,2,1,3,165,139,15,124,60
"chr10.79",6,9,5,11,5,4,13,12,7,14,12,12,13,13,12,14,14,14,73,8,17,98,81,NA,NA,NA,NA,NA,NA,NA,NA,NA,NA,55
"chr10.80",16,9,7,9,7,10,31,12,11,13,23,19,36,22,34,16,38,22,153,10,47,210,163,95,6,101,2,1,3,314,267,18,249,126
"chr10.81",26,19,10,18,8,4,40,21,13,21,23,21,46,24,45,25,42,23,203,13,63,279,216,84,8,92,4,2,6,377,314,25,289,153
"chr10.82",17,11,9,10,7,8,39,12,9,14,29,17,44,18,40,17,40,19,175,11,60,246,186,50,6,56,1,0,1,303,243,18,225,145
"chr10.83",17,14,9,11,9,9,22,15,10,18,13,18,23,22,23,20,24,23,134,10,25,169,144,63,10,73,0,4,4,246,221,20,201,101
"chr10.84",11,9,10,10,9,10,14,12,12,22,14,17,17,21,19,23,18,20,107,17,21,145,124,48,13,61,0,0,0,206,185,30,155,77
"chr10.85",11,15,9,14,8,6,24,15,9,17,19,18,24,18,22,20,24,21,88,13,26,127,101,50,9,59,0,0,0,186,160,22,138,60
"chr10.86",7,7,5,9,5,6,12,9,6,16,10,12,13,12,13,16,13,12,66,8,16,90,74,NA,NA,NA,NA,NA,NA,NA,NA,NA,NA,52
"chr10.87",8,6,5,6,4,4,9,9,5,13,8,8,11,11,11,15,12,11,58,7,13,78,65,34,8,42,1,1,2,122,109,16,93,37
"chr10.88",7,9,5,8,5,9,11,9,6,12,10,14,14,14,11,16,12,15,60,6,14,80,66,50,5,55,0,2,2,137,123,11,112,41
"chr10.89",12,7,5,4,4,5,18,8,5,9,10,10,19,11,18,11,18,12,96,7,30,133,103,42,3,45,4,2,6,184,154,14,140,75
"chr10.90",11,4,4,6,5,6,17,5,6,11,12,10,19,9,18,12,18,10,76,7,30,113,83,52,6,58,3,0,3,174,144,16,128,67
"chr10.91",8,7,6,8,6,11,8,9,7,14,7,16,10,17,10,17,10,17,63,6,8,77,69,NA,NA,NA,NA,NA,NA,NA,NA,NA,NA,42
"chr10.92",8,12,1,15,2,5,14,14,2,16,7,18,14,20,15,19,14,21,73,2,23,98,75,50,2,52,0,2,2,152,129,4,125,49
"chr10.93",7,8,4,7,6,5,12,8,10,12,12,12,13,11,15,14,14,14,81,12,15,108,93,37,8,45,2,2,4,157,142,22,120,61
"chr10.94",9,6,5,7,6,7,11,10,8,16,8,12,14,14,12,18,12,16,81,7,22,110,88,NA,NA,NA,NA,NA,NA,NA,NA,NA,NA,59
"chr10.95",10,11,10,11,10,7,15,12,11,14,14,16,17,16,17,16,16,18,79,10,17,106,89,61,10,71,0,4,4,181,164,20,144,51
"chr10.96",5,7,2,9,3,2,12,8,6,14,9,9,14,10,11,14,15,10,78,7,14,99,85,44,11,55,1,1,2,156,142,19,123,52
"chr10.97",5,6,6,7,6,6,11,8,9,10,12,11,12,13,11,11,13,13,63,10,11,84,73,53,6,59,1,0,1,144,133,17,116,43
"chr10.98",16,14,9,11,10,10,23,15,18,18,16,17,24,22,26,19,28,20,102,13,25,140,115,NA,NA,NA,NA,NA,NA,NA,NA,NA,NA,80
"chr10.99",5,9,2,9,2,6,9,10,2,12,7,12,10,12,9,15,10,13,79,8,23,110,87,NA,NA,NA,NA,NA,NA,NA,NA,NA,NA,61
"chr10.100",9,11,5,8,8,5,14,12,9,11,12,12,16,13,16,14,17,12,76,9,15,100,85,53,8,61,1,3,4,165,150,18,132,51
"chr10.101",3,10,3,12,2,8,5,14,4,20,5,14,7,16,9,21,7,17,63,3,17,83,66,46,5,51,1,4,5,139,122,9,113,39
"chr10.102",8,10,5,7,6,5,9,11,7,9,7,11,11,13,11,9,12,14,62,8,16,86,70,NA,NA,NA,NA,NA,NA,NA,NA,NA,NA,57
"chr10.103",7,6,3,5,7,3,14,7,10,10,13,7,14,9,14,14,16,9,71,12,15,98,83,45,6,51,2,1,3,152,137,20,117,40
"chr10.104",21,12,9,15,10,10,31,16,12,22,22,21,33,22,30,26,33,25,167,17,35,219,184,65,8,73,3,2,5,297,262,28,234,138
"chr10.105",22,10,6,13,9,6,39,14,13,14,26,16,44,21,42,15,43,22,160,23,49,232,183,81,10,91,2,3,5,328,279,35,244,135
"chr10.106",30,25,8,24,8,14,53,28,12,33,33,33,56,36,55,35,58,37,231,17,78,326,248,103,18,121,6,1,7,454,376,41,335,180
"chr10.107",33,30,16,25,17,13,49,38,20,39,31,36,52,46,51,44,50,41,208,19,55,282,227,88,5,93,4,2,6,381,326,28,298,155
"chr10.108",21,14,5,14,5,9,33,15,6,18,15,22,34,22,32,21,33,25,168,7,54,229,175,68,10,78,4,1,5,312,258,21,237,137
"chr10.109",12,16,6,12,7,12,19,18,10,17,13,23,20,23,20,24,21,26,138,7,23,168,145,54,8,62,1,6,7,237,214,16,198,104
"chr10.110",11,14,6,15,6,9,19,22,8,23,15,19,23,25,20,25,23,26,107,9,29,145,116,35,3,38,2,1,3,186,157,14,143,84
"chr10.111",12,8,5,7,4,8,20,12,9,13,13,12,23,16,24,15,25,18,113,11,34,158,124,70,3,73,2,0,2,233,199,16,183,90
"chr10.112",6,11,4,13,2,7,10,14,5,18,7,16,12,17,11,20,11,18,71,3,16,90,74,53,7,60,3,2,5,155,139,13,126,48
"chr10.113",6,8,5,10,6,6,9,9,7,10,8,12,9,13,9,10,10,12,81,8,6,95,89,63,3,66,2,1,3,164,158,13,145,56
"chr10.114",12,12,5,12,5,8,18,13,8,15,11,14,20,15,19,16,21,15,78,7,26,111,85,32,4,36,0,2,2,149,123,11,112,62
"chr10.115",15,8,9,8,11,6,29,10,11,11,23,13,31,15,25,15,29,14,106,11,30,147,117,59,8,67,2,1,3,217,187,21,166,86
"chr10.116",17,8,9,7,11,10,29,10,12,14,20,16,29,17,29,19,30,19,85,13,21,119,98,53,7,60,3,3,6,185,164,23,141,62
"chr10.117",6,10,3,12,4,10,14,15,6,21,12,19,15,23,13,24,16,21,101,9,22,132,110,51,8,59,2,1,3,194,172,19,153,69
"chr10.118",7,13,4,11,4,6,10,16,4,17,7,14,10,19,9,18,10,18,66,7,15,88,73,53,6,59,1,2,3,150,135,14,121,50
"chr10.119",12,12,4,12,7,7,18,14,8,14,13,17,18,19,19,15,19,21,91,9,27,127,100,59,8,67,1,2,3,197,170,18,152,66
"chr10.120",6,9,6,9,5,6,14,13,8,12,12,13,14,16,14,15,14,17,90,9,15,114,99,62,5,67,2,1,3,184,169,16,153,61
"chr10.121",1,6,2,7,2,4,4,8,4,9,3,11,6,11,6,11,6,14,59,4,15,78,63,38,8,46,2,0,2,126,111,14,97,40
"chr10.122",10,13,9,14,5,7,15,15,11,18,12,18,20,18,19,19,18,18,82,12,19,113,94,64,5,69,0,0,0,182,163,17,146,53
"chr10.123",12,8,1,8,4,7,16,10,6,14,8,15,17,17,17,19,19,19,109,6,28,143,115,55,5,60,2,1,3,206,178,13,165,86
"chr10.124",12,13,7,11,7,4,15,13,9,12,11,13,16,15,16,14,16,19,80,12,21,113,92,60,8,68,2,1,3,184,163,22,141,56
"chr10.125",7,10,6,9,5,3,11,10,8,9,10,10,17,11,16,11,14,12,95,6,38,139,101,77,7,84,4,0,4,227,189,17,172,78
"chr10.126",9,12,5,11,7,7,12,13,7,15,9,15,13,16,12,16,12,18,84,6,17,107,90,NA,NA,NA,NA,NA,NA,NA,NA,NA,NA,64
"chr10.127",8,19,3,22,4,9,17,24,7,29,14,22,19,24,19,31,22,26,145,8,32,185,153,70,6,76,4,1,5,266,234,18,216,103
"chr10.128",21,14,10,10,7,10,31,16,11,11,21,19,37,21,34,17,36,24,139,9,45,193,148,59,14,73,4,0,4,270,225,27,198,106
"chr10.129",11,8,5,12,6,4,17,11,7,16,13,12,19,13,17,18,19,12,117,8,24,149,125,84,11,95,1,5,6,250,226,20,206,103
"chr10.130",16,8,5,8,4,7,28,9,9,13,17,15,32,15,31,14,30,17,209,10,42,261,219,72,17,89,1,0,1,351,309,28,281,180
"chr10.131",8,7,5,5,6,8,14,8,9,10,12,12,15,14,15,15,15,14,98,8,20,126,106,NA,NA,NA,NA,NA,NA,NA,NA,NA,NA,80
"chr10.132",5,10,4,14,2,5,14,15,4,16,10,15,20,17,15,18,14,17,90,4,34,128,94,62,8,70,2,2,4,202,168,14,154,64
"chr11.1",4,11,5,9,4,7,8,14,6,13,7,16,10,20,8,17,8,20,78,7,11,96,85,NA,NA,NA,NA,NA,NA,NA,NA,NA,NA,53
"chr11.2",13,8,2,6,4,11,24,10,4,14,14,14,24,18,21,15,24,16,70,6,21,97,76,NA,NA,NA,NA,NA,NA,NA,NA,NA,NA,52
"chr11.3",16,13,3,13,3,6,20,14,5,15,8,16,21,16,19,17,21,16,75,10,20,105,85,61,8,69,1,5,6,180,160,19,141,51
"chr11.4",13,3,6,3,8,3,21,5,9,7,14,5,21,7,22,9,22,7,63,10,21,94,73,NA,NA,NA,NA,NA,NA,NA,NA,NA,NA,50
"chr11.5",32,8,8,8,9,8,43,10,13,17,20,13,48,15,45,18,48,14,115,17,55,187,132,NA,NA,NA,NA,NA,NA,NA,NA,NA,NA,101
"chr11.6",36,19,7,18,8,11,49,22,12,21,23,25,52,26,52,25,54,26,140,9,55,204,149,56,14,70,2,5,7,281,226,25,201,114
"chr11.7",16,15,4,16,3,12,19,19,5,26,6,24,22,26,22,31,21,27,103,4,31,138,107,55,8,63,1,1,2,203,172,13,159,73
"chr11.8",21,10,7,9,4,7,32,12,8,15,15,14,38,15,35,18,34,17,97,6,49,152,103,56,10,66,3,1,4,222,173,19,154,76
"chr11.9",13,13,1,13,2,9,17,15,4,14,6,19,19,18,17,16,19,22,77,4,18,99,81,56,6,62,1,1,2,163,145,11,134,54
"chr11.10",12,11,2,8,5,2,15,14,6,12,7,11,16,14,17,13,16,16,55,6,20,81,61,NA,NA,NA,NA,NA,NA,NA,NA,NA,NA,38
"chr11.11",11,9,5,13,4,3,15,12,9,14,11,14,20,13,22,15,19,16,76,7,23,106,83,46,8,54,0,1,1,161,138,15,123,57
"chr11.12",12,8,7,9,6,5,15,9,8,13,10,13,17,12,16,17,16,14,74,9,20,103,83,52,9,61,0,0,0,164,144,18,126,55
"chr11.13",6,5,3,5,3,4,9,7,5,7,7,8,13,9,11,8,10,11,63,5,16,84,68,35,7,42,0,1,1,127,111,12,99,40
"chr11.14",23,14,10,10,8,8,26,17,12,21,12,19,28,23,29,23,26,23,94,15,23,132,109,68,7,75,3,2,5,212,189,25,164,67
"chr11.15",23,6,3,8,2,3,27,10,7,11,7,9,29,11,31,12,29,12,92,8,35,135,100,NA,NA,NA,NA,NA,NA,NA,NA,NA,NA,70
"chr11.16",34,7,7,7,6,6,47,7,7,9,17,10,48,11,45,11,47,11,106,11,53,170,117,52,6,58,3,1,4,232,179,20,159,86
"chr11.17",12,9,4,11,4,4,17,10,4,13,9,12,17,12,16,13,17,13,90,6,17,113,96,52,8,60,2,5,7,180,163,16,147,62
"chr11.18",31,9,5,11,5,5,32,11,8,16,6,14,37,14,35,16,34,16,81,7,46,134,88,44,8,52,2,1,3,189,143,17,126,66
"chr11.19",17,7,4,8,4,5,23,7,5,12,10,12,24,12,23,13,24,14,71,4,28,103,75,NA,NA,NA,NA,NA,NA,NA,NA,NA,NA,52
"chr11.20",13,9,5,9,6,4,22,10,7,12,15,12,22,13,20,13,22,13,60,10,18,88,70,44,10,54,1,1,2,144,126,21,105,38
"chr11.21",26,7,4,8,3,7,34,8,6,13,12,14,37,13,36,17,36,15,93,10,46,149,103,59,4,63,2,2,4,216,170,16,154,75
"chr11.22",60,17,9,18,9,9,82,20,15,26,36,25,91,25,88,28,89,30,153,12,93,258,165,98,4,102,0,2,2,362,269,16,253,122
"chr11.23",44,14,9,12,8,11,60,16,13,17,23,20,61,22,58,21,61,24,129,17,56,202,146,87,19,106,1,3,4,312,256,37,219,96
"chr11.24",35,18,8,18,7,7,47,22,12,20,21,22,56,24,52,23,52,23,140,10,66,216,150,84,9,93,1,2,3,312,246,20,226,110
"chr11.25",36,20,5,15,4,6,42,22,10,20,10,20,44,24,47,23,46,28,144,6,52,202,150,71,13,84,0,2,2,288,236,19,217,105
"chr11.26",63,16,9,13,7,7,75,17,11,18,17,20,81,23,79,22,79,23,141,13,86,240,154,73,11,84,3,2,5,329,243,27,216,103
"chr11.27",27,15,6,16,5,11,35,19,9,23,13,22,37,25,38,28,35,24,103,9,40,152,112,51,13,64,0,1,1,217,177,22,155,70
"chr11.28",39,6,7,6,7,6,49,8,10,10,17,11,49,12,50,11,52,12,77,8,53,138,85,43,6,49,2,1,3,190,137,16,121,54
"chr11.29",33,5,2,7,3,3,41,9,4,12,10,9,42,11,42,15,42,11,92,5,54,151,97,55,3,58,0,2,2,211,157,8,149,67
"chr11.30",53,12,7,10,9,10,62,12,12,16,18,15,65,16,63,17,66,17,153,11,61,225,164,50,7,57,1,1,2,284,223,19,204,132
"chr11.31",34,7,3,10,4,4,49,11,7,15,19,12,53,14,49,17,53,16,130,13,57,200,143,67,2,69,1,4,5,274,217,16,201,108
"chr11.32",30,15,4,8,3,7,36,15,8,12,11,16,41,18,41,17,42,20,98,6,49,153,104,57,5,62,0,1,1,216,167,11,156,78
"chr11.33",19,11,0,12,3,8,28,12,5,20,13,16,31,16,30,21,31,17,96,8,36,140,104,71,4,75,3,3,6,221,185,15,170,81
"chr11.34",20,15,3,15,4,10,26,17,5,15,10,19,30,20,27,18,26,23,88,8,31,127,96,60,5,65,2,2,4,196,165,15,150,69
"chr11.35",9,6,3,9,3,6,12,13,5,13,6,12,15,16,14,16,13,14,69,4,22,95,73,56,5,61,2,2,4,160,138,11,127,51
"chr11.36",16,13,5,13,3,7,18,14,5,16,7,15,20,16,18,19,18,17,77,8,29,114,85,54,9,63,2,1,3,180,151,19,132,59
"chr11.37",26,11,4,11,4,7,32,12,6,14,11,16,35,16,32,15,36,16,96,7,36,139,103,49,1,50,2,3,5,194,158,10,148,75
"chr11.38",49,21,4,16,5,9,61,23,7,19,17,25,64,30,61,25,62,28,177,7,68,252,184,59,13,72,1,1,2,326,258,21,237,143
"chr11.39",47,8,4,9,3,6,51,11,6,11,9,11,57,15,59,11,56,12,120,6,71,197,126,77,8,85,1,1,2,284,213,15,198,100
"chr11.40",77,25,6,26,7,4,112,29,9,34,42,27,114,30,112,37,114,31,214,11,120,345,225,91,18,109,2,0,2,456,336,31,305,175
"chr11.41",51,20,2,15,5,14,68,21,8,21,22,26,70,28,69,26,71,28,171,7,84,262,178,81,14,95,3,1,4,361,277,24,253,137
"chr11.42",51,17,16,14,20,17,64,20,23,23,33,29,70,30,64,29,67,32,188,21,72,281,209,139,6,145,5,2,7,433,361,32,329,154
"chr11.43",45,27,11,22,14,11,60,31,18,33,31,33,63,36,56,40,64,35,203,26,56,285,229,123,14,137,3,4,7,429,373,43,330,162
"chr11.44",27,13,6,14,6,7,39,18,9,21,22,19,41,21,38,24,41,23,110,14,37,161,124,74,8,82,1,1,2,245,208,23,185,78
"chr11.45",8,6,1,7,1,5,10,9,2,14,3,6,12,12,11,15,12,10,78,2,14,94,80,58,9,67,1,0,1,162,148,12,136,61
"chr11.46",15,10,3,5,1,7,17,10,4,11,6,13,22,15,20,18,20,15,95,5,23,123,100,45,14,59,0,1,1,183,160,19,141,71
"chr11.47",15,8,2,4,5,5,17,9,6,7,7,8,19,11,18,9,20,12,52,4,28,84,56,43,4,47,1,0,1,132,104,9,95,42
"chr11.48",12,4,3,4,5,1,15,5,6,5,8,6,16,6,14,7,15,9,43,7,19,69,50,NA,NA,NA,NA,NA,NA,NA,NA,NA,NA,27
"chr11.49",32,12,2,11,4,11,45,13,6,22,17,18,47,20,43,28,49,21,168,10,52,230,178,NA,NA,NA,NA,NA,NA,NA,NA,NA,NA,135
"chr11.50",51,18,11,18,9,10,70,20,17,28,28,23,77,27,75,30,75,27,194,17,80,291,211,NA,NA,NA,NA,NA,NA,NA,NA,NA,NA,157
"chr11.51",50,18,4,16,2,20,61,21,6,28,14,30,64,33,60,30,64,37,176,9,74,259,185,NA,NA,NA,NA,NA,NA,NA,NA,NA,NA,141
"chr11.52",30,8,3,10,5,7,34,14,7,19,11,15,39,17,39,20,39,17,190,5,58,253,195,NA,NA,NA,NA,NA,NA,NA,NA,NA,NA,191
"chr11.53",36,14,10,17,7,11,45,18,13,25,15,22,52,25,50,27,48,24,179,13,76,268,192,97,15,112,3,1,4,384,308,31,277,151
"chr11.54",12,9,2,7,1,3,15,12,3,15,5,9,18,14,17,15,15,16,60,4,26,90,64,47,6,53,1,1,2,145,119,11,108,42
"chr11.55",24,9,0,11,0,7,33,11,1,15,9,14,37,17,33,19,35,16,113,1,52,166,114,73,8,81,0,0,0,247,195,9,186,88
"chr11.56",15,9,5,9,2,9,23,10,7,13,11,17,30,16,25,15,25,19,86,7,38,131,93,59,4,63,0,0,0,194,156,11,145,62
"chr11.57",32,17,2,19,2,12,39,19,5,19,11,23,46,24,44,21,44,27,119,3,61,183,122,101,14,115,2,0,2,300,239,19,220,96
"chr11.58",15,12,5,14,4,7,20,14,8,17,9,17,22,18,21,19,24,20,78,8,24,110,86,NA,NA,NA,NA,NA,NA,NA,NA,NA,NA,52
"chr11.59",8,8,7,9,8,7,14,10,12,14,13,14,21,15,19,14,17,15,64,11,26,101,75,NA,NA,NA,NA,NA,NA,NA,NA,NA,NA,48
"chr11.60",14,12,1,12,1,8,25,13,3,17,12,19,25,18,21,22,26,21,88,13,23,124,101,NA,NA,NA,NA,NA,NA,NA,NA,NA,NA,62
"chr11.61",16,9,7,8,8,7,19,10,12,9,11,11,24,11,24,10,24,13,77,10,30,117,87,56,5,61,1,1,2,180,150,16,134,59
"chr11.62",6,9,5,7,6,9,14,14,7,11,12,15,14,20,14,17,14,20,81,8,17,106,89,65,5,70,4,2,6,182,165,17,148,53
"chr11.63",11,11,7,11,8,7,16,13,11,18,12,17,18,19,19,22,21,18,70,10,16,96,80,NA,NA,NA,NA,NA,NA,NA,NA,NA,NA,41
"chr11.64",8,12,5,13,5,4,17,16,9,16,14,15,18,18,16,18,17,19,74,14,19,107,88,NA,NA,NA,NA,NA,NA,NA,NA,NA,NA,50
"chr11.65",13,6,3,9,5,6,16,10,7,16,11,10,20,13,19,17,20,10,82,8,26,116,90,NA,NA,NA,NA,NA,NA,NA,NA,NA,NA,62
"chr11.66",17,10,8,11,7,11,24,13,11,15,15,16,27,17,27,17,27,18,83,12,30,125,95,NA,NA,NA,NA,NA,NA,NA,NA,NA,NA,63
"chr11.67",18,8,8,6,9,6,19,9,9,9,11,10,20,13,19,11,22,14,96,12,16,124,108,NA,NA,NA,NA,NA,NA,NA,NA,NA,NA,69
"chr11.68",14,11,5,9,6,4,19,14,7,14,9,13,19,15,19,17,19,17,87,8,21,116,95,NA,NA,NA,NA,NA,NA,NA,NA,NA,NA,61
"chr11.69",10,10,5,10,5,6,14,11,9,12,10,14,16,14,17,13,18,15,66,8,17,91,74,54,4,58,0,2,2,151,134,12,122,44
"chr11.70",11,8,3,8,3,4,13,10,4,12,5,11,16,13,14,15,15,14,54,6,20,80,60,56,3,59,4,5,9,148,128,13,115,35
"chr11.71",8,8,6,9,5,3,12,13,8,17,10,10,16,15,15,18,16,12,75,7,19,101,82,39,4,43,1,2,3,147,128,12,116,53
"chr11.72",16,11,7,10,6,6,23,16,9,15,13,16,25,18,22,19,25,19,81,12,34,127,93,46,7,53,1,4,5,185,151,20,131,53
"chr11.73",6,12,6,12,3,8,11,16,7,18,8,18,15,18,15,19,13,20,83,6,28,117,89,44,3,47,1,2,3,167,139,10,129,69
"chr11.74",15,12,8,12,8,4,20,14,10,13,14,15,21,16,22,15,23,16,84,11,28,123,95,55,4,59,1,4,5,187,159,16,143,61
"chr11.75",15,8,6,9,6,8,21,9,7,16,12,14,23,14,19,18,22,15,68,13,24,105,81,64,2,66,2,0,2,173,149,17,132,47
"chr11.76",25,13,3,12,2,6,30,14,5,14,7,14,32,15,32,16,32,15,109,7,38,154,116,46,11,57,0,2,2,213,175,18,157,81
"chr11.77",35,12,9,13,8,8,44,15,12,18,16,21,48,21,46,21,46,22,111,15,50,176,126,49,8,57,2,1,3,236,186,25,161,84
"chr11.78",52,22,5,21,11,10,69,25,14,28,28,28,74,31,69,30,73,32,145,18,79,242,163,83,6,89,1,1,2,333,254,25,229,115
"chr11.79",42,16,7,12,9,11,59,19,13,19,25,20,64,24,62,21,61,27,127,13,62,202,140,72,12,84,2,2,4,290,228,27,201,105
"chr11.80",19,8,4,8,4,5,22,9,8,11,7,10,27,11,27,11,24,14,82,5,37,124,87,55,4,59,1,1,2,185,148,10,138,65
"chr11.81",24,10,8,11,9,12,28,11,11,16,16,21,34,21,34,20,33,24,122,9,43,174,131,NA,NA,NA,NA,NA,NA,NA,NA,NA,NA,96
"chr11.82",27,16,5,14,5,13,31,18,8,19,11,22,33,22,33,19,33,25,101,6,51,158,107,64,13,77,0,0,0,235,184,19,165,76
"chr11.83",11,7,3,7,3,4,14,8,3,8,5,9,15,11,14,10,14,13,67,3,18,88,70,49,6,55,2,3,5,148,130,11,119,47
"chr11.84",21,15,6,16,6,11,30,18,10,20,18,21,37,23,32,22,34,24,125,12,46,183,137,52,5,57,2,4,6,246,200,19,181,96
"chr11.85",27,16,8,15,6,14,33,16,9,26,14,25,37,26,38,26,38,26,111,5,44,160,116,NA,NA,NA,NA,NA,NA,NA,NA,NA,NA,81
"chr11.86",34,9,9,12,9,9,48,12,12,21,23,20,50,19,50,23,52,22,140,11,66,217,151,NA,NA,NA,NA,NA,NA,NA,NA,NA,NA,112
"chr11.87",48,20,8,14,6,10,54,22,10,16,12,21,57,26,52,18,56,28,125,13,54,192,138,NA,NA,NA,NA,NA,NA,NA,NA,NA,NA,93
"chr11.88",40,14,5,15,5,8,46,17,8,19,10,19,50,21,45,19,46,21,127,10,58,195,137,68,13,81,2,1,3,279,221,25,196,104
"chr11.89",31,19,5,16,3,9,33,23,6,22,7,24,38,29,38,28,36,25,141,3,41,185,144,63,7,70,1,5,6,261,220,11,209,103
"chr11.90",20,11,6,14,6,8,26,15,7,18,11,16,28,17,24,19,27,18,98,12,37,147,110,45,7,52,0,0,0,199,162,19,143,79
"chr11.91",17,10,5,10,5,7,22,12,6,11,10,14,23,14,21,11,22,14,86,5,26,117,91,60,9,69,3,3,6,192,166,17,149,62
"chr11.92",13,10,1,8,1,7,14,11,4,10,2,14,17,13,16,17,16,15,79,3,25,107,82,54,3,57,0,3,3,167,142,6,136,53
"chr11.93",16,9,4,7,3,5,16,9,5,9,4,11,19,11,21,11,19,12,62,5,29,96,67,NA,NA,NA,NA,NA,NA,NA,NA,NA,NA,48
"chr11.94",35,17,7,14,4,8,37,18,8,18,7,19,43,22,41,23,39,25,138,9,48,195,147,84,11,95,0,4,4,294,246,20,226,104
"chr11.95",66,16,9,15,9,8,71,22,13,23,14,21,77,26,73,24,72,23,138,8,82,228,146,81,11,92,6,1,7,327,245,25,220,103
"chr11.96",47,10,6,11,7,2,49,14,7,21,12,13,55,17,56,22,54,16,137,5,68,210,142,74,7,81,0,2,2,293,225,12,213,111
"chr11.97",44,10,9,10,13,6,50,14,15,12,18,15,54,18,54,16,53,21,110,14,56,180,124,55,13,68,2,1,3,251,195,29,166,91
"chr11.98",22,17,7,16,5,9,23,19,9,21,7,21,24,26,26,27,24,24,101,6,37,144,107,54,8,62,0,1,1,207,170,14,156,63
"chr11.99",12,10,7,8,7,7,14,11,8,13,9,16,14,17,14,19,15,18,63,10,15,88,73,51,5,56,2,1,3,147,132,17,115,46
"chr11.100",20,17,5,15,6,10,26,18,7,19,11,21,26,23,26,26,27,24,99,7,27,133,106,49,5,54,0,4,4,191,164,12,152,61
"chr11.101",25,13,5,14,5,3,33,16,9,17,14,15,36,18,32,17,36,16,106,13,39,158,119,55,10,65,1,4,5,228,189,24,165,80
"chr11.102",40,13,5,12,4,8,43,15,7,15,10,18,46,20,47,21,45,21,107,5,52,164,112,59,6,65,1,2,3,232,180,12,168,78
"chr11.103",38,15,5,12,4,6,40,15,7,12,8,13,42,15,42,13,44,15,116,10,45,171,126,61,6,67,1,1,2,240,195,17,178,89
"chr11.104",24,14,10,11,10,10,28,17,13,18,14,20,32,21,32,23,31,21,120,12,31,163,132,67,9,76,0,1,1,240,209,21,188,87
"chr11.105",14,15,6,15,8,10,17,17,11,17,10,18,18,20,21,18,20,20,74,11,21,106,85,NA,NA,NA,NA,NA,NA,NA,NA,NA,NA,48
"chr11.106",28,10,6,10,7,4,32,11,9,12,10,12,35,15,31,15,33,12,68,13,35,116,81,46,8,54,2,2,4,174,139,23,116,50
"chr11.107",19,5,2,7,2,4,23,7,3,9,6,9,24,10,22,11,25,11,53,6,28,87,59,36,10,46,1,3,4,137,109,17,92,40
"chr11.108",13,3,7,4,6,2,18,3,9,7,9,5,19,4,19,7,21,6,65,11,24,100,76,49,6,55,0,1,1,156,132,17,115,50
"chr11.109",20,9,4,9,4,6,24,10,10,10,7,13,27,13,29,13,27,13,75,7,35,117,82,46,7,53,0,1,1,171,136,14,122,58
"chr11.110",29,17,6,15,6,7,33,22,7,21,10,21,35,27,31,24,35,24,120,11,47,178,131,74,9,83,2,5,7,268,221,22,199,88
"chr11.111",15,13,6,12,5,4,20,14,9,15,9,16,24,18,26,16,23,21,78,8,31,117,86,43,18,61,2,0,2,180,149,28,121,51
"chr11.112",20,11,5,10,5,5,26,14,8,13,11,11,29,14,27,14,30,16,101,8,32,141,109,82,9,91,2,4,6,238,206,19,187,81
"chr11.113",23,14,11,11,11,9,29,15,15,16,16,17,32,19,30,21,30,20,105,16,35,156,121,65,8,73,1,3,4,233,198,25,173,72
"chr11.114",11,9,4,9,4,13,15,11,5,18,8,21,19,22,19,21,18,23,68,4,30,102,72,49,8,57,0,3,3,162,132,12,120,52
"chr11.115",15,8,8,9,6,15,18,10,10,21,9,22,22,23,22,22,22,24,82,11,20,113,93,50,2,52,1,1,2,167,147,14,133,68
"chr11.116",10,8,5,8,4,6,13,9,6,11,10,11,20,11,17,14,16,13,61,5,23,89,66,58,2,60,0,2,2,151,128,7,121,41
"chr11.117",24,11,6,10,5,5,27,13,7,15,9,11,30,14,30,15,30,14,84,5,32,121,89,45,6,51,0,2,2,174,142,11,131,55
"chr11.118",17,6,6,7,7,3,23,7,10,8,13,10,23,10,22,10,26,12,70,11,24,105,81,60,9,69,0,2,2,176,152,20,132,56
"chr11.119",28,11,5,11,5,2,30,13,6,13,9,12,33,13,32,14,33,14,86,6,42,134,92,56,6,62,2,0,2,198,156,14,142,60
"chr11.120",25,13,1,10,2,6,31,14,4,15,9,15,32,19,29,18,32,20,84,8,37,129,92,45,9,54,0,1,1,184,147,17,130,64
"chr11.121",14,10,2,10,1,7,18,10,3,16,6,15,20,15,18,17,18,17,114,6,33,153,120,70,12,82,2,4,6,241,208,20,188,90
"chr11.122",18,11,5,11,5,6,21,12,7,16,9,17,24,18,23,19,23,20,102,8,24,134,110,49,4,53,0,2,2,189,165,12,153,76
"chr11.123",19,10,5,10,6,7,20,14,6,15,6,15,22,19,20,20,21,19,94,6,27,127,100,49,7,56,0,1,1,184,157,13,144,69
"chr11.124",37,14,12,14,12,10,45,16,18,19,19,19,46,20,45,21,47,21,118,17,46,181,135,74,8,82,2,0,2,265,219,27,192,86
"chr11.125",24,16,7,13,9,4,27,20,9,18,13,17,31,22,29,21,31,21,109,11,40,160,120,51,7,58,0,0,0,218,178,18,160,86
"chr11.126",16,7,3,9,1,10,19,10,3,14,4,16,20,16,22,17,20,17,83,5,29,117,88,50,8,58,2,3,5,180,151,15,136,65
"chr11.127",14,10,5,10,6,5,16,12,7,13,7,14,18,15,17,16,17,17,71,9,20,100,80,63,5,68,0,3,3,171,151,14,137,48
"chr11.128",31,7,2,4,2,8,32,7,3,9,5,11,36,10,34,13,34,11,128,6,38,172,134,44,11,55,2,1,3,230,192,19,173,109
"chr11.129",39,5,10,5,9,5,44,6,11,12,16,9,46,10,43,15,49,11,177,12,60,249,189,86,7,93,0,1,1,343,283,19,264,160
"chr11.130",36,16,4,15,6,16,40,17,6,22,10,27,41,28,39,27,41,32,138,8,52,198,146,80,7,87,2,2,4,289,237,17,220,109
"chr11.131",21,6,7,7,8,4,23,6,9,9,11,11,25,9,23,10,26,11,95,11,24,130,106,56,8,64,0,0,0,194,170,19,151,71
"chr12.1",11,8,3,8,2,4,13,10,4,11,5,10,13,13,13,11,13,11,69,6,20,95,75,NA,NA,NA,NA,NA,NA,NA,NA,NA,NA,49
"chr12.2",10,10,7,10,7,5,13,13,8,15,9,13,15,16,15,15,14,14,51,5,22,78,56,52,5,57,0,6,6,141,119,10,109,37
"chr12.3",9,10,7,8,6,6,25,11,8,11,21,12,27,15,24,12,25,14,69,7,30,106,76,62,4,66,0,2,2,174,144,11,133,53
"chr12.4",8,15,3,14,3,11,13,16,4,19,10,21,16,24,13,22,14,28,94,5,22,121,99,58,11,69,2,1,3,193,171,18,153,71
"chr12.5",10,18,5,18,5,12,23,20,7,27,19,28,25,28,28,30,26,29,107,5,36,148,112,69,10,79,0,2,2,229,193,15,178,83
"chr12.6",10,14,6,12,9,13,29,17,9,14,26,21,29,24,26,15,31,26,115,10,29,154,125,79,9,88,1,1,2,244,215,20,195,86
"chr12.7",6,12,5,8,5,7,12,14,7,12,10,13,14,19,11,15,14,19,64,8,18,90,72,50,7,57,2,1,3,150,132,17,115,48
"chr12.8",9,8,5,6,7,8,21,10,9,7,19,12,22,15,20,12,22,16,68,12,18,98,80,NA,NA,NA,NA,NA,NA,NA,NA,NA,NA,52
"chr12.9",6,17,2,14,2,7,14,20,3,24,11,18,16,25,10,25,14,25,91,10,21,122,101,NA,NA,NA,NA,NA,NA,NA,NA,NA,NA,62
"chr12.10",5,6,3,9,5,5,10,7,5,11,10,10,12,11,13,14,11,14,63,6,14,83,69,NA,NA,NA,NA,NA,NA,NA,NA,NA,NA,38
"chr12.11",12,13,7,9,6,2,21,16,11,16,19,10,30,17,22,17,23,17,77,14,25,116,91,53,7,60,1,1,2,178,153,22,131,54
"chr12.12",5,10,3,9,3,6,17,14,4,9,16,14,18,15,16,11,21,15,63,6,20,89,69,55,11,66,1,6,7,162,142,18,124,46
"chr12.13",8,15,2,15,3,4,13,17,6,19,9,19,15,20,18,23,16,22,57,6,19,82,63,47,5,52,1,6,7,141,122,12,110,30
"chr12.14",2,14,2,14,2,7,6,16,2,16,6,18,8,19,4,18,6,21,73,6,14,93,79,48,2,50,1,1,2,145,131,9,122,54
"chr12.15",4,12,2,13,4,5,9,14,4,16,7,15,10,16,8,17,9,15,65,6,17,88,71,44,5,49,3,1,4,141,124,14,110,46
"chr12.16",11,8,5,7,6,5,23,8,8,9,20,10,26,11,26,11,28,12,65,9,32,106,74,58,5,63,1,1,2,171,139,15,124,45
"chr12.17",10,8,7,9,5,6,15,9,7,11,13,12,22,12,19,11,18,15,60,8,30,98,68,56,6,62,0,1,1,161,131,14,117,45
"chr12.18",11,19,11,17,12,12,26,21,14,23,26,27,29,28,28,26,30,28,136,11,43,190,147,94,20,114,2,5,7,311,268,33,235,99
"chr12.19",10,13,4,10,4,7,25,14,8,14,19,14,27,19,26,20,29,17,94,8,33,135,102,66,8,74,1,0,1,210,177,17,160,66
"chr12.20",11,13,6,11,6,10,13,14,9,15,8,17,14,18,16,21,14,17,65,6,19,90,71,51,1,52,4,2,6,148,129,11,118,43
"chr12.21",9,18,3,14,2,11,25,21,5,20,17,23,28,29,28,23,27,27,98,3,36,137,101,63,8,71,0,0,0,208,172,11,161,66
"chr12.22",11,21,3,19,7,8,19,22,10,24,15,22,22,25,23,27,24,28,128,9,32,169,137,71,9,80,4,2,6,255,223,22,201,100
"chr12.23",9,7,5,9,6,6,13,10,10,18,11,13,17,15,17,21,16,15,76,8,24,108,84,73,5,78,2,3,5,191,167,15,152,57
"chr12.24",8,17,5,16,3,6,16,18,7,20,13,20,23,21,23,24,21,22,100,8,41,149,108,78,9,87,2,1,3,239,198,19,179,62
"chr12.25",9,15,6,13,6,8,25,16,13,14,21,19,29,19,26,18,28,19,72,16,27,115,88,55,3,58,2,3,5,178,151,21,130,50
"chr12.26",7,6,9,8,8,4,16,10,10,13,17,10,19,12,19,14,18,10,65,12,20,97,77,48,5,53,4,3,7,157,137,21,116,54
"chr12.27",8,6,7,3,6,4,11,8,8,3,9,9,13,11,13,7,12,11,40,10,15,65,50,44,10,54,5,1,6,125,110,25,85,32
"chr12.28",4,6,2,4,2,8,11,8,6,7,10,11,13,13,12,11,13,16,57,14,15,86,71,54,9,63,0,4,4,153,138,23,115,45
"chr12.29",11,11,6,11,7,4,24,12,7,15,18,14,25,14,26,19,24,16,74,11,30,115,85,56,10,66,1,3,4,185,155,22,133,53
"chr12.30",16,15,3,15,3,4,38,19,4,18,25,18,39,21,38,22,38,22,92,5,48,145,97,50,8,58,2,1,3,206,158,15,143,66
"chr12.31",33,15,11,12,11,8,52,17,15,18,31,17,54,20,53,21,54,19,140,16,58,214,156,65,8,73,1,1,2,289,231,25,206,117
"chr12.32",8,8,3,8,3,7,14,8,3,12,8,14,15,15,15,13,14,16,72,9,24,105,81,NA,NA,NA,NA,NA,NA,NA,NA,NA,NA,53
"chr12.33",4,8,4,7,3,9,11,8,4,9,9,14,13,14,12,11,12,16,74,7,22,103,81,NA,NA,NA,NA,NA,NA,NA,NA,NA,NA,60
"chr12.34",16,7,1,9,1,6,26,10,3,17,12,11,28,15,26,19,29,15,89,6,30,125,95,62,5,67,1,4,5,197,167,12,155,76
"chr12.35",17,12,4,10,2,8,24,13,4,18,9,17,26,17,23,19,24,20,110,5,27,142,115,NA,NA,NA,NA,NA,NA,NA,NA,NA,NA,101
"chr12.36",22,9,9,10,8,6,30,15,11,19,16,15,33,20,31,21,34,19,81,9,33,123,90,63,3,66,5,3,8,197,164,17,147,57
"chr12.37",17,10,7,12,6,5,26,12,10,17,17,16,27,16,24,19,28,18,67,14,30,111,81,62,10,72,0,1,1,184,154,24,130,44
"chr12.38",13,9,2,10,3,7,26,12,6,15,17,15,30,17,27,18,30,16,99,10,37,146,109,65,3,68,0,0,0,214,177,13,164,73
"chr12.39",14,13,14,15,5,3,23,14,20,16,12,16,36,16,35,16,26,17,82,7,38,127,89,72,3,75,2,2,4,206,168,12,156,63
"chr12.40",18,8,7,9,8,4,32,9,12,12,23,13,36,13,36,19,39,15,66,11,44,121,77,53,4,57,0,1,1,179,135,15,120,39
"chr12.41",26,12,6,11,6,7,33,14,9,19,13,15,34,17,35,20,34,19,94,6,42,142,100,74,3,77,1,1,2,221,179,10,169,75
"chr12.42",21,15,7,16,6,6,33,18,10,19,21,19,37,21,36,21,38,25,82,15,43,140,97,63,3,66,0,1,1,207,164,18,146,53
"chr12.43",13,10,9,11,5,6,22,10,12,14,14,14,29,13,28,15,25,15,71,12,34,117,83,44,4,48,1,4,5,170,136,17,119,58
"chr12.44",8,11,7,12,4,5,16,14,9,14,12,15,18,16,22,16,17,15,67,6,24,97,73,46,7,53,1,3,4,154,130,14,116,47
"chr12.45",6,14,1,14,0,8,11,16,4,18,5,18,12,19,14,22,13,24,83,3,21,107,86,39,4,43,1,0,1,151,130,8,122,50
"chr12.46",7,12,7,14,10,8,14,14,11,17,12,18,15,19,14,20,15,18,71,10,17,98,81,NA,NA,NA,NA,NA,NA,NA,NA,NA,NA,46
"chr12.47",9,13,2,11,2,3,13,14,3,14,7,15,14,16,14,19,14,17,62,3,23,88,65,43,8,51,4,2,6,145,122,15,107,34
"chr12.48",0,13,0,12,0,6,2,14,0,20,3,19,4,19,4,22,4,21,54,2,15,71,56,NA,NA,NA,NA,NA,NA,NA,NA,NA,NA,39
"chr12.49",11,10,2,11,3,6,14,13,7,15,6,13,18,15,16,18,17,17,70,8,28,106,78,48,3,51,1,1,2,159,131,12,119,48
"chr12.50",12,5,3,12,4,4,20,7,5,16,12,12,21,10,16,19,21,14,77,10,19,106,87,53,8,61,2,5,7,174,155,20,135,54
"chr12.51",17,8,10,5,11,9,22,10,12,10,15,13,22,17,24,13,23,16,73,9,23,105,82,57,3,60,1,1,2,167,144,13,131,51
"chr12.52",20,13,11,13,7,10,25,15,13,18,13,21,31,24,30,23,27,23,93,9,38,140,102,NA,NA,NA,NA,NA,NA,NA,NA,NA,NA,63
"chr12.53",8,5,3,6,2,7,17,7,5,9,14,10,20,12,18,11,20,12,70,9,29,108,79,NA,NA,NA,NA,NA,NA,NA,NA,NA,NA,48
"chr12.54",10,8,5,8,7,7,16,9,8,12,12,12,19,12,17,16,18,12,63,8,22,93,71,NA,NA,NA,NA,NA,NA,NA,NA,NA,NA,45
"chr12.55",10,15,3,16,4,5,11,18,5,20,7,17,15,20,14,20,15,23,86,6,21,113,92,56,8,64,1,2,3,180,159,15,144,58
"chr12.56",14,6,4,6,4,10,25,7,5,11,14,14,26,14,24,15,25,19,78,9,36,123,87,60,5,65,0,0,0,188,152,14,138,58
"chr12.57",20,9,4,9,5,11,36,10,6,14,20,17,39,18,37,18,39,19,100,7,44,151,107,74,4,78,0,3,3,232,188,11,177,72
"chr12.58",39,25,5,21,8,17,62,28,9,30,26,33,64,36,62,36,62,39,145,9,73,227,154,78,10,88,2,3,5,320,247,21,226,103
"chr12.59",21,15,4,15,4,7,28,18,5,17,12,16,29,20,28,21,28,20,98,6,37,141,104,56,11,67,0,0,0,208,171,17,154,73
"chr12.60",9,13,4,12,3,5,21,16,8,13,16,16,28,19,30,16,29,19,85,7,41,133,92,63,4,67,1,2,3,203,162,12,150,57
"chr12.61",14,13,2,13,0,5,24,16,3,19,11,15,25,16,27,20,25,17,78,4,39,121,82,NA,NA,NA,NA,NA,NA,NA,NA,NA,NA,59
"chr12.62",9,14,5,13,5,6,17,15,5,17,12,18,19,20,17,18,18,22,66,6,22,94,72,54,5,59,2,0,2,155,133,13,120,43
"chr12.63",13,6,2,7,1,4,17,10,2,11,6,9,17,11,19,14,18,10,84,3,26,113,87,59,5,64,2,3,5,182,156,10,146,61
"chr12.64",10,19,6,18,3,9,15,23,8,23,7,22,18,24,18,25,17,26,68,5,26,99,73,38,2,40,1,2,3,142,116,8,108,38
"chr12.65",20,15,5,17,5,7,25,18,9,25,13,20,29,20,32,26,33,22,80,5,39,124,85,61,7,68,1,2,3,195,156,13,143,57
"chr12.66",4,12,5,15,5,4,11,16,8,19,10,16,14,17,13,19,12,18,62,8,20,90,70,48,9,57,0,1,1,148,128,17,111,41
"chr12.67",11,9,4,10,3,11,17,11,7,15,10,16,22,17,17,17,22,22,72,8,27,107,80,52,8,60,3,3,6,173,146,19,127,44
"chr12.68",22,7,8,9,5,7,25,8,9,16,11,14,29,14,29,17,28,17,87,6,35,128,93,69,7,76,1,2,3,207,172,14,158,67
"chr12.69",19,11,5,11,6,6,26,13,9,15,13,13,28,15,28,17,27,16,80,8,42,130,88,52,6,58,1,1,2,190,148,15,133,66
"chr12.70",30,17,10,13,11,9,51,21,16,21,31,22,52,27,52,26,53,28,177,18,58,253,195,92,15,107,4,3,7,367,309,37,272,133
"chr12.71",33,22,9,22,5,12,49,25,13,25,24,31,62,31,56,31,54,36,179,9,81,269,188,109,16,125,1,1,2,396,315,26,289,133
"chr12.72",19,20,6,18,5,5,28,24,9,23,15,20,33,26,32,26,31,24,102,8,46,156,110,61,4,65,1,1,2,223,177,13,164,65
"chr12.73",13,7,3,5,4,5,22,8,4,9,12,10,26,12,18,13,23,10,69,9,27,105,78,50,1,51,3,2,5,161,134,13,121,50
"chr12.74",16,8,7,8,8,3,24,12,10,13,15,10,25,13,27,15,25,11,78,7,29,114,85,55,6,61,0,0,0,175,146,13,133,61
"chr12.75",29,15,6,15,9,7,40,16,10,15,23,18,46,18,49,20,44,19,105,9,58,172,114,53,8,61,1,1,2,235,177,18,159,74
"chr12.76",20,9,4,9,5,5,30,12,6,11,17,12,33,13,35,13,34,13,85,3,41,129,88,41,7,48,1,0,1,178,137,11,126,56
"chr12.77",16,10,2,10,3,6,20,15,5,14,6,14,21,17,20,16,20,21,85,5,23,113,90,53,4,57,3,0,3,173,150,12,138,57
"chr12.78",11,13,8,12,7,8,26,14,10,19,18,18,31,20,28,20,27,20,116,8,39,163,124,67,7,74,0,5,5,242,203,15,188,95
"chr12.79",18,14,6,13,9,5,30,17,11,17,17,19,31,21,32,18,31,21,90,9,31,130,99,89,15,104,1,2,3,237,206,25,181,61
"chr12.80",20,7,4,8,2,6,27,9,5,11,10,11,31,12,29,15,28,11,82,5,36,123,87,52,7,59,2,1,3,185,149,14,135,64
"chr12.81",29,15,6,13,7,3,44,16,11,17,21,15,47,16,46,19,47,17,115,10,59,184,125,72,13,85,0,2,2,271,212,23,189,78
"chr12.82",33,16,8,15,9,5,46,19,11,20,22,18,49,22,49,27,51,20,114,8,55,177,122,70,5,75,0,2,2,254,199,13,186,74
"chr12.83",12,14,3,15,2,7,23,18,5,19,12,18,25,20,26,21,24,20,109,5,39,153,114,66,7,73,2,1,3,229,190,14,176,81
"chr12.84",28,11,8,11,8,3,42,14,8,18,21,13,44,16,37,18,44,16,102,16,50,168,118,49,7,56,0,1,1,225,175,23,152,86
"chr12.85",23,11,7,10,7,6,32,16,9,17,16,15,35,20,33,19,34,17,78,7,38,123,85,48,3,51,0,3,3,177,139,10,129,60
"chr12.86",13,12,3,11,4,2,18,13,6,13,9,12,20,13,20,14,23,13,62,5,25,92,67,60,5,65,0,0,0,157,132,10,122,44
"chr12.87",20,9,9,7,9,5,27,10,12,12,17,9,31,11,31,12,29,12,75,9,35,119,84,48,2,50,3,5,8,177,142,14,128,65
"chr12.88",15,14,8,10,6,8,30,16,13,17,22,16,35,20,34,19,35,20,97,11,44,152,108,51,7,58,1,0,1,211,167,19,148,75
"chr12.89",18,16,7,14,8,13,22,20,10,22,12,22,24,28,24,25,22,24,126,10,27,163,136,67,4,71,1,1,2,236,209,15,194,96
"chr12.90",9,7,4,11,4,7,13,10,7,17,10,13,15,14,16,18,17,14,74,10,20,104,84,50,4,54,2,2,4,162,142,16,126,57
"chr12.91",4,16,0,14,0,14,9,17,0,20,5,24,10,25,8,23,9,25,69,3,17,89,72,48,2,50,1,1,2,141,124,6,118,50
"chr12.92",9,9,4,6,4,5,15,9,8,8,10,12,18,14,19,13,18,13,73,7,23,103,80,54,9,63,2,2,4,170,147,18,129,43
"chr12.93",0,13,1,11,1,7,3,14,2,14,4,14,5,17,4,17,4,18,62,2,8,72,64,57,8,65,1,1,2,139,131,11,120,41
"chr12.94",22,11,4,10,4,10,27,12,6,17,10,17,31,17,29,20,29,20,99,6,36,141,105,80,6,86,1,2,3,230,194,13,181,77
"chr12.95",12,14,5,12,4,7,26,16,5,18,17,19,27,20,24,19,26,24,103,6,35,144,109,68,7,75,1,2,3,222,187,14,173,77
"chr12.96",14,12,6,14,4,8,22,13,7,20,13,18,25,17,24,21,26,19,78,6,35,119,84,62,9,71,2,3,5,195,160,17,143,50
"chr12.97",10,6,7,7,6,6,18,9,10,10,13,13,25,13,23,12,21,13,65,8,34,107,73,56,6,62,2,1,3,172,138,16,122,50
"chr12.98",20,11,8,8,10,8,31,11,11,15,20,16,32,16,32,17,34,18,89,11,37,137,100,58,13,71,0,2,2,210,173,24,149,65
"chr12.99",11,15,3,12,3,9,18,19,5,18,11,18,18,22,16,22,18,21,78,9,19,106,87,56,4,60,1,1,2,168,149,14,135,49
"chr12.100",15,16,2,17,3,9,23,19,6,23,12,20,25,21,26,24,26,26,111,6,40,157,117,80,2,82,1,0,1,240,200,9,191,90
"chr12.101",23,8,6,10,7,10,24,10,11,15,10,19,27,19,28,21,26,20,73,8,31,112,81,61,4,65,1,2,3,180,149,13,136,45
"chr12.102",11,10,5,10,4,10,18,11,9,14,11,18,22,17,21,17,20,20,67,6,27,100,73,50,1,51,0,2,2,153,126,7,119,51
"chr12.103",8,9,1,10,2,1,13,10,3,14,7,9,14,10,13,15,14,11,73,4,18,95,77,53,9,62,1,0,1,158,140,14,126,55
"chr12.104",16,9,7,11,7,5,23,13,9,16,16,14,28,15,29,17,29,15,96,6,36,138,102,62,8,70,2,4,6,214,178,16,162,72
"chr12.105",30,7,11,5,10,7,43,10,12,14,21,14,45,15,44,20,44,16,103,9,55,167,112,75,9,84,2,4,6,257,202,20,182,78
"chr12.106",10,8,4,11,6,3,17,9,8,13,14,13,19,12,17,15,19,13,66,11,17,94,77,NA,NA,NA,NA,NA,NA,NA,NA,NA,NA,47
"chr12.107",9,9,5,9,6,7,16,14,7,15,13,12,18,16,18,17,19,16,76,8,20,104,84,38,2,40,1,2,3,147,127,11,116,48
"chr12.108",12,14,7,10,5,9,17,17,7,18,10,15,21,21,17,18,19,19,81,9,23,113,90,57,6,63,1,1,2,178,155,16,139,58
"chr12.109",5,12,1,10,2,8,6,13,3,13,3,16,7,19,8,14,8,18,65,5,14,84,70,NA,NA,NA,NA,NA,NA,NA,NA,NA,NA,41
"chr12.110",12,11,6,9,4,7,21,13,9,15,14,16,24,17,25,16,23,17,81,6,35,122,87,56,8,64,1,0,1,187,152,15,137,64
"chr12.111",27,15,5,14,7,2,37,17,11,20,17,15,41,17,45,21,42,17,118,10,51,179,128,75,10,85,2,2,4,268,217,22,195,84
"chr12.112",17,14,5,17,4,4,40,17,6,20,26,18,42,19,40,23,42,22,110,11,53,174,121,74,11,85,1,0,1,260,207,23,184,75
"chr12.113",20,12,8,10,6,8,31,12,12,13,18,15,33,15,34,15,35,20,80,12,42,134,92,48,8,56,1,1,2,192,150,21,129,60
"chr12.114",7,10,5,11,4,4,14,12,5,18,12,13,20,14,13,19,16,14,88,8,25,121,96,68,7,75,0,0,0,196,171,15,156,61
"chr12.115",6,16,2,16,5,7,20,21,8,25,17,20,21,26,19,26,20,25,86,9,21,116,95,75,11,86,1,5,6,208,187,21,166,62
"chr12.116",23,14,5,16,5,14,32,19,9,27,16,25,35,29,33,30,34,28,147,8,42,197,155,101,6,107,5,2,7,311,269,19,250,111
"chr12.117",8,8,5,7,6,5,13,10,8,11,11,9,15,11,16,12,15,11,71,8,17,96,79,61,6,67,2,1,3,166,149,16,133,57
"chr12.118",11,13,5,9,5,5,12,13,7,12,9,15,16,16,15,16,14,17,69,7,21,97,76,NA,NA,NA,NA,NA,NA,NA,NA,NA,NA,49
"chr12.119",6,15,5,14,5,4,12,16,6,18,12,14,15,17,13,19,14,18,68,7,13,88,75,NA,NA,NA,NA,NA,NA,NA,NA,NA,NA,43
"chr12.120",5,5,4,6,3,5,8,6,5,11,5,9,9,8,8,13,8,9,50,8,12,70,58,NA,NA,NA,NA,NA,NA,NA,NA,NA,NA,33
"chr12.121",9,8,7,12,5,3,19,10,12,16,15,11,21,12,19,16,22,12,68,12,21,101,80,48,6,54,0,0,0,155,134,18,116,44
"chr12.122",8,6,4,6,4,3,14,8,4,9,9,8,15,10,13,10,15,13,51,6,17,74,57,70,7,77,4,1,5,156,139,17,122,26
"chr12.123",22,13,9,13,13,11,35,15,13,25,25,21,40,24,36,26,37,24,126,12,40,178,138,83,5,88,5,2,7,273,233,22,211,104
"chr12.124",33,12,8,12,8,5,52,13,12,21,30,16,55,17,52,24,55,18,109,14,56,179,123,95,9,104,0,4,4,287,231,23,208,85
"chr12.125",45,18,6,19,6,15,76,21,8,29,39,32,83,33,77,32,79,35,153,11,98,262,164,71,5,76,1,4,5,343,245,17,228,124
"chr12.126",21,14,9,14,8,7,41,19,10,24,27,22,48,23,41,27,45,29,145,18,52,215,163,84,11,95,4,4,8,318,266,33,233,110
"chr12.127",21,19,6,16,6,11,38,22,8,25,21,24,40,29,37,27,40,27,125,9,45,179,134,86,4,90,4,2,6,275,230,17,213,88
"chr12.128",14,8,6,10,6,2,21,16,8,18,15,12,24,18,21,20,24,17,87,7,29,123,94,68,9,77,2,1,3,203,174,18,156,66
"chr12.129",6,10,5,10,6,8,14,12,9,16,14,16,16,18,17,19,17,20,89,7,19,115,96,NA,NA,NA,NA,NA,NA,NA,NA,NA,NA,64
"chr13.1",0,0,0,0,0,0,0,0,0,0,0,0,0,0,0,0,0,0,0,0,0,0,0,NA,NA,NA,NA,NA,NA,NA,NA,NA,NA,0
"chr13.2",0,0,0,0,0,0,0,0,0,0,0,0,0,0,0,0,0,0,0,0,0,0,0,NA,NA,NA,NA,NA,NA,NA,NA,NA,NA,0
"chr13.3",0,0,0,0,0,0,0,0,0,0,0,0,0,0,0,0,0,0,0,0,0,0,0,NA,NA,NA,NA,NA,NA,NA,NA,NA,NA,0
"chr13.4",0,0,0,0,0,0,0,0,0,0,0,0,0,0,0,0,0,0,0,0,0,0,0,NA,NA,NA,NA,NA,NA,NA,NA,NA,NA,0
"chr13.5",0,0,0,0,0,0,0,0,0,0,0,0,0,0,0,0,0,0,0,0,0,0,0,NA,NA,NA,NA,NA,NA,NA,NA,NA,NA,0
"chr13.6",0,0,0,0,0,0,0,0,0,0,0,0,0,0,0,0,0,0,0,0,0,0,0,NA,NA,NA,NA,NA,NA,NA,NA,NA,NA,0
"chr13.7",0,0,0,0,0,0,0,0,0,0,0,0,0,0,0,0,0,0,0,0,0,0,0,NA,NA,NA,NA,NA,NA,NA,NA,NA,NA,0
"chr13.8",0,0,0,0,0,0,0,0,0,0,0,0,0,0,0,0,0,0,0,0,0,0,0,NA,NA,NA,NA,NA,NA,NA,NA,NA,NA,0
"chr13.9",0,0,0,0,0,0,0,0,0,0,0,0,0,0,0,0,0,0,0,0,0,0,0,NA,NA,NA,NA,NA,NA,NA,NA,NA,NA,0
"chr13.10",0,0,0,0,0,0,0,0,0,0,0,0,0,0,0,0,0,0,0,0,0,0,0,NA,NA,NA,NA,NA,NA,NA,NA,NA,NA,0
"chr13.11",0,0,0,0,0,0,0,0,0,0,0,0,0,0,0,0,0,0,0,0,0,0,0,NA,NA,NA,NA,NA,NA,NA,NA,NA,NA,0
"chr13.12",0,0,0,0,0,0,0,0,0,0,0,0,0,0,0,0,0,0,0,0,0,0,0,NA,NA,NA,NA,NA,NA,NA,NA,NA,NA,0
"chr13.13",0,0,0,0,0,0,0,0,0,0,0,0,0,0,0,0,0,0,0,0,0,0,0,NA,NA,NA,NA,NA,NA,NA,NA,NA,NA,0
"chr13.14",0,0,0,0,0,0,0,0,0,0,0,0,0,0,0,0,0,0,0,0,0,0,0,NA,NA,NA,NA,NA,NA,NA,NA,NA,NA,0
"chr13.15",0,0,0,0,0,0,0,0,0,0,0,0,0,0,0,0,0,0,0,0,0,0,0,NA,NA,NA,NA,NA,NA,NA,NA,NA,NA,0
"chr13.16",7,1,1,3,1,5,7,4,2,5,1,7,12,7,8,6,8,8,80,1,16,97,81,NA,NA,NA,NA,NA,NA,NA,NA,NA,NA,86
"chr13.17",8,5,4,4,5,8,10,6,7,9,6,9,11,10,12,11,10,10,56,9,15,80,65,NA,NA,NA,NA,NA,NA,NA,NA,NA,NA,43
"chr13.18",10,4,4,6,4,4,12,7,4,13,7,10,14,11,11,13,13,11,56,6,18,80,62,36,7,43,1,2,3,126,108,14,94,45
"chr13.19",13,5,5,6,4,7,17,6,5,10,8,9,17,9,14,12,18,9,47,11,19,77,58,29,3,32,1,2,3,112,93,15,78,36
"chr13.20",20,5,5,7,5,3,24,7,9,11,8,8,27,9,29,11,29,9,78,6,34,118,84,40,7,47,1,3,4,169,135,14,121,57
"chr13.21",8,6,2,3,3,0,12,7,4,3,8,5,14,7,13,5,15,9,46,6,20,72,52,43,4,47,1,0,1,120,100,11,89,29
"chr13.22",11,5,7,4,4,2,18,8,7,8,11,8,23,11,21,10,20,10,73,6,33,112,79,NA,NA,NA,NA,NA,NA,NA,NA,NA,NA,50
"chr13.23",14,9,1,8,2,3,16,10,3,11,4,10,17,12,19,12,19,11,71,5,32,108,76,40,5,45,0,3,3,156,124,10,114,52
"chr13.24",12,7,3,5,4,3,16,10,5,9,9,8,19,10,18,11,19,9,67,5,27,99,72,51,7,58,0,2,2,159,132,12,120,45
"chr13.25",13,3,3,3,5,4,14,3,8,6,7,5,19,7,20,6,22,5,65,7,24,96,72,47,3,50,1,1,2,148,124,11,113,56
"chr13.26",30,7,10,10,9,4,37,8,11,17,16,12,41,11,37,17,38,14,99,11,58,168,110,43,1,44,1,1,2,214,156,13,143,83
"chr13.27",15,5,5,5,6,3,20,10,10,11,10,8,22,11,20,13,22,11,64,10,20,94,74,53,4,57,0,1,1,152,132,14,118,48
"chr13.28",11,7,3,5,4,5,17,10,11,9,11,11,18,16,19,11,20,12,67,11,16,94,78,35,1,36,1,0,1,131,115,13,102,52
"chr13.29",15,12,3,9,2,6,19,12,4,12,7,10,20,14,18,12,19,15,47,5,24,76,52,38,6,44,0,1,1,121,97,11,86,34
"chr13.30",16,11,4,12,3,7,18,13,5,14,6,12,20,13,18,14,19,13,54,6,26,86,60,39,4,43,0,0,0,129,103,10,93,31
"chr13.31",15,3,1,3,2,6,17,4,2,7,6,8,20,9,19,10,20,8,58,3,33,94,61,42,2,44,3,1,4,142,109,8,101,48
"chr13.32",14,7,5,6,5,5,17,10,5,9,6,13,19,14,17,15,17,16,61,8,20,89,69,45,7,52,0,2,2,143,123,15,108,44
"chr13.33",19,6,7,5,4,3,23,9,7,9,11,7,25,9,20,10,23,7,67,6,27,100,73,38,5,43,0,3,3,146,119,11,108,57
"chr13.34",24,10,6,9,5,5,25,11,7,12,8,12,28,13,29,13,28,14,94,6,40,140,100,42,5,47,3,3,6,193,153,14,139,81
"chr13.35",20,3,1,6,2,2,22,6,2,10,5,8,23,9,22,10,25,11,129,3,32,164,132,38,5,43,3,2,5,212,180,11,169,111
"chr13.36",20,15,4,13,5,10,24,16,5,18,6,19,24,20,26,19,25,20,125,7,31,163,132,52,5,57,0,2,2,222,191,12,179,108
"chr13.37",17,5,3,5,2,7,19,6,4,11,4,10,20,11,21,13,21,10,102,3,31,136,105,37,4,41,4,1,5,182,151,11,140,86
"chr13.38",8,3,2,4,4,1,11,4,5,9,6,4,15,4,12,9,12,5,55,5,22,82,60,NA,NA,NA,NA,NA,NA,NA,NA,NA,NA,47
"chr13.39",10,10,2,8,2,4,14,11,4,12,5,11,17,13,17,13,15,12,56,3,21,80,59,33,6,39,2,1,3,122,101,11,90,38
"chr13.40",18,7,4,4,4,7,27,9,4,9,13,7,29,12,24,9,27,10,47,8,31,86,55,32,3,35,1,0,1,122,91,12,79,36
"chr13.41",16,5,2,6,2,4,20,6,2,9,7,8,22,8,19,9,21,11,57,5,22,84,62,41,2,43,2,1,3,130,108,9,99,45
"chr13.42",8,7,1,8,1,7,12,11,2,15,5,12,16,14,14,15,14,13,50,2,18,70,52,41,4,45,2,4,6,121,103,8,95,35
"chr13.43",13,2,4,5,6,2,18,5,7,7,11,5,19,6,20,7,20,6,69,5,32,106,74,51,2,53,0,2,2,161,129,7,122,54
"chr13.44",11,8,3,6,5,3,16,8,9,8,10,8,19,10,18,9,19,9,62,6,26,94,68,46,5,51,2,3,5,150,124,13,111,49
"chr13.45",10,5,4,5,4,4,16,5,4,6,11,7,19,7,18,7,19,7,60,4,26,90,64,43,8,51,1,1,2,143,117,13,104,39
"chr13.46",17,5,3,6,3,3,26,5,5,9,11,8,26,8,22,9,26,8,47,9,24,80,56,47,2,49,0,1,1,130,106,11,95,33
"chr13.47",10,6,4,4,5,6,12,8,6,9,6,9,14,13,13,11,14,13,54,4,17,75,58,38,4,42,1,3,4,121,104,9,95,40
"chr13.48",13,7,4,8,2,6,18,8,5,11,10,10,20,10,18,11,21,11,68,7,21,96,75,42,4,46,1,0,1,143,122,12,110,51
"chr13.49",7,7,2,7,2,5,18,7,3,11,13,10,19,9,17,12,20,10,55,10,25,90,65,NA,NA,NA,NA,NA,NA,NA,NA,NA,NA,38
"chr13.50",40,7,6,4,6,6,53,7,6,8,19,10,56,12,53,9,54,13,85,7,68,160,92,NA,NA,NA,NA,NA,NA,NA,NA,NA,NA,65
"chr13.51",65,11,11,9,10,9,81,12,15,14,26,18,84,21,84,18,85,22,121,13,101,235,134,66,5,71,0,2,2,308,207,18,189,91
"chr13.52",56,11,7,10,4,4,73,13,8,15,24,13,80,13,75,19,79,15,119,7,102,228,126,71,5,76,0,0,0,304,202,12,190,93
"chr13.53",100,14,5,9,7,10,123,14,10,14,32,17,127,18,126,20,129,18,149,10,146,305,159,101,2,103,3,1,4,412,266,15,251,116
"chr13.54",85,17,5,12,7,2,114,17,10,15,34,16,115,18,116,20,120,21,145,7,131,283,152,104,7,111,0,7,7,401,270,14,256,104
"chr13.55",50,14,4,12,7,6,72,17,10,14,29,16,74,18,71,16,74,21,130,13,90,233,143,72,5,77,2,0,2,312,222,20,202,102
"chr13.56",28,11,5,12,7,6,47,12,9,14,26,14,53,14,51,16,53,17,91,9,64,164,100,49,10,59,1,0,1,224,160,20,140,62
"chr13.57",24,8,1,4,4,4,34,9,5,7,12,8,34,11,34,10,35,12,52,5,42,99,57,45,7,52,2,1,3,154,112,14,98,34
"chr13.58",21,1,1,4,4,1,32,4,4,5,14,4,33,5,31,7,32,6,79,4,41,124,83,45,9,54,2,1,3,181,140,15,125,63
"chr13.59",39,4,3,6,5,4,51,6,7,10,17,8,53,8,55,13,54,11,99,10,65,174,109,62,6,68,0,1,1,243,178,16,162,77
"chr13.60",45,11,7,13,7,9,61,13,9,21,25,20,63,19,59,24,63,20,129,13,74,216,142,73,3,76,5,7,12,304,230,21,209,99
"chr13.61",54,12,8,13,9,2,75,13,13,15,32,14,81,14,80,18,81,16,129,9,100,238,138,NA,NA,NA,NA,NA,NA,NA,NA,NA,NA,94
"chr13.62",59,9,10,12,10,4,74,13,15,16,27,12,74,16,72,21,74,12,110,16,79,205,126,52,2,54,2,2,4,263,184,20,164,84
"chr13.63",24,10,9,10,11,8,39,15,13,15,23,11,42,17,41,17,42,13,108,8,60,176,116,51,6,57,1,2,3,236,176,15,161,85
"chr13.64",21,11,4,10,5,9,34,13,10,13,20,14,37,15,36,16,37,15,89,10,41,140,99,55,3,58,2,1,3,201,160,15,145,61
"chr13.65",60,13,8,17,7,2,71,17,9,20,19,17,74,17,74,21,73,18,112,11,99,222,123,67,4,71,1,0,1,294,195,16,179,81
"chr13.66",48,6,9,6,8,2,65,11,12,10,24,9,71,12,70,11,68,11,116,2,93,211,118,77,6,83,1,1,2,296,203,9,194,93
"chr13.67",54,13,9,14,6,8,75,16,11,18,28,15,82,19,79,18,78,19,122,14,91,227,136,71,9,80,1,3,4,311,220,24,196,101
"chr13.68",32,14,3,16,5,9,48,16,7,22,22,17,51,20,49,24,53,19,117,10,59,186,127,79,5,84,1,1,2,272,213,16,197,79
"chr13.69",35,10,6,9,3,5,46,12,8,11,15,14,54,16,49,11,49,17,102,8,58,168,110,66,7,73,1,1,2,243,185,16,169,82
"chr13.70",5,5,1,4,2,1,11,7,3,9,8,6,14,7,10,13,13,6,78,4,19,101,82,51,4,55,1,0,1,157,138,9,129,59
"chr13.71",14,2,4,1,4,5,17,5,5,9,8,5,19,8,18,10,18,7,66,5,23,94,71,50,2,52,2,2,4,150,127,9,118,56
"chr13.72",17,8,4,6,6,8,23,8,9,10,14,10,27,13,27,10,28,14,77,6,38,121,83,53,10,63,2,2,4,188,150,18,132,58
"chr13.73",8,6,3,9,3,5,18,8,6,10,11,9,20,10,17,10,20,10,59,7,19,85,66,33,5,38,0,5,5,128,109,12,97,36
"chr13.74",11,5,3,5,3,4,18,7,4,9,10,8,19,10,16,10,19,10,67,10,24,101,77,53,2,55,2,2,4,160,136,14,122,43
"chr13.75",17,11,6,10,7,4,29,11,10,10,22,12,35,12,34,14,34,12,63,10,35,108,73,54,11,65,0,2,2,175,140,21,119,37
"chr13.76",16,9,6,7,6,7,27,12,7,11,18,12,29,15,29,14,29,15,83,6,35,124,89,72,9,81,1,1,2,207,172,16,156,62
"chr13.77",11,4,5,2,5,4,14,6,7,6,8,5,15,8,15,8,15,9,63,4,28,95,67,53,7,60,0,3,3,158,130,11,119,52
"chr13.78",16,8,5,5,4,5,27,9,6,8,14,11,29,13,27,12,27,11,94,7,36,137,101,42,4,46,0,1,1,184,148,11,137,71
"chr13.79",39,8,6,9,6,5,62,9,9,13,30,13,64,12,69,16,68,14,115,12,79,206,127,67,4,71,0,1,1,278,199,16,183,90
"chr13.80",48,7,5,10,6,2,61,12,9,12,22,11,65,12,63,15,65,12,95,11,67,173,106,57,5,62,0,3,3,238,171,16,155,70
"chr13.81",62,5,5,8,4,5,89,10,5,12,30,11,90,12,86,14,89,13,107,7,108,222,114,53,4,57,0,1,1,280,172,11,161,91
"chr13.82",32,8,6,9,3,6,47,12,7,15,20,11,51,13,49,16,49,13,92,7,52,151,99,82,2,84,0,1,1,236,184,9,175,63
"chr13.83",32,6,1,7,2,4,40,8,2,11,10,10,40,11,40,13,40,13,80,3,55,138,83,NA,NA,NA,NA,NA,NA,NA,NA,NA,NA,62
"chr13.84",51,11,9,11,6,12,57,13,14,19,12,20,60,20,62,22,61,22,145,8,87,240,153,95,6,101,1,3,4,345,258,15,243,115
"chr13.85",29,7,5,5,5,8,40,9,5,7,18,12,42,14,40,10,42,14,87,8,50,145,95,64,3,67,1,2,3,215,165,12,153,71
"chr13.86",33,11,6,8,6,7,40,14,7,14,16,14,45,17,43,17,43,17,98,8,56,162,106,52,9,61,1,1,2,225,169,18,151,78
"chr13.87",45,2,5,1,6,3,56,3,6,4,16,3,57,6,56,5,56,7,80,6,64,150,86,61,6,67,1,3,4,221,157,13,144,68
"chr13.88",27,5,4,6,6,5,30,8,6,9,8,7,32,8,31,10,33,8,84,5,42,131,89,75,2,77,1,1,2,210,168,8,160,62
"chr13.89",13,8,8,9,6,4,25,11,8,13,18,11,27,14,26,14,26,13,92,9,30,131,101,74,5,79,0,1,1,211,181,14,167,68
"chr13.90",23,11,1,15,1,6,29,14,1,19,9,20,32,18,29,22,31,21,94,3,42,139,97,60,1,61,1,2,3,203,161,5,156,69
"chr13.91",15,8,7,8,5,6,21,9,8,16,11,11,26,12,23,18,22,12,85,11,26,122,96,NA,NA,NA,NA,NA,NA,NA,NA,NA,NA,54
"chr13.92",16,4,6,8,10,3,19,5,10,12,11,9,19,8,19,13,20,10,63,10,22,95,73,49,9,58,0,3,3,156,134,19,115,47
"chr13.93",11,2,5,1,6,2,18,4,6,5,13,4,21,7,18,7,21,6,61,8,25,94,69,38,10,48,1,1,2,144,119,19,100,44
"chr13.94",12,10,4,11,6,4,19,12,8,14,13,12,23,13,20,17,21,15,75,8,30,113,83,43,2,45,1,3,4,162,132,11,121,57
"chr13.95",8,8,4,9,3,6,16,13,5,14,10,16,19,18,18,19,18,21,69,5,25,99,74,37,6,43,1,4,5,147,122,12,110,47
"chr13.96",13,4,6,4,7,4,17,5,7,8,12,9,20,9,19,10,19,12,47,5,20,72,52,48,5,53,1,2,3,128,108,11,97,29
"chr13.97",7,5,5,5,5,6,12,8,5,10,10,10,14,12,10,14,12,14,55,7,15,77,62,58,8,66,0,3,3,146,131,15,116,39
"chr13.98",29,6,7,6,6,3,34,8,8,12,11,8,38,10,34,12,35,12,72,8,43,123,80,54,7,61,2,1,3,187,144,17,127,52
"chr13.99",32,7,4,6,2,4,41,9,6,8,13,9,43,11,40,11,45,14,87,10,62,159,97,46,4,50,1,0,1,210,148,15,133,74
"chr13.100",22,6,2,4,2,6,31,8,4,5,12,11,34,14,33,12,33,14,83,3,45,131,86,49,6,55,1,0,1,187,142,10,132,66
"chr13.101",46,10,10,6,8,10,56,10,11,8,19,15,60,15,54,12,57,17,107,10,69,186,117,61,1,62,1,2,3,251,182,12,170,93
"chr13.102",47,5,7,7,5,4,49,9,8,14,9,8,55,10,52,14,50,12,85,7,71,163,92,50,2,52,1,0,1,216,145,10,135,71
"chr13.103",16,5,3,6,3,4,23,6,4,8,10,9,27,10,24,11,24,11,61,4,33,98,65,60,4,64,1,0,1,163,130,9,121,46
"chr13.104",21,13,7,12,7,4,28,15,7,13,14,14,28,15,25,15,29,17,80,11,29,120,91,52,6,58,0,3,3,181,152,17,135,54
"chr13.105",17,6,6,5,6,3,26,9,10,6,12,11,28,12,29,9,27,11,71,10,30,111,81,46,5,51,0,1,1,163,133,15,118,55
"chr13.106",16,6,11,4,9,5,23,6,13,9,14,8,26,9,27,10,26,9,60,8,38,106,68,53,6,59,1,2,3,168,130,15,115,51
"chr13.107",16,2,2,1,2,2,19,2,3,6,5,3,21,3,18,7,20,3,64,2,36,102,66,55,3,58,0,0,0,160,124,5,119,60
"chr13.108",17,4,6,4,8,6,24,9,8,9,15,11,26,14,23,13,25,13,73,11,21,105,84,55,4,59,2,2,4,168,147,17,130,58
"chr13.109",14,5,5,5,5,6,19,7,7,8,10,9,22,10,21,11,22,10,98,5,29,132,103,NA,NA,NA,NA,NA,NA,NA,NA,NA,NA,64
"chr13.110",4,15,2,13,3,4,7,17,4,18,6,16,8,19,7,19,7,17,72,4,13,89,76,55,7,62,2,1,3,154,141,13,128,49
"chr13.111",10,8,2,8,2,1,12,11,3,16,5,9,14,12,15,16,14,12,74,4,17,95,78,NA,NA,NA,NA,NA,NA,NA,NA,NA,NA,54
"chr14.1",0,0,0,0,0,0,0,0,0,0,0,0,0,0,0,0,0,0,0,0,0,0,0,NA,NA,NA,NA,NA,NA,NA,NA,NA,NA,0
"chr14.2",0,0,0,0,0,0,0,0,0,0,0,0,0,0,0,0,0,0,0,0,0,0,0,NA,NA,NA,NA,NA,NA,NA,NA,NA,NA,0
"chr14.3",0,0,0,0,0,0,0,0,0,0,0,0,0,0,0,0,0,0,0,0,0,0,0,NA,NA,NA,NA,NA,NA,NA,NA,NA,NA,0
"chr14.4",0,0,0,0,0,0,0,0,0,0,0,0,0,0,0,0,0,0,0,0,0,0,0,NA,NA,NA,NA,NA,NA,NA,NA,NA,NA,0
"chr14.5",0,0,0,0,0,0,0,0,0,0,0,0,0,0,0,0,0,0,0,0,0,0,0,NA,NA,NA,NA,NA,NA,NA,NA,NA,NA,0
"chr14.6",0,0,0,0,0,0,0,0,0,0,0,0,0,0,0,0,0,0,0,0,0,0,0,NA,NA,NA,NA,NA,NA,NA,NA,NA,NA,0
"chr14.7",0,0,0,0,0,0,0,0,0,0,0,0,0,0,0,0,0,0,0,0,0,0,0,NA,NA,NA,NA,NA,NA,NA,NA,NA,NA,0
"chr14.8",0,0,0,0,0,0,0,0,0,0,0,0,0,0,0,0,0,0,0,0,0,0,0,NA,NA,NA,NA,NA,NA,NA,NA,NA,NA,0
"chr14.9",0,0,0,0,0,0,0,0,0,0,0,0,0,0,0,0,0,0,0,0,0,0,0,NA,NA,NA,NA,NA,NA,NA,NA,NA,NA,0
"chr14.10",0,0,0,0,0,0,0,0,0,0,0,0,0,0,0,0,0,0,0,0,0,0,0,NA,NA,NA,NA,NA,NA,NA,NA,NA,NA,0
"chr14.11",0,0,0,0,0,0,0,0,0,0,0,0,0,0,0,0,0,0,0,0,0,0,0,NA,NA,NA,NA,NA,NA,NA,NA,NA,NA,0
"chr14.12",0,0,0,0,0,0,0,0,0,0,0,0,0,0,0,0,0,0,0,0,0,0,0,NA,NA,NA,NA,NA,NA,NA,NA,NA,NA,0
"chr14.13",0,0,0,0,0,0,0,0,0,0,0,0,0,0,0,0,0,0,0,0,0,0,0,NA,NA,NA,NA,NA,NA,NA,NA,NA,NA,0
"chr14.14",0,0,0,0,0,0,0,0,0,0,0,0,0,0,0,0,0,0,0,0,0,0,0,NA,NA,NA,NA,NA,NA,NA,NA,NA,NA,0
"chr14.15",0,0,0,0,0,0,0,0,0,0,0,0,0,0,0,0,0,0,0,0,0,0,0,NA,NA,NA,NA,NA,NA,NA,NA,NA,NA,0
"chr14.16",22,8,7,9,8,8,37,12,13,15,23,15,42,18,41,17,41,20,131,23,53,207,154,NA,NA,NA,NA,NA,NA,NA,NA,NA,NA,95
"chr14.17",40,10,13,11,8,11,65,15,19,18,37,19,71,20,72,22,68,21,144,15,87,246,159,NA,NA,NA,NA,NA,NA,NA,NA,NA,NA,107
"chr14.18",10,8,2,8,4,8,14,10,5,13,9,14,16,17,16,17,15,18,95,6,17,118,101,61,2,63,1,2,3,184,167,9,158,66
"chr14.19",10,5,4,8,1,5,13,9,5,10,6,12,15,13,16,12,16,12,98,4,21,123,102,55,7,62,2,1,3,188,167,13,154,87
"chr14.20",10,10,2,7,2,6,14,11,8,11,8,12,17,14,19,13,18,14,69,7,24,100,76,NA,NA,NA,NA,NA,NA,NA,NA,NA,NA,59
"chr14.21",12,9,4,8,3,1,13,11,6,11,7,10,15,12,14,12,15,12,62,6,19,87,68,NA,NA,NA,NA,NA,NA,NA,NA,NA,NA,41
"chr14.22",23,7,5,6,7,7,34,8,7,7,17,10,35,10,31,9,35,13,159,9,34,202,168,65,7,72,1,0,1,275,241,17,224,135
"chr14.23",60,15,8,14,9,5,85,15,15,15,37,17,93,18,86,17,90,20,194,17,95,306,211,76,10,86,0,1,1,393,298,27,271,170
"chr14.24",42,11,7,11,7,6,63,13,9,15,29,19,65,18,65,20,65,20,169,7,78,254,176,65,3,68,3,1,4,326,248,13,235,135
"chr14.25",51,14,10,16,10,7,82,16,13,25,41,21,85,22,84,28,83,25,250,14,94,358,264,98,9,107,1,0,1,466,372,24,348,215
"chr14.26",48,16,7,16,6,9,75,20,9,25,33,23,79,27,75,27,77,28,181,8,84,273,189,74,7,81,3,1,4,358,274,18,256,154
"chr14.27",21,15,5,12,2,8,31,16,6,18,12,20,38,22,33,21,33,22,118,6,43,167,124,51,7,58,1,2,3,228,185,14,171,98
"chr14.28",8,5,1,6,2,3,13,5,5,8,7,8,15,9,15,10,14,11,63,4,16,83,67,59,4,63,3,2,5,151,135,11,124,46
"chr14.29",10,11,3,10,5,8,17,12,6,16,11,16,19,16,19,17,20,19,63,5,19,87,68,37,6,43,3,2,5,135,116,14,102,43
"chr14.30",20,6,4,8,3,4,35,7,4,11,19,10,36,10,32,11,36,11,58,7,37,102,65,39,3,42,1,0,1,145,108,11,97,48
"chr14.31",18,7,4,7,6,3,29,8,6,9,17,8,29,9,28,9,29,9,76,8,29,113,84,48,4,52,2,0,2,167,138,14,124,52
"chr14.32",5,11,1,12,0,4,13,14,2,15,8,13,17,15,13,15,14,14,48,3,18,69,51,NA,NA,NA,NA,NA,NA,NA,NA,NA,NA,32
"chr14.33",10,17,5,14,6,3,26,18,7,16,24,15,29,19,25,16,28,20,51,9,30,90,60,51,4,55,1,1,2,147,117,14,103,35
"chr14.34",13,12,6,12,5,7,20,15,6,15,12,19,20,21,21,20,20,21,52,8,21,81,60,50,3,53,1,1,2,136,115,12,103,34
"chr14.35",11,6,4,4,5,4,20,7,6,7,15,9,23,10,22,9,24,10,66,6,27,99,72,55,5,60,3,0,3,162,135,14,121,45
"chr14.36",18,11,6,13,8,4,21,13,9,13,11,16,24,16,23,15,23,17,52,7,28,87,59,NA,NA,NA,NA,NA,NA,NA,NA,NA,NA,34
"chr14.37",28,7,4,9,3,4,39,8,6,12,14,11,44,11,41,12,42,11,82,2,49,133,84,63,4,67,4,0,4,204,155,10,145,64
"chr14.38",56,16,8,17,5,3,67,18,9,21,20,19,73,22,67,23,70,23,144,14,71,229,158,70,8,78,0,0,0,307,236,22,214,117
"chr14.39",67,11,6,11,9,4,91,11,10,16,33,14,94,13,90,21,93,14,123,8,98,229,131,56,8,64,2,3,5,298,200,18,182,93
"chr14.40",61,21,12,18,9,6,97,24,17,23,47,23,102,29,107,27,101,27,116,13,112,241,129,77,7,84,0,2,2,327,215,20,195,90
"chr14.41",34,10,7,8,6,4,50,12,9,17,22,13,55,16,51,21,52,17,110,9,57,176,119,43,5,48,2,4,6,230,173,16,157,88
"chr14.42",21,10,4,13,6,10,32,12,6,21,15,20,34,20,29,23,33,21,79,8,35,122,87,NA,NA,NA,NA,NA,NA,NA,NA,NA,NA,58
"chr14.43",35,10,11,14,9,7,50,11,13,20,25,19,55,16,51,21,51,21,112,15,51,178,127,55,3,58,5,2,7,243,192,23,169,83
"chr14.44",37,20,5,22,6,11,55,21,12,31,25,26,59,27,58,32,59,26,106,11,61,178,117,77,8,85,1,1,2,265,204,20,184,69
"chr14.45",39,17,8,18,9,7,58,19,10,21,30,23,63,23,60,23,61,25,105,7,69,181,112,63,8,71,3,2,5,257,188,18,170,77
"chr14.46",16,11,5,10,6,1,28,15,9,14,16,14,32,18,29,17,31,20,115,9,39,163,124,36,3,39,2,1,3,205,166,14,152,88
"chr14.47",5,4,0,2,0,1,9,6,1,5,6,5,12,7,11,8,11,6,35,3,21,59,38,33,6,39,1,1,2,100,79,10,69,26
"chr14.48",21,8,3,8,4,6,33,8,6,12,17,10,34,11,31,12,34,11,57,8,30,95,65,46,3,49,2,2,4,148,118,13,105,35
"chr14.49",17,3,0,5,2,3,25,6,2,8,11,7,26,10,28,10,27,10,54,2,34,90,56,39,5,44,0,1,1,135,101,7,94,40
"chr14.50",12,10,7,8,4,7,16,10,9,13,10,15,20,15,21,15,19,16,58,7,20,85,65,45,4,49,1,1,2,136,116,12,104,34
"chr14.51",9,6,4,7,4,4,13,6,5,10,10,11,17,10,13,15,15,13,47,8,19,74,55,44,3,47,2,1,3,124,105,13,92,35
"chr14.52",9,8,4,9,4,7,13,11,7,13,8,13,15,15,16,15,15,15,52,4,22,78,56,54,3,57,1,0,1,136,114,8,106,37
"chr14.53",8,14,1,15,1,9,12,18,2,18,5,20,13,22,12,20,14,23,69,5,21,95,74,54,9,63,0,1,1,159,138,14,124,43
"chr14.54",15,11,5,12,4,9,24,17,9,20,13,18,28,25,29,22,29,22,89,7,33,129,96,66,4,70,2,3,5,204,171,13,158,64
"chr14.55",11,9,5,9,7,5,18,9,7,10,14,13,20,13,19,14,22,14,62,9,19,90,71,49,5,54,1,0,1,145,126,15,111,37
"chr14.56",16,11,4,12,6,4,24,14,6,14,13,16,26,17,25,17,24,19,58,4,26,88,62,35,5,40,1,3,4,132,106,10,96,39
"chr14.57",15,13,7,8,4,6,25,15,8,12,13,11,28,16,24,14,27,16,74,10,25,109,84,48,4,52,1,1,2,163,138,15,123,53
"chr14.58",13,7,1,9,2,7,20,9,4,11,11,14,22,13,23,14,26,15,56,5,24,85,61,38,3,41,5,5,10,136,112,13,99,34
"chr14.59",17,12,1,12,2,10,28,15,5,23,14,21,30,23,34,26,34,23,87,4,46,137,91,47,8,55,0,0,0,192,146,12,134,70
"chr14.60",25,12,7,13,8,6,40,14,9,14,24,17,47,17,45,15,45,17,72,12,51,135,84,47,2,49,2,2,4,188,137,16,121,58
"chr14.61",9,7,2,6,3,4,13,8,4,10,8,8,17,10,14,12,15,10,50,4,17,71,54,45,5,50,1,2,3,124,107,10,97,33
"chr14.62",12,10,4,6,4,4,16,10,7,10,8,12,19,13,20,14,24,14,57,6,23,86,63,41,3,44,2,3,5,135,112,11,101,35
"chr14.63",22,7,4,6,6,4,31,9,8,13,17,9,33,12,32,13,32,15,63,10,30,103,73,51,6,57,1,1,2,162,132,17,115,54
"chr14.64",8,6,5,6,6,7,11,9,6,11,8,12,11,14,12,13,11,12,49,7,11,67,56,44,2,46,1,0,1,114,103,10,93,30
"chr14.65",8,10,6,8,6,8,13,12,8,12,10,13,13,16,13,14,13,15,54,8,13,75,62,47,3,50,2,0,2,127,114,13,101,35
"chr14.66",26,5,4,4,4,6,33,6,5,7,11,9,35,10,33,8,34,11,54,6,33,93,60,43,3,46,0,2,2,141,108,9,99,38
"chr14.67",6,10,3,5,0,5,10,10,3,9,6,9,13,11,15,11,13,12,65,1,25,91,66,49,5,54,1,2,3,148,123,7,116,52
"chr14.68",10,6,7,5,4,2,15,6,9,8,9,7,18,7,19,8,19,9,46,6,18,70,52,40,4,44,1,2,3,117,99,11,88,24
"chr14.69",30,12,9,9,10,7,37,14,12,10,17,15,39,17,39,13,40,18,72,10,35,117,82,44,2,46,1,0,1,164,129,13,116,53
"chr14.70",12,12,3,10,3,9,19,14,6,14,9,17,20,19,20,22,20,18,64,6,22,92,70,45,6,51,0,1,1,144,122,12,110,38
"chr14.71",6,4,2,5,3,1,8,6,3,8,6,6,12,7,10,9,10,9,40,5,17,62,45,NA,NA,NA,NA,NA,NA,NA,NA,NA,NA,28
"chr14.72",8,4,5,3,6,4,11,4,7,4,8,6,12,7,13,4,13,8,37,3,13,53,40,44,4,48,5,2,7,108,95,12,83,23
"chr14.73",8,16,4,15,4,9,17,19,7,22,13,23,19,24,21,27,21,24,57,3,26,86,60,39,7,46,1,1,2,134,108,11,97,34
"chr14.74",13,12,0,13,0,7,20,14,0,17,7,16,21,18,20,20,20,18,61,2,27,90,63,56,4,60,5,5,10,160,133,11,122,37
"chr14.75",18,6,8,5,8,7,26,7,11,9,17,10,29,13,29,12,29,13,72,12,33,117,84,61,8,69,0,0,0,186,153,20,133,54
"chr14.76",39,16,10,18,8,5,57,20,14,22,25,18,60,21,61,24,62,21,87,13,66,166,100,NA,NA,NA,NA,NA,NA,NA,NA,NA,NA,59
"chr14.77",28,12,4,9,4,6,37,12,5,11,13,14,38,17,34,14,38,17,70,10,34,114,80,35,4,39,1,1,2,155,121,15,106,47
"chr14.78",13,16,5,16,6,9,22,19,9,19,15,22,26,23,24,23,25,22,84,9,22,115,93,39,4,43,0,0,0,158,136,13,123,61
"chr14.79",48,9,9,9,9,6,73,12,14,14,33,15,78,17,75,17,77,18,131,13,75,219,144,75,4,79,3,2,5,303,228,20,208,102
"chr14.80",46,17,7,17,9,5,68,19,12,22,29,21,69,21,64,23,72,22,121,14,63,198,135,56,4,60,1,1,2,260,197,19,178,82
"chr14.81",44,16,6,16,5,9,58,19,6,25,18,20,60,23,57,27,58,25,120,7,65,192,127,35,9,44,3,1,4,240,175,19,156,91
"chr14.82",44,8,5,7,6,4,57,9,7,9,19,10,59,12,58,10,60,14,80,9,69,158,89,38,7,45,1,2,3,206,137,17,120,59
"chr14.83",46,12,4,11,7,6,69,13,7,17,29,14,71,16,65,18,70,17,85,11,76,172,96,55,5,60,1,3,4,236,160,17,143,66
"chr14.84",59,10,6,11,5,5,98,10,7,20,43,15,100,16,98,23,100,17,108,11,98,217,119,65,8,73,1,1,2,292,194,20,174,75
"chr14.85",36,13,7,11,7,6,49,15,11,14,21,13,53,17,53,15,52,17,91,8,56,155,99,68,8,76,0,0,0,231,175,16,159,70
"chr14.86",26,7,7,7,10,7,29,7,13,10,14,12,34,12,32,10,32,12,60,10,31,101,70,51,3,54,4,2,6,161,130,17,113,47
"chr14.87",20,10,5,10,5,3,27,11,7,14,11,13,28,13,27,15,29,14,57,7,33,97,64,39,6,45,0,4,4,146,113,13,100,38
"chr14.88",13,9,8,10,9,6,17,11,10,12,11,13,21,14,18,12,18,13,52,9,21,82,61,46,8,54,4,1,5,141,120,21,99,36
"chr14.89",20,13,5,11,7,9,24,14,8,15,11,17,25,18,26,17,24,19,65,7,33,105,72,42,5,47,2,0,2,154,121,14,107,51
"chr14.90",21,8,6,7,8,3,23,8,9,10,10,10,24,10,24,12,24,10,49,8,31,88,57,58,6,64,0,1,1,153,122,14,108,38
"chr14.91",20,13,6,14,5,8,26,16,12,17,11,17,33,18,32,20,28,19,67,6,39,112,73,47,4,51,0,3,3,166,127,10,117,55
"chr14.92",20,12,6,11,5,9,26,18,9,18,12,18,30,22,29,20,31,21,99,7,35,141,106,60,6,66,1,0,1,208,173,14,159,71
"chr14.93",13,9,3,9,4,5,23,13,6,14,14,14,26,16,23,16,27,16,78,7,30,115,85,56,5,61,1,3,4,180,150,13,137,54
"chr14.94",43,12,10,9,11,11,61,13,13,11,27,18,62,21,60,16,64,22,104,16,57,177,120,76,14,90,0,0,0,267,210,30,180,73
"chr14.95",31,21,4,22,5,8,42,27,6,31,17,24,44,28,42,33,46,26,102,5,55,162,107,86,9,95,2,1,3,260,205,16,189,70
"chr14.96",18,13,3,10,2,11,28,13,4,15,13,19,28,20,28,19,28,23,83,4,32,119,87,54,11,65,1,0,1,185,153,16,137,58
"chr14.97",12,6,4,6,5,3,15,6,6,7,9,8,18,8,16,7,16,10,39,8,18,65,47,42,4,46,1,0,1,112,94,13,81,28
"chr14.98",20,13,5,12,5,2,28,17,8,18,14,14,30,19,30,20,30,19,80,4,39,123,84,54,7,61,8,1,9,193,154,19,135,52
"chr14.99",13,11,3,13,2,3,19,13,3,17,9,14,23,15,20,18,21,16,58,4,25,87,62,40,2,42,0,0,0,129,104,6,98,37
"chr14.100",12,10,4,4,6,10,14,11,7,6,8,14,15,15,16,9,15,14,55,6,15,76,61,51,4,55,1,1,2,133,118,11,107,40
"chr14.101",13,12,3,12,2,6,16,14,5,15,7,13,20,15,20,17,20,17,56,3,29,88,59,53,3,56,1,3,4,148,119,7,112,38
"chr14.102",11,12,7,9,6,2,16,13,7,10,11,12,18,14,20,12,17,14,59,8,22,89,67,57,4,61,1,0,1,151,129,13,116,33
"chr14.103",16,4,3,9,5,3,20,11,5,15,9,12,22,13,19,18,22,18,84,6,24,114,90,NA,NA,NA,NA,NA,NA,NA,NA,NA,NA,71
"chr15.1",0,0,0,0,0,0,0,0,0,0,0,0,0,0,0,0,0,0,0,0,0,0,0,NA,NA,NA,NA,NA,NA,NA,NA,NA,NA,0
"chr15.2",0,0,0,0,0,0,0,0,0,0,0,0,0,0,0,0,0,0,0,0,0,0,0,NA,NA,NA,NA,NA,NA,NA,NA,NA,NA,0
"chr15.3",0,0,0,0,0,0,0,0,0,0,0,0,0,0,0,0,0,0,0,0,0,0,0,NA,NA,NA,NA,NA,NA,NA,NA,NA,NA,0
"chr15.4",0,0,0,0,0,0,0,0,0,0,0,0,0,0,0,0,0,0,0,0,0,0,0,NA,NA,NA,NA,NA,NA,NA,NA,NA,NA,0
"chr15.5",0,0,0,0,0,0,0,0,0,0,0,0,0,0,0,0,0,0,0,0,0,0,0,NA,NA,NA,NA,NA,NA,NA,NA,NA,NA,0
"chr15.6",0,0,0,0,0,0,0,0,0,0,0,0,0,0,0,0,0,0,0,0,0,0,0,NA,NA,NA,NA,NA,NA,NA,NA,NA,NA,0
"chr15.7",0,0,0,0,0,0,0,0,0,0,0,0,0,0,0,0,0,0,0,0,0,0,0,NA,NA,NA,NA,NA,NA,NA,NA,NA,NA,0
"chr15.8",0,0,0,0,0,0,0,0,0,0,0,0,0,0,0,0,0,0,0,0,0,0,0,NA,NA,NA,NA,NA,NA,NA,NA,NA,NA,0
"chr15.9",0,0,0,0,0,0,0,0,0,0,0,0,0,0,0,0,0,0,0,0,0,0,0,NA,NA,NA,NA,NA,NA,NA,NA,NA,NA,0
"chr15.10",0,0,0,0,0,0,0,0,0,0,0,0,0,0,0,0,0,0,0,0,0,0,0,NA,NA,NA,NA,NA,NA,NA,NA,NA,NA,0
"chr15.11",0,0,0,0,0,0,0,0,0,0,0,0,0,0,0,0,0,0,0,0,0,0,0,NA,NA,NA,NA,NA,NA,NA,NA,NA,NA,0
"chr15.12",0,0,0,0,0,0,0,0,0,0,0,0,0,0,0,0,0,0,0,0,0,0,0,NA,NA,NA,NA,NA,NA,NA,NA,NA,NA,0
"chr15.13",0,0,0,0,0,0,0,0,0,0,0,0,0,0,0,0,0,0,0,0,0,0,0,NA,NA,NA,NA,NA,NA,NA,NA,NA,NA,0
"chr15.14",0,0,0,0,0,0,0,0,0,0,0,0,0,0,0,0,0,0,0,0,0,0,0,NA,NA,NA,NA,NA,NA,NA,NA,NA,NA,0
"chr15.15",0,0,0,0,0,0,0,0,0,0,0,0,0,0,0,0,0,0,0,0,0,0,0,NA,NA,NA,NA,NA,NA,NA,NA,NA,NA,0
"chr15.16",0,0,0,0,0,0,0,0,0,0,0,0,0,0,0,0,0,0,0,0,0,0,0,NA,NA,NA,NA,NA,NA,NA,NA,NA,NA,0
"chr15.17",24,7,6,4,4,6,38,8,8,9,18,8,41,12,42,9,39,11,151,5,48,204,156,NA,NA,NA,NA,NA,NA,NA,NA,NA,NA,138
"chr15.18",6,3,3,3,3,2,13,6,6,3,10,4,14,6,17,7,16,7,37,3,20,60,40,NA,NA,NA,NA,NA,NA,NA,NA,NA,NA,28
"chr15.19",14,14,5,9,7,9,23,16,8,14,17,15,26,21,30,17,27,22,85,8,30,123,93,NA,NA,NA,NA,NA,NA,NA,NA,NA,NA,68
"chr15.20",19,14,5,10,9,13,24,17,11,18,13,21,25,22,27,21,27,23,99,10,31,140,109,NA,NA,NA,NA,NA,NA,NA,NA,NA,NA,77
"chr15.21",67,21,12,20,13,11,90,25,17,25,36,21,96,27,99,27,98,25,262,15,103,380,277,NA,NA,NA,NA,NA,NA,NA,NA,NA,NA,221
"chr15.22",24,13,5,12,6,8,36,18,7,17,17,17,40,22,36,20,38,20,125,6,58,189,131,90,10,100,2,1,3,292,234,18,216,97
"chr15.23",35,12,5,8,4,12,49,15,8,14,20,18,53,22,55,21,54,24,130,6,63,199,136,72,10,82,3,2,5,286,223,19,204,101
"chr15.24",73,21,9,18,8,13,91,23,11,25,26,24,98,28,96,30,92,33,269,18,113,400,287,126,16,142,1,3,4,546,433,35,398,236
"chr15.25",24,10,6,7,5,2,31,12,7,10,12,10,34,13,34,13,33,13,100,8,41,149,108,NA,NA,NA,NA,NA,NA,NA,NA,NA,NA,83
"chr15.26",19,5,3,5,4,6,22,7,4,9,7,10,23,12,24,10,24,12,112,6,25,143,118,NA,NA,NA,NA,NA,NA,NA,NA,NA,NA,85
"chr15.27",11,3,2,2,5,2,15,3,5,2,8,4,15,4,15,4,15,5,33,5,14,52,38,NA,NA,NA,NA,NA,NA,NA,NA,NA,NA,26
"chr15.28",14,6,3,7,3,5,21,7,6,11,11,12,25,12,22,13,24,13,83,6,28,117,89,NA,NA,NA,NA,NA,NA,NA,NA,NA,NA,66
"chr15.29",11,12,4,10,3,5,17,14,5,14,7,13,20,16,18,15,17,18,87,5,23,115,92,NA,NA,NA,NA,NA,NA,NA,NA,NA,NA,71
"chr15.30",18,18,6,16,9,12,30,22,12,21,23,26,36,28,36,22,36,30,121,15,38,174,136,78,7,85,2,4,6,265,227,24,203,96
"chr15.31",15,9,5,10,6,9,20,9,6,11,11,15,21,15,20,16,21,16,81,5,22,108,86,NA,NA,NA,NA,NA,NA,NA,NA,NA,NA,59
"chr15.32",12,8,3,5,5,3,23,12,7,9,15,8,27,14,27,10,27,14,71,6,29,106,77,38,7,45,0,1,1,152,123,13,110,59
"chr15.33",30,12,4,14,4,4,41,14,5,16,17,15,43,16,42,20,43,18,91,7,57,155,98,64,6,70,0,0,0,225,168,13,155,74
"chr15.34",26,6,3,6,4,5,34,7,7,11,12,9,36,10,36,13,36,10,107,5,39,151,112,47,8,55,3,0,3,209,170,16,154,87
"chr15.35",12,8,2,9,3,4,14,10,4,11,5,13,15,13,15,13,17,14,77,3,20,100,80,47,8,55,1,0,1,156,136,12,124,56
"chr15.36",3,9,1,10,1,4,10,12,2,13,8,13,11,15,12,16,11,15,81,1,26,108,82,39,9,48,1,1,2,158,132,11,121,59
"chr15.37",7,14,4,11,5,9,10,15,8,17,6,19,12,22,13,22,12,23,65,6,17,88,71,36,6,42,1,1,2,132,115,13,102,41
"chr15.38",3,6,3,7,1,4,6,8,5,9,5,9,7,10,7,10,8,11,44,7,7,58,51,NA,NA,NA,NA,NA,NA,NA,NA,NA,NA,31
"chr15.39",6,13,5,14,5,5,10,15,10,16,9,18,15,18,15,21,14,19,73,6,16,95,79,51,7,58,1,2,3,156,140,14,126,45
"chr15.40",10,13,2,15,2,5,13,13,4,17,6,17,15,17,16,18,15,20,61,4,17,82,65,NA,NA,NA,NA,NA,NA,NA,NA,NA,NA,38
"chr15.41",4,8,2,7,2,5,7,11,3,9,5,10,8,13,10,14,8,14,63,4,18,85,67,NA,NA,NA,NA,NA,NA,NA,NA,NA,NA,40
"chr15.42",4,15,2,9,1,5,6,19,6,11,5,16,9,19,10,16,9,20,74,3,14,91,77,NA,NA,NA,NA,NA,NA,NA,NA,NA,NA,54
"chr15.43",17,16,10,14,8,7,26,19,13,20,17,23,30,26,31,26,29,24,131,10,30,171,141,73,7,80,2,0,2,253,223,19,204,92
"chr15.44",27,12,7,15,6,8,44,17,15,23,24,22,49,24,52,27,51,22,151,6,60,217,157,62,6,68,0,4,4,289,229,12,217,126
"chr15.45",20,8,7,8,7,9,30,8,11,12,17,14,32,16,31,15,32,15,109,6,34,149,115,42,2,44,2,2,4,197,163,10,153,88
"chr15.46",10,12,5,9,5,10,15,15,6,14,9,18,17,20,15,15,15,20,79,5,16,100,84,48,9,57,0,2,2,159,143,14,129,63
"chr15.47",11,9,3,7,2,3,21,12,6,10,12,11,26,13,22,14,23,13,71,5,32,108,76,57,8,65,0,1,1,174,142,13,129,55
"chr15.48",16,7,3,6,3,1,21,7,5,9,8,7,22,8,21,12,22,10,77,7,27,111,84,32,3,35,1,1,2,148,121,11,110,57
"chr15.49",7,7,3,7,3,3,10,8,7,8,8,9,11,10,16,10,15,13,55,6,15,76,61,54,3,57,1,2,3,136,121,10,111,31
"chr15.50",13,12,4,12,3,8,20,12,5,15,15,17,29,16,25,17,27,18,105,11,43,159,116,85,7,92,1,0,1,252,209,19,190,89
"chr15.51",19,15,7,14,10,3,27,19,14,20,17,14,28,21,29,22,28,20,132,12,29,173,144,92,7,99,1,2,3,275,246,20,226,89
"chr15.52",16,7,4,7,6,7,19,8,7,8,10,11,21,12,21,10,25,13,105,8,32,145,113,NA,NA,NA,NA,NA,NA,NA,NA,NA,NA,73
"chr15.53",12,11,5,11,6,10,19,14,10,16,15,15,23,17,20,18,21,16,71,8,22,101,79,47,8,55,2,5,7,163,141,18,123,55
"chr15.54",11,4,4,4,4,5,16,7,7,7,9,8,17,11,20,10,19,9,59,5,26,90,64,47,4,51,0,2,2,143,117,9,108,48
"chr15.55",14,6,4,6,3,5,21,8,8,9,11,8,25,9,23,10,25,11,83,8,29,120,91,58,6,64,0,3,3,187,158,14,144,61
"chr15.56",11,9,3,5,4,5,22,11,7,11,16,10,23,13,21,12,22,13,71,10,20,101,81,58,6,64,0,2,2,167,147,16,131,50
"chr15.57",14,7,5,8,5,2,26,9,9,16,16,9,26,10,26,16,29,10,85,12,25,122,97,60,8,68,1,0,1,191,166,21,145,71
"chr15.58",17,9,5,11,5,4,24,11,10,18,13,12,26,13,25,18,25,13,103,11,28,142,114,50,10,60,0,3,3,205,177,21,156,79
"chr15.59",6,10,1,14,1,4,10,12,2,19,6,14,11,14,10,22,11,16,73,6,19,98,79,55,7,62,0,3,3,163,144,13,131,49
"chr15.60",11,13,4,11,5,8,19,13,7,15,12,15,19,14,19,18,19,16,69,7,23,99,76,44,4,48,0,2,2,149,126,11,115,48
"chr15.61",6,14,0,9,0,9,12,16,4,14,8,15,17,19,14,18,15,18,76,7,17,100,83,56,4,60,3,2,5,165,148,14,134,60
"chr15.62",7,3,3,5,2,3,12,4,4,7,8,6,15,6,15,10,15,7,64,5,21,90,69,46,5,51,1,3,4,145,124,11,113,40
"chr15.63",6,4,2,5,1,3,7,6,3,10,5,7,9,8,10,11,10,12,71,4,16,91,75,56,5,61,2,1,3,155,139,11,128,57
"chr15.64",13,5,4,8,3,4,19,10,6,11,9,10,23,12,18,13,21,11,70,7,21,98,77,50,1,51,0,1,1,150,129,8,121,56
"chr15.65",5,9,2,9,2,4,12,10,5,13,10,11,14,11,14,15,15,13,96,5,22,123,101,37,4,41,1,2,3,167,145,10,135,77
"chr15.66",8,9,3,9,3,4,16,11,4,13,12,11,18,13,14,14,18,11,68,11,21,100,79,53,6,59,0,2,2,161,140,17,123,47
"chr15.67",8,8,3,7,3,4,15,10,5,12,10,10,19,11,16,13,17,14,88,5,27,120,93,46,4,50,0,3,3,173,146,9,137,71
"chr15.68",11,10,3,10,2,8,17,10,6,17,8,14,24,13,23,19,20,14,78,5,25,108,83,56,7,63,2,4,6,177,152,14,138,64
"chr15.69",6,5,4,5,3,5,9,6,7,9,7,7,14,9,13,11,12,8,52,5,21,78,57,NA,NA,NA,NA,NA,NA,NA,NA,NA,NA,38
"chr15.70",8,13,5,13,4,5,13,14,5,16,8,16,15,16,11,16,13,16,79,7,23,109,86,45,5,50,0,3,3,162,139,12,127,69
"chr15.71",10,7,5,8,7,7,13,10,9,14,10,13,17,16,15,17,16,14,94,7,16,117,101,NA,NA,NA,NA,NA,NA,NA,NA,NA,NA,61
"chr15.72",10,11,9,11,9,6,16,14,12,20,13,16,17,18,16,21,17,18,63,12,17,92,75,NA,NA,NA,NA,NA,NA,NA,NA,NA,NA,42
"chr15.73",14,8,4,10,4,5,20,11,4,15,10,15,20,15,23,16,22,16,80,3,23,106,83,59,8,67,0,2,2,175,152,11,141,61
"chr15.74",13,8,2,7,3,5,19,10,3,13,9,8,21,11,18,14,20,14,77,5,25,107,82,69,6,75,1,3,4,186,161,12,149,62
"chr15.75",9,12,3,10,5,8,18,13,7,17,13,16,18,17,18,20,18,19,87,8,24,119,95,80,7,87,1,2,3,209,185,16,169,68
"chr15.76",14,13,3,11,3,10,17,13,5,18,6,19,19,20,18,20,21,22,90,4,28,122,94,61,13,74,1,0,1,197,169,18,151,62
"chr15.77",10,10,3,9,4,7,18,12,5,14,14,15,21,18,21,18,22,16,86,4,26,116,90,53,16,69,1,1,2,187,161,21,140,59
"chr15.78",13,7,3,9,4,3,20,11,7,15,11,11,24,13,23,17,23,16,88,7,31,126,95,45,11,56,1,1,2,184,153,19,134,76
"chr15.79",8,9,2,8,4,7,9,12,4,14,8,14,13,16,11,15,13,16,88,5,15,108,93,NA,NA,NA,NA,NA,NA,NA,NA,NA,NA,70
"chr15.80",6,7,3,6,1,4,10,11,7,12,7,11,15,14,13,14,12,12,69,7,16,92,76,NA,NA,NA,NA,NA,NA,NA,NA,NA,NA,56
"chr15.81",23,7,6,7,4,5,27,11,6,13,10,11,27,14,26,15,27,14,80,9,30,119,89,NA,NA,NA,NA,NA,NA,NA,NA,NA,NA,67
"chr15.82",7,6,3,5,2,4,10,9,6,14,6,9,10,12,10,16,10,12,73,6,11,90,79,NA,NA,NA,NA,NA,NA,NA,NA,NA,NA,60
"chr15.83",11,9,5,10,4,12,16,13,7,21,9,18,17,21,17,24,17,19,137,7,16,160,144,67,11,78,0,2,2,240,224,18,206,108
"chr15.84",35,13,9,12,10,13,49,17,16,17,29,22,54,23,54,23,56,25,200,17,55,272,217,83,11,94,0,2,2,368,313,28,285,173
"chr15.85",41,13,9,15,10,4,61,15,11,20,30,17,62,17,58,22,64,17,189,15,63,267,204,77,6,83,1,3,4,354,291,22,269,157
"chr15.86",12,7,1,7,2,9,19,9,3,10,9,13,23,18,19,13,20,15,91,7,28,126,98,55,6,61,3,4,7,194,166,16,150,74
"chr15.87",11,4,0,4,1,5,13,4,1,7,2,7,15,7,15,7,13,11,64,0,22,86,64,NA,NA,NA,NA,NA,NA,NA,NA,NA,NA,47
"chr15.88",11,16,4,11,5,6,20,16,8,14,14,15,22,19,19,17,23,19,73,10,18,101,83,51,7,58,1,4,5,164,146,18,128,51
"chr15.89",11,10,4,11,4,6,16,15,5,19,11,15,21,17,20,22,19,15,95,2,25,122,97,59,10,69,0,1,1,192,167,12,155,70
"chr15.90",12,10,4,9,3,8,17,10,4,12,8,15,20,15,17,16,19,15,92,9,23,124,101,70,7,77,3,0,3,204,181,19,162,64
"chr15.91",8,6,3,7,3,3,13,8,5,11,9,7,15,9,14,11,18,14,95,7,22,124,102,39,5,44,1,1,2,170,148,13,135,68
"chr15.92",30,13,7,13,6,10,40,15,9,18,17,18,42,20,42,19,46,21,151,9,53,213,160,76,9,85,0,1,1,299,246,18,228,126
"chr15.93",20,7,2,10,3,4,32,10,5,16,13,10,34,12,32,17,32,12,120,5,33,158,125,63,5,68,1,1,2,228,195,11,184,94
"chr15.94",41,12,7,14,5,8,65,17,7,28,33,19,70,23,68,29,68,22,164,6,78,248,170,72,11,83,2,3,5,336,258,19,239,136
"chr15.95",36,17,8,17,6,8,55,21,8,24,26,24,60,26,57,26,56,29,169,6,66,241,175,59,13,72,2,2,4,317,251,21,230,140
"chr15.96",16,11,3,11,2,9,20,12,3,17,7,20,24,20,20,20,21,24,84,4,24,112,88,54,5,59,1,0,1,172,148,10,138,55
"chr15.97",16,11,3,13,4,4,24,14,4,17,11,16,25,16,24,18,24,18,91,6,30,127,97,49,7,56,0,1,1,184,154,13,141,74
"chr15.98",19,8,3,9,5,4,23,11,7,13,11,12,26,13,25,14,25,15,71,7,27,105,78,56,2,58,2,0,2,165,138,11,127,58
"chr16.1",7,10,5,7,6,4,11,15,10,16,10,9,15,17,18,21,14,13,85,8,21,114,93,NA,NA,NA,NA,NA,NA,NA,NA,NA,NA,58
"chr16.2",8,17,5,17,7,12,17,17,7,25,14,24,19,26,13,30,18,24,97,12,15,124,109,74,5,79,1,0,1,204,189,18,171,65
"chr16.3",7,13,6,13,5,7,14,17,8,21,12,17,14,20,13,25,15,25,80,11,13,104,91,NA,NA,NA,NA,NA,NA,NA,NA,NA,NA,54
"chr16.4",7,14,4,15,2,12,11,16,6,19,7,22,16,22,17,23,15,23,74,3,19,96,77,64,8,72,4,5,9,177,158,15,143,44
"chr16.5",5,13,1,12,2,5,11,14,4,14,8,15,14,17,11,15,14,17,70,4,17,91,74,52,19,71,1,0,1,163,146,24,122,54
"chr16.6",19,7,6,10,5,5,30,11,7,15,16,12,32,14,30,18,30,17,91,8,39,138,99,57,5,62,3,4,7,207,168,16,152,70
"chr16.7",80,26,61,24,56,8,96,30,63,31,73,29,105,35,100,36,107,37,155,70,65,290,225,NA,NA,NA,NA,NA,NA,NA,NA,NA,NA,101
"chr16.8",49,12,28,13,24,2,60,13,32,16,36,14,66,14,62,19,60,16,119,28,56,203,147,66,9,75,2,1,3,281,225,39,186,87
"chr16.9",24,12,5,13,4,3,27,13,6,18,10,15,29,15,29,20,29,17,90,9,39,138,99,NA,NA,NA,NA,NA,NA,NA,NA,NA,NA,64
"chr16.10",14,9,8,11,8,2,20,11,10,14,15,13,20,12,20,15,20,15,84,9,27,120,93,49,3,52,3,2,5,177,150,15,135,55
"chr16.11",7,5,1,3,1,5,12,8,2,6,7,8,15,11,14,8,15,10,57,3,24,84,60,70,4,74,4,1,5,163,139,11,128,40
"chr16.12",9,16,1,16,3,3,10,18,3,20,5,16,13,19,12,24,12,20,71,4,21,96,75,35,5,40,0,1,1,137,116,9,107,44
"chr16.13",17,10,9,8,8,6,19,12,10,10,11,11,20,15,20,10,20,15,67,7,28,102,74,47,5,52,2,1,3,157,129,14,115,50
"chr16.14",30,11,8,10,4,10,39,12,8,19,16,17,42,17,39,19,41,21,119,10,44,173,129,67,6,73,2,1,3,249,205,18,187,96
"chr16.15",6,5,1,5,4,6,7,6,5,11,7,8,10,9,11,12,10,10,56,3,13,72,59,NA,NA,NA,NA,NA,NA,NA,NA,NA,NA,38
"chr16.16",7,7,3,8,4,5,14,7,6,9,10,11,14,10,15,13,15,12,43,7,17,67,50,NA,NA,NA,NA,NA,NA,NA,NA,NA,NA,24
"chr16.17",8,8,2,9,2,5,12,9,3,13,5,11,12,11,12,13,13,15,52,4,18,74,56,NA,NA,NA,NA,NA,NA,NA,NA,NA,NA,36
"chr16.18",24,11,7,11,8,2,49,14,11,16,29,13,53,15,50,17,52,15,101,14,60,175,115,70,8,78,4,2,6,259,199,26,173,84
"chr16.19",13,6,4,5,4,1,18,6,6,6,9,6,21,7,21,7,19,6,54,6,24,84,60,NA,NA,NA,NA,NA,NA,NA,NA,NA,NA,44
"chr16.20",8,12,2,14,3,8,10,13,8,19,6,15,11,16,12,20,17,18,70,7,11,88,77,50,10,60,0,1,1,149,138,17,121,42
"chr16.21",20,12,8,13,9,11,23,17,13,22,12,21,25,24,26,27,26,25,111,11,40,162,122,NA,NA,NA,NA,NA,NA,NA,NA,NA,NA,81
"chr16.22",18,9,15,8,13,5,21,9,16,10,16,13,21,16,22,13,21,14,64,17,19,100,81,NA,NA,NA,NA,NA,NA,NA,NA,NA,NA,34
"chr16.23",21,14,12,13,12,10,28,17,16,24,19,20,30,25,33,29,31,23,105,19,39,163,124,NA,NA,NA,NA,NA,NA,NA,NA,NA,NA,51
"chr16.24",9,10,4,8,5,7,15,12,8,9,9,13,16,15,17,12,15,17,54,7,13,74,61,57,9,66,0,0,0,140,127,16,111,34
"chr16.25",15,16,7,17,7,11,17,16,10,22,9,20,21,21,19,24,19,23,73,7,26,106,80,53,8,61,2,4,6,173,147,17,130,55
"chr16.26",23,11,3,10,6,7,25,14,7,19,8,15,26,19,28,20,27,21,105,7,29,141,112,73,10,83,1,0,1,225,196,18,178,80
"chr16.27",27,14,4,16,4,7,37,17,8,22,13,20,39,21,33,28,37,23,151,16,56,223,167,93,12,105,1,2,3,331,275,29,246,116
"chr16.28",13,12,5,11,6,11,20,13,7,20,12,17,21,18,21,22,21,19,87,9,25,121,96,63,11,74,1,0,1,196,171,21,150,63
"chr16.29",6,6,4,7,5,2,7,7,6,9,5,9,8,9,8,13,9,10,41,5,10,56,46,NA,NA,NA,NA,NA,NA,NA,NA,NA,NA,19
"chr16.30",8,5,2,7,3,4,16,6,6,8,11,9,17,9,14,9,17,12,62,9,18,89,71,NA,NA,NA,NA,NA,NA,NA,NA,NA,NA,39
"chr16.31",7,11,6,11,7,7,12,13,8,15,10,14,12,15,12,15,15,17,70,7,11,88,77,NA,NA,NA,NA,NA,NA,NA,NA,NA,NA,43
"chr16.32",15,16,6,15,7,6,23,17,10,20,16,17,26,19,26,25,25,20,113,10,31,154,123,NA,NA,NA,NA,NA,NA,NA,NA,NA,NA,85
"chr16.33",11,5,1,7,3,2,21,7,6,12,14,7,24,8,24,12,23,9,68,8,33,109,76,NA,NA,NA,NA,NA,NA,NA,NA,NA,NA,58
"chr16.34",26,5,3,6,4,9,33,8,8,10,12,14,37,14,34,13,36,17,104,9,44,157,113,NA,NA,NA,NA,NA,NA,NA,NA,NA,NA,81
"chr16.35",6,10,1,11,2,13,9,13,2,20,5,18,12,19,9,21,9,20,119,3,23,145,122,NA,NA,NA,NA,NA,NA,NA,NA,NA,NA,120
"chr16.36",0,0,0,0,0,0,0,0,0,0,0,0,0,0,0,0,0,0,0,0,0,0,0,NA,NA,NA,NA,NA,NA,NA,NA,NA,NA,0
"chr16.37",0,0,0,0,0,0,0,0,0,0,0,0,0,0,0,0,0,0,0,0,0,0,0,NA,NA,NA,NA,NA,NA,NA,NA,NA,NA,0
"chr16.38",0,0,0,0,0,0,0,0,0,0,0,0,0,0,0,0,0,0,0,0,0,0,0,NA,NA,NA,NA,NA,NA,NA,NA,NA,NA,0
"chr16.39",0,0,0,0,0,0,0,0,0,0,0,0,0,0,0,0,0,0,0,0,0,0,0,NA,NA,NA,NA,NA,NA,NA,NA,NA,NA,0
"chr16.40",0,0,0,0,0,0,0,0,0,0,0,0,0,0,0,0,0,0,0,0,0,0,0,NA,NA,NA,NA,NA,NA,NA,NA,NA,NA,0
"chr16.41",0,0,0,0,0,0,0,0,0,0,0,0,0,0,0,0,0,0,0,0,0,0,0,NA,NA,NA,NA,NA,NA,NA,NA,NA,NA,0
"chr16.42",0,0,0,0,0,0,0,0,0,0,0,0,0,0,0,0,0,0,0,0,0,0,0,NA,NA,NA,NA,NA,NA,NA,NA,NA,NA,0
"chr16.43",0,0,0,0,0,0,0,0,0,0,0,0,0,0,0,0,0,0,0,0,0,0,0,NA,NA,NA,NA,NA,NA,NA,NA,NA,NA,0
"chr16.44",16,19,7,17,10,13,23,21,13,23,16,24,25,26,26,26,25,26,82,10,32,124,92,NA,NA,NA,NA,NA,NA,NA,NA,NA,NA,57
"chr16.45",7,11,7,7,5,5,13,13,8,12,12,14,19,16,15,14,19,16,90,8,21,119,98,58,9,67,2,0,2,188,167,19,148,65
"chr16.46",15,15,8,15,9,10,27,19,11,20,20,21,28,25,26,25,29,24,111,16,37,164,127,53,8,61,2,0,2,227,190,26,164,78
"chr16.47",8,9,1,10,1,7,13,11,1,18,6,16,16,16,13,21,13,18,88,4,27,119,92,70,9,79,3,3,6,204,177,16,161,62
"chr16.48",17,15,6,15,5,12,26,16,9,20,15,20,28,23,28,23,28,22,81,10,31,122,91,62,12,74,1,2,3,199,168,23,145,52
"chr16.49",14,19,6,25,6,13,30,23,10,38,21,28,37,30,32,40,34,33,149,14,53,216,163,106,16,122,3,6,9,347,294,33,261,111
"chr16.50",11,11,7,12,8,6,25,14,14,18,20,15,30,16,30,19,27,16,76,17,32,125,93,73,6,79,2,0,2,206,174,25,149,52
"chr16.51",3,9,3,8,2,5,7,10,3,11,6,13,8,13,8,12,9,15,62,6,9,77,68,51,8,59,0,1,1,137,128,14,114,41
"chr16.52",18,10,8,4,12,5,26,11,13,11,18,11,28,13,28,15,28,14,70,13,28,111,83,61,7,68,2,4,6,185,157,22,135,50
"chr16.53",11,11,6,13,4,3,17,14,6,16,10,15,22,15,19,19,18,18,84,4,31,119,88,88,13,101,5,3,8,228,197,22,175,61
"chr16.54",6,10,3,8,5,5,12,13,6,14,10,11,14,15,12,15,13,15,65,7,13,85,72,51,6,57,4,1,5,147,134,17,117,49
"chr16.55",8,11,6,9,7,4,12,11,11,16,9,13,12,13,15,17,15,15,53,7,22,82,60,55,7,62,0,3,3,147,125,14,111,35
"chr16.56",10,8,5,6,4,4,20,10,6,14,14,9,23,12,22,16,20,12,88,4,33,125,92,54,4,58,2,3,5,188,155,10,145,66
"chr16.57",23,19,6,19,5,7,38,23,11,32,21,22,42,26,40,34,42,27,164,9,68,241,173,117,12,129,0,4,4,374,306,21,285,126
"chr16.58",32,25,8,30,8,6,50,28,11,36,29,33,57,32,56,39,57,36,179,16,69,264,195,92,11,103,3,3,6,373,304,30,274,131
"chr16.59",37,19,11,21,11,3,50,23,14,27,23,22,54,25,53,31,54,28,173,17,62,252,190,75,14,89,2,2,4,345,283,33,250,113
"chr16.60",36,20,15,21,11,8,60,21,19,31,35,26,69,24,68,31,66,26,193,16,86,295,209,100,9,109,6,2,8,412,326,31,295,166
"chr16.61",16,17,7,19,4,9,26,20,11,27,15,26,31,26,32,29,30,29,139,9,59,207,148,82,10,92,2,2,4,303,244,21,223,94
"chr16.62",20,12,7,11,6,8,31,14,9,12,17,16,33,16,33,13,32,18,96,10,38,144,106,61,4,65,2,1,3,212,174,16,158,70
"chr16.63",10,12,7,15,4,6,12,13,7,18,7,17,14,17,14,20,14,20,82,4,30,116,86,41,4,45,2,4,6,167,137,10,127,53
"chr16.64",9,6,8,5,8,7,13,7,9,9,12,9,13,10,13,11,15,9,64,7,11,82,71,50,8,58,1,1,2,142,131,16,115,39
"chr16.65",10,14,4,11,6,5,13,15,6,14,9,14,14,16,14,17,14,18,66,6,20,92,72,NA,NA,NA,NA,NA,NA,NA,NA,NA,NA,36
"chr16.66",6,8,5,10,4,1,9,11,9,16,8,11,14,13,13,16,12,15,66,7,18,91,73,NA,NA,NA,NA,NA,NA,NA,NA,NA,NA,43
"chr16.67",4,8,3,9,3,7,8,9,5,12,6,13,10,15,8,15,9,17,62,5,17,84,67,NA,NA,NA,NA,NA,NA,NA,NA,NA,NA,37
"chr16.68",7,6,2,7,4,4,15,7,5,11,11,12,15,10,15,13,15,13,43,6,19,68,49,NA,NA,NA,NA,NA,NA,NA,NA,NA,NA,28
"chr16.69",10,8,7,9,8,7,24,11,8,15,17,13,24,14,22,18,26,16,62,12,23,97,74,61,1,62,1,4,5,164,141,14,127,32
"chr16.70",11,14,6,13,6,4,19,16,8,18,13,17,19,19,21,19,21,19,70,7,23,100,77,73,1,74,3,4,7,181,158,11,147,46
"chr16.71",13,15,4,15,4,9,26,17,7,18,18,20,29,22,27,24,27,23,116,8,34,158,124,63,10,73,0,3,3,234,200,18,182,81
"chr16.72",7,19,3,16,5,9,12,22,9,20,11,22,14,24,12,23,15,25,80,13,11,104,93,NA,NA,NA,NA,NA,NA,NA,NA,NA,NA,50
"chr16.73",11,13,4,12,3,4,16,14,6,14,13,14,23,16,25,16,25,15,98,5,41,144,103,56,6,62,0,2,2,208,167,11,156,69
"chr16.74",19,17,7,14,5,11,32,21,10,21,18,22,38,25,37,24,34,24,120,7,53,180,127,74,3,77,0,2,2,259,206,10,196,98
"chr16.75",15,11,8,14,7,6,19,12,10,14,12,17,23,17,23,17,21,20,90,8,31,129,98,47,3,50,1,2,3,182,151,12,139,59
"chr16.76",7,7,8,8,2,3,15,8,8,9,10,8,20,10,18,12,15,10,67,6,21,94,73,54,3,57,2,1,3,154,133,11,122,43
"chr16.77",16,6,5,7,4,5,22,9,5,14,12,10,23,13,23,15,23,12,87,9,30,126,96,65,4,69,1,0,1,196,166,14,152,65
"chr16.78",14,12,3,10,2,4,22,14,4,14,13,15,25,17,23,20,26,20,77,7,29,113,84,51,4,55,1,0,1,169,140,12,128,50
"chr16.79",6,12,4,12,5,7,12,13,6,14,11,17,13,17,12,17,12,18,63,6,22,91,69,59,7,66,0,2,2,159,137,13,124,36
"chr16.80",15,16,10,21,7,12,25,20,16,27,19,24,30,24,31,29,27,28,144,16,33,193,160,87,12,99,0,2,2,294,261,28,233,99
"chr16.81",10,14,8,12,8,10,18,18,10,19,16,21,21,26,21,26,20,25,108,11,30,149,119,65,10,75,1,0,1,225,195,22,173,74
"chr16.82",4,3,2,4,2,6,10,5,3,6,9,9,13,9,12,6,13,10,51,4,15,70,55,40,7,47,2,2,4,121,106,13,93,37
"chr16.83",8,13,3,10,3,7,16,13,5,15,10,16,17,17,17,17,17,18,71,5,23,99,76,39,5,44,3,1,4,147,124,13,111,50
"chr16.84",16,9,7,7,6,8,28,13,9,11,16,15,31,18,30,15,31,18,92,6,28,126,98,62,3,65,0,2,2,193,165,9,156,79
"chr16.85",7,13,3,11,4,4,12,15,5,13,10,17,14,17,13,15,14,17,76,5,18,99,81,NA,NA,NA,NA,NA,NA,NA,NA,NA,NA,47
"chr16.86",6,9,5,10,6,7,12,9,6,13,12,13,13,14,13,15,13,15,76,8,17,101,84,NA,NA,NA,NA,NA,NA,NA,NA,NA,NA,59
"chr16.87",4,9,3,10,4,9,13,15,4,17,11,20,13,21,9,25,13,22,80,7,12,99,87,NA,NA,NA,NA,NA,NA,NA,NA,NA,NA,45
"chr17.1",6,5,7,4,5,4,6,5,7,5,6,7,9,9,10,6,7,8,62,9,11,82,71,NA,NA,NA,NA,NA,NA,NA,NA,NA,NA,45
"chr17.2",7,11,4,12,2,9,8,16,4,17,6,17,12,19,14,18,10,20,59,4,18,81,63,NA,NA,NA,NA,NA,NA,NA,NA,NA,NA,38
"chr17.3",4,8,3,9,4,7,6,11,4,14,5,15,8,17,6,15,7,18,50,5,13,68,55,NA,NA,NA,NA,NA,NA,NA,NA,NA,NA,34
"chr17.4",12,6,5,4,4,6,14,6,8,9,5,7,18,9,17,10,17,9,64,6,25,95,70,NA,NA,NA,NA,NA,NA,NA,NA,NA,NA,44
"chr17.5",5,12,6,10,3,4,6,12,6,15,4,13,9,14,10,17,6,16,61,5,18,84,66,NA,NA,NA,NA,NA,NA,NA,NA,NA,NA,40
"chr17.6",15,15,6,15,6,10,16,20,10,21,7,21,19,25,21,24,19,27,82,7,25,114,89,81,5,86,3,4,7,207,182,15,167,64
"chr17.7",9,6,3,5,3,3,9,7,4,6,4,8,10,9,11,8,11,10,63,3,23,89,66,54,10,64,1,3,4,157,134,14,120,52
"chr17.8",4,8,4,9,4,1,7,8,7,11,6,10,11,8,11,13,10,11,48,8,19,75,56,NA,NA,NA,NA,NA,NA,NA,NA,NA,NA,32
"chr17.9",8,13,7,16,6,7,13,16,9,20,9,20,14,21,14,21,15,22,62,9,11,82,71,47,5,52,1,4,5,139,128,15,113,39
"chr17.10",10,7,2,8,1,7,16,10,4,16,10,12,22,14,20,17,22,16,68,5,24,97,73,NA,NA,NA,NA,NA,NA,NA,NA,NA,NA,49
"chr17.11",15,5,2,6,2,2,20,5,5,8,7,6,24,6,20,9,21,7,67,7,32,106,74,47,6,53,1,3,4,163,131,14,117,60
"chr17.12",13,13,5,12,4,6,17,13,6,14,8,17,17,16,18,16,19,17,86,8,26,120,94,63,8,71,3,3,6,197,171,19,152,66
"chr17.13",11,8,7,7,4,7,16,8,10,12,10,12,19,13,20,13,18,13,83,9,18,110,92,58,10,68,4,1,5,183,165,23,142,57
"chr17.14",9,12,5,12,6,7,13,14,9,15,9,18,14,19,13,17,14,20,107,7,13,127,114,66,9,75,0,2,2,204,191,16,175,80
"chr17.15",6,8,1,8,1,6,13,11,5,12,7,13,14,15,12,14,14,15,82,7,22,111,89,46,10,56,1,4,5,172,150,18,132,64
"chr17.16",12,14,2,14,2,9,13,14,5,16,3,18,14,18,17,20,15,18,72,6,22,100,78,NA,NA,NA,NA,NA,NA,NA,NA,NA,NA,43
"chr17.17",8,9,3,11,4,3,15,11,7,14,10,13,18,15,17,14,18,15,73,6,18,97,79,NA,NA,NA,NA,NA,NA,NA,NA,NA,NA,46
"chr17.18",7,13,3,12,3,4,11,14,4,14,8,15,13,16,14,18,15,16,47,5,19,71,52,53,6,59,2,1,3,133,114,13,101,29
"chr17.19",4,7,5,5,6,3,9,7,7,5,10,7,11,8,10,7,10,9,41,7,13,61,48,NA,NA,NA,NA,NA,NA,NA,NA,NA,NA,26
"chr17.20",6,5,3,6,3,6,10,6,4,6,4,9,10,10,12,7,10,9,52,5,14,71,57,NA,NA,NA,NA,NA,NA,NA,NA,NA,NA,36
"chr17.21",22,6,5,5,5,5,26,10,7,10,10,10,27,14,24,12,27,12,60,8,26,94,68,NA,NA,NA,NA,NA,NA,NA,NA,NA,NA,48
"chr17.22",24,14,3,12,3,8,28,15,5,17,6,16,30,19,31,18,30,20,148,9,41,198,157,NA,NA,NA,NA,NA,NA,NA,NA,NA,NA,128
"chr17.23",14,17,7,16,6,18,19,23,12,23,12,26,25,30,27,27,24,31,109,9,38,156,118,NA,NA,NA,NA,NA,NA,NA,NA,NA,NA,78
"chr17.24",4,15,4,17,3,6,6,17,6,22,6,18,7,19,7,23,7,22,88,7,13,108,95,58,4,62,0,1,1,171,158,11,147,57
"chr17.25",12,13,3,13,5,8,13,14,6,18,9,18,17,17,17,21,18,21,77,7,22,106,84,59,8,67,1,4,5,178,156,16,140,52
"chr17.26",8,7,3,6,3,5,9,8,4,10,4,7,13,9,11,10,10,10,54,2,20,76,56,NA,NA,NA,NA,NA,NA,NA,NA,NA,NA,42
"chr17.27",15,9,5,9,4,6,19,11,7,12,8,15,19,16,21,13,21,16,95,4,27,126,99,NA,NA,NA,NA,NA,NA,NA,NA,NA,NA,74
"chr17.28",12,7,3,4,5,6,15,8,7,7,9,10,17,11,15,10,16,10,55,11,18,84,66,NA,NA,NA,NA,NA,NA,NA,NA,NA,NA,35
"chr17.29",24,8,8,7,8,4,32,8,10,11,12,8,35,10,34,12,34,11,127,12,37,176,139,50,7,57,1,2,3,236,199,20,179,104
"chr17.30",19,7,6,9,4,3,26,9,10,12,13,10,27,12,29,13,29,14,99,8,33,140,107,68,6,74,0,2,2,216,183,14,169,76
"chr17.31",6,8,4,8,5,5,12,9,7,12,12,10,16,11,15,14,16,11,74,8,20,102,82,47,4,51,2,3,5,158,138,14,124,49
"chr17.32",14,6,1,6,3,2,22,8,4,7,10,8,22,8,20,11,23,8,66,6,20,92,72,NA,NA,NA,NA,NA,NA,NA,NA,NA,NA,48
"chr17.33",9,6,4,6,2,3,13,8,5,9,8,9,18,10,18,9,16,10,67,3,23,93,70,54,9,63,3,1,4,160,137,15,122,48
"chr17.34",4,7,5,10,2,1,9,11,7,14,9,8,12,12,11,14,11,14,70,8,12,90,78,NA,NA,NA,NA,NA,NA,NA,NA,NA,NA,52
"chr17.35",10,7,1,9,3,4,16,9,4,11,7,12,18,11,17,11,17,14,56,3,26,85,59,NA,NA,NA,NA,NA,NA,NA,NA,NA,NA,44
"chr17.36",15,13,1,13,5,5,23,15,7,18,13,16,24,17,23,21,26,18,91,7,29,127,98,53,4,57,1,2,3,187,158,12,146,68
"chr17.37",10,7,3,6,1,4,13,7,3,7,4,8,17,10,15,9,13,10,61,2,30,93,63,57,6,63,0,2,2,158,128,8,120,47
"chr17.38",11,9,4,10,5,1,16,10,8,11,13,10,19,10,20,12,21,14,63,8,28,99,71,NA,NA,NA,NA,NA,NA,NA,NA,NA,NA,44
"chr17.39",14,5,3,4,4,5,20,9,4,9,10,9,20,13,16,12,20,13,76,11,19,106,87,NA,NA,NA,NA,NA,NA,NA,NA,NA,NA,57
"chr17.40",7,8,2,7,3,2,13,10,3,10,8,8,14,10,14,10,13,11,73,11,24,108,84,NA,NA,NA,NA,NA,NA,NA,NA,NA,NA,53
"chr17.41",6,3,3,1,4,2,11,3,5,5,10,4,12,4,11,6,12,5,43,6,12,61,49,NA,NA,NA,NA,NA,NA,NA,NA,NA,NA,41
"chr17.42",6,7,1,7,1,2,10,9,3,11,5,8,10,10,8,12,10,10,37,6,11,54,43,NA,NA,NA,NA,NA,NA,NA,NA,NA,NA,26
"chr17.43",11,15,3,13,3,10,13,16,4,18,4,20,13,21,16,20,13,23,72,6,20,98,78,NA,NA,NA,NA,NA,NA,NA,NA,NA,NA,44
"chr17.44",20,14,4,16,5,7,30,18,6,24,14,19,32,22,32,26,32,21,104,5,32,141,109,62,3,65,2,2,4,210,178,10,168,74
"chr17.45",16,6,7,4,6,7,18,7,10,11,10,9,18,12,18,12,19,12,79,9,19,107,88,69,1,70,1,1,2,179,160,11,149,59
"chr17.46",4,9,2,6,3,6,7,12,4,11,5,10,7,14,7,16,7,15,78,4,13,95,82,64,7,71,1,4,5,171,158,12,146,54
"chr17.47",20,10,5,7,6,6,29,12,9,10,13,13,31,15,29,11,33,15,134,9,42,185,143,75,10,85,2,4,6,276,234,21,213,110
"chr17.48",56,14,10,16,12,8,76,18,14,23,30,17,76,22,77,27,79,22,201,10,82,293,211,68,12,80,2,4,6,379,297,24,273,170
"chr17.49",56,22,5,19,5,8,90,25,11,28,39,24,95,29,94,29,94,30,204,8,109,321,212,89,18,107,3,0,3,431,322,29,293,162
"chr17.50",22,17,4,15,4,9,34,19,6,23,16,21,36,26,31,25,34,24,140,9,41,190,149,67,9,76,2,1,3,269,228,20,208,109
"chr17.51",15,11,5,10,4,8,23,13,6,18,12,14,27,16,26,19,25,15,84,4,33,121,88,68,7,75,2,3,5,201,168,13,155,62
"chr17.52",22,12,6,11,6,10,23,15,7,21,7,21,24,22,23,27,23,23,87,7,27,121,94,56,4,60,2,1,3,184,157,13,144,61
"chr17.53",8,10,6,8,4,4,12,11,8,13,8,10,14,12,14,14,12,17,64,6,15,85,70,57,7,64,3,4,7,156,141,16,125,43
"chr17.54",16,11,2,12,3,5,24,12,7,21,12,15,24,15,21,21,27,16,80,10,28,118,90,69,8,77,2,3,5,200,172,20,152,57
"chr17.55",6,8,1,7,2,2,13,11,5,11,12,9,17,12,16,12,17,12,59,7,18,84,66,NA,NA,NA,NA,NA,NA,NA,NA,NA,NA,43
"chr17.56",8,9,5,8,5,1,11,11,6,10,8,10,13,12,12,12,12,12,75,5,21,101,80,NA,NA,NA,NA,NA,NA,NA,NA,NA,NA,53
"chr17.57",14,9,4,9,3,4,16,10,8,15,8,13,20,13,20,18,19,14,88,8,28,124,96,49,7,56,3,2,5,185,157,18,139,71
"chr17.58",11,6,4,7,4,5,15,9,4,12,8,12,16,13,14,14,16,13,71,7,16,94,78,NA,NA,NA,NA,NA,NA,NA,NA,NA,NA,50
"chr17.59",11,12,3,12,2,2,14,15,5,16,6,13,15,16,15,17,16,15,65,6,17,88,71,55,6,61,0,3,3,152,135,12,123,41
"chr17.60",11,10,4,9,4,2,18,11,5,13,11,12,18,13,19,14,19,15,68,5,21,94,73,NA,NA,NA,NA,NA,NA,NA,NA,NA,NA,46
"chr17.61",9,9,4,9,4,3,15,11,4,20,10,12,16,13,16,21,16,14,78,5,24,107,83,51,2,53,1,2,3,163,139,8,131,59
"chr17.62",10,15,4,16,3,2,16,19,6,18,9,20,18,20,16,22,18,21,67,5,23,95,72,51,5,56,3,3,6,157,134,13,121,46
"chr17.63",7,6,5,7,3,2,11,7,6,11,7,8,14,7,13,11,12,8,68,6,19,93,74,NA,NA,NA,NA,NA,NA,NA,NA,NA,NA,54
"chr17.64",21,10,8,9,6,3,26,12,10,12,15,11,31,14,27,13,30,16,79,13,28,120,92,49,8,57,2,7,9,186,158,23,135,60
"chr17.65",18,14,6,13,7,10,25,16,12,20,15,17,28,20,29,25,30,20,115,11,27,153,126,70,9,79,4,1,5,237,210,24,186,84
"chr17.66",29,21,12,19,11,9,34,22,15,24,18,22,40,23,40,26,39,26,115,14,39,168,129,88,18,106,3,2,5,279,240,35,205,76
"chr17.67",31,17,10,15,12,8,39,19,15,19,18,20,43,21,44,20,45,20,146,13,43,202,159,82,10,92,0,1,1,295,252,23,229,106
"chr17.68",8,12,4,13,4,6,14,13,5,17,9,17,17,18,14,18,14,20,76,6,27,109,82,54,7,61,4,2,6,176,149,17,132,54
"chr17.69",20,10,6,7,6,6,29,12,8,14,15,13,34,18,30,16,30,17,105,10,38,153,115,83,7,90,0,2,2,245,207,17,190,89
"chr17.70",17,7,10,6,10,3,25,7,12,8,19,9,27,9,27,8,26,10,79,14,29,122,93,76,4,80,1,0,1,203,174,19,155,57
"chr17.71",15,13,6,13,8,6,21,14,9,19,15,17,22,19,20,22,23,21,72,14,22,108,86,NA,NA,NA,NA,NA,NA,NA,NA,NA,NA,48
"chr17.72",15,10,9,9,9,5,21,10,12,12,15,13,23,14,21,13,21,16,71,15,22,108,86,NA,NA,NA,NA,NA,NA,NA,NA,NA,NA,52
"chr17.73",17,10,5,9,5,6,21,12,6,16,9,13,22,15,20,17,21,15,84,7,25,116,91,49,8,57,1,2,3,176,151,16,135,64
"chr17.74",9,10,4,8,4,6,17,15,7,13,12,13,18,18,17,18,18,15,86,6,25,117,92,62,0,62,2,3,5,184,159,8,151,65
"chr17.75",15,6,5,4,7,6,26,8,8,10,16,10,27,12,21,13,29,14,99,13,18,130,112,NA,NA,NA,NA,NA,NA,NA,NA,NA,NA,71
"chr17.76",10,13,2,12,2,1,12,15,3,18,6,14,15,15,13,19,13,18,71,6,16,93,77,51,6,57,1,2,3,153,137,13,124,50
"chr17.77",7,11,6,12,6,6,13,12,9,15,10,16,16,15,16,16,17,17,51,7,17,75,58,NA,NA,NA,NA,NA,NA,NA,NA,NA,NA,33
"chr18.1",9,2,3,3,4,3,22,5,5,10,15,6,25,8,17,10,22,9,82,9,20,111,91,NA,NA,NA,NA,NA,NA,NA,NA,NA,NA,68
"chr18.2",31,5,4,5,7,4,37,5,9,6,16,9,41,8,39,9,41,11,118,12,44,174,130,56,6,62,0,2,2,238,194,18,176,98
"chr18.3",20,14,4,16,4,7,27,19,7,23,10,20,31,22,28,25,28,23,88,5,34,127,93,38,9,47,1,1,2,176,142,15,127,67
"chr18.4",6,9,4,8,2,6,10,10,5,16,6,11,13,13,14,17,10,14,74,4,25,103,78,48,6,54,2,1,3,160,135,12,123,59
"chr18.5",38,14,8,10,10,11,59,16,13,20,31,19,64,21,61,23,61,20,153,15,65,233,168,78,2,80,2,2,4,317,252,19,233,117
"chr18.6",30,9,14,10,14,7,47,9,19,18,33,15,48,15,46,20,50,15,120,22,46,188,142,62,8,70,2,3,5,263,217,32,185,84
"chr18.7",18,9,3,12,3,6,24,12,5,19,9,14,26,14,23,21,25,15,79,7,26,112,86,48,1,49,0,0,0,161,135,8,127,60
"chr18.8",17,10,5,10,5,1,22,12,8,16,11,12,24,14,23,17,24,13,87,8,23,118,95,49,7,56,2,1,3,177,154,17,137,64
"chr18.9",16,9,5,9,3,7,20,9,7,14,9,15,20,14,21,19,23,15,102,5,27,134,107,50,3,53,3,4,7,194,167,11,156,75
"chr18.10",12,4,6,4,5,3,17,4,11,6,13,6,21,7,23,7,23,7,50,8,26,84,58,53,7,60,1,0,1,145,119,16,103,36
"chr18.11",23,9,4,11,4,4,31,12,5,16,13,14,34,15,31,17,33,15,85,9,40,134,94,52,5,57,1,1,2,193,153,15,138,65
"chr18.12",21,9,7,9,6,5,34,14,10,17,19,12,37,16,35,19,35,15,94,9,39,142,103,57,1,58,1,4,5,205,166,11,155,71
"chr18.13",8,10,4,10,3,6,9,11,4,15,5,14,10,15,9,17,9,16,80,4,10,94,84,NA,NA,NA,NA,NA,NA,NA,NA,NA,NA,57
"chr18.14",37,17,8,13,10,7,47,18,11,22,20,20,48,21,46,26,49,23,121,19,50,190,140,48,6,54,2,0,2,246,196,27,169,89
"chr18.15",35,10,4,10,3,9,57,12,7,20,25,17,61,18,57,21,59,17,165,6,74,245,171,NA,NA,NA,NA,NA,NA,NA,NA,NA,NA,138
"chr18.16",17,8,5,9,6,5,26,12,6,20,14,12,28,15,24,21,27,15,70,9,29,108,79,NA,NA,NA,NA,NA,NA,NA,NA,NA,NA,53
"chr18.17",13,8,3,5,2,3,17,9,4,9,5,8,19,10,18,11,17,12,63,3,25,91,66,65,4,69,3,2,5,165,140,10,130,47
"chr18.18",9,9,5,7,4,6,11,11,7,14,7,11,12,13,11,17,11,12,64,8,12,84,72,43,2,45,4,4,8,137,125,14,111,43
"chr18.19",15,7,7,5,6,4,19,9,7,7,10,8,20,10,21,9,20,12,79,7,21,107,86,41,3,44,1,1,2,153,132,11,121,55
"chr18.20",35,8,9,6,7,3,41,9,10,11,15,8,44,12,43,11,42,18,156,12,49,217,168,69,8,77,1,1,2,296,247,21,226,134
"chr18.21",18,6,6,5,6,3,21,7,8,15,9,10,23,10,23,18,23,10,100,5,29,134,105,63,4,67,2,0,2,203,174,11,163,83
"chr18.22",36,19,12,16,11,13,51,25,17,26,25,24,56,30,54,31,54,28,177,12,59,248,189,80,4,84,0,2,2,334,275,16,259,143
"chr18.23",49,23,7,18,6,4,60,27,7,23,17,22,62,28,59,26,60,29,160,7,70,237,167,66,6,72,1,0,1,310,240,14,226,123
"chr18.24",51,19,9,21,10,14,73,22,14,25,31,29,78,28,77,28,78,30,186,14,85,285,200,65,8,73,0,1,1,359,274,22,252,147
"chr18.25",43,10,7,13,7,7,62,12,9,20,25,15,68,15,62,23,64,17,135,9,70,214,144,67,4,71,1,3,4,289,219,14,205,107
"chr18.26",40,6,5,6,7,2,48,7,7,12,15,9,48,9,46,13,48,10,90,10,51,151,100,54,4,58,2,1,3,212,161,16,145,66
"chr18.27",24,12,7,11,7,9,30,15,8,19,14,16,31,17,30,23,31,17,82,9,34,125,91,68,5,73,2,2,4,202,168,16,152,59
"chr18.28",45,18,6,18,4,12,56,21,9,24,16,24,63,25,59,29,61,29,186,11,72,269,197,81,8,89,2,2,4,362,290,21,269,140
"chr18.29",34,20,2,17,2,9,49,22,3,26,16,24,50,25,48,28,53,26,148,7,52,207,155,62,3,65,2,2,4,276,224,12,212,117
"chr18.30",17,11,5,11,6,5,23,11,6,15,12,14,25,16,23,16,23,14,80,7,29,116,87,64,1,65,0,3,3,184,155,8,147,62
"chr18.31",21,6,6,4,5,3,28,6,8,5,15,8,31,7,30,6,31,10,54,13,35,102,67,47,1,48,1,1,2,152,117,15,102,41
"chr18.32",30,11,9,15,9,5,39,16,11,21,18,17,44,18,43,21,41,18,108,12,49,169,120,61,6,67,3,3,6,242,193,21,172,78
"chr18.33",47,12,8,14,7,6,61,14,8,18,23,19,63,18,60,19,63,21,128,9,69,206,137,69,8,77,2,1,3,286,217,19,198,101
"chr18.34",47,17,10,16,9,7,68,20,12,25,30,22,69,23,67,28,68,23,117,13,63,193,130,46,1,47,1,2,3,243,180,15,165,80
"chr18.35",46,10,3,10,5,6,57,10,6,14,15,13,57,14,56,15,59,16,121,4,69,194,125,53,3,56,2,2,4,254,185,9,176,88
"chr18.36",61,15,8,15,6,6,85,20,10,22,33,19,87,23,85,24,87,22,175,16,93,284,191,86,8,94,0,4,4,382,289,24,265,143
"chr18.37",46,11,4,10,7,2,69,14,7,21,29,12,70,16,67,21,70,17,120,9,73,202,129,58,2,60,2,2,4,266,193,13,180,97
"chr18.38",54,14,8,15,11,2,79,16,11,22,33,17,82,17,76,23,80,19,168,13,83,264,181,62,4,66,5,0,5,335,252,22,230,131
"chr18.39",34,13,2,11,2,5,50,14,4,17,19,15,52,18,50,18,52,15,158,9,59,226,167,48,5,53,0,2,2,281,222,14,208,132
"chr18.40",31,8,2,8,3,4,37,10,3,11,10,10,38,12,37,12,39,13,97,3,44,144,100,58,6,64,0,0,0,208,164,9,155,80
"chr18.41",23,12,5,11,6,7,26,16,10,21,10,16,31,21,30,22,31,18,102,6,39,147,108,66,5,71,1,1,2,220,181,12,169,68
"chr18.42",17,17,4,14,4,13,24,17,10,18,9,21,27,22,27,19,26,26,94,5,38,137,99,46,7,53,4,1,5,195,157,16,141,70
"chr18.43",14,9,7,10,7,3,17,11,10,12,10,9,20,11,21,12,19,12,64,8,22,94,72,42,4,46,1,1,2,142,120,13,107,46
"chr18.44",13,5,3,7,3,5,15,9,5,11,5,9,16,11,17,12,17,10,56,7,24,87,63,45,2,47,0,0,0,134,110,9,101,38
"chr18.45",17,7,4,5,2,4,24,9,9,9,10,7,27,11,26,9,26,11,69,9,33,111,78,57,2,59,1,2,3,173,140,12,128,55
"chr18.46",18,5,0,7,0,3,26,6,1,11,10,8,28,8,28,12,29,10,102,2,36,140,104,72,13,85,3,1,4,229,193,18,175,80
"chr18.47",32,20,10,19,11,9,40,25,17,33,19,24,43,29,46,35,43,30,181,12,47,240,193,98,29,127,6,3,9,376,329,47,282,147
"chr18.48",22,17,7,19,7,4,33,20,7,25,18,23,35,21,35,28,35,23,107,6,39,152,113,80,3,83,0,2,2,237,198,9,189,75
"chr18.49",13,9,3,10,3,3,18,11,4,12,7,11,18,13,19,14,20,11,69,5,20,94,74,NA,NA,NA,NA,NA,NA,NA,NA,NA,NA,52
"chr18.50",16,12,3,10,5,6,31,13,8,14,20,12,33,14,31,15,33,13,100,7,30,137,107,60,5,65,5,1,6,208,178,17,161,75
"chr18.51",33,11,2,13,2,5,49,15,4,18,17,14,51,17,46,20,49,15,90,7,51,148,97,54,5,59,1,0,1,208,157,13,144,70
"chr18.52",18,10,4,11,4,7,23,14,5,16,10,14,24,16,24,17,26,15,90,5,29,124,95,58,4,62,0,2,2,188,159,9,150,72
"chr18.53",10,9,2,11,1,4,13,10,4,16,5,11,16,11,17,17,16,14,74,2,23,99,76,50,5,55,2,2,4,158,135,9,126,51
"chr18.54",21,3,6,6,4,4,26,6,9,8,7,11,31,10,32,9,29,12,73,6,38,117,79,57,3,60,5,2,7,184,146,14,132,59
"chr18.55",31,9,5,8,5,5,41,12,7,12,15,11,41,13,39,14,41,12,113,10,42,165,123,53,5,58,2,0,2,225,183,17,166,85
"chr18.56",41,18,3,18,3,1,58,21,3,21,22,18,60,21,56,21,62,23,138,12,62,212,150,69,8,77,3,2,5,294,232,23,209,105
"chr18.57",12,9,2,8,3,4,21,9,8,12,10,11,21,11,22,14,23,11,71,8,24,103,79,48,1,49,0,0,0,152,128,9,119,50
"chr18.58",28,10,6,8,6,3,35,10,7,11,12,9,36,10,36,11,36,12,103,3,39,145,106,53,5,58,4,1,5,208,169,12,157,82
"chr18.59",30,9,4,4,4,10,55,9,5,14,31,15,56,16,54,17,57,18,117,11,59,187,128,72,5,77,1,2,3,267,208,17,191,104
"chr18.60",64,26,11,23,15,16,93,29,20,35,41,36,98,38,93,41,95,39,169,20,103,292,189,100,8,108,4,2,6,406,303,32,271,129
"chr18.61",43,16,4,17,5,5,64,18,14,25,30,22,69,23,69,28,70,23,120,19,75,214,139,118,6,124,2,5,7,345,270,27,243,90
"chr18.62",33,14,6,13,6,8,41,14,8,18,14,18,44,19,42,19,44,21,108,11,47,166,119,77,3,80,0,4,4,250,203,14,189,83
"chr18.63",42,16,4,14,4,10,53,18,7,17,16,19,54,21,53,19,54,20,114,4,64,182,118,56,5,61,1,0,1,244,180,10,170,94
"chr18.64",37,16,6,15,7,8,58,17,10,20,27,20,61,22,60,21,59,20,131,7,75,213,138,50,6,56,1,4,5,274,199,14,185,104
"chr18.65",32,11,7,10,7,12,42,16,10,20,19,19,46,23,43,23,46,20,127,11,46,184,138,71,1,72,1,2,3,259,213,13,200,109
"chr18.66",74,16,12,16,11,10,105,18,15,20,44,22,110,23,106,21,107,26,192,15,112,319,207,96,7,103,3,1,4,426,314,25,289,164
"chr18.67",79,17,15,17,7,7,97,18,17,20,33,19,100,21,98,21,99,21,152,14,100,266,166,57,4,61,1,0,1,328,228,19,209,119
"chr18.68",24,10,3,11,2,6,43,10,6,17,20,12,45,13,41,19,46,15,96,8,51,155,104,41,10,51,2,2,4,210,159,20,139,72
"chr18.69",13,14,2,16,3,4,18,15,5,20,9,16,20,16,22,21,21,18,88,4,28,120,92,65,9,74,1,1,2,196,168,14,154,55
"chr18.70",25,15,3,14,5,2,31,16,6,15,11,15,32,17,32,16,35,18,91,7,34,132,98,73,6,79,2,0,2,213,179,15,164,59
"chr18.71",19,11,3,11,3,11,34,14,4,17,18,20,36,22,31,21,34,23,99,10,32,141,109,62,3,65,0,2,2,208,176,13,163,77
"chr18.72",17,13,4,11,5,3,25,14,6,14,12,14,28,16,25,16,26,14,100,3,37,140,103,63,8,71,0,2,2,213,176,11,165,78
"chr18.73",34,15,8,16,9,9,49,19,11,18,24,24,50,26,47,22,51,26,136,13,51,200,149,71,7,78,0,2,2,280,229,20,209,104
"chr18.74",23,13,7,13,7,6,32,15,11,18,13,17,34,20,36,19,35,19,101,8,39,148,109,73,5,78,0,6,6,232,193,13,180,78
"chr19.1",14,16,7,16,8,6,18,17,8,20,9,19,18,21,19,22,20,20,77,7,16,100,84,NA,NA,NA,NA,NA,NA,NA,NA,NA,NA,50
"chr19.2",16,16,7,16,6,6,19,18,9,21,10,19,25,22,21,22,24,21,76,9,25,110,85,NA,NA,NA,NA,NA,NA,NA,NA,NA,NA,43
"chr19.3",3,20,0,16,1,6,8,22,2,23,7,23,14,26,10,28,11,25,74,4,14,92,78,NA,NA,NA,NA,NA,NA,NA,NA,NA,NA,49
"chr19.4",15,10,2,8,3,9,23,11,3,11,12,17,29,18,25,17,26,21,75,1,32,108,76,NA,NA,NA,NA,NA,NA,NA,NA,NA,NA,51
"chr19.5",11,11,4,14,4,4,13,13,4,18,6,17,14,16,14,20,13,20,76,1,20,97,77,NA,NA,NA,NA,NA,NA,NA,NA,NA,NA,49
"chr19.6",14,10,6,8,6,7,19,11,9,14,10,14,21,15,22,16,22,17,65,8,19,92,73,NA,NA,NA,NA,NA,NA,NA,NA,NA,NA,46
"chr19.7",17,9,4,11,4,3,18,13,5,13,6,12,19,14,19,14,19,14,64,6,24,94,70,NA,NA,NA,NA,NA,NA,NA,NA,NA,NA,42
"chr19.8",8,13,1,13,1,6,10,15,2,22,3,15,11,19,9,24,12,20,64,4,13,81,68,NA,NA,NA,NA,NA,NA,NA,NA,NA,NA,39
"chr19.9",13,10,5,9,4,9,16,12,8,14,8,15,19,17,19,18,20,19,61,4,19,84,65,NA,NA,NA,NA,NA,NA,NA,NA,NA,NA,38
"chr19.10",17,15,5,16,3,2,18,16,5,17,6,17,18,18,17,21,19,19,69,4,23,96,73,NA,NA,NA,NA,NA,NA,NA,NA,NA,NA,38
"chr19.11",17,14,6,12,7,11,23,15,11,17,12,19,27,21,29,19,29,24,72,4,31,107,76,NA,NA,NA,NA,NA,NA,NA,NA,NA,NA,46
"chr19.12",7,12,4,11,5,9,11,14,6,17,7,19,12,19,13,22,12,20,67,4,14,85,71,NA,NA,NA,NA,NA,NA,NA,NA,NA,NA,41
"chr19.13",15,11,3,10,3,5,19,11,4,14,8,15,24,14,21,16,21,16,77,4,30,111,81,NA,NA,NA,NA,NA,NA,NA,NA,NA,NA,51
"chr19.14",18,11,1,15,2,4,29,13,3,19,12,18,30,17,31,21,31,21,78,5,33,116,83,NA,NA,NA,NA,NA,NA,NA,NA,NA,NA,46
"chr19.15",11,8,4,7,6,4,20,9,9,12,15,8,23,12,22,12,23,11,80,12,29,121,92,NA,NA,NA,NA,NA,NA,NA,NA,NA,NA,60
"chr19.16",17,18,5,14,5,13,19,19,6,19,8,25,24,26,20,25,22,31,105,7,34,146,112,NA,NA,NA,NA,NA,NA,NA,NA,NA,NA,76
"chr19.17",16,6,8,8,9,10,20,9,10,14,13,17,22,18,21,23,20,20,75,8,23,106,83,NA,NA,NA,NA,NA,NA,NA,NA,NA,NA,42
"chr19.18",13,8,5,11,5,6,18,13,7,16,10,14,21,16,20,19,19,15,72,8,28,108,80,NA,NA,NA,NA,NA,NA,NA,NA,NA,NA,55
"chr19.19",10,8,5,9,6,10,17,12,7,18,11,18,18,21,16,23,18,20,77,6,20,103,83,NA,NA,NA,NA,NA,NA,NA,NA,NA,NA,50
"chr19.20",21,11,4,5,4,10,30,13,6,16,12,14,31,19,34,20,33,17,68,4,41,113,72,NA,NA,NA,NA,NA,NA,NA,NA,NA,NA,50
"chr19.21",22,12,2,9,1,8,27,15,5,14,7,16,31,18,30,18,32,19,79,5,38,122,84,NA,NA,NA,NA,NA,NA,NA,NA,NA,NA,50
"chr19.22",21,9,4,8,3,5,26,10,4,12,8,11,28,12,25,13,28,17,77,8,35,120,85,NA,NA,NA,NA,NA,NA,NA,NA,NA,NA,59
"chr19.23",82,10,5,14,6,8,107,20,6,20,30,20,111,28,104,23,110,24,168,12,119,299,180,NA,NA,NA,NA,NA,NA,NA,NA,NA,NA,132
"chr19.24",61,16,13,11,9,12,75,19,15,20,25,22,80,28,80,24,76,27,139,9,83,231,148,NA,NA,NA,NA,NA,NA,NA,NA,NA,NA,103
"chr19.25",34,6,2,8,2,6,38,9,2,14,5,13,40,14,36,15,38,14,136,3,50,189,139,NA,NA,NA,NA,NA,NA,NA,NA,NA,NA,139
"chr19.26",38,7,4,6,5,4,48,8,6,14,17,8,54,9,50,14,50,8,120,6,64,190,126,82,23,105,0,2,2,297,233,29,204,112
"chr19.27",52,10,7,11,10,7,71,10,11,16,26,16,73,15,75,20,73,17,113,12,83,208,125,72,11,83,2,1,3,294,211,25,186,92
"chr19.28",62,14,3,13,4,10,92,17,8,24,34,19,97,24,96,27,98,28,153,8,121,282,161,90,17,107,0,1,1,390,269,25,244,133
"chr19.29",54,11,2,12,3,9,79,13,3,18,27,19,79,19,75,21,79,19,154,8,90,252,162,63,10,73,1,2,3,328,238,19,219,124
"chr19.30",18,12,6,12,4,4,25,13,6,18,13,14,27,14,24,21,26,16,78,9,38,125,87,NA,NA,NA,NA,NA,NA,NA,NA,NA,NA,52
"chr19.31",16,11,5,12,6,8,31,13,7,16,19,19,33,18,32,18,32,19,83,10,42,135,93,82,27,109,2,1,3,247,205,39,166,64
"chr19.32",11,11,2,8,3,7,15,11,3,10,8,14,18,14,16,11,16,15,56,7,24,87,63,50,10,60,1,0,1,148,124,18,106,44
"chr19.33",16,13,6,15,6,12,21,14,9,23,11,22,23,21,20,26,22,24,81,14,23,118,95,NA,NA,NA,NA,NA,NA,NA,NA,NA,NA,53
"chr19.34",12,11,4,11,4,6,16,12,6,14,9,15,19,16,18,16,20,17,66,5,26,97,71,NA,NA,NA,NA,NA,NA,NA,NA,NA,NA,48
"chr19.35",17,17,6,16,6,5,21,21,9,21,11,21,23,24,22,24,23,28,75,9,29,113,84,NA,NA,NA,NA,NA,NA,NA,NA,NA,NA,42
"chr19.36",12,11,4,9,4,4,14,12,7,13,6,13,16,14,16,15,15,13,73,12,22,107,85,NA,NA,NA,NA,NA,NA,NA,NA,NA,NA,49
"chr19.37",13,10,6,8,6,7,22,14,10,10,13,15,24,19,27,13,27,18,72,8,34,114,80,NA,NA,NA,NA,NA,NA,NA,NA,NA,NA,53
"chr19.38",12,12,10,9,12,4,22,14,13,17,19,11,23,15,20,17,23,14,76,14,17,107,90,NA,NA,NA,NA,NA,NA,NA,NA,NA,NA,58
"chr19.39",6,6,3,4,3,3,13,7,4,10,9,7,14,8,14,13,16,8,67,7,23,97,74,56,6,62,2,2,4,163,140,15,125,51
"chr19.40",30,11,3,11,4,10,41,14,11,17,15,16,49,18,43,22,43,17,77,12,50,139,89,NA,NA,NA,NA,NA,NA,NA,NA,NA,NA,56
"chr19.41",28,8,8,9,8,4,36,12,9,17,18,11,40,15,41,21,40,13,70,8,46,124,78,NA,NA,NA,NA,NA,NA,NA,NA,NA,NA,41
"chr19.42",11,9,2,10,3,6,20,10,5,16,13,14,21,13,22,18,22,15,52,5,25,82,57,NA,NA,NA,NA,NA,NA,NA,NA,NA,NA,38
"chr19.43",16,8,4,8,4,9,20,9,6,10,7,13,20,13,21,12,21,13,64,6,22,92,70,NA,NA,NA,NA,NA,NA,NA,NA,NA,NA,48
"chr19.44",15,8,8,8,7,3,19,9,9,10,14,9,23,10,23,13,22,10,52,8,19,79,60,NA,NA,NA,NA,NA,NA,NA,NA,NA,NA,39
"chr19.45",11,10,5,9,4,3,14,10,5,13,8,11,14,12,14,14,14,13,54,5,15,74,59,NA,NA,NA,NA,NA,NA,NA,NA,NA,NA,34
"chr19.46",6,9,3,9,3,3,14,12,6,15,9,10,16,13,14,16,15,13,62,7,23,92,69,NA,NA,NA,NA,NA,NA,NA,NA,NA,NA,46
"chr19.47",19,9,5,7,5,12,23,10,8,14,10,15,27,20,26,21,26,19,80,5,33,118,85,NA,NA,NA,NA,NA,NA,NA,NA,NA,NA,46
"chr19.48",20,12,7,10,5,7,23,14,7,15,11,15,27,17,26,15,25,20,80,6,29,115,86,60,7,67,3,1,4,186,157,16,141,52
"chr19.49",31,10,8,13,7,10,45,15,11,23,20,20,48,22,45,25,47,22,84,15,49,148,99,70,9,79,0,4,4,231,182,24,158,64
"chr19.50",29,11,2,14,3,6,33,12,3,21,9,18,35,18,35,24,35,19,84,4,39,127,88,NA,NA,NA,NA,NA,NA,NA,NA,NA,NA,56
"chr19.51",25,13,4,14,3,4,32,15,8,20,10,16,34,18,31,23,35,18,102,9,47,158,111,NA,NA,NA,NA,NA,NA,NA,NA,NA,NA,72
"chr19.52",25,11,4,11,6,10,39,13,9,23,21,18,42,19,41,24,44,19,96,9,49,154,105,NA,NA,NA,NA,NA,NA,NA,NA,NA,NA,78
"chr19.53",26,14,9,14,9,5,41,18,13,22,23,18,47,21,42,24,43,20,90,12,51,153,102,NA,NA,NA,NA,NA,NA,NA,NA,NA,NA,70
"chr19.54",31,16,2,15,4,6,48,18,5,22,21,21,49,23,45,26,48,23,106,8,57,171,114,53,7,60,2,1,3,234,177,17,160,73
"chr19.55",21,12,4,12,3,8,30,12,5,14,12,17,31,17,29,17,30,17,64,7,32,103,71,NA,NA,NA,NA,NA,NA,NA,NA,NA,NA,39
"chr2.1",25,10,5,9,6,5,31,10,6,14,12,13,35,13,34,15,33,15,125,5,42,172,130,NA,NA,NA,NA,NA,NA,NA,NA,NA,NA,98
"chr2.2",40,21,9,20,11,11,55,23,14,25,26,27,57,29,56,27,58,30,123,16,63,202,139,75,4,79,1,0,1,282,219,21,198,94
"chr2.3",44,6,12,6,11,13,54,7,14,10,21,16,55,16,54,13,56,16,183,13,60,256,196,106,13,119,1,2,3,378,318,27,291,163
"chr2.4",18,21,5,21,7,8,23,24,9,29,13,23,24,26,25,30,25,26,123,7,30,160,130,NA,NA,NA,NA,NA,NA,NA,NA,NA,NA,96
"chr2.5",33,14,3,15,3,6,49,17,4,18,19,19,53,21,47,19,50,23,164,10,65,239,174,69,12,81,7,1,8,328,263,29,234,133
"chr2.6",32,12,6,10,5,8,45,13,7,17,17,14,48,16,44,18,46,18,137,12,53,202,149,NA,NA,NA,NA,NA,NA,NA,NA,NA,NA,113
"chr2.7",32,15,6,15,6,10,45,16,8,18,17,22,47,23,42,23,46,24,125,14,58,197,139,52,7,59,3,1,4,260,202,24,178,93
"chr2.8",21,10,9,9,10,6,27,11,10,12,16,12,31,12,28,13,29,17,86,8,37,131,94,42,4,46,4,1,5,182,145,16,129,72
"chr2.9",17,17,2,17,1,8,20,20,4,22,4,20,22,22,23,22,22,24,105,4,33,142,109,58,7,65,1,2,3,210,177,12,165,83
"chr2.10",8,11,3,12,3,5,12,11,5,15,8,15,14,15,14,15,14,17,45,4,21,70,49,41,4,45,0,1,1,116,95,8,87,26
"chr2.11",18,17,7,15,7,8,23,21,11,21,11,20,25,22,24,25,24,21,92,8,30,130,100,59,5,64,2,2,4,198,168,15,153,71
"chr2.12",18,8,11,9,10,5,22,12,13,12,13,13,25,14,26,15,23,14,88,11,26,125,99,49,4,53,2,0,2,180,154,17,137,66
"chr2.13",25,12,3,11,2,6,37,14,5,14,15,16,39,18,36,15,38,17,107,11,49,167,118,47,6,53,1,3,4,224,175,18,157,87
"chr2.14",54,18,4,18,4,3,70,19,4,23,22,19,75,20,73,24,73,21,208,7,90,305,215,102,8,110,4,4,8,423,333,19,314,170
"chr2.15",59,19,7,19,6,13,79,22,9,27,27,25,84,27,84,28,84,26,175,8,99,282,183,88,9,97,1,2,3,382,283,18,265,152
"chr2.16",30,8,8,8,8,13,35,10,8,16,14,18,37,17,37,19,36,18,105,12,49,166,117,50,8,58,3,0,3,227,178,23,155,91
"chr2.17",31,4,9,5,8,3,42,6,11,13,21,8,46,9,45,14,45,8,104,12,46,162,116,NA,NA,NA,NA,NA,NA,NA,NA,NA,NA,87
"chr2.18",27,4,2,10,2,8,32,9,3,18,7,16,32,16,32,24,34,18,125,6,47,178,131,67,6,73,0,0,0,251,204,12,192,96
"chr2.19",22,10,5,7,5,8,29,11,9,13,12,14,30,17,31,14,32,15,81,7,31,119,88,57,2,59,1,1,2,180,149,10,139,65
"chr2.20",6,2,3,3,3,2,10,4,4,6,8,3,11,5,12,7,12,4,88,6,22,116,94,48,5,53,0,2,2,171,149,11,138,71
"chr2.21",9,2,5,6,6,3,10,3,9,6,7,8,13,5,14,8,12,9,63,7,10,80,70,54,3,57,1,1,2,139,129,11,118,42
"chr2.22",20,4,1,6,2,7,29,5,6,9,10,8,31,9,29,11,32,11,82,6,38,126,88,39,5,44,2,1,3,173,135,13,122,63
"chr2.23",26,9,7,6,7,5,41,10,10,9,22,8,42,11,42,10,42,12,119,9,44,172,128,43,13,56,1,3,4,232,188,23,165,91
"chr2.24",11,4,2,5,3,8,18,7,5,11,8,9,20,12,19,12,19,10,103,6,26,135,109,52,8,60,1,1,2,197,171,15,156,87
"chr2.25",10,2,6,3,6,4,13,2,8,5,11,5,16,5,18,5,19,6,58,5,22,85,63,36,1,37,0,1,1,123,101,6,95,48
"chr2.26",6,5,1,7,3,5,13,8,6,13,12,8,18,10,16,14,18,10,53,7,21,81,60,44,8,52,2,1,3,136,115,17,98,42
"chr2.27",11,4,3,7,3,9,14,7,4,16,7,13,17,15,16,20,15,15,77,7,19,103,84,54,3,57,3,2,5,165,146,13,133,59
"chr2.28",10,4,5,6,4,6,14,7,8,10,9,11,18,12,18,15,17,14,83,10,20,113,93,50,8,58,1,0,1,172,152,19,133,67
"chr2.29",9,9,3,10,3,4,13,12,4,12,7,12,15,14,13,13,15,16,55,8,17,80,63,52,5,57,0,0,0,137,120,13,107,40
"chr2.30",23,3,4,1,2,7,27,3,4,4,7,7,32,8,31,5,30,9,66,6,36,108,72,44,2,46,2,2,4,158,122,10,112,59
"chr2.31",14,7,4,7,3,4,18,9,5,12,7,11,20,11,18,16,18,11,70,10,20,100,80,64,8,72,1,2,3,175,155,19,136,52
"chr2.32",22,7,5,8,3,3,26,7,6,12,7,7,29,8,27,13,27,8,79,6,37,122,85,48,8,56,1,0,1,179,142,15,127,62
"chr2.33",12,7,6,7,6,5,21,9,9,12,13,9,22,12,24,13,22,9,62,4,24,90,66,NA,NA,NA,NA,NA,NA,NA,NA,NA,NA,40
"chr2.34",34,8,4,5,6,6,41,8,10,12,15,8,44,11,42,14,44,13,92,10,47,149,102,58,5,63,2,2,4,216,169,17,152,76
"chr2.35",43,10,7,8,9,8,56,12,14,21,21,16,57,16,56,25,58,25,186,15,76,277,201,86,14,100,3,5,8,385,309,32,277,160
"chr2.36",49,7,10,4,10,5,68,10,14,8,32,9,73,15,71,12,75,10,162,14,85,261,176,96,14,110,1,3,4,375,290,29,261,136
"chr2.37",25,8,5,7,6,7,31,8,8,7,13,11,35,11,32,10,36,12,104,11,41,156,115,63,8,71,2,1,3,230,189,21,168,85
"chr2.38",8,6,5,6,5,5,13,6,8,11,9,11,17,10,14,14,16,11,66,9,19,94,75,60,6,66,1,4,5,165,146,16,130,45
"chr2.39",12,3,5,4,7,6,17,3,8,11,12,7,20,7,16,12,17,9,63,14,16,93,77,68,4,72,1,3,4,169,153,19,134,46
"chr2.40",13,5,9,5,7,5,15,6,12,10,9,7,17,8,20,11,19,8,44,7,18,69,51,48,1,49,1,1,2,120,102,9,93,30
"chr2.41",35,4,7,7,7,2,48,9,9,11,21,7,49,9,47,11,48,8,135,11,52,198,146,65,4,69,1,2,3,270,218,16,202,122
"chr2.42",36,7,4,7,4,8,48,10,7,12,17,11,49,13,51,14,53,14,142,4,60,206,146,47,5,52,0,4,4,262,202,9,193,120
"chr2.43",10,8,0,7,2,4,17,8,3,11,8,7,19,9,17,13,17,12,75,3,25,103,78,52,7,59,0,2,2,164,139,10,129,56
"chr2.44",9,11,5,14,3,7,14,16,5,18,9,14,16,17,16,20,15,16,62,4,21,87,66,53,4,57,2,2,4,148,127,10,117,36
"chr2.45",11,8,4,6,3,3,19,9,6,8,11,10,21,11,18,10,20,11,61,7,24,92,68,56,4,60,2,3,5,157,133,13,120,52
"chr2.46",9,6,1,5,1,2,15,7,4,10,8,6,18,8,17,11,19,8,82,3,25,110,85,54,9,63,0,1,1,174,149,12,137,61
"chr2.47",11,4,6,4,5,3,13,5,6,7,7,6,14,6,13,8,15,7,46,5,14,65,51,49,6,55,2,0,2,122,108,13,95,34
"chr2.48",13,7,2,5,2,5,20,8,4,13,9,7,22,10,21,14,24,10,72,3,32,107,75,44,6,50,1,2,3,160,128,10,118,56
"chr2.49",31,3,8,4,7,3,41,5,8,11,17,5,50,7,41,11,44,10,86,8,52,146,94,58,8,66,0,1,1,213,161,16,145,69
"chr2.50",44,10,3,11,4,9,54,16,8,19,16,18,60,22,59,23,61,21,183,5,77,265,188,94,18,112,0,3,3,380,303,23,280,150
"chr2.51",59,7,8,7,9,7,82,10,14,12,30,11,89,12,85,14,87,13,181,10,101,292,191,92,10,102,3,2,5,399,298,23,275,168
"chr2.52",75,7,12,6,11,3,98,8,14,10,34,8,100,10,96,10,100,12,149,21,103,273,170,72,8,80,3,2,5,358,255,32,223,120
"chr2.53",44,11,6,11,4,5,62,15,7,16,24,14,65,17,62,18,64,15,143,10,72,225,153,75,11,86,1,0,1,312,240,22,218,125
"chr2.54",14,10,2,9,3,5,28,11,4,15,16,12,29,12,25,16,30,16,108,11,30,149,119,54,4,58,0,0,0,207,177,15,162,83
"chr2.55",7,3,3,2,2,5,10,3,4,6,4,7,12,8,13,9,12,8,52,4,18,74,56,52,9,61,1,1,2,137,119,14,105,39
"chr2.56",14,3,3,3,6,3,19,5,8,8,14,5,21,7,20,9,21,5,58,12,15,85,70,51,5,56,0,3,3,144,129,17,112,44
"chr2.57",16,7,6,3,6,5,22,8,6,9,12,7,23,10,22,11,23,9,78,5,29,112,83,48,3,51,3,2,5,168,139,11,128,56
"chr2.58",43,14,7,15,7,2,61,18,10,23,26,15,65,18,64,25,63,16,134,10,74,218,144,69,13,82,4,3,7,307,233,27,206,112
"chr2.59",15,14,2,14,2,10,22,16,4,22,10,20,24,22,24,24,25,23,90,4,36,130,94,63,10,73,1,0,1,204,168,15,153,67
"chr2.60",46,13,14,12,12,5,57,16,17,18,26,18,61,19,60,21,62,21,164,14,68,246,178,88,7,95,3,4,7,348,280,24,256,117
"chr2.61",30,20,7,18,9,7,42,21,10,24,19,23,43,25,41,28,43,25,129,14,43,186,143,69,14,83,0,2,2,271,228,28,200,92
"chr2.62",10,7,4,8,4,8,15,9,7,17,10,15,16,16,17,19,17,17,69,4,22,95,73,48,7,55,2,2,4,154,132,13,119,48
"chr2.63",24,15,6,14,6,9,28,18,7,22,10,18,29,21,30,24,30,22,72,7,38,117,79,53,3,56,0,0,0,173,135,10,125,57
"chr2.64",21,8,7,9,7,4,25,9,9,11,12,10,28,11,29,11,28,14,71,8,26,105,79,51,4,55,2,2,4,164,138,14,124,45
"chr2.65",13,7,1,9,1,7,15,10,2,14,3,13,16,14,15,16,16,16,79,5,20,104,84,58,6,64,5,2,7,175,155,16,139,57
"chr2.66",13,5,9,4,7,3,16,7,10,8,11,7,17,10,19,9,17,9,65,8,16,89,73,55,4,59,2,1,3,151,135,14,121,48
"chr2.67",28,14,5,15,5,7,38,17,7,20,14,19,43,19,42,20,42,22,105,8,48,161,113,49,5,54,3,1,4,219,171,16,155,85
"chr2.68",15,10,2,11,3,12,25,12,4,20,12,16,27,17,25,23,28,20,113,3,31,147,116,71,4,75,1,1,2,224,193,8,185,81
"chr2.69",20,7,5,8,7,4,30,9,8,14,16,11,37,13,28,17,33,12,86,12,35,133,98,44,2,46,3,3,6,185,150,17,133,63
"chr2.70",16,8,5,5,5,3,21,8,7,6,12,6,24,9,22,7,22,11,58,10,21,89,68,43,3,46,0,1,1,136,115,13,102,44
"chr2.71",14,8,8,9,6,5,19,10,12,11,11,11,23,12,25,12,25,12,68,9,27,104,77,43,7,50,1,4,5,159,132,17,115,50
"chr2.72",17,7,4,6,3,4,23,8,9,9,10,8,26,9,28,9,26,9,86,4,35,125,90,56,11,67,3,1,4,196,161,18,143,69
"chr2.73",23,16,8,15,6,3,30,18,8,19,13,17,34,19,32,20,31,22,86,8,33,127,94,48,2,50,1,2,3,180,147,11,136,60
"chr2.74",6,9,5,11,5,6,15,10,10,13,14,12,18,13,18,15,18,14,76,11,20,107,87,53,5,58,3,2,5,170,150,19,131,51
"chr2.75",5,8,2,5,2,2,12,9,3,10,8,7,12,10,10,12,12,10,63,10,15,88,73,49,12,61,2,1,3,152,137,24,113,38
"chr2.76",12,10,3,10,4,6,13,11,4,20,5,16,14,17,13,22,14,19,75,7,19,101,82,66,9,75,2,0,2,178,159,18,141,58
"chr2.77",50,14,8,11,7,9,63,17,11,18,22,19,70,21,63,20,67,22,176,13,78,267,189,94,8,102,3,2,5,374,296,24,272,141
"chr2.78",55,10,10,10,8,7,76,14,13,24,30,15,82,18,76,24,78,18,167,13,87,267,180,82,7,89,1,0,1,357,270,21,249,144
"chr2.79",87,17,11,13,10,8,121,17,15,15,46,20,128,21,126,16,127,22,187,15,148,350,202,115,15,130,2,6,8,488,340,32,308,150
"chr2.80",76,14,5,11,3,6,104,18,6,18,31,18,110,22,104,22,105,22,187,7,135,329,194,90,8,98,1,2,3,430,295,16,279,157
"chr2.81",72,11,6,11,12,3,93,12,13,16,34,13,94,15,96,17,96,17,118,10,107,235,128,62,7,69,3,1,4,308,201,20,181,99
"chr2.82",86,14,4,11,4,10,116,16,5,20,31,17,117,20,117,22,118,22,137,6,136,279,143,79,6,85,1,1,2,366,230,13,217,113
"chr2.83",71,20,6,20,4,6,93,22,8,28,29,22,97,24,95,28,96,24,158,10,116,284,168,81,13,94,1,3,4,382,266,24,242,120
"chr2.84",37,15,8,17,7,9,59,18,11,23,31,23,66,23,62,26,64,28,156,14,92,262,170,74,6,80,3,2,5,347,255,23,232,116
"chr2.85",29,7,4,7,5,5,40,10,5,13,15,11,41,12,40,15,41,16,123,10,48,181,133,54,10,64,1,4,5,250,202,21,181,97
"chr2.86",2,11,1,11,1,8,4,14,3,17,6,17,12,18,7,21,7,17,72,6,17,95,78,48,6,54,1,2,3,152,135,13,122,54
"chr2.87",11,9,7,11,6,7,13,11,10,12,9,12,15,12,17,14,16,15,62,7,23,92,69,37,2,39,0,1,1,132,109,9,100,43
"chr2.88",8,10,3,7,4,6,15,13,5,15,12,12,17,17,13,18,16,16,85,6,22,113,91,NA,NA,NA,NA,NA,NA,NA,NA,NA,NA,65
"chr2.89",17,7,2,6,3,5,21,8,6,12,8,8,25,11,24,14,25,9,76,5,29,110,81,NA,NA,NA,NA,NA,NA,NA,NA,NA,NA,63
"chr2.90",39,10,15,10,13,9,52,11,20,16,29,14,57,15,55,19,57,18,141,15,70,226,156,NA,NA,NA,NA,NA,NA,NA,NA,NA,NA,102
"chr2.91",21,10,5,10,6,7,36,13,9,19,21,15,39,17,40,20,42,18,102,13,51,166,115,NA,NA,NA,NA,NA,NA,NA,NA,NA,NA,80
"chr2.92",12,7,4,10,6,6,31,10,16,18,24,12,38,15,38,19,37,16,81,11,39,131,92,NA,NA,NA,NA,NA,NA,NA,NA,NA,NA,50
"chr2.93",4,3,0,1,0,4,5,3,0,8,1,5,9,6,5,8,5,6,69,0,13,82,69,NA,NA,NA,NA,NA,NA,NA,NA,NA,NA,74
"chr2.94",2,5,0,4,0,5,2,7,0,5,0,8,2,9,2,5,2,10,57,0,6,63,57,NA,NA,NA,NA,NA,NA,NA,NA,NA,NA,58
"chr2.95",11,5,5,5,3,4,15,6,6,9,8,9,16,8,14,10,16,11,54,5,17,76,59,NA,NA,NA,NA,NA,NA,NA,NA,NA,NA,40
"chr2.96",12,10,4,10,5,7,14,13,6,16,6,14,15,16,17,18,14,16,79,5,23,107,84,45,10,55,1,1,2,164,141,16,125,56
"chr2.97",10,11,3,9,5,4,13,13,5,10,8,11,16,14,14,11,13,14,72,7,22,101,79,41,9,50,3,2,5,156,134,19,115,54
"chr2.98",16,4,6,5,4,3,22,6,9,12,12,6,26,9,27,14,28,8,78,8,28,114,86,61,4,65,0,3,3,182,154,12,142,62
"chr2.99",16,4,2,6,2,0,21,6,2,9,8,5,25,7,21,9,23,6,68,3,32,103,71,57,6,63,3,1,4,170,138,12,126,53
"chr2.100",23,9,2,8,5,5,29,12,9,12,14,12,32,15,32,13,34,15,78,11,38,127,89,49,9,58,3,0,3,188,150,23,127,63
"chr2.101",51,15,4,17,3,7,68,19,5,21,19,20,72,21,67,22,71,23,161,9,80,250,170,77,3,80,0,2,2,332,252,12,240,127
"chr2.102",43,16,4,12,2,4,59,19,7,17,20,14,61,19,59,19,62,18,154,11,69,234,165,90,9,99,2,1,3,336,267,22,245,121
"chr2.103",24,6,2,6,3,6,34,8,5,17,12,11,37,13,35,18,35,15,95,3,43,141,98,61,7,68,2,0,2,211,168,12,156,82
"chr2.104",28,13,4,8,5,7,37,15,8,10,14,14,40,16,38,15,38,16,93,11,39,143,104,NA,NA,NA,NA,NA,NA,NA,NA,NA,NA,73
"chr2.105",44,16,6,16,9,5,77,17,11,23,41,19,82,20,75,25,81,23,152,13,85,250,165,47,10,57,0,1,1,308,223,23,200,120
"chr2.106",31,20,6,19,7,4,36,22,9,22,15,23,43,24,41,26,41,27,102,7,48,157,109,NA,NA,NA,NA,NA,NA,NA,NA,NA,NA,71
"chr2.107",14,9,3,9,3,3,19,9,6,10,10,9,22,9,22,10,22,10,67,6,30,103,73,NA,NA,NA,NA,NA,NA,NA,NA,NA,NA,53
"chr2.108",4,3,3,5,3,1,7,4,4,7,6,4,7,4,6,7,8,8,24,5,9,38,29,NA,NA,NA,NA,NA,NA,NA,NA,NA,NA,15
"chr2.109",17,4,9,5,8,3,22,6,12,13,13,7,23,8,23,14,23,12,56,10,18,84,66,NA,NA,NA,NA,NA,NA,NA,NA,NA,NA,36
"chr2.110",7,10,4,8,3,6,12,14,7,14,8,12,14,17,12,17,13,16,80,4,15,99,84,NA,NA,NA,NA,NA,NA,NA,NA,NA,NA,58
"chr2.111",11,5,4,6,4,8,15,9,4,9,9,12,18,15,14,10,16,18,77,5,23,105,82,NA,NA,NA,NA,NA,NA,NA,NA,NA,NA,62
"chr2.112",26,17,5,16,4,5,35,18,8,17,13,19,37,21,35,18,37,21,106,11,40,157,117,NA,NA,NA,NA,NA,NA,NA,NA,NA,NA,76
"chr2.113",30,14,11,14,9,5,42,15,14,20,23,17,45,19,44,21,46,20,123,12,62,197,135,NA,NA,NA,NA,NA,NA,NA,NA,NA,NA,93
"chr2.114",52,15,6,14,5,5,74,17,9,21,26,19,77,20,77,23,74,23,173,9,95,277,182,69,6,75,3,2,5,357,262,18,244,143
"chr2.115",69,17,5,16,6,10,106,19,10,23,43,24,110,27,109,24,111,26,214,13,125,352,227,96,22,118,0,1,1,471,346,35,311,164
"chr2.116",21,11,4,7,3,9,35,14,6,21,17,14,37,18,33,24,37,18,128,13,46,187,141,54,7,61,1,1,2,250,204,21,183,108
"chr2.117",13,9,4,8,3,3,24,9,6,10,13,11,27,12,24,12,25,13,74,7,29,110,81,80,6,86,2,1,3,199,170,15,155,57
"chr2.118",19,11,5,12,6,3,23,12,10,16,10,14,27,14,25,17,28,16,63,9,27,99,72,52,2,54,0,0,0,153,126,11,115,45
"chr2.119",11,14,5,16,5,5,22,17,8,20,15,19,24,19,22,22,24,21,80,7,25,112,87,47,8,55,3,5,8,175,150,18,132,51
"chr2.120",28,14,6,14,6,9,37,16,9,16,13,19,39,19,38,18,39,19,113,7,45,165,120,47,6,53,1,1,2,220,175,14,161,86
"chr2.121",43,10,7,12,8,2,71,13,12,16,35,12,74,14,72,16,74,13,151,16,84,251,167,81,10,91,3,3,6,348,264,29,235,125
"chr2.122",70,18,9,18,12,5,98,22,14,28,39,23,103,26,97,30,100,31,243,19,120,382,262,122,13,135,2,0,2,519,399,34,365,199
"chr2.123",74,10,7,10,10,5,100,12,13,15,36,14,103,15,101,18,103,19,192,9,111,312,201,71,13,84,0,2,2,398,287,22,265,168
"chr2.124",69,16,9,13,7,7,87,19,14,23,27,19,94,24,92,25,93,24,209,12,104,325,221,91,11,102,1,2,3,430,326,24,302,172
"chr2.125",29,12,4,8,3,8,38,13,7,14,14,14,43,15,40,18,41,16,113,7,48,168,120,55,7,62,0,3,3,233,185,14,171,89
"chr2.126",11,6,5,5,5,5,15,8,5,11,10,9,16,10,14,17,16,11,78,7,24,109,85,61,11,72,1,2,3,184,160,19,141,58
"chr2.127",63,13,5,13,7,9,92,17,12,24,38,18,98,22,98,24,97,22,184,9,110,303,193,64,9,73,1,3,4,380,270,19,251,157
"chr2.128",42,14,6,14,5,5,58,18,8,20,19,18,59,21,56,21,61,23,131,15,69,215,146,NA,NA,NA,NA,NA,NA,NA,NA,NA,NA,103
"chr2.129",30,5,6,7,8,6,45,8,10,10,21,11,49,12,43,13,46,21,105,16,54,175,121,NA,NA,NA,NA,NA,NA,NA,NA,NA,NA,81
"chr2.130",46,13,7,11,6,6,56,17,9,12,16,17,57,20,58,14,59,20,160,13,73,246,173,NA,NA,NA,NA,NA,NA,NA,NA,NA,NA,134
"chr2.131",27,13,5,12,4,4,34,14,5,19,12,15,34,17,32,21,35,16,141,5,41,187,146,83,7,90,2,1,3,280,239,14,225,102
"chr2.132",14,10,2,10,2,6,19,12,2,17,6,16,21,17,18,19,20,18,92,5,29,126,97,48,8,56,2,0,2,184,155,15,140,72
"chr2.133",13,12,3,9,4,4,14,14,5,17,5,12,16,15,16,18,15,14,81,4,22,107,85,NA,NA,NA,NA,NA,NA,NA,NA,NA,NA,54
"chr2.134",21,11,2,10,2,9,32,11,5,14,12,15,34,15,32,14,35,19,98,8,38,144,106,52,8,60,1,2,3,207,169,17,152,71
"chr2.135",39,17,10,17,11,8,52,20,12,22,23,21,55,23,54,23,53,29,165,9,57,231,174,70,9,79,3,1,4,314,257,21,236,120
"chr2.136",21,13,7,9,6,6,27,15,10,11,13,11,30,16,28,12,29,26,107,9,39,155,116,47,5,52,0,1,1,208,169,14,155,80
"chr2.137",59,19,7,16,8,5,76,21,8,20,23,18,77,23,73,22,76,21,127,13,88,228,140,63,10,73,1,0,1,302,214,24,190,105
"chr2.138",64,11,5,13,7,7,81,16,9,18,24,17,83,20,81,20,83,19,132,9,103,244,141,59,9,68,2,4,6,318,215,20,195,107
"chr2.139",45,15,4,14,5,6,59,17,6,17,18,20,61,20,59,20,60,35,145,6,67,218,151,NA,NA,NA,NA,NA,NA,NA,NA,NA,NA,106
"chr2.140",56,15,4,12,4,8,71,18,5,15,20,18,74,23,67,17,72,23,127,10,83,220,137,86,8,94,1,1,2,316,233,19,214,112
"chr2.141",33,13,7,14,7,7,39,13,8,18,13,16,39,17,39,20,41,18,115,10,45,170,125,88,8,96,1,1,2,268,223,19,204,80
"chr2.142",22,8,7,8,7,4,26,9,11,9,11,10,28,11,28,10,30,10,93,9,31,133,102,65,11,76,0,0,0,209,178,20,158,65
"chr2.143",44,11,10,11,10,6,55,14,13,18,23,14,58,16,58,20,57,18,100,6,64,170,106,65,5,70,1,3,4,244,180,12,168,61
"chr2.144",42,10,4,9,5,4,48,14,9,14,12,13,50,17,52,15,53,17,104,9,64,177,113,52,8,60,0,1,1,238,174,17,157,80
"chr2.145",29,9,5,10,4,6,38,9,7,18,14,14,43,14,42,20,41,14,108,8,49,165,116,61,7,68,1,2,3,236,187,16,171,88
"chr2.146",16,8,4,13,3,6,18,11,6,16,7,13,24,13,21,16,20,16,62,9,27,98,71,63,3,66,0,3,3,167,140,12,128,47
"chr2.147",23,7,4,6,7,7,31,10,8,12,13,11,33,13,34,13,33,12,68,6,38,112,74,NA,NA,NA,NA,NA,NA,NA,NA,NA,NA,56
"chr2.148",27,6,5,8,5,5,36,13,6,15,13,11,37,15,35,18,37,15,81,13,34,128,94,56,6,62,2,2,4,194,160,21,139,61
"chr2.149",22,9,2,8,3,3,30,10,5,13,10,10,31,12,30,13,30,12,99,5,40,144,104,55,9,64,2,1,3,211,171,16,155,82
"chr2.150",15,9,5,11,6,8,17,12,6,15,7,16,19,17,20,16,18,18,73,13,28,114,86,NA,NA,NA,NA,NA,NA,NA,NA,NA,NA,55
"chr2.151",32,10,6,9,6,2,47,11,10,12,23,10,52,12,52,12,53,12,99,6,56,161,105,61,9,70,1,0,1,232,176,16,160,80
"chr2.152",50,13,12,12,10,2,74,18,15,22,33,14,78,19,75,23,77,19,166,12,78,256,178,63,8,71,2,1,3,330,252,22,230,133
"chr2.153",34,22,6,21,8,9,49,27,14,28,26,28,58,31,57,30,57,30,156,14,72,242,170,86,16,102,2,0,2,346,274,32,242,128
"chr2.154",21,23,6,16,5,4,35,27,11,28,20,24,39,32,36,32,37,28,136,13,45,194,149,84,9,93,1,1,2,289,244,23,221,100
"chr2.155",25,14,7,14,7,10,30,14,12,22,13,17,33,19,34,23,32,21,131,12,43,186,143,80,14,94,2,3,5,285,242,28,214,92
"chr2.156",9,15,2,13,2,5,22,16,4,18,15,15,25,18,22,18,24,18,98,7,32,137,105,72,6,78,0,3,3,218,186,13,173,78
"chr2.157",11,7,5,7,4,2,16,9,7,14,9,7,20,10,18,14,20,9,71,7,23,101,78,50,8,58,1,2,3,162,139,16,123,59
"chr2.158",6,10,1,11,1,4,10,14,1,15,7,11,12,14,11,15,12,14,65,4,21,90,69,44,8,52,1,5,6,148,127,13,114,44
"chr2.159",18,8,6,10,5,4,26,15,10,17,13,12,30,16,28,17,30,14,77,11,35,123,88,47,10,57,1,1,2,182,147,22,125,59
"chr2.160",21,8,6,7,4,8,26,9,6,14,11,16,27,16,24,18,27,16,97,7,38,142,104,52,5,57,1,0,1,200,162,13,149,72
"chr2.161",25,16,8,17,7,11,41,21,10,25,23,21,46,26,44,26,45,23,114,15,55,184,129,66,8,74,3,0,3,261,206,26,180,83
"chr2.162",15,21,7,17,5,8,19,22,8,20,10,24,24,24,25,21,21,27,111,6,32,149,117,41,7,48,2,0,2,199,167,15,152,85
"chr2.163",12,11,3,11,5,6,20,12,5,19,13,14,21,15,18,20,20,15,93,8,27,128,101,51,5,56,1,0,1,185,158,14,144,72
"chr2.164",18,12,8,9,9,4,20,14,13,14,12,10,24,15,26,14,25,15,103,5,34,142,108,70,9,79,0,1,1,222,188,14,174,81
"chr2.165",40,17,5,17,5,10,54,21,6,26,20,23,56,26,56,27,59,29,160,13,68,241,173,80,9,89,0,1,1,331,263,22,241,124
"chr2.166",27,14,6,13,8,5,34,15,11,16,14,14,36,17,37,17,36,18,115,10,45,170,125,46,7,53,0,0,0,223,178,17,161,88
"chr2.167",22,13,6,9,7,7,26,14,9,16,11,15,28,16,28,16,27,17,75,7,31,113,82,60,7,67,0,1,1,181,150,14,136,55
"chr2.168",13,14,8,11,7,6,21,14,10,15,16,13,24,16,22,18,24,16,64,12,23,99,76,56,13,69,3,1,4,172,149,28,121,48
"chr2.169",11,10,3,8,1,3,20,10,3,11,9,11,23,12,20,14,22,12,63,3,31,97,66,36,4,40,2,0,2,139,108,9,99,50
"chr2.170",16,4,7,6,8,3,25,6,11,7,17,8,27,8,25,9,26,10,72,10,22,104,82,46,9,55,2,1,3,162,140,21,119,53
"chr2.171",10,5,5,4,4,6,12,7,5,9,7,11,14,10,12,13,13,13,80,6,20,106,86,56,9,65,1,0,1,172,152,16,136,64
"chr2.172",10,10,4,9,3,9,15,12,5,14,9,14,20,15,18,17,17,14,74,4,25,103,78,53,7,60,1,1,2,165,140,12,128,58
"chr2.173",16,11,2,11,3,5,27,14,9,17,13,15,30,17,31,18,35,18,81,6,40,127,87,60,7,67,0,1,1,195,155,13,142,68
"chr2.174",22,8,4,7,5,8,35,10,5,12,17,12,36,13,34,12,36,14,103,10,41,154,113,80,8,88,2,2,4,246,205,20,185,86
"chr2.175",15,3,2,5,1,8,21,6,5,10,10,11,24,12,24,12,24,11,78,4,34,116,82,50,8,58,1,3,4,178,144,13,131,67
"chr2.176",15,13,4,11,5,6,23,15,7,19,11,16,26,20,25,21,25,18,82,7,26,115,89,99,7,106,1,1,2,223,197,15,182,58
"chr2.177",11,4,8,1,8,5,17,4,10,8,12,7,20,8,18,12,19,8,97,12,22,131,109,63,7,70,2,2,4,205,183,21,162,77
"chr2.178",23,11,7,9,7,5,29,14,10,14,15,13,32,15,31,17,32,17,95,9,36,140,104,51,13,64,3,2,5,209,173,25,148,73
"chr2.179",36,17,8,16,8,8,47,22,9,21,18,20,49,25,47,26,49,24,140,13,56,209,153,70,6,76,1,2,3,288,232,20,212,99
"chr2.180",19,12,8,14,7,5,28,14,12,18,17,16,28,17,28,19,30,18,89,11,26,126,100,57,15,72,0,2,2,200,174,26,148,69
"chr2.181",22,7,6,10,7,4,28,8,7,17,13,11,29,10,27,19,29,11,82,10,32,124,92,45,3,48,0,3,3,175,143,13,130,62
"chr2.182",58,13,8,11,8,11,79,18,12,21,30,17,81,22,76,24,84,20,181,17,86,284,198,69,3,72,1,2,3,359,273,21,252,154
"chr2.183",67,11,12,12,10,5,99,16,14,18,44,14,103,18,102,18,105,18,151,13,114,278,164,87,11,98,2,1,3,379,265,26,239,121
"chr2.184",38,12,9,10,9,2,43,14,12,16,15,12,44,15,47,16,44,16,90,12,55,157,102,61,8,69,1,1,2,228,173,21,152,66
"chr2.185",26,10,3,9,3,7,34,10,6,12,11,16,34,15,35,14,35,16,103,9,41,153,112,55,3,58,1,0,1,212,171,13,158,79
"chr2.186",21,18,5,15,5,8,24,19,7,20,9,19,27,22,25,24,27,22,118,7,43,168,125,66,4,70,0,2,2,240,197,11,186,92
"chr2.187",25,5,3,8,3,4,32,8,5,10,11,10,35,10,36,10,34,10,75,4,41,120,79,37,6,43,1,1,2,165,124,11,113,55
"chr2.188",15,6,8,7,8,1,20,9,9,9,13,8,21,12,22,10,21,12,58,8,24,90,66,58,3,61,0,1,1,152,128,11,117,39
"chr2.189",16,11,12,11,10,6,20,13,14,19,14,16,25,17,23,22,24,19,73,10,24,107,83,45,4,49,0,1,1,157,133,14,119,50
"chr2.190",8,5,2,6,2,3,12,7,2,10,8,8,14,9,14,12,14,11,67,6,22,95,73,58,8,66,3,1,4,165,143,17,126,50
"chr2.191",41,26,6,19,6,9,57,29,11,29,23,24,63,32,60,33,63,32,171,11,71,253,182,77,5,82,0,2,2,337,266,16,250,126
"chr2.192",64,21,10,22,9,11,83,24,11,27,28,27,85,28,83,31,84,32,181,10,101,292,191,89,14,103,2,1,3,398,297,26,271,142
"chr2.193",43,16,10,12,9,3,54,19,12,19,23,14,58,20,55,21,60,19,167,12,63,242,179,68,10,78,1,3,4,324,261,23,238,122
"chr2.194",12,9,2,7,6,2,16,11,7,11,10,8,16,11,14,11,18,9,71,10,23,104,81,53,5,58,3,1,4,166,143,18,125,51
"chr2.195",8,11,2,11,2,10,9,13,3,15,4,16,12,17,10,17,10,17,79,9,14,102,88,48,7,55,3,2,5,162,148,19,129,55
"chr2.196",22,15,6,11,7,5,29,16,11,13,17,15,31,18,35,15,33,20,125,7,40,172,132,61,5,66,1,1,2,240,200,13,187,95
"chr2.197",27,10,6,9,6,5,45,12,8,15,25,13,47,15,42,16,48,16,159,13,51,223,172,79,10,89,0,2,2,314,263,23,240,122
"chr2.198",17,16,8,13,8,7,20,18,12,17,11,19,24,21,24,20,21,20,66,8,28,102,74,67,4,71,0,0,0,173,145,12,133,46
"chr2.199",10,8,9,8,8,9,14,8,12,13,12,14,15,13,16,13,16,14,67,12,14,93,79,NA,NA,NA,NA,NA,NA,NA,NA,NA,NA,54
"chr2.200",16,8,6,7,5,7,18,10,9,11,7,11,23,16,21,11,20,14,54,7,31,92,61,39,4,43,4,1,5,140,109,15,94,50
"chr2.201",10,11,2,10,2,2,16,12,4,13,9,12,17,13,14,13,18,14,60,11,21,92,71,NA,NA,NA,NA,NA,NA,NA,NA,NA,NA,41
"chr2.202",16,3,4,2,3,7,23,6,6,6,10,7,25,11,24,10,25,10,64,6,38,108,70,52,3,55,1,0,1,164,126,10,116,55
"chr2.203",12,8,3,8,2,9,18,9,6,14,9,14,21,13,22,16,22,17,88,5,30,123,93,41,2,43,0,0,0,166,136,7,129,69
"chr2.204",20,14,7,8,5,7,27,15,7,9,13,15,29,18,28,10,28,19,95,8,34,137,103,32,4,36,1,0,1,174,140,13,127,74
"chr2.205",22,11,9,13,8,8,33,15,9,19,19,17,36,20,34,19,34,21,85,12,47,144,97,46,3,49,0,1,1,194,147,15,132,72
"chr2.206",10,8,1,5,1,3,10,10,1,10,1,9,10,13,11,12,11,14,75,2,20,97,77,49,9,58,2,3,5,160,140,13,127,52
"chr2.207",26,8,7,7,9,6,37,12,12,11,20,12,39,17,37,13,40,15,142,13,32,187,155,NA,NA,NA,NA,NA,NA,NA,NA,NA,NA,116
"chr2.208",20,16,5,18,5,6,29,20,7,21,14,21,29,21,27,22,30,23,107,12,26,145,119,46,9,55,1,1,2,202,176,22,154,75
"chr2.209",35,10,8,11,8,4,48,15,9,16,21,13,49,18,47,17,49,17,114,13,52,179,127,57,8,65,2,0,2,246,194,23,171,89
"chr2.210",19,9,6,11,5,4,27,11,10,12,15,12,30,12,30,12,30,14,93,8,39,140,101,NA,NA,NA,NA,NA,NA,NA,NA,NA,NA,77
"chr2.211",22,12,7,8,5,9,32,15,9,12,15,14,35,17,34,16,35,17,95,8,35,138,103,49,10,59,1,1,2,199,164,19,145,71
"chr2.212",27,12,4,13,4,7,41,13,7,17,18,16,43,16,41,17,42,18,109,8,46,163,117,NA,NA,NA,NA,NA,NA,NA,NA,NA,NA,79
"chr2.213",24,9,2,9,2,5,28,10,5,14,5,12,31,12,31,16,31,13,79,5,33,117,84,41,6,47,3,2,5,169,136,14,122,53
"chr2.214",11,6,4,5,4,3,15,7,6,9,7,7,17,8,16,11,16,8,67,5,19,91,72,37,4,41,1,1,2,134,115,10,105,50
"chr2.215",15,9,1,8,2,5,20,10,5,10,8,9,23,12,21,12,23,12,95,6,28,129,101,52,2,54,1,2,3,186,158,9,149,75
"chr2.216",10,4,6,5,5,2,12,5,6,5,9,6,15,6,15,7,17,6,66,7,22,95,73,50,2,52,1,1,2,149,127,10,117,48
"chr2.217",9,12,3,8,3,10,14,13,4,14,7,18,14,19,16,18,15,18,70,4,24,98,74,45,6,51,0,5,5,154,130,10,120,47
"chr2.218",19,14,5,12,5,5,28,14,7,15,14,15,28,18,28,16,30,17,90,7,35,132,97,46,2,48,0,2,2,182,147,9,138,68
"chr2.219",23,15,9,14,9,7,33,16,10,17,20,18,35,19,31,18,34,20,110,16,34,160,126,34,7,41,3,2,5,206,172,26,146,88
"chr2.220",14,7,3,10,2,4,27,9,6,12,16,11,29,11,29,13,29,11,78,9,39,126,87,49,5,54,0,1,1,181,142,14,128,58
"chr2.221",12,8,2,8,3,8,17,11,6,13,10,15,19,16,18,16,18,18,69,6,22,97,75,36,10,46,2,4,6,149,127,18,109,51
"chr2.222",22,8,3,8,4,5,31,8,7,11,16,10,36,11,31,11,34,11,70,14,36,120,84,38,7,45,2,1,3,168,132,23,109,51
"chr2.223",20,12,5,11,4,7,25,12,8,13,9,15,28,16,28,14,27,18,103,7,32,142,110,57,8,65,0,1,1,208,176,15,161,80
"chr2.224",16,14,0,13,0,11,24,17,3,15,10,19,27,20,28,20,27,21,107,6,35,148,113,54,8,62,0,0,0,210,175,14,161,79
"chr2.225",13,13,4,12,4,4,18,14,5,14,9,14,20,16,18,14,20,18,87,4,22,113,91,54,6,60,1,4,5,178,156,11,145,61
"chr2.226",24,16,5,19,5,6,31,21,7,24,12,19,36,22,32,26,31,25,105,6,44,155,111,58,7,65,3,2,5,225,181,16,165,79
"chr2.227",22,11,9,11,9,7,29,12,14,14,16,15,36,17,33,16,30,16,91,13,40,144,104,49,8,57,2,2,4,205,165,23,142,65
"chr2.228",15,11,3,10,4,11,27,14,12,17,16,18,31,21,30,21,31,22,91,10,32,133,101,43,5,48,4,0,4,185,153,19,134,70
"chr2.229",15,7,4,8,3,6,22,12,4,9,11,14,23,15,21,12,23,16,65,4,30,99,69,48,5,53,2,2,4,156,126,11,115,46
"chr2.230",11,5,4,6,5,4,19,6,7,7,12,9,20,8,20,7,19,12,72,11,22,105,83,NA,NA,NA,NA,NA,NA,NA,NA,NA,NA,58
"chr2.231",8,11,5,9,4,10,14,13,10,15,10,16,17,20,16,17,16,17,67,10,14,91,77,NA,NA,NA,NA,NA,NA,NA,NA,NA,NA,44
"chr2.232",14,14,2,13,4,2,23,15,5,15,14,15,25,16,24,17,24,16,70,8,26,104,78,46,6,52,0,1,1,157,131,14,117,46
"chr2.233",11,7,4,6,3,4,18,8,7,9,12,10,21,11,21,12,21,10,75,7,30,112,82,56,11,67,2,2,4,183,153,20,133,64
"chr2.234",20,12,1,14,3,2,28,16,5,15,12,15,29,18,28,16,30,18,95,5,39,139,100,44,7,51,1,0,1,191,152,13,139,71
"chr2.235",15,10,4,5,3,7,17,11,5,8,6,13,18,15,19,12,19,16,81,5,30,116,86,58,7,65,2,1,3,184,154,14,140,56
"chr2.236",11,9,2,12,2,4,18,11,4,14,10,14,18,14,17,15,18,14,67,6,22,95,73,46,8,54,0,0,0,149,127,14,113,43
"chr2.237",19,11,5,12,5,2,27,16,9,14,14,13,30,16,31,15,31,17,76,6,34,116,82,49,6,55,2,1,3,174,140,14,126,51
"chr2.238",19,13,5,16,6,7,31,16,10,17,20,18,35,19,34,19,35,20,103,11,41,155,114,45,8,53,3,1,4,212,171,22,149,78
"chr2.239",8,18,2,17,1,4,12,18,2,18,4,18,15,20,14,18,13,22,90,4,30,124,94,54,6,60,0,1,1,185,155,10,145,55
"chr20.1",14,11,3,10,4,1,17,13,4,15,8,11,18,13,19,16,19,17,85,2,26,113,87,NA,NA,NA,NA,NA,NA,NA,NA,NA,NA,63
"chr20.2",18,8,2,7,5,2,27,10,5,8,12,7,28,10,24,8,27,11,72,5,34,111,77,47,5,52,2,3,5,168,134,12,122,59
"chr20.3",16,6,5,8,3,3,22,9,7,14,9,11,25,12,24,15,25,14,95,7,32,134,102,50,6,56,0,2,2,192,160,13,147,75
"chr20.4",9,8,4,13,3,9,16,11,8,21,9,15,21,15,19,24,19,16,71,5,31,107,76,NA,NA,NA,NA,NA,NA,NA,NA,NA,NA,53
"chr20.5",15,10,6,8,7,2,23,11,9,10,13,10,26,12,23,13,23,13,64,12,33,109,76,47,3,50,0,1,1,160,127,15,112,58
"chr20.6",9,11,2,9,1,6,14,17,3,14,6,13,18,19,15,17,15,19,74,7,32,113,81,53,2,55,3,0,3,171,139,12,127,60
"chr20.7",14,11,3,12,4,2,21,13,5,14,10,12,23,13,18,15,21,14,65,8,26,99,73,45,7,52,2,4,6,157,131,17,114,45
"chr20.8",30,12,2,8,3,5,38,14,5,15,12,14,41,18,38,20,41,19,110,8,43,161,118,68,8,76,0,2,2,239,196,16,180,79
"chr20.9",45,11,5,13,6,6,61,15,6,23,20,14,64,17,56,23,62,17,80,11,71,162,91,51,7,58,0,2,2,222,151,18,133,64
"chr20.10",27,11,4,9,4,9,40,14,5,12,16,16,42,18,39,19,43,19,110,8,41,159,118,65,2,67,0,0,0,226,185,10,175,85
"chr20.11",23,11,1,9,1,3,30,13,1,13,8,11,32,13,32,14,32,14,83,3,38,124,86,52,6,58,1,1,2,184,146,10,136,70
"chr20.12",24,13,4,12,4,5,32,14,5,17,11,15,34,16,33,19,33,16,122,6,44,172,128,41,7,48,0,1,1,221,177,13,164,98
"chr20.13",22,6,4,5,5,5,29,9,5,11,11,9,30,12,33,13,30,12,113,5,50,168,118,67,5,72,0,2,2,242,192,10,182,94
"chr20.14",10,8,5,9,3,9,14,10,7,14,8,15,17,15,16,16,15,16,66,4,26,96,70,44,7,51,1,0,1,148,122,12,110,58
"chr20.15",12,14,7,11,4,8,15,15,9,16,8,15,20,17,22,17,17,18,86,6,29,121,92,NA,NA,NA,NA,NA,NA,NA,NA,NA,NA,62
"chr20.16",14,15,8,10,7,8,18,15,8,11,11,15,19,16,17,14,18,18,67,7,20,94,74,NA,NA,NA,NA,NA,NA,NA,NA,NA,NA,47
"chr20.17",18,17,8,15,9,6,23,19,10,19,13,20,24,23,26,24,24,21,109,9,30,148,118,62,9,71,3,0,3,222,192,21,171,74
"chr20.18",7,6,3,7,2,9,11,8,3,19,6,15,12,14,11,22,12,16,86,3,16,105,89,53,5,58,2,0,2,165,149,10,139,63
"chr20.19",25,8,4,9,5,7,31,11,7,16,10,14,32,16,33,17,33,19,88,5,38,131,93,35,5,40,2,3,5,176,138,12,126,68
"chr20.20",15,11,5,11,3,5,19,11,7,16,9,15,19,15,21,18,21,17,94,5,25,124,99,53,6,59,1,1,2,185,160,12,148,66
"chr20.21",26,10,13,6,10,3,38,11,17,8,23,10,42,12,44,11,41,12,89,9,41,139,98,57,11,68,4,2,6,213,172,24,148,62
"chr20.22",26,16,3,14,3,5,30,18,5,19,6,17,34,19,31,21,31,22,128,7,48,183,135,78,11,89,1,1,2,274,226,19,207,102
"chr20.23",24,14,11,15,10,7,26,16,16,19,17,19,29,20,30,22,28,21,129,14,27,170,143,85,12,97,2,1,3,270,243,28,215,99
"chr20.24",15,13,8,10,2,6,25,15,9,15,14,17,30,20,26,17,25,23,123,9,39,171,132,79,4,83,4,1,5,259,220,17,203,99
"chr20.25",22,13,4,14,8,9,36,15,9,23,18,19,38,20,34,25,39,19,138,11,43,192,149,69,25,94,3,1,4,290,247,39,208,109
"chr20.26",11,5,3,3,2,2,13,8,3,8,5,6,18,9,13,9,14,10,63,6,20,89,69,NA,NA,NA,NA,NA,NA,NA,NA,NA,NA,58
"chr20.27",24,9,8,8,10,6,30,12,12,14,15,13,31,15,30,17,31,18,125,14,37,176,139,NA,NA,NA,NA,NA,NA,NA,NA,NA,NA,99
"chr20.28",9,7,5,8,4,4,10,10,6,13,5,10,12,12,13,13,11,11,69,4,18,91,73,63,4,67,1,1,2,160,142,9,133,55
"chr20.29",12,11,5,7,4,8,21,14,7,12,13,15,22,21,23,17,23,18,91,7,25,123,98,66,5,71,1,1,2,196,171,13,158,56
"chr20.30",11,14,5,10,4,7,14,16,5,14,7,16,15,20,14,17,14,18,78,9,19,106,87,NA,NA,NA,NA,NA,NA,NA,NA,NA,NA,59
"chr20.31",14,6,5,6,5,1,18,6,7,6,7,6,19,6,19,6,20,7,61,8,23,92,69,NA,NA,NA,NA,NA,NA,NA,NA,NA,NA,45
"chr20.32",6,9,1,11,1,3,8,10,1,13,3,11,8,10,7,14,9,11,71,3,17,91,74,NA,NA,NA,NA,NA,NA,NA,NA,NA,NA,55
"chr20.33",14,12,2,10,2,3,15,13,2,11,3,12,16,16,15,12,15,18,75,4,19,98,79,38,6,44,3,1,4,146,127,13,114,53
"chr20.34",19,10,4,9,3,5,23,11,5,12,7,11,25,12,25,13,23,13,62,5,36,103,67,51,10,61,2,0,2,166,130,17,113,40
"chr20.35",30,14,5,13,7,4,42,16,9,17,17,15,43,16,41,18,42,17,102,11,39,152,113,89,10,99,4,2,6,257,218,25,193,82
"chr20.36",25,12,4,9,6,7,32,14,9,13,11,13,33,15,32,14,33,13,106,10,42,158,116,78,11,89,3,0,3,250,208,24,184,77
"chr20.37",16,11,4,10,4,4,17,15,5,15,5,13,18,17,21,17,19,19,77,5,30,112,82,49,14,63,2,2,4,179,149,21,128,50
"chr20.38",36,13,3,11,5,4,43,14,5,17,11,16,43,16,43,21,45,21,137,7,50,194,144,57,11,68,1,0,1,263,213,19,194,111
"chr20.39",34,17,5,11,5,6,37,21,7,17,10,16,38,21,39,17,39,21,106,6,44,156,112,85,12,97,1,1,2,255,211,19,192,84
"chr20.40",13,13,1,12,1,3,16,13,1,13,4,13,16,15,16,13,17,15,71,3,31,105,74,61,9,70,3,0,3,178,147,15,132,58
"chr20.41",6,6,2,7,1,3,8,8,7,10,4,9,9,10,11,11,11,12,72,6,16,94,78,46,6,52,1,0,1,147,131,13,118,54
"chr20.42",14,9,5,11,5,7,20,11,6,16,11,14,23,14,20,18,25,14,80,9,29,118,89,73,8,81,1,1,2,201,172,18,154,62
"chr20.43",22,8,5,8,5,7,27,8,8,15,10,13,31,12,31,18,31,15,79,2,39,120,81,46,2,48,1,2,3,171,132,5,127,56
"chr20.44",29,9,8,10,7,4,38,13,11,21,15,14,40,17,37,24,39,18,126,13,44,183,139,68,9,77,3,1,4,264,220,25,195,96
"chr20.45",12,6,3,6,3,3,20,6,8,11,10,8,21,10,21,11,23,9,76,6,20,102,82,49,8,57,2,0,2,161,141,16,125,54
"chr20.46",11,11,1,9,2,9,13,14,2,17,4,16,14,18,12,20,13,19,78,5,18,101,83,78,6,84,1,0,1,186,168,12,156,49
"chr20.47",17,8,4,12,5,8,19,10,8,16,9,15,22,16,23,18,23,15,82,5,30,117,87,53,8,61,2,2,4,182,152,15,137,64
"chr20.48",27,16,10,17,8,2,33,18,12,23,16,16,38,18,37,24,37,21,110,13,48,171,123,75,6,81,4,1,5,257,209,23,186,82
"chr20.49",34,19,4,21,5,9,40,21,6,24,12,24,44,23,38,25,43,25,101,14,46,161,115,72,11,83,0,1,1,245,199,25,174,74
"chr20.50",11,14,2,17,1,10,11,17,3,21,2,17,13,20,14,22,14,19,93,1,22,116,94,53,13,66,2,0,2,184,162,16,146,60
"chr20.51",38,9,5,8,4,5,54,9,6,14,20,11,55,12,53,15,55,12,153,7,62,222,160,50,7,57,3,1,4,283,221,17,204,128
"chr20.52",25,12,6,15,5,5,36,14,6,18,16,14,39,16,39,19,38,16,118,10,50,178,128,56,9,65,0,1,1,244,194,19,175,98
"chr20.53",30,10,10,7,7,6,34,14,10,16,12,15,38,17,36,20,35,17,99,10,38,147,109,68,7,75,0,2,2,224,186,17,169,76
"chr20.54",22,9,3,8,4,7,28,10,6,11,11,10,33,12,29,13,32,15,89,8,37,134,97,60,6,66,0,2,2,202,165,14,151,67
"chr20.55",25,15,8,12,8,7,34,17,11,21,17,16,37,21,37,22,36,21,117,10,47,174,127,80,8,88,3,3,6,268,221,21,200,95
"chr20.56",15,8,6,9,3,2,18,10,6,15,8,9,26,11,22,15,21,11,87,5,36,128,92,63,14,77,2,1,3,208,172,21,151,68
"chr20.57",36,10,7,9,8,7,52,11,11,16,23,14,54,15,52,17,54,15,115,11,54,180,126,57,13,70,1,0,1,251,197,25,172,96
"chr20.58",23,12,8,12,8,6,25,15,9,16,10,15,25,17,25,18,25,16,62,12,22,96,74,NA,NA,NA,NA,NA,NA,NA,NA,NA,NA,42
"chr20.59",26,17,5,14,4,4,29,21,7,20,7,17,34,23,34,22,31,25,115,9,48,172,124,72,11,83,1,1,2,257,209,21,188,86
"chr21.1",0,0,0,0,0,0,0,0,0,0,0,0,0,0,0,0,0,0,0,0,0,0,0,NA,NA,NA,NA,NA,NA,NA,NA,NA,NA,0
"chr21.2",0,0,0,0,0,0,0,0,0,0,0,0,0,0,0,0,0,0,0,0,0,0,0,NA,NA,NA,NA,NA,NA,NA,NA,NA,NA,0
"chr21.3",0,0,0,0,0,0,0,0,0,0,0,0,0,0,0,0,0,0,0,0,0,0,0,NA,NA,NA,NA,NA,NA,NA,NA,NA,NA,0
"chr21.4",0,0,0,0,0,0,0,0,0,0,0,0,0,0,0,0,0,0,0,0,0,0,0,NA,NA,NA,NA,NA,NA,NA,NA,NA,NA,0
"chr21.5",0,0,0,0,0,0,0,0,0,0,0,0,0,0,0,0,0,0,0,0,0,0,0,NA,NA,NA,NA,NA,NA,NA,NA,NA,NA,0
"chr21.6",0,0,0,0,0,0,0,0,0,0,0,0,0,0,0,0,0,0,0,0,0,0,0,NA,NA,NA,NA,NA,NA,NA,NA,NA,NA,0
"chr21.7",0,0,0,0,0,0,0,0,0,0,0,0,0,0,0,0,0,0,0,0,0,0,0,NA,NA,NA,NA,NA,NA,NA,NA,NA,NA,0
"chr21.8",0,0,0,0,0,0,0,0,0,0,0,0,0,0,0,0,0,0,0,0,0,0,0,NA,NA,NA,NA,NA,NA,NA,NA,NA,NA,0
"chr21.9",0,0,0,0,0,0,0,0,0,0,0,0,0,0,0,0,0,0,0,0,0,0,0,NA,NA,NA,NA,NA,NA,NA,NA,NA,NA,0
"chr21.10",22,14,12,21,14,5,35,17,21,24,29,20,43,22,45,29,41,27,103,23,52,178,126,NA,NA,NA,NA,NA,NA,NA,NA,NA,NA,41
"chr21.11",108,42,47,51,46,29,187,52,81,75,123,66,209,75,209,102,213,94,419,101,264,784,520,NA,NA,NA,NA,NA,NA,NA,NA,NA,NA,157
"chr21.12",17,8,2,10,1,11,20,10,5,18,4,14,22,15,24,18,22,15,134,3,36,173,137,NA,NA,NA,NA,NA,NA,NA,NA,NA,NA,128
"chr21.13",23,8,7,8,6,2,33,8,8,15,17,9,35,9,32,16,36,11,74,10,41,125,84,NA,NA,NA,NA,NA,NA,NA,NA,NA,NA,53
"chr21.14",11,15,7,12,8,7,18,16,11,13,16,14,22,18,22,15,22,18,75,12,28,115,87,55,5,60,1,0,1,176,148,18,130,47
"chr21.15",24,9,5,7,5,6,31,10,6,10,12,11,33,14,33,11,33,14,81,5,42,128,86,64,6,70,0,1,1,199,157,11,146,58
"chr21.16",21,12,8,11,6,5,26,14,8,22,11,13,29,17,27,22,26,17,91,7,31,129,98,NA,NA,NA,NA,NA,NA,NA,NA,NA,NA,67
"chr21.17",54,6,11,8,11,7,71,9,14,10,28,13,75,13,70,13,73,16,87,15,76,178,102,44,7,51,0,0,0,229,153,22,131,66
"chr21.18",61,11,8,13,9,4,92,12,15,17,39,16,97,16,89,19,94,17,117,18,100,235,135,63,8,71,1,3,4,310,210,27,183,87
"chr21.19",40,12,4,11,4,12,55,13,8,18,22,23,60,23,55,22,61,23,94,11,69,174,105,72,10,82,0,3,3,259,190,21,169,65
"chr21.20",40,18,6,15,7,6,55,20,7,22,21,22,58,25,56,25,56,23,98,5,72,175,103,61,5,66,2,3,5,246,174,12,162,65
"chr21.21",68,5,6,5,6,4,102,6,8,9,41,8,103,9,103,11,104,9,108,9,111,228,117,53,7,60,2,0,2,290,179,18,161,88
"chr21.22",69,9,11,8,12,3,92,11,13,12,34,11,94,14,90,13,92,14,126,14,106,246,140,57,7,64,1,1,2,312,206,22,184,103
"chr21.23",60,17,8,13,8,15,77,21,11,23,25,22,79,27,77,26,77,24,137,13,91,241,150,85,8,93,1,2,3,337,246,22,224,101
"chr21.24",38,17,8,19,9,13,50,20,11,33,20,25,52,26,52,33,53,26,112,8,57,177,120,74,5,79,1,1,2,258,201,14,187,80
"chr21.25",39,11,4,12,7,3,55,13,8,19,24,12,58,14,56,21,59,14,85,13,61,159,98,36,3,39,1,2,3,201,140,17,123,60
"chr21.26",25,8,6,7,6,4,37,9,8,10,18,9,39,10,41,10,40,10,78,8,51,137,86,36,4,40,2,1,3,180,129,14,115,67
"chr21.27",31,13,3,13,4,9,44,14,4,18,17,17,46,18,42,19,44,19,88,7,54,149,95,54,4,58,1,2,3,210,156,12,144,70
"chr21.28",20,11,6,10,6,5,29,13,8,17,16,13,29,16,29,19,29,19,83,12,36,131,95,57,4,61,1,1,2,194,158,17,141,62
"chr21.29",36,22,4,22,4,5,56,25,5,24,22,27,60,28,55,25,59,29,126,7,65,198,133,48,14,62,6,2,8,268,203,27,176,89
"chr21.30",23,10,6,7,6,6,30,12,8,10,15,13,33,15,32,11,33,14,71,6,35,112,77,45,7,52,2,2,4,168,133,15,118,47
"chr21.31",7,15,4,15,3,4,12,20,4,23,7,18,16,21,13,26,12,21,55,5,22,82,60,37,4,41,3,0,3,126,104,12,92,32
"chr21.32",10,14,6,12,7,5,15,15,8,18,11,16,18,18,18,19,16,18,56,6,24,86,62,54,9,63,1,0,1,150,126,16,110,40
"chr21.33",8,12,3,11,2,6,11,14,6,11,5,16,13,18,15,14,13,18,56,3,21,80,59,46,8,54,1,3,4,138,117,12,105,38
"chr21.34",9,12,3,9,4,5,13,13,4,13,9,12,16,14,15,14,15,16,70,4,22,96,74,NA,NA,NA,NA,NA,NA,NA,NA,NA,NA,55
"chr21.35",9,12,6,10,5,8,14,12,6,19,11,17,16,18,17,22,15,18,63,4,25,92,67,58,7,65,2,3,5,162,137,13,124,41
"chr21.36",15,8,4,12,3,5,20,11,4,18,9,14,20,16,19,18,21,18,77,8,25,110,85,44,14,58,0,1,1,169,144,22,122,55
"chr21.37",12,8,3,9,3,4,13,11,3,14,5,11,16,13,15,14,14,11,63,3,24,90,66,51,6,57,1,1,2,149,125,10,115,43
"chr21.38",9,8,4,7,4,4,15,9,5,8,11,10,17,10,15,9,17,11,64,6,20,90,70,60,6,66,0,2,2,158,138,12,126,40
"chr21.39",16,12,5,13,7,8,30,12,12,18,18,17,31,17,27,18,34,17,91,19,27,137,110,85,5,90,0,1,1,228,201,24,177,64
"chr21.40",10,15,3,10,5,6,17,16,8,14,9,18,18,19,18,18,19,19,60,5,25,90,65,NA,NA,NA,NA,NA,NA,NA,NA,NA,NA,39
"chr21.41",13,10,8,11,8,7,15,10,9,15,9,15,17,15,17,15,15,16,60,6,22,88,66,48,3,51,3,4,7,146,124,12,112,40
"chr21.42",4,3,2,7,2,1,6,4,2,11,4,7,7,5,6,12,6,10,54,3,8,65,57,NA,NA,NA,NA,NA,NA,NA,NA,NA,NA,38
"chr21.43",7,17,6,16,7,9,11,20,7,18,10,22,12,25,11,19,11,25,81,6,18,105,87,76,8,84,4,1,5,194,176,18,158,54
"chr21.44",14,14,4,13,3,7,16,14,5,13,8,18,18,19,17,17,19,19,62,5,25,92,67,46,6,52,0,1,1,145,120,11,109,38
"chr22.1",0,0,0,0,0,0,0,0,0,0,0,0,0,0,0,0,0,0,0,0,0,0,0,NA,NA,NA,NA,NA,NA,NA,NA,NA,NA,0
"chr22.2",0,0,0,0,0,0,0,0,0,0,0,0,0,0,0,0,0,0,0,0,0,0,0,NA,NA,NA,NA,NA,NA,NA,NA,NA,NA,0
"chr22.3",0,0,0,0,0,0,0,0,0,0,0,0,0,0,0,0,0,0,0,0,0,0,0,NA,NA,NA,NA,NA,NA,NA,NA,NA,NA,0
"chr22.4",0,0,0,0,0,0,0,0,0,0,0,0,0,0,0,0,0,0,0,0,0,0,0,NA,NA,NA,NA,NA,NA,NA,NA,NA,NA,0
"chr22.5",0,0,0,0,0,0,0,0,0,0,0,0,0,0,0,0,0,0,0,0,0,0,0,NA,NA,NA,NA,NA,NA,NA,NA,NA,NA,0
"chr22.6",0,0,0,0,0,0,0,0,0,0,0,0,0,0,0,0,0,0,0,0,0,0,0,NA,NA,NA,NA,NA,NA,NA,NA,NA,NA,0
"chr22.7",0,0,0,0,0,0,0,0,0,0,0,0,0,0,0,0,0,0,0,0,0,0,0,NA,NA,NA,NA,NA,NA,NA,NA,NA,NA,0
"chr22.8",0,0,0,0,0,0,0,0,0,0,0,0,0,0,0,0,0,0,0,0,0,0,0,NA,NA,NA,NA,NA,NA,NA,NA,NA,NA,0
"chr22.9",0,0,0,0,0,0,0,0,0,0,0,0,0,0,0,0,0,0,0,0,0,0,0,NA,NA,NA,NA,NA,NA,NA,NA,NA,NA,0
"chr22.10",0,0,0,0,0,0,0,0,0,0,0,0,0,0,0,0,0,0,0,0,0,0,0,NA,NA,NA,NA,NA,NA,NA,NA,NA,NA,0
"chr22.11",0,0,0,0,0,0,0,0,0,0,0,0,0,0,0,0,0,0,0,0,0,0,0,NA,NA,NA,NA,NA,NA,NA,NA,NA,NA,0
"chr22.12",0,0,0,0,0,0,0,0,0,0,0,0,0,0,0,0,0,0,0,0,0,0,0,NA,NA,NA,NA,NA,NA,NA,NA,NA,NA,0
"chr22.13",2,1,0,1,0,2,2,2,0,1,0,2,2,2,2,2,3,2,18,0,4,22,18,NA,NA,NA,NA,NA,NA,NA,NA,NA,NA,16
"chr22.14",5,6,1,4,1,2,6,7,2,13,2,5,7,7,6,13,6,7,108,2,15,125,110,NA,NA,NA,NA,NA,NA,NA,NA,NA,NA,114
"chr22.15",4,4,2,2,2,5,5,4,3,7,3,8,6,9,7,9,5,9,47,3,8,58,50,NA,NA,NA,NA,NA,NA,NA,NA,NA,NA,36
"chr22.16",13,4,3,5,5,4,17,7,7,11,8,8,17,10,17,13,18,9,61,9,14,84,70,35,3,38,1,1,2,124,110,13,97,37
"chr22.17",6,11,4,8,6,4,7,11,7,9,6,11,8,13,9,11,7,13,59,6,7,72,65,NA,NA,NA,NA,NA,NA,NA,NA,NA,NA,36
"chr22.18",8,5,7,6,7,6,10,10,8,7,8,11,10,13,10,10,10,14,47,9,9,65,56,NA,NA,NA,NA,NA,NA,NA,NA,NA,NA,33
"chr22.19",18,12,2,9,2,4,21,15,4,13,5,14,22,18,21,17,21,17,65,4,29,98,69,NA,NA,NA,NA,NA,NA,NA,NA,NA,NA,49
"chr22.20",10,6,5,7,4,6,15,7,8,12,8,10,17,10,16,13,18,13,83,9,18,110,92,58,13,71,0,3,3,184,166,22,144,65
"chr22.21",8,10,10,8,6,5,13,10,11,11,13,11,18,11,18,12,17,13,48,11,15,74,59,NA,NA,NA,NA,NA,NA,NA,NA,NA,NA,30
"chr22.22",8,10,4,10,5,7,15,10,7,12,11,13,17,13,14,12,17,16,54,10,19,83,64,NA,NA,NA,NA,NA,NA,NA,NA,NA,NA,34
"chr22.23",11,16,1,16,1,7,12,19,4,23,2,19,13,21,14,24,15,22,94,2,20,116,96,68,7,75,0,2,2,193,173,9,164,61
"chr22.24",17,5,2,5,3,4,19,9,4,10,6,6,22,11,21,11,23,10,86,3,25,114,89,37,2,39,2,3,5,158,133,7,126,68
"chr22.25",15,4,7,5,6,0,17,6,8,9,8,2,19,6,18,11,19,6,63,6,17,86,69,42,5,47,1,2,3,136,119,12,107,42
"chr22.26",11,8,7,6,7,2,12,8,9,6,8,7,12,8,13,7,14,10,59,10,11,80,69,NA,NA,NA,NA,NA,NA,NA,NA,NA,NA,45
"chr22.27",9,10,3,9,3,3,10,10,3,10,4,10,10,11,9,10,10,12,66,6,16,88,72,45,4,49,3,2,5,142,126,13,113,47
"chr22.28",7,12,3,12,4,7,9,14,4,16,6,19,10,19,11,21,11,20,59,3,16,78,62,NA,NA,NA,NA,NA,NA,NA,NA,NA,NA,34
"chr22.29",12,5,5,5,5,1,13,7,9,9,6,6,14,9,18,10,20,7,77,5,22,104,82,NA,NA,NA,NA,NA,NA,NA,NA,NA,NA,54
"chr22.30",16,12,5,13,5,7,19,14,5,18,8,16,19,19,18,21,19,18,89,7,20,116,96,37,11,48,1,0,1,165,145,19,126,63
"chr22.31",19,13,8,8,7,2,25,14,9,10,13,11,26,14,25,13,25,13,114,6,29,149,120,36,8,44,2,2,4,197,168,16,152,97
"chr22.32",20,9,5,12,5,2,29,12,6,18,14,11,30,12,29,18,29,13,78,6,31,115,84,35,3,38,3,5,8,161,130,12,118,55
"chr22.33",15,8,5,10,7,4,21,12,12,11,15,13,25,14,25,12,26,15,53,14,26,93,67,37,8,45,1,4,5,143,117,23,94,29
"chr22.34",9,9,4,7,4,3,13,10,5,7,9,10,15,13,12,9,14,12,74,7,14,95,81,51,4,55,1,3,4,154,140,12,128,55
"chr22.35",8,11,2,8,5,3,12,11,6,11,8,10,14,14,13,12,13,13,54,6,15,75,60,NA,NA,NA,NA,NA,NA,NA,NA,NA,NA,38
"chr22.36",10,15,4,12,4,4,17,18,6,15,12,17,20,20,19,19,19,19,72,6,22,100,78,39,8,47,1,5,6,153,131,15,116,54
"chr22.37",18,6,4,5,6,3,23,7,6,6,11,7,23,8,23,6,23,9,48,6,25,79,54,37,3,40,0,3,3,122,97,9,88,41
"chr22.38",8,7,5,6,5,2,13,7,8,7,11,9,19,9,16,9,17,10,43,7,18,68,50,NA,NA,NA,NA,NA,NA,NA,NA,NA,NA,29
"chr22.39",8,12,5,13,5,4,17,14,5,16,13,13,17,16,12,17,20,15,61,10,11,82,71,NA,NA,NA,NA,NA,NA,NA,NA,NA,NA,36
"chr22.40",14,7,6,7,6,2,18,7,7,8,10,8,18,8,19,8,19,9,63,5,18,86,68,39,4,43,2,3,5,134,116,11,105,44
"chr22.41",12,7,2,5,2,3,22,10,5,12,12,10,24,14,21,15,25,12,82,7,25,114,89,41,5,46,4,5,9,169,144,16,128,59
"chr22.42",8,15,1,11,0,4,12,16,3,13,5,16,14,19,14,17,13,19,69,2,27,98,71,39,4,43,4,3,7,148,121,10,111,52
"chr22.43",12,6,6,6,5,3,15,6,9,10,11,7,17,7,17,11,17,9,50,7,13,70,57,33,5,38,0,0,0,108,95,12,83,32
"chr22.44",10,9,3,10,2,5,15,11,5,14,8,13,18,14,18,15,18,14,80,5,24,109,85,37,7,44,2,1,3,156,132,14,118,63
"chr22.45",18,13,6,11,4,4,30,13,7,13,16,13,34,15,31,14,34,14,124,7,31,162,131,46,10,56,0,2,2,220,189,17,172,99
"chr22.46",31,13,6,12,10,2,41,16,11,15,21,14,45,19,43,18,43,19,124,13,47,184,137,64,11,75,0,1,1,260,213,24,189,99
"chr22.47",16,15,10,14,8,5,20,15,12,15,13,16,22,18,21,15,21,16,67,14,20,101,81,NA,NA,NA,NA,NA,NA,NA,NA,NA,NA,42
"chr3.1",40,17,7,14,8,8,58,21,11,25,26,23,62,27,58,28,61,27,102,13,61,176,115,NA,NA,NA,NA,NA,NA,NA,NA,NA,NA,71
"chr3.2",35,7,14,7,12,8,50,8,18,11,28,13,55,15,50,13,54,16,88,17,54,159,105,71,5,76,1,2,3,238,184,23,161,70
"chr3.3",27,14,8,12,12,9,35,15,13,15,20,19,36,19,36,17,39,19,84,11,36,131,95,72,5,77,0,3,3,211,175,16,159,59
"chr3.4",19,8,6,9,6,5,35,9,7,12,20,12,38,11,31,13,35,12,84,9,44,137,93,74,5,79,3,2,5,221,177,17,160,65
"chr3.5",14,12,8,12,9,5,23,12,12,14,17,16,26,16,26,18,27,18,67,12,23,102,79,51,4,55,0,2,2,159,136,16,120,39
"chr3.6",31,13,6,14,3,8,40,15,9,22,13,17,42,19,45,25,44,21,118,8,55,181,126,58,7,65,3,2,5,251,196,18,178,80
"chr3.7",51,9,10,14,8,7,67,14,13,23,26,18,72,21,73,25,72,19,119,11,78,208,130,90,16,106,4,1,5,319,241,31,210,89
"chr3.8",28,8,4,8,5,4,42,9,7,9,20,8,49,11,46,12,46,13,107,6,57,170,113,67,5,72,0,2,2,244,187,11,176,86
"chr3.9",21,10,6,11,3,6,30,11,8,14,15,14,32,15,32,18,34,16,69,8,34,111,77,48,6,54,2,0,2,167,133,16,117,42
"chr3.10",12,17,5,16,7,10,19,18,8,16,12,23,21,25,21,21,20,26,72,5,25,102,77,47,7,54,1,2,3,159,134,13,121,46
"chr3.11",23,11,9,7,10,8,32,12,13,11,18,12,34,13,33,14,33,16,64,12,26,102,76,67,6,73,0,0,0,175,149,18,131,39
"chr3.12",13,7,4,8,6,6,16,10,6,11,8,12,16,16,16,14,17,14,56,6,17,79,62,53,6,59,5,2,7,145,128,17,111,29
"chr3.13",17,9,6,10,6,4,22,11,8,12,12,11,25,13,24,13,25,13,61,8,31,100,69,48,6,54,2,3,5,159,128,16,112,46
"chr3.14",15,14,3,13,2,7,20,17,5,17,7,16,21,18,22,19,23,18,91,7,33,131,98,65,4,69,2,1,3,203,170,13,157,68
"chr3.15",16,17,3,19,0,9,18,22,3,24,3,23,23,24,21,25,19,24,68,2,32,102,70,51,7,58,0,0,0,160,128,9,119,43
"chr3.16",8,13,6,10,6,4,10,15,7,13,8,15,10,17,11,17,10,18,58,7,12,77,65,51,5,56,2,1,3,136,124,14,110,34
"chr3.17",19,9,4,9,6,5,25,10,7,14,13,12,27,12,24,17,26,15,81,8,30,119,89,49,6,55,1,3,4,178,148,15,133,61
"chr3.18",16,10,5,12,7,6,25,10,8,16,14,13,28,14,27,17,28,15,62,5,30,97,67,50,5,55,0,1,1,153,123,10,113,41
"chr3.19",24,11,10,14,7,6,42,12,14,16,25,17,48,16,45,21,44,19,97,18,49,164,115,60,10,70,2,3,5,239,190,30,160,74
"chr3.20",36,13,9,11,8,5,47,14,11,14,21,16,50,18,48,17,50,19,104,13,57,174,117,58,9,67,1,2,3,244,187,23,164,73
"chr3.21",27,5,2,6,2,5,33,5,2,9,8,11,35,10,33,12,33,15,68,5,41,114,73,59,6,65,0,3,3,182,141,11,130,49
"chr3.22",45,18,9,14,8,10,71,22,12,19,34,19,79,26,72,21,74,27,116,10,83,209,126,76,2,78,1,0,1,288,205,13,192,91
"chr3.23",33,19,8,19,8,14,42,27,9,30,17,28,46,34,43,34,43,28,106,9,54,169,115,68,4,72,0,2,2,243,189,13,176,78
"chr3.24",15,9,6,9,4,4,21,9,8,11,10,10,24,11,24,11,24,13,73,3,28,104,76,51,6,57,2,5,7,168,140,11,129,53
"chr3.25",16,7,7,6,7,7,23,7,9,8,14,12,24,12,21,11,24,14,58,11,19,88,69,48,9,57,0,1,1,146,127,20,107,42
"chr3.26",13,14,8,11,8,8,18,16,11,15,12,17,20,19,19,17,20,20,84,8,21,113,92,58,6,64,0,2,2,179,158,14,144,57
"chr3.27",37,13,6,15,7,5,52,15,9,16,21,19,58,20,55,18,54,22,114,8,70,192,122,NA,NA,NA,NA,NA,NA,NA,NA,NA,NA,92
"chr3.28",19,13,2,13,4,5,26,15,4,14,11,16,27,19,29,17,27,19,83,5,32,120,88,64,8,72,0,0,0,192,160,13,147,56
"chr3.29",32,18,9,15,9,8,42,18,12,18,22,25,49,25,45,26,47,25,90,7,53,150,97,52,6,58,1,0,1,209,156,14,142,64
"chr3.30",11,12,3,14,1,2,15,15,3,19,7,16,19,17,16,19,16,17,64,5,26,95,69,48,4,52,1,1,2,149,123,10,113,45
"chr3.31",12,10,7,12,6,8,20,15,11,16,11,17,26,21,25,19,22,18,88,5,28,121,93,49,3,52,3,1,4,177,149,11,138,55
"chr3.32",10,8,2,8,3,6,12,9,5,13,6,12,13,13,14,15,14,12,61,5,17,83,66,52,2,54,0,2,2,139,122,7,115,40
"chr3.33",5,13,4,9,4,4,6,13,8,10,5,13,8,16,9,11,9,16,51,3,8,62,54,42,6,48,2,1,3,113,105,11,94,30
"chr3.34",11,9,8,12,7,7,18,11,12,14,14,17,20,16,19,19,20,19,70,12,19,101,82,38,2,40,0,1,1,142,123,14,109,47
"chr3.35",34,13,7,17,8,7,45,19,11,24,21,20,46,23,43,27,49,21,117,16,43,176,133,60,5,65,1,0,1,242,199,22,177,81
"chr3.36",30,14,10,19,11,5,46,15,15,24,27,21,50,18,47,24,47,24,107,17,42,166,124,95,4,99,1,3,4,269,227,22,205,73
"chr3.37",19,10,7,9,7,9,31,12,10,14,21,14,37,17,34,16,36,17,84,10,36,130,94,52,1,53,1,0,1,184,148,12,136,61
"chr3.38",13,12,7,9,7,3,18,13,12,9,12,13,20,14,22,12,21,18,58,7,16,81,65,47,4,51,1,3,4,136,120,12,108,34
"chr3.39",16,12,3,12,3,6,18,15,6,16,8,16,19,18,20,18,19,21,67,9,21,97,76,54,3,57,0,1,1,155,134,12,122,43
"chr3.40",19,7,7,7,6,4,22,10,9,15,9,10,26,13,25,17,25,11,64,7,33,104,71,53,5,58,1,1,2,164,131,13,118,44
"chr3.41",17,14,3,15,3,4,19,16,4,15,5,18,21,18,18,17,19,20,75,5,21,101,80,60,2,62,3,2,5,168,147,10,137,37
"chr3.42",18,13,2,10,2,5,21,14,4,13,7,14,23,16,22,16,22,17,67,6,27,100,73,43,6,49,0,1,1,150,123,12,111,48
"chr3.43",13,5,4,6,4,4,18,6,6,9,10,7,19,8,18,9,20,9,58,7,21,86,65,39,4,43,2,0,2,131,110,13,97,44
"chr3.44",22,3,1,3,5,6,28,5,6,4,10,9,28,9,27,7,28,10,53,9,29,91,62,35,6,41,0,1,1,133,104,15,89,37
"chr3.45",10,3,2,3,1,2,13,4,6,7,4,4,17,6,16,8,20,5,56,7,27,90,63,39,5,44,0,2,2,136,109,12,97,40
"chr3.46",8,7,4,5,4,4,15,8,4,9,13,8,18,10,15,11,17,11,62,6,18,86,68,31,5,36,2,2,4,126,108,13,95,40
"chr3.47",13,7,2,7,4,4,18,8,13,13,9,10,27,10,27,16,26,13,68,5,30,103,73,33,7,40,2,1,3,146,116,14,102,49
"chr3.48",5,7,3,6,3,5,8,8,4,9,6,10,8,10,10,13,9,12,57,5,12,74,62,NA,NA,NA,NA,NA,NA,NA,NA,NA,NA,41
"chr3.49",3,0,2,1,3,2,6,1,5,4,5,2,12,2,9,6,8,2,35,4,14,53,39,NA,NA,NA,NA,NA,NA,NA,NA,NA,NA,26
"chr3.50",9,6,3,6,2,7,15,7,4,8,9,9,18,9,17,11,18,12,53,3,23,79,56,NA,NA,NA,NA,NA,NA,NA,NA,NA,NA,36
"chr3.51",10,7,1,3,3,8,16,7,5,9,8,11,17,11,14,13,17,11,56,7,19,82,63,36,8,44,4,0,4,130,111,19,92,43
"chr3.52",15,8,1,11,0,6,17,12,1,16,3,14,18,15,15,18,17,16,71,8,20,99,79,NA,NA,NA,NA,NA,NA,NA,NA,NA,NA,49
"chr3.53",9,6,3,6,3,7,13,8,5,10,9,9,17,11,17,13,16,9,56,7,26,89,63,53,5,58,1,2,3,150,124,13,111,46
"chr3.54",9,5,2,4,2,5,11,6,3,7,5,7,14,9,12,8,13,8,41,7,19,67,48,61,6,67,0,2,2,136,117,13,104,32
"chr3.55",22,3,5,2,5,2,27,5,5,5,9,3,28,6,25,5,28,5,48,8,28,84,56,41,7,48,2,3,5,137,109,17,92,37
"chr3.56",17,3,6,3,5,5,22,4,9,5,11,7,26,8,26,7,24,10,54,8,27,89,62,40,8,48,1,0,1,138,111,17,94,38
"chr3.57",12,9,5,8,4,6,15,9,5,10,7,13,17,16,15,12,15,16,57,9,23,89,66,29,1,30,1,3,4,123,100,11,89,38
"chr3.58",12,7,6,4,6,4,18,8,7,6,12,7,18,10,16,9,19,9,51,10,18,79,61,NA,NA,NA,NA,NA,NA,NA,NA,NA,NA,37
"chr3.59",8,6,4,5,4,7,12,7,5,8,8,9,12,10,10,9,13,13,57,7,15,79,64,NA,NA,NA,NA,NA,NA,NA,NA,NA,NA,45
"chr3.60",11,8,2,8,4,6,12,9,4,10,4,12,14,11,12,13,12,14,63,3,21,87,66,50,9,59,1,2,3,149,128,13,115,45
"chr3.61",23,4,10,5,7,5,26,4,11,7,8,8,30,9,29,11,28,14,66,10,31,107,76,NA,NA,NA,NA,NA,NA,NA,NA,NA,NA,51
"chr3.62",9,8,1,9,2,7,13,9,6,19,4,13,15,13,16,20,15,17,75,3,23,101,78,40,5,45,0,4,4,150,127,8,119,51
"chr3.63",21,7,8,5,6,4,26,7,12,8,8,6,31,8,30,8,28,9,69,8,34,111,77,66,6,72,0,7,7,190,156,14,142,49
"chr3.64",16,9,0,5,0,5,18,9,2,13,2,12,21,13,19,17,19,14,62,2,32,96,64,57,2,59,2,1,3,158,126,6,120,49
"chr3.65",11,3,3,3,2,3,14,3,3,5,6,5,16,5,14,6,15,7,50,5,21,76,55,34,8,42,1,0,1,119,98,14,84,41
"chr3.66",9,6,8,6,8,3,13,11,8,11,11,9,14,14,13,12,16,14,58,9,18,85,67,34,4,38,1,2,3,126,108,14,94,45
"chr3.67",14,7,5,4,5,5,15,10,6,9,7,9,16,12,14,10,15,13,57,9,15,81,66,NA,NA,NA,NA,NA,NA,NA,NA,NA,NA,44
"chr3.68",22,7,6,5,8,3,26,13,11,14,13,9,32,15,31,17,30,11,84,9,31,124,93,40,9,49,1,1,2,175,144,19,125,56
"chr3.69",29,13,9,10,9,14,32,19,11,19,13,20,37,27,34,24,34,24,89,10,45,144,99,65,9,74,2,2,4,222,177,21,156,70
"chr3.70",18,5,2,5,4,6,20,7,6,9,7,10,21,11,21,10,23,15,56,6,25,87,62,53,9,62,3,3,6,155,130,18,112,43
"chr3.71",36,16,4,15,4,8,43,19,10,20,11,22,45,26,43,26,48,24,110,11,45,166,121,50,8,58,1,3,4,228,183,20,163,73
"chr3.72",12,5,2,7,2,5,12,6,2,14,2,9,12,9,13,15,12,9,44,2,12,58,46,52,6,58,2,2,4,120,108,10,98,35
"chr3.73",24,7,4,5,5,3,30,7,8,7,11,8,33,9,32,9,33,12,68,8,35,111,76,53,9,62,1,5,6,179,144,18,126,50
"chr3.74",36,6,1,6,1,7,38,8,3,10,3,12,39,14,40,15,39,15,95,3,42,140,98,50,8,58,2,2,4,202,160,13,147,61
"chr3.75",31,7,5,12,5,4,34,9,7,16,10,14,42,13,37,18,36,16,103,7,50,160,110,59,6,65,2,3,5,230,180,15,165,80
"chr3.76",49,10,9,10,10,11,56,13,12,19,18,16,60,18,58,22,61,20,114,10,68,192,124,NA,NA,NA,NA,NA,NA,NA,NA,NA,NA,89
"chr3.77",51,20,7,16,2,12,55,23,8,25,10,28,59,30,55,30,57,32,136,10,62,208,146,NA,NA,NA,NA,NA,NA,NA,NA,NA,NA,104
"chr3.78",38,17,5,17,7,8,40,19,7,20,9,24,42,25,42,22,41,27,125,9,47,181,134,85,4,89,2,4,6,276,229,15,214,97
"chr3.79",34,14,5,16,4,4,37,18,5,20,7,19,38,21,39,22,40,21,101,4,50,155,105,52,9,61,0,2,2,218,168,13,155,70
"chr3.80",52,7,5,10,3,5,74,12,6,13,27,14,77,15,75,17,76,15,131,7,84,222,138,57,7,64,0,3,3,289,205,14,191,113
"chr3.81",67,16,2,17,4,7,85,16,4,21,23,20,87,21,85,25,87,24,171,8,95,274,179,92,8,100,2,2,4,378,283,18,265,139
"chr3.82",33,13,6,11,7,12,41,15,10,18,18,20,48,23,45,24,46,23,131,10,51,192,141,54,6,60,3,0,3,255,204,19,185,105
"chr3.83",45,29,8,27,7,15,62,31,11,39,26,34,68,39,69,40,66,43,176,5,86,267,181,82,15,97,3,1,4,368,282,23,259,129
"chr3.84",73,17,9,19,8,16,118,19,12,35,54,32,121,30,120,40,120,36,207,10,135,352,217,108,10,118,1,5,6,476,341,21,320,164
"chr3.85",72,22,10,20,11,13,95,27,13,31,34,30,97,33,100,37,100,37,235,10,120,365,245,115,14,129,2,5,7,501,381,26,355,178
"chr3.86",53,17,10,18,7,13,65,20,11,30,21,25,71,26,70,36,69,26,155,9,85,249,164,NA,NA,NA,NA,NA,NA,NA,NA,NA,NA,123
"chr3.87",74,18,11,15,9,11,98,21,12,21,30,23,101,27,99,24,101,29,194,10,106,310,204,76,12,88,3,3,6,404,298,25,273,159
"chr3.88",40,15,5,16,2,5,51,18,5,19,14,19,54,21,54,22,53,22,131,5,61,197,136,70,6,76,0,1,1,274,213,11,202,100
"chr3.89",8,5,0,9,0,8,9,11,1,15,1,16,10,17,9,17,10,18,128,1,13,142,129,86,8,94,2,3,5,241,228,11,217,127
"chr3.90",15,4,0,4,0,7,19,6,0,12,4,11,21,13,19,13,19,11,149,0,29,178,149,104,5,109,3,4,7,294,265,8,257,150
"chr3.91",37,14,5,17,5,6,45,18,6,22,13,22,47,23,49,26,47,24,128,4,64,196,132,56,13,69,2,1,3,268,204,19,185,96
"chr3.92",57,12,10,17,8,7,81,16,14,26,33,22,89,22,86,28,84,24,144,14,92,250,158,86,4,90,4,1,5,345,253,22,231,118
"chr3.93",65,13,3,18,4,11,86,18,6,28,25,24,90,26,87,34,88,27,167,12,104,283,179,86,15,101,1,2,3,387,283,28,255,141
"chr3.94",54,22,13,19,11,10,68,24,15,25,26,25,72,27,71,27,74,26,153,9,80,242,162,53,14,67,2,1,3,312,232,25,207,116
"chr3.95",21,12,4,10,5,5,26,14,9,16,10,14,27,17,30,17,30,18,87,9,41,137,96,78,5,83,2,2,4,224,183,16,167,72
"chr3.96",16,18,3,13,2,11,19,20,3,17,7,21,23,22,22,19,21,23,92,3,35,130,95,47,11,58,2,2,4,192,157,16,141,69
"chr3.97",10,10,2,12,3,11,15,12,7,21,7,18,20,19,21,25,20,21,78,3,26,107,81,44,7,51,0,2,2,160,134,10,124,57
"chr3.98",21,11,6,6,4,6,27,11,6,7,12,12,29,15,29,11,28,16,74,8,38,120,82,54,6,60,1,2,3,183,145,15,130,54
"chr3.99",30,9,13,10,10,5,36,11,16,13,19,14,41,15,43,16,38,16,69,14,51,134,83,54,5,59,1,2,3,196,145,20,125,48
"chr3.100",46,18,13,16,11,13,54,19,17,21,22,25,64,28,60,24,60,27,151,14,77,242,165,85,8,93,1,1,2,337,260,23,237,123
"chr3.101",40,22,10,24,9,10,51,24,13,27,22,28,56,31,52,28,55,32,148,13,64,225,161,91,14,105,3,1,4,334,270,30,240,109
"chr3.102",25,11,8,7,7,7,28,13,8,11,12,14,33,15,31,15,32,16,103,9,46,158,112,48,4,52,0,0,0,210,164,13,151,85
"chr3.103",34,13,5,12,4,10,41,15,7,16,11,18,43,21,42,19,42,23,124,5,50,179,129,46,11,57,0,0,0,236,186,16,170,92
"chr3.104",21,9,8,11,7,9,28,10,9,14,12,14,32,15,32,18,30,15,97,6,32,135,103,54,2,56,2,0,2,193,161,10,151,70
"chr3.105",9,11,2,12,2,5,14,13,3,14,7,13,17,15,13,16,14,16,78,3,23,104,81,57,10,67,1,3,4,175,152,14,138,57
"chr3.106",36,14,4,14,4,6,42,19,6,18,10,18,42,23,41,20,45,21,115,8,57,180,123,NA,NA,NA,NA,NA,NA,NA,NA,NA,NA,86
"chr3.107",24,14,9,10,10,5,29,16,13,15,15,17,33,20,34,19,33,22,79,11,40,130,90,56,9,65,1,0,1,196,156,21,135,56
"chr3.108",17,12,11,10,8,10,26,12,12,16,15,19,31,19,30,19,27,19,92,9,33,134,101,57,10,67,1,0,1,202,169,20,149,68
"chr3.109",17,8,5,9,6,5,22,8,8,13,11,10,24,11,23,13,24,12,81,7,25,113,88,31,3,34,1,1,2,149,124,11,113,60
"chr3.110",12,6,4,9,3,8,17,10,7,13,8,14,21,15,23,18,20,14,65,5,30,100,70,53,6,59,2,2,4,163,133,13,120,42
"chr3.111",11,13,1,14,1,9,18,13,6,16,8,17,21,17,20,18,20,19,90,7,35,132,97,46,8,54,0,2,2,188,153,15,138,69
"chr3.112",32,14,8,16,8,5,37,15,9,20,13,18,40,20,40,24,39,22,102,8,48,158,110,59,12,71,0,1,1,230,182,20,162,77
"chr3.113",57,8,6,7,4,4,81,9,7,8,28,10,83,11,76,8,83,11,136,13,84,233,149,58,13,71,1,5,6,310,226,27,199,117
"chr3.114",45,13,11,14,6,8,67,14,12,18,32,21,74,22,68,20,71,23,135,16,87,238,151,NA,NA,NA,NA,NA,NA,NA,NA,NA,NA,108
"chr3.115",48,18,16,17,12,12,65,19,18,24,28,27,73,27,71,27,67,29,181,14,84,279,195,72,9,81,2,5,7,367,283,25,258,145
"chr3.116",20,9,4,9,4,6,35,12,7,14,20,12,37,13,34,16,38,13,99,12,43,154,111,30,5,35,2,3,5,194,151,19,132,82
"chr3.117",11,8,6,7,5,8,16,9,6,9,9,14,18,15,17,11,17,17,77,7,25,109,84,35,5,40,3,1,4,153,128,15,113,59
"chr3.118",22,12,5,11,3,7,32,12,6,17,14,15,34,17,32,19,32,19,140,9,48,197,149,NA,NA,NA,NA,NA,NA,NA,NA,NA,NA,119
"chr3.119",10,11,2,10,3,5,16,15,4,17,8,14,16,18,15,18,17,17,78,6,19,103,84,54,9,63,2,7,9,175,156,17,139,54
"chr3.120",11,9,5,9,8,10,19,11,9,16,12,15,19,17,18,17,19,20,72,6,15,93,78,52,7,59,1,0,1,153,138,14,124,43
"chr3.121",15,10,6,7,5,7,20,11,9,12,11,14,25,16,23,16,22,17,83,6,22,111,89,54,6,60,2,0,2,173,151,14,137,63
"chr3.122",12,9,3,11,3,4,15,11,5,14,6,13,16,14,17,16,16,13,74,4,19,97,78,65,12,77,3,4,7,181,162,19,143,53
"chr3.123",15,12,6,11,6,6,23,13,8,17,13,15,25,17,22,19,24,17,83,10,19,112,93,NA,NA,NA,NA,NA,NA,NA,NA,NA,NA,57
"chr3.124",15,8,6,4,5,6,18,11,6,7,9,10,19,14,18,10,20,14,84,7,18,109,91,57,5,62,0,0,0,171,153,12,141,68
"chr3.125",21,10,7,11,7,4,23,16,8,19,10,15,26,19,27,22,26,20,75,6,32,113,81,46,7,53,3,4,7,173,141,16,125,52
"chr3.126",7,6,6,7,4,1,11,6,7,9,10,7,15,8,14,10,15,9,52,7,16,75,59,49,14,63,1,3,4,142,126,22,104,31
"chr3.127",13,6,8,7,4,4,24,7,12,9,17,9,30,8,28,12,28,9,72,10,36,118,82,NA,NA,NA,NA,NA,NA,NA,NA,NA,NA,58
"chr3.128",13,10,5,10,6,7,19,11,7,14,12,16,21,15,20,16,20,18,76,8,23,107,84,43,5,48,0,3,3,158,135,13,122,50
"chr3.129",13,12,6,12,5,6,18,14,9,16,9,15,21,16,22,18,20,19,77,7,22,106,84,64,8,72,0,1,1,179,157,15,142,49
"chr3.130",20,8,1,7,2,8,24,9,2,11,6,12,24,13,23,13,24,14,91,3,36,130,94,NA,NA,NA,NA,NA,NA,NA,NA,NA,NA,76
"chr3.131",11,5,7,4,5,9,16,6,9,10,12,11,22,13,25,14,19,14,70,7,30,107,77,52,4,56,1,1,2,165,135,12,123,55
"chr3.132",37,6,8,7,8,5,52,7,10,9,24,11,55,13,53,10,54,14,130,10,53,193,140,71,4,75,1,1,2,270,217,15,202,103
"chr3.133",11,9,3,8,4,1,17,11,5,12,11,9,20,12,17,13,19,9,80,6,26,112,86,NA,NA,NA,NA,NA,NA,NA,NA,NA,NA,59
"chr3.134",19,9,7,9,5,3,27,12,7,14,13,9,31,14,28,15,29,16,135,4,42,181,139,NA,NA,NA,NA,NA,NA,NA,NA,NA,NA,110
"chr3.135",12,11,6,13,5,6,16,12,7,15,9,14,17,14,19,17,16,16,84,5,18,107,89,48,5,53,1,0,1,161,143,11,132,61
"chr3.136",21,5,5,8,5,2,24,10,6,13,10,8,27,11,25,13,25,11,85,9,40,134,94,53,5,58,0,2,2,194,154,14,140,67
"chr3.137",21,6,5,8,5,4,29,10,8,13,15,11,32,13,35,16,34,12,136,5,42,183,141,66,11,77,3,3,6,266,224,19,205,111
"chr3.138",13,10,9,10,7,5,18,11,11,16,16,14,25,15,24,20,24,16,86,11,29,126,97,63,4,67,1,3,4,197,168,16,152,61
"chr3.139",14,10,6,7,5,6,22,10,7,12,13,10,23,14,21,14,23,13,65,9,18,92,74,44,6,50,3,2,5,147,129,18,111,48
"chr3.140",19,8,5,8,5,9,24,11,6,9,10,17,27,17,24,15,24,19,95,5,30,130,100,45,5,50,3,2,5,185,155,13,142,67
"chr3.141",30,13,3,15,4,8,53,13,5,18,30,18,58,18,55,20,60,22,127,11,55,193,138,51,3,54,0,4,4,251,196,14,182,94
"chr3.142",54,17,4,19,2,6,77,20,5,27,26,21,80,23,79,30,79,23,147,4,95,246,151,72,8,80,1,5,6,332,237,13,224,113
"chr3.143",31,7,4,5,3,3,41,7,4,8,13,8,44,9,42,9,41,10,92,5,53,150,97,55,6,61,2,1,3,214,161,13,148,77
"chr3.144",66,17,8,20,7,5,87,21,10,26,29,20,91,22,86,27,90,20,171,14,98,283,185,79,10,89,3,3,6,378,280,27,253,137
"chr3.145",33,6,5,6,5,3,50,8,9,11,22,8,51,11,51,11,50,10,114,13,63,190,127,56,9,65,5,2,7,262,199,27,172,97
"chr3.146",7,9,5,11,4,4,13,11,5,15,11,14,16,14,15,18,14,15,65,5,21,91,70,45,10,55,1,3,4,150,129,16,113,44
"chr3.147",9,9,3,10,3,5,16,11,5,13,10,14,17,15,18,16,17,15,60,5,23,88,65,35,8,43,0,6,6,137,114,13,101,41
"chr3.148",24,3,8,5,9,5,28,3,13,8,14,9,30,8,32,10,31,12,84,9,36,129,93,63,4,67,0,1,1,197,161,13,148,59
"chr3.149",13,14,4,11,3,8,19,18,4,12,9,16,20,20,18,15,19,21,82,5,22,109,87,59,4,63,1,2,3,175,153,10,143,59
"chr3.150",20,8,9,6,9,12,42,9,10,10,27,15,43,16,41,15,43,19,102,13,40,155,115,61,10,71,0,2,2,228,188,23,165,81
"chr3.151",23,7,5,8,7,7,35,8,9,12,20,13,37,15,36,17,38,14,102,13,42,157,115,59,6,65,3,1,4,226,184,22,162,71
"chr3.152",22,12,9,14,9,3,26,18,11,21,14,14,27,18,25,23,28,15,92,10,25,127,102,54,7,61,1,4,5,193,168,18,150,70
"chr3.153",16,7,5,7,4,7,19,8,6,9,8,13,21,15,22,13,22,18,80,8,27,115,88,65,7,72,2,2,4,191,164,17,147,56
"chr3.154",16,5,5,9,6,7,23,8,6,16,14,12,25,13,22,19,24,14,88,8,28,124,96,64,9,73,1,3,4,201,173,18,155,71
"chr3.155",22,6,4,8,4,4,27,7,6,15,11,11,30,11,31,17,33,12,78,6,36,120,84,NA,NA,NA,NA,NA,NA,NA,NA,NA,NA,52
"chr3.156",32,6,3,6,3,5,36,9,3,15,8,9,41,12,38,15,40,13,91,4,53,148,95,65,6,71,3,2,5,224,171,13,158,76
"chr3.157",7,9,2,10,1,5,16,10,4,12,10,14,17,14,13,17,17,14,77,8,19,104,85,63,7,70,2,0,2,176,157,17,140,54
"chr3.158",33,6,8,7,7,1,44,8,10,9,18,7,47,10,44,10,44,8,67,8,51,126,75,44,3,47,0,0,0,173,122,11,111,52
"chr3.159",37,23,5,22,2,11,54,24,5,29,21,30,58,32,60,33,56,32,143,6,64,213,149,65,12,77,1,3,4,294,230,19,211,97
"chr3.160",62,26,7,24,6,10,87,27,9,31,35,34,93,36,91,37,97,36,166,10,99,275,176,81,8,89,1,0,1,365,266,19,247,120
"chr3.161",52,20,5,16,5,11,71,24,9,26,24,25,75,29,72,28,74,29,197,15,87,299,212,92,11,103,5,2,7,409,322,31,291,163
"chr3.162",45,14,4,15,3,7,73,15,7,21,33,21,78,21,77,22,78,23,139,8,92,239,147,109,7,116,3,0,3,358,266,18,248,115
"chr3.163",49,24,6,27,5,12,70,26,7,32,28,30,73,31,70,37,71,31,173,9,88,270,182,76,9,85,0,1,1,356,268,18,250,126
"chr3.164",44,12,8,10,5,4,62,13,15,16,25,15,66,17,66,21,66,18,134,17,65,216,151,72,11,83,0,0,0,299,234,28,206,107
"chr3.165",23,12,5,7,6,11,29,12,7,15,14,17,32,18,31,19,33,20,107,7,38,152,114,63,7,70,1,3,4,226,188,15,173,76
"chr3.166",16,18,6,12,7,9,22,18,11,19,14,23,22,24,22,25,22,25,102,12,30,144,114,62,12,74,1,0,1,219,189,25,164,75
"chr3.167",19,12,6,13,6,8,20,13,9,17,9,16,20,16,21,17,23,16,73,10,23,106,83,64,7,71,1,1,2,179,156,18,138,57
"chr3.168",12,7,3,7,4,3,18,8,5,12,10,10,18,12,18,12,18,12,65,7,21,93,72,60,7,67,3,2,5,165,144,17,127,46
"chr3.169",7,5,2,6,2,6,13,6,4,12,9,11,16,11,13,13,15,12,60,4,19,83,64,50,12,62,0,3,3,148,129,16,113,47
"chr3.170",21,12,4,9,3,8,35,14,8,13,18,17,38,20,38,16,40,20,127,6,52,185,133,59,7,66,2,1,3,254,202,15,187,102
"chr3.171",32,7,6,5,5,4,37,9,7,12,11,8,40,12,41,13,39,10,103,5,46,154,108,54,7,61,3,1,4,219,173,15,158,87
"chr3.172",22,9,8,10,4,4,29,10,11,15,12,13,35,13,36,18,33,16,79,6,39,124,85,NA,NA,NA,NA,NA,NA,NA,NA,NA,NA,57
"chr3.173",35,11,7,11,5,6,48,11,10,13,18,16,52,16,46,18,48,19,100,12,56,168,112,66,5,71,0,2,2,241,185,17,168,74
"chr3.174",17,4,6,6,5,9,23,7,6,10,13,13,25,14,24,14,25,14,66,10,31,107,76,65,9,74,0,2,2,183,152,19,133,51
"chr3.175",24,6,4,3,5,8,28,7,6,7,10,9,29,12,29,8,30,15,83,5,31,119,88,47,7,54,0,5,5,178,147,12,135,69
"chr3.176",21,9,6,8,6,4,25,10,7,11,12,11,28,12,30,13,26,15,72,6,34,112,78,44,2,46,2,3,5,163,129,10,119,53
"chr3.177",41,5,8,5,5,5,50,9,10,15,15,6,55,12,54,17,51,10,135,9,68,212,144,54,10,64,0,1,1,277,209,19,190,119
"chr3.178",22,5,7,7,7,4,32,11,9,13,17,9,37,13,32,15,36,12,127,8,45,180,135,60,6,66,0,2,2,248,203,14,189,100
"chr3.179",32,14,8,17,8,13,42,17,10,23,17,20,45,22,44,24,43,23,110,10,49,169,120,78,9,87,2,1,3,259,210,21,189,83
"chr3.180",16,9,5,11,5,9,21,12,7,22,10,19,22,20,23,25,23,22,74,6,29,109,80,42,5,47,3,2,5,161,132,14,118,53
"chr3.181",9,3,4,8,4,6,14,6,8,12,7,13,18,11,16,15,14,13,79,6,21,106,85,59,10,69,1,1,2,177,156,17,139,60
"chr3.182",8,5,4,4,4,2,10,5,4,5,7,5,13,8,9,5,11,7,66,6,16,88,72,52,4,56,0,1,1,145,129,10,119,54
"chr3.183",14,13,6,11,6,18,23,14,7,28,13,26,24,27,25,30,24,29,76,9,27,112,85,45,4,49,1,1,2,163,136,14,122,56
"chr3.184",12,11,5,9,3,12,18,14,8,15,10,18,20,21,22,20,19,21,86,6,23,115,92,56,6,62,1,2,3,180,157,13,144,52
"chr3.185",10,5,6,5,4,6,15,8,6,11,9,10,16,12,15,13,16,12,48,7,13,68,55,48,7,55,1,3,4,127,114,15,99,32
"chr3.186",11,15,2,15,1,5,14,16,3,19,6,14,17,16,17,19,16,17,75,5,21,101,80,42,9,51,1,3,4,156,135,15,120,50
"chr3.187",7,9,3,9,3,5,8,10,5,11,4,13,10,13,10,13,9,13,64,2,20,86,66,49,4,53,0,3,3,142,122,6,116,48
"chr3.188",28,10,5,15,5,8,34,13,7,22,10,18,36,17,33,23,35,20,95,5,42,142,100,56,10,66,0,3,3,211,169,15,154,73
"chr3.189",23,17,5,16,8,9,37,20,10,25,19,23,38,26,36,31,40,25,128,9,62,199,137,65,8,73,1,0,1,273,211,18,193,96
"chr3.190",10,12,4,10,5,9,15,12,6,15,10,17,18,18,15,18,17,18,81,8,28,117,89,57,10,67,1,4,5,189,161,19,142,62
"chr3.191",7,13,2,13,3,5,9,13,5,17,6,15,12,14,14,20,12,16,78,4,21,103,82,49,8,57,3,1,4,164,143,15,128,51
"chr3.192",11,13,5,10,5,6,14,16,5,17,9,16,15,17,16,22,16,19,92,8,24,124,100,NA,NA,NA,NA,NA,NA,NA,NA,NA,NA,59
"chr3.193",10,13,5,10,5,12,11,16,6,16,6,20,13,24,11,19,13,25,74,7,20,101,81,NA,NA,NA,NA,NA,NA,NA,NA,NA,NA,50
"chr3.194",8,12,5,9,5,8,11,14,6,13,10,16,14,18,15,18,14,17,79,6,19,104,85,NA,NA,NA,NA,NA,NA,NA,NA,NA,NA,58
"chr4.1",20,17,5,18,5,7,26,23,9,23,13,24,29,26,28,26,28,30,87,13,31,131,100,NA,NA,NA,NA,NA,NA,NA,NA,NA,NA,54
"chr4.2",15,12,4,11,7,1,23,18,8,17,16,11,26,18,24,17,26,18,81,11,26,118,92,NA,NA,NA,NA,NA,NA,NA,NA,NA,NA,62
"chr4.3",11,11,6,9,7,4,15,13,11,13,13,10,19,14,19,13,21,14,57,9,15,81,66,50,5,55,5,5,10,146,131,19,112,40
"chr4.4",15,9,5,8,5,10,21,13,6,15,14,17,23,22,22,19,23,21,91,13,27,131,104,NA,NA,NA,NA,NA,NA,NA,NA,NA,NA,73
"chr4.5",26,7,2,9,2,8,37,7,6,9,13,14,37,12,37,11,38,17,86,10,36,132,96,NA,NA,NA,NA,NA,NA,NA,NA,NA,NA,63
"chr4.6",34,11,4,13,6,7,38,13,6,15,10,16,41,16,40,16,39,18,85,10,45,140,95,46,9,55,1,2,3,198,153,20,133,66
"chr4.7",13,6,4,5,5,4,23,6,6,10,12,8,26,10,24,12,25,10,79,6,27,112,85,35,11,46,1,2,3,161,134,18,116,54
"chr4.8",9,9,2,8,4,2,17,9,6,9,15,8,24,10,22,12,24,15,66,8,26,100,74,46,11,57,1,1,2,159,133,20,113,46
"chr4.9",26,10,9,8,9,5,31,12,9,13,14,12,32,15,32,15,34,16,100,7,34,141,107,NA,NA,NA,NA,NA,NA,NA,NA,NA,NA,79
"chr4.10",15,8,4,11,5,2,22,13,5,13,10,12,24,14,21,13,22,13,83,11,26,120,94,NA,NA,NA,NA,NA,NA,NA,NA,NA,NA,71
"chr4.11",35,11,10,10,11,8,44,14,11,16,20,15,46,17,42,17,47,19,121,19,44,184,140,55,11,66,2,1,3,253,209,32,177,90
"chr4.12",52,12,8,14,7,9,67,16,11,15,21,19,69,19,63,18,67,20,107,17,72,196,124,53,13,66,0,5,5,267,195,30,165,75
"chr4.13",53,15,9,15,9,6,64,18,14,20,21,19,66,21,68,20,68,21,147,13,69,229,160,48,11,59,1,4,5,293,224,25,199,120
"chr4.14",33,12,12,10,9,2,40,13,14,13,19,12,45,13,46,15,44,13,85,15,51,151,100,65,13,78,2,4,6,235,184,30,154,66
"chr4.15",28,16,5,21,5,7,38,21,7,25,15,22,39,24,36,25,38,24,107,8,43,158,115,61,8,69,1,1,2,229,186,17,169,79
"chr4.16",18,11,8,15,6,8,23,16,9,18,11,19,28,19,24,20,24,22,79,8,31,118,87,54,7,61,0,3,3,182,151,15,136,60
"chr4.17",28,11,4,10,5,8,36,13,6,13,12,16,39,17,36,16,36,18,114,7,38,159,121,43,7,50,0,2,2,211,173,14,159,95
"chr4.18",30,17,4,16,4,9,40,18,7,20,12,19,43,20,40,20,42,20,102,9,47,158,111,44,6,50,1,1,2,210,163,16,147,83
"chr4.19",30,13,6,12,7,7,45,17,7,17,21,17,45,20,43,20,46,18,140,10,52,202,150,55,4,59,0,3,3,264,212,14,198,112
"chr4.20",32,5,7,3,7,4,40,8,9,10,13,7,43,11,40,11,42,9,104,10,45,159,114,64,6,70,2,4,6,235,190,18,172,85
"chr4.21",41,16,1,14,5,8,50,22,7,21,13,21,52,26,47,24,51,23,121,10,52,183,131,49,9,58,0,0,0,241,189,19,170,97
"chr4.22",49,8,9,10,8,7,63,12,15,20,21,15,69,17,67,21,66,20,141,13,69,223,154,53,9,62,2,1,3,288,219,24,195,118
"chr4.23",44,9,5,9,6,3,55,12,6,11,17,12,61,13,55,12,58,16,140,5,71,216,145,72,3,75,0,4,4,295,224,8,216,118
"chr4.24",26,20,7,17,5,9,29,21,12,22,14,24,37,26,37,26,38,28,114,16,49,179,130,50,7,57,1,2,3,239,190,24,166,87
"chr4.25",11,14,6,17,6,6,15,15,6,19,10,17,16,17,16,19,16,17,79,12,16,107,91,57,6,63,0,3,3,173,157,18,139,56
"chr4.26",6,9,4,8,5,5,11,13,7,15,10,11,13,16,10,18,12,13,70,9,18,97,79,46,3,49,0,0,0,146,128,12,116,50
"chr4.27",9,10,3,7,3,7,16,12,3,10,10,14,18,17,14,14,16,16,75,7,22,104,82,53,11,64,3,2,5,173,151,21,130,57
"chr4.28",22,17,5,15,6,9,38,19,9,18,22,21,42,25,39,20,41,28,155,13,45,213,168,73,13,86,1,0,1,300,255,27,228,126
"chr4.29",51,16,7,17,9,8,73,23,9,28,32,24,76,29,75,33,76,29,168,10,86,264,178,51,9,60,1,3,4,328,242,20,222,132
"chr4.30",47,26,12,19,11,10,64,28,13,25,28,27,69,32,66,29,67,31,193,16,73,282,209,57,4,61,1,0,1,344,271,21,250,155
"chr4.31",43,21,7,22,6,6,62,27,9,30,23,24,66,28,62,33,64,26,160,15,69,244,175,58,14,72,0,0,0,316,247,29,218,120
"chr4.32",39,13,5,15,6,6,46,16,6,21,12,18,47,20,45,21,46,18,115,6,51,172,121,58,7,65,1,3,4,241,190,14,176,85
"chr4.33",39,7,2,13,2,2,48,12,3,15,12,13,50,14,46,16,50,15,129,6,54,189,135,58,7,65,2,2,4,258,204,15,189,103
"chr4.34",66,12,8,11,9,3,87,15,12,13,28,14,90,16,88,17,89,16,162,13,95,270,175,70,5,75,0,1,1,346,251,18,233,135
"chr4.35",44,15,5,13,4,7,63,16,7,19,23,18,66,20,63,21,67,22,134,10,72,216,144,68,9,77,0,0,0,293,221,19,202,109
"chr4.36",46,15,15,18,12,9,58,20,18,27,26,22,63,24,63,29,63,23,163,14,66,243,177,62,6,68,2,0,2,313,247,22,225,126
"chr4.37",24,12,3,14,4,3,39,13,5,18,18,13,39,14,35,19,39,16,126,9,41,176,135,54,3,57,0,3,3,236,195,12,183,99
"chr4.38",16,14,4,8,2,8,24,15,6,10,13,16,30,19,28,14,29,20,96,7,29,132,103,37,9,46,0,2,2,180,151,16,135,74
"chr4.39",16,9,6,11,6,4,21,12,9,16,12,12,23,14,21,17,21,12,76,13,21,110,89,51,2,53,0,0,0,163,142,15,127,54
"chr4.40",12,12,4,10,2,6,13,14,6,14,4,14,14,17,18,17,15,17,62,5,18,85,67,NA,NA,NA,NA,NA,NA,NA,NA,NA,NA,37
"chr4.41",11,7,6,7,6,9,15,9,9,15,8,14,19,15,16,15,16,17,61,9,14,84,70,NA,NA,NA,NA,NA,NA,NA,NA,NA,NA,49
"chr4.42",9,7,5,9,5,5,19,10,8,15,13,12,22,13,20,15,21,13,75,7,22,104,82,42,4,46,1,2,3,153,131,12,119,47
"chr4.43",18,14,7,13,9,5,20,16,11,17,11,17,22,19,23,18,22,20,117,14,20,151,131,43,5,48,0,4,4,203,183,19,164,84
"chr4.44",37,9,8,13,6,2,46,10,10,20,14,9,49,11,47,22,47,12,156,12,47,215,168,57,5,62,1,3,4,281,234,18,216,125
"chr4.45",44,9,4,7,4,10,63,9,4,7,23,16,63,16,59,12,64,17,155,10,69,234,165,35,5,40,1,2,3,277,208,16,192,131
"chr4.46",38,14,9,14,9,4,50,18,11,22,22,15,54,19,51,24,52,18,160,16,60,236,176,60,7,67,0,1,1,304,244,23,221,124
"chr4.47",57,18,14,18,10,4,70,19,14,25,23,20,75,23,73,26,71,25,181,16,76,273,197,61,7,68,1,4,5,346,270,24,246,139
"chr4.48",19,11,9,9,7,4,30,13,11,10,16,12,35,13,33,12,31,14,120,9,36,165,129,43,4,47,3,1,4,216,180,16,164,100
"chr4.49",4,6,1,6,1,4,6,8,1,8,3,9,7,11,6,9,6,11,71,0,9,80,71,38,7,45,2,1,3,128,119,9,110,65
"chr4.50",14,3,0,2,0,5,15,4,0,6,1,6,16,8,14,6,15,8,91,1,21,113,92,NA,NA,NA,NA,NA,NA,NA,NA,NA,NA,94
"chr4.51",25,9,5,6,5,8,28,13,6,13,9,13,31,19,30,17,29,17,104,10,33,147,114,NA,NA,NA,NA,NA,NA,NA,NA,NA,NA,77
"chr4.52",24,6,4,5,4,3,29,7,6,8,10,9,32,10,34,10,32,12,89,5,40,134,94,53,10,63,0,0,0,197,157,15,142,61
"chr4.53",13,11,1,10,2,7,17,12,2,14,5,14,18,16,15,14,17,14,70,4,22,96,74,41,7,48,2,5,7,151,129,13,116,54
"chr4.54",14,8,7,9,8,3,20,9,11,11,11,12,22,11,23,14,22,13,79,6,24,109,85,38,6,44,2,4,6,159,135,14,121,57
"chr4.55",22,8,2,7,2,3,33,9,3,10,16,9,37,12,36,11,37,13,97,7,40,144,104,NA,NA,NA,NA,NA,NA,NA,NA,NA,NA,80
"chr4.56",50,25,8,24,8,9,66,26,10,25,24,28,69,29,69,28,67,32,171,7,82,260,178,77,5,82,1,4,5,347,265,13,252,128
"chr4.57",56,24,13,21,10,9,63,25,17,26,17,28,69,30,69,30,67,33,156,15,81,252,171,NA,NA,NA,NA,NA,NA,NA,NA,NA,NA,113
"chr4.58",41,18,5,16,5,7,56,21,5,20,20,22,57,25,54,24,56,26,138,6,67,211,144,44,6,50,3,1,4,265,198,15,183,115
"chr4.59",57,7,6,7,4,2,68,9,6,12,16,9,70,11,69,14,71,11,128,6,87,221,134,66,4,70,0,2,2,293,206,10,196,105
"chr4.60",51,10,9,11,9,6,76,13,12,19,31,16,78,19,74,20,79,17,158,17,71,246,175,68,5,73,0,5,5,324,253,22,231,129
"chr4.61",52,16,7,16,7,7,72,18,8,21,27,20,72,20,71,22,75,26,190,10,84,284,200,71,8,79,0,3,3,366,282,18,264,148
"chr4.62",68,15,7,18,7,11,94,15,9,22,32,22,95,20,90,22,95,22,176,13,94,283,189,66,6,72,3,2,5,360,266,22,244,142
"chr4.63",53,11,4,13,4,5,64,16,8,15,16,15,64,18,63,17,67,22,117,7,70,194,124,60,3,63,1,2,3,260,190,11,179,87
"chr4.64",30,6,4,8,3,5,43,8,4,12,16,9,45,11,45,13,44,10,101,4,57,162,105,42,7,49,0,3,3,214,157,11,146,85
"chr4.65",41,16,3,14,5,6,54,17,10,18,17,19,57,20,56,19,58,22,104,7,57,168,111,43,4,47,0,1,1,216,159,11,148,81
"chr4.66",22,13,7,12,5,4,26,18,10,20,11,15,28,20,30,21,30,18,116,8,34,158,124,62,2,64,1,4,5,227,193,11,182,91
"chr4.67",39,19,12,19,8,12,45,23,16,22,18,26,50,29,51,24,51,31,141,14,52,207,155,NA,NA,NA,NA,NA,NA,NA,NA,NA,NA,106
"chr4.68",28,8,7,6,6,5,39,9,7,12,18,11,41,14,40,15,41,14,121,8,42,171,129,62,4,66,0,4,4,241,199,12,187,94
"chr4.69",20,7,4,8,3,3,28,11,6,12,11,10,30,12,31,12,31,11,76,3,35,114,79,34,4,38,1,1,2,154,119,8,111,53
"chr4.70",29,7,7,5,5,5,36,7,8,6,13,9,39,10,38,9,38,11,93,5,39,137,98,53,8,61,1,5,6,204,165,14,151,80
"chr4.71",15,12,3,13,2,5,24,16,4,18,11,17,26,19,25,22,25,19,99,5,31,135,104,52,9,61,0,2,2,198,167,14,153,71
"chr4.72",10,7,4,7,4,7,14,8,6,9,8,10,17,11,13,11,15,13,60,8,18,86,68,NA,NA,NA,NA,NA,NA,NA,NA,NA,NA,40
"chr4.73",16,10,7,8,6,6,25,12,9,10,15,11,26,13,26,12,26,14,88,10,27,125,98,NA,NA,NA,NA,NA,NA,NA,NA,NA,NA,62
"chr4.74",10,6,4,7,3,2,18,11,5,10,11,10,20,11,17,15,18,13,67,8,19,94,75,32,6,38,1,3,4,136,117,15,102,53
"chr4.75",8,5,6,6,5,4,15,6,7,10,12,7,20,8,18,10,16,8,61,5,25,91,66,37,6,43,1,3,4,138,113,12,101,43
"chr4.76",10,6,5,5,4,6,13,7,5,8,8,9,13,12,11,10,13,11,68,7,13,88,75,39,4,43,1,1,2,133,120,12,108,52
"chr4.77",21,10,2,12,4,6,22,15,5,17,7,16,26,21,25,18,26,23,91,3,33,127,94,55,6,61,1,3,4,192,159,10,149,66
"chr4.78",15,11,3,12,2,4,19,14,5,16,8,16,22,18,21,17,21,18,74,6,22,102,80,53,4,57,2,1,3,162,140,12,128,50
"chr4.79",9,8,3,7,1,1,14,13,4,12,10,9,17,13,15,16,16,12,93,7,21,121,100,57,4,61,2,5,7,189,168,13,155,64
"chr4.80",10,8,5,8,4,6,11,9,6,10,5,11,13,12,13,12,12,13,72,4,18,94,76,57,5,62,0,2,2,158,140,9,131,53
"chr4.81",7,10,3,8,4,5,11,12,7,9,9,12,13,15,11,10,13,17,62,6,10,78,68,36,2,38,2,1,3,119,109,10,99,40
"chr4.82",26,11,6,9,6,6,36,11,9,14,15,14,38,14,36,15,37,14,86,9,42,137,95,55,4,59,1,2,3,199,157,14,143,75
"chr4.83",16,12,2,12,2,4,21,14,3,16,9,13,24,15,23,16,23,14,85,2,28,115,87,52,7,59,1,2,3,177,149,10,139,61
"chr4.84",12,14,6,14,4,5,16,15,8,17,10,15,19,15,19,18,19,16,63,7,21,91,70,37,2,39,0,1,1,131,110,9,101,43
"chr4.85",7,15,2,11,2,4,8,16,4,15,3,14,10,19,10,17,9,20,75,2,12,89,77,32,5,37,1,3,4,130,118,8,110,55
"chr4.86",11,4,7,2,3,1,17,6,7,8,9,3,22,6,21,9,17,8,54,3,23,80,57,40,6,46,1,0,1,127,104,10,94,41
"chr4.87",18,12,6,9,4,5,33,13,7,15,17,11,36,14,34,17,33,16,83,6,36,125,89,40,2,42,1,2,3,170,134,9,125,59
"chr4.88",21,18,4,15,3,7,27,20,8,19,9,20,29,25,29,22,29,25,126,9,36,171,135,42,5,47,0,1,1,219,183,14,169,96
"chr4.89",25,21,5,22,7,5,42,25,8,29,22,22,43,26,38,29,43,27,105,14,42,161,119,65,7,72,3,1,4,237,195,24,171,71
"chr4.90",38,8,4,9,3,3,55,11,8,14,19,11,56,15,57,15,59,14,129,9,67,205,138,59,7,66,1,0,1,272,205,17,188,97
"chr4.91",41,13,2,15,4,3,55,19,4,20,19,18,57,21,55,22,58,23,136,4,66,206,140,NA,NA,NA,NA,NA,NA,NA,NA,NA,NA,107
"chr4.92",26,12,3,9,3,8,35,14,4,14,12,15,36,17,34,15,35,20,110,4,45,159,114,55,6,61,2,5,7,227,182,12,170,87
"chr4.93",32,8,3,9,2,3,40,9,3,13,11,11,41,11,38,14,40,12,105,5,41,151,110,56,9,65,1,1,2,218,177,15,162,86
"chr4.94",57,10,7,9,5,6,76,12,8,24,24,14,79,16,78,27,76,15,158,9,79,246,167,61,4,65,0,2,2,313,234,13,221,128
"chr4.95",42,15,7,14,4,4,54,16,8,19,14,17,58,20,57,19,57,20,169,7,65,241,176,74,9,83,0,3,3,327,262,16,246,135
"chr4.96",21,11,6,11,3,4,23,12,9,14,5,13,27,15,29,15,26,14,84,3,32,119,87,52,4,56,2,2,4,179,147,9,138,68
"chr4.97",13,12,2,12,4,4,20,15,6,16,10,16,20,18,19,19,20,18,78,7,19,104,85,30,3,33,1,1,2,139,120,11,109,53
"chr4.98",20,12,3,10,3,5,27,17,6,17,10,15,29,20,30,19,30,20,86,1,37,124,87,44,2,46,1,3,4,174,137,4,133,58
"chr4.99",18,14,4,17,3,4,23,18,5,19,10,18,26,19,27,19,25,21,99,4,35,138,103,41,2,43,0,1,1,182,147,6,141,76
"chr4.100",15,9,2,10,2,6,20,11,2,15,8,14,22,14,21,16,21,14,62,0,29,91,62,35,3,38,1,1,2,131,102,4,98,46
"chr4.101",21,9,7,9,5,5,30,10,9,13,14,14,33,14,32,14,33,17,88,8,32,128,96,NA,NA,NA,NA,NA,NA,NA,NA,NA,NA,57
"chr4.102",34,12,5,13,5,9,42,14,6,21,12,18,42,19,40,26,45,23,118,8,44,170,126,65,10,75,0,1,1,246,202,18,184,83
"chr4.103",19,15,4,14,8,7,27,18,9,19,14,16,29,20,27,19,29,19,83,13,26,122,96,36,5,41,2,6,8,171,145,20,125,59
"chr4.104",11,14,5,12,5,6,21,17,10,17,15,14,25,18,24,18,26,19,96,5,28,129,101,38,5,43,0,4,4,176,148,10,138,74
"chr4.105",21,8,5,7,4,9,28,10,7,10,12,12,31,13,31,13,32,12,112,4,35,151,116,53,6,59,0,5,5,215,180,10,170,94
"chr4.106",21,10,3,11,2,6,25,13,5,14,6,15,27,17,26,16,27,18,83,5,34,122,88,51,6,57,1,1,2,181,147,12,135,62
"chr4.107",25,5,8,5,11,4,31,8,12,10,19,8,34,10,34,11,34,10,74,13,38,125,87,35,10,45,1,1,2,172,134,24,110,56
"chr4.108",19,6,6,6,7,4,27,6,7,8,14,8,28,8,25,8,28,9,88,8,24,120,96,51,5,56,0,6,6,182,158,13,145,63
"chr4.109",42,9,6,12,3,3,54,12,8,16,18,12,58,14,56,16,58,16,150,10,62,222,160,60,6,66,2,7,9,297,235,18,217,117
"chr4.110",17,9,7,10,6,3,21,10,9,11,10,10,24,11,22,13,23,10,86,9,24,119,95,50,4,54,0,2,2,175,151,13,138,62
"chr4.111",18,8,4,7,2,6,24,11,6,13,8,11,25,14,25,16,25,12,68,4,28,100,72,35,3,38,0,4,4,142,114,7,107,50
"chr4.112",25,15,7,15,5,5,33,20,9,19,14,18,34,21,35,21,33,20,105,7,42,154,112,61,3,64,1,4,5,223,181,11,170,80
"chr4.113",54,13,6,21,5,8,69,19,8,25,20,25,72,23,68,28,75,27,146,13,75,234,159,72,6,78,2,1,3,315,240,21,219,106
"chr4.114",53,15,7,15,7,3,70,19,11,20,24,18,72,20,71,22,75,20,158,16,77,251,174,56,4,60,1,6,7,318,241,21,220,129
"chr4.115",37,12,12,14,7,5,48,16,16,20,18,17,52,18,53,24,50,19,154,12,67,233,166,57,4,61,2,5,7,301,234,18,216,126
"chr4.116",22,8,1,7,1,6,29,10,1,8,8,12,29,13,29,9,29,15,79,3,41,123,82,NA,NA,NA,NA,NA,NA,NA,NA,NA,NA,63
"chr4.117",11,6,4,5,3,6,18,8,4,7,11,10,19,11,14,10,19,11,55,8,16,79,63,NA,NA,NA,NA,NA,NA,NA,NA,NA,NA,45
"chr4.118",14,6,1,8,0,5,25,9,2,8,13,10,30,10,28,9,28,10,89,2,40,131,91,46,4,50,0,0,0,181,141,6,135,75
"chr4.119",16,9,4,7,2,8,21,9,4,12,9,12,22,12,20,12,21,14,80,5,27,112,85,47,8,55,0,3,3,170,143,13,130,63
"chr4.120",19,5,5,5,9,5,27,6,9,8,15,10,29,10,24,9,28,11,73,10,32,115,83,58,1,59,0,4,4,178,146,11,135,61
"chr4.121",16,11,3,7,3,7,23,12,6,11,10,13,27,18,26,12,27,17,74,7,30,111,81,49,6,55,1,0,1,167,137,14,123,56
"chr4.122",23,17,1,16,4,7,29,19,4,20,12,20,32,23,32,21,32,24,115,4,38,157,119,40,8,48,1,0,1,206,168,13,155,86
"chr4.123",19,18,3,16,3,9,28,19,4,18,12,23,28,24,27,21,28,25,88,6,35,129,94,49,9,58,1,1,2,189,154,16,138,66
"chr4.124",28,15,3,15,5,5,35,15,6,17,10,17,38,18,37,19,37,18,103,6,51,160,109,50,5,55,1,1,2,217,166,12,154,80
"chr4.125",25,7,8,5,4,3,35,8,9,7,18,9,39,9,37,9,37,11,86,7,46,139,93,44,6,50,0,1,1,190,144,13,131,71
"chr4.126",15,8,7,7,8,6,18,10,10,10,10,14,20,16,20,12,20,17,63,8,20,91,71,NA,NA,NA,NA,NA,NA,NA,NA,NA,NA,49
"chr4.127",15,14,5,14,6,2,23,15,10,19,12,15,24,15,25,22,24,15,96,9,32,137,105,56,7,63,3,3,6,206,174,19,155,70
"chr4.128",53,14,9,13,9,10,66,17,10,16,22,23,70,24,72,18,69,23,157,8,96,261,165,85,9,94,0,1,1,356,260,17,243,135
"chr4.129",48,24,8,21,9,12,62,27,12,29,25,28,71,32,67,33,73,33,161,11,91,263,172,74,13,87,2,3,5,355,264,26,238,125
"chr4.130",39,8,7,10,3,5,56,8,11,16,22,12,68,12,65,16,63,14,176,4,80,260,180,NA,NA,NA,NA,NA,NA,NA,NA,NA,NA,144
"chr4.131",75,20,14,18,14,5,95,21,17,22,33,22,97,23,96,23,96,25,173,10,119,302,183,54,7,61,0,1,1,364,245,17,228,148
"chr4.132",63,18,9,19,9,6,77,18,10,22,23,21,81,23,77,23,79,22,149,7,97,253,156,68,5,73,2,2,4,330,233,14,219,125
"chr4.133",65,22,9,22,7,7,77,24,9,25,22,26,84,27,76,25,81,30,135,11,95,241,146,66,12,78,1,3,4,323,228,24,204,105
"chr4.134",57,15,6,15,7,7,73,21,10,22,23,23,75,25,75,28,74,27,134,7,91,232,141,53,5,58,0,0,0,290,199,12,187,103
"chr4.135",39,12,7,11,5,4,46,17,8,17,11,14,51,20,49,18,47,19,143,4,65,212,147,46,8,54,2,2,4,270,205,14,191,133
"chr4.136",21,10,3,10,3,4,30,11,5,14,14,15,32,15,30,15,34,15,80,7,34,121,87,38,8,46,2,2,4,171,137,17,120,63
"chr4.137",14,8,1,7,3,3,17,10,5,11,6,9,19,12,20,14,17,10,61,4,27,92,65,47,4,51,0,1,1,144,117,8,109,45
"chr4.138",12,10,6,11,3,6,15,15,6,15,7,15,17,17,17,16,15,15,60,4,28,92,64,38,6,44,1,4,5,141,113,11,102,44
"chr4.139",17,11,2,11,2,6,23,12,4,12,9,12,24,15,23,14,27,14,84,4,31,119,88,44,8,52,1,0,1,172,141,13,128,58
"chr4.140",33,8,5,11,4,3,41,9,9,14,13,8,44,10,43,14,43,9,84,8,48,140,92,43,9,52,1,1,2,194,146,18,128,68
"chr4.141",13,9,2,7,3,2,22,9,4,8,12,10,23,10,22,10,25,11,66,4,31,101,70,41,4,45,4,2,6,152,121,12,109,46
"chr4.142",16,13,5,14,3,9,23,15,7,19,12,19,26,20,26,22,25,22,105,7,30,142,112,NA,NA,NA,NA,NA,NA,NA,NA,NA,NA,73
"chr4.143",11,9,6,8,4,4,13,12,7,12,8,11,17,14,17,12,16,16,84,5,26,115,89,NA,NA,NA,NA,NA,NA,NA,NA,NA,NA,57
"chr4.144",20,11,4,12,4,7,24,12,6,16,9,16,27,16,26,18,26,18,91,6,32,129,97,57,5,62,2,4,6,197,165,13,152,66
"chr4.145",16,14,5,13,9,5,22,21,11,18,15,18,26,23,23,22,25,27,100,11,23,134,111,43,6,49,1,5,6,189,166,18,148,69
"chr4.146",14,8,4,9,2,0,18,9,5,10,8,9,19,9,16,11,18,10,63,7,19,89,70,34,3,37,1,4,5,131,112,11,101,46
"chr4.147",21,20,3,18,5,1,29,21,5,19,15,20,32,22,31,21,31,20,80,6,37,123,86,50,1,51,1,5,6,180,143,8,135,52
"chr4.148",19,6,4,3,7,3,24,6,10,7,11,6,27,8,25,8,26,9,75,9,25,109,84,41,6,47,1,1,2,158,133,16,117,60
"chr4.149",15,10,6,8,6,3,19,13,7,14,10,9,21,14,18,17,20,13,57,6,25,88,63,31,0,31,2,3,5,124,99,8,91,41
"chr4.150",15,11,5,8,4,6,19,11,6,15,9,13,21,14,21,17,21,15,95,6,28,129,101,41,5,46,0,2,2,177,149,11,138,67
"chr4.151",5,10,3,9,3,2,8,13,3,12,6,11,9,13,7,13,9,16,57,4,13,74,61,32,3,35,0,2,2,111,98,7,91,41
"chr4.152",20,18,9,14,7,8,26,21,9,18,13,17,28,22,28,18,27,23,91,5,36,132,96,31,4,35,0,3,3,170,134,9,125,70
"chr4.153",24,10,3,10,2,4,34,13,6,16,13,12,38,15,34,18,38,17,119,7,45,171,126,58,6,64,1,3,4,239,194,14,180,95
"chr4.154",20,11,5,11,4,5,28,13,5,14,14,13,31,15,28,14,29,17,85,6,42,133,91,41,6,47,5,2,7,187,145,17,128,70
"chr4.155",23,16,6,15,7,5,27,18,10,19,13,17,34,19,32,21,31,20,97,5,43,145,102,45,10,55,1,1,2,202,159,16,143,78
"chr4.156",18,9,8,9,8,4,22,10,10,11,12,11,23,12,22,14,23,14,88,9,23,120,97,45,5,50,2,0,2,172,149,16,133,64
"chr4.157",14,10,6,11,4,4,23,14,7,14,13,13,25,14,26,17,26,15,58,4,37,99,62,53,6,59,3,1,4,162,125,13,112,37
"chr4.158",45,18,8,14,9,8,58,22,11,19,21,22,59,26,58,24,61,24,153,10,71,234,163,60,9,69,0,2,2,305,234,19,215,122
"chr4.159",67,19,10,17,8,9,93,24,12,23,38,25,96,32,95,29,96,29,169,14,107,290,183,57,5,62,1,2,3,355,248,20,228,129
"chr4.160",62,16,11,17,11,8,81,18,13,19,28,20,82,22,80,23,84,23,136,15,86,237,151,70,6,76,0,2,2,315,229,21,208,110
"chr4.161",52,15,11,16,9,7,66,20,15,23,23,20,71,23,70,25,70,23,144,9,90,243,153,61,7,68,1,1,2,313,223,17,206,114
"chr4.162",58,11,6,10,5,3,71,14,6,14,19,12,74,15,73,18,72,15,149,7,87,243,156,48,8,56,2,2,4,303,216,17,199,121
"chr4.163",16,12,4,10,4,8,22,14,5,13,9,16,23,16,23,16,23,17,74,9,25,108,83,59,8,67,0,2,2,177,152,17,135,49
"chr4.164",44,17,4,18,4,7,52,21,6,24,11,20,53,23,53,26,52,23,135,7,65,207,142,43,10,53,1,3,4,264,199,18,181,106
"chr4.165",45,27,4,23,1,7,58,28,6,27,23,28,68,30,66,29,68,33,154,14,83,251,168,73,12,85,1,2,3,339,256,27,229,116
"chr4.166",22,14,6,17,5,5,28,18,8,20,12,18,32,19,30,24,31,18,116,6,43,165,122,57,2,59,0,3,3,227,184,8,176,90
"chr4.167",18,14,2,10,3,5,22,14,5,12,7,13,25,15,25,15,25,15,54,4,28,86,58,48,5,53,3,2,5,144,116,12,104,38
"chr4.168",38,12,6,13,8,7,53,13,12,14,24,14,60,15,55,15,55,17,122,14,66,202,136,51,9,60,1,2,3,265,199,24,175,104
"chr4.169",62,18,5,12,8,8,88,22,9,19,35,21,93,26,88,22,93,26,165,10,107,282,175,60,11,71,4,5,9,362,255,25,230,138
"chr4.170",39,25,6,26,5,6,55,29,8,28,22,28,58,31,56,29,58,32,166,9,65,240,175,55,12,67,0,0,0,307,242,21,221,125
"chr4.171",16,10,0,9,0,5,24,12,0,14,9,13,26,15,25,16,25,18,87,1,37,125,88,40,6,46,0,4,4,175,138,7,131,72
"chr4.172",26,9,5,6,5,5,32,14,6,10,12,11,34,16,33,14,34,15,109,9,39,157,118,49,7,56,3,6,9,222,183,19,164,82
"chr4.173",21,20,5,20,4,8,29,23,6,23,11,27,33,29,28,29,31,29,137,10,42,189,147,63,5,68,0,2,2,259,217,15,202,102
"chr4.174",30,6,4,8,5,4,38,7,6,11,14,10,40,11,40,14,40,10,122,11,51,184,133,46,7,53,1,1,2,239,188,19,169,106
"chr4.175",33,9,5,7,5,8,41,10,8,11,14,11,45,14,42,14,45,15,104,9,50,163,113,56,5,61,1,2,3,227,177,15,162,94
"chr4.176",69,18,10,17,9,7,92,21,14,22,34,21,98,26,89,26,96,25,175,20,113,308,195,74,7,81,1,2,3,392,279,28,251,139
"chr4.177",92,21,15,20,16,9,118,26,17,24,40,24,122,28,117,28,123,27,235,15,139,389,250,95,6,101,0,1,1,491,352,21,331,190
"chr4.178",84,26,14,21,12,10,110,27,18,23,42,27,114,29,113,24,115,31,190,15,122,327,205,63,22,85,0,0,0,412,290,37,253,158
"chr4.179",71,22,9,18,9,5,90,25,13,20,27,23,94,26,91,24,94,26,192,7,114,313,199,67,10,77,0,3,3,393,279,17,262,162
"chr4.180",40,6,6,7,6,2,57,7,6,8,24,9,59,10,51,9,59,11,142,13,60,215,155,48,6,54,0,2,2,271,211,19,192,126
"chr4.181",19,13,5,12,5,7,24,16,6,18,10,16,25,19,23,19,25,21,83,11,24,118,94,33,8,41,0,4,4,163,139,19,120,65
"chr4.182",10,12,8,9,7,2,12,13,8,12,10,12,15,13,13,16,13,14,63,8,16,87,71,35,8,43,1,4,5,135,119,17,102,43
"chr4.183",14,8,4,7,4,5,21,11,4,10,12,11,23,13,19,12,22,18,56,8,27,91,64,54,3,57,1,2,3,151,124,12,112,39
"chr4.184",12,9,4,12,4,6,19,14,4,15,11,16,19,16,17,17,19,18,63,6,22,91,69,61,4,65,3,4,7,163,141,13,128,38
"chr4.185",28,9,7,8,5,9,35,12,7,14,14,15,39,17,38,17,38,17,89,7,46,142,96,54,6,60,1,1,2,204,158,14,144,65
"chr4.186",53,16,9,14,7,6,66,22,10,24,19,18,73,24,67,25,68,23,108,11,81,200,119,NA,NA,NA,NA,NA,NA,NA,NA,NA,NA,90
"chr4.187",41,19,8,15,5,11,53,21,9,18,19,24,61,27,55,23,55,27,124,10,71,205,134,73,7,80,143,167,310,595,524,160,364,104
"chr5.1",14,17,10,15,9,8,25,21,14,17,20,18,28,22,27,22,27,20,107,12,31,150,119,NA,NA,NA,NA,NA,NA,NA,NA,NA,NA,70
"chr5.2",11,13,5,13,3,6,14,18,6,21,8,19,15,23,15,26,15,22,106,8,32,146,114,77,14,91,4,2,6,243,211,26,185,75
"chr5.3",25,17,8,14,8,10,35,18,8,25,18,24,36,25,31,30,37,29,201,13,48,262,214,77,12,89,4,5,9,360,312,29,283,151
"chr5.4",45,19,16,17,17,10,64,23,20,26,37,24,71,25,66,29,69,28,162,18,67,247,180,76,12,88,3,5,8,343,276,33,243,135
"chr5.5",41,11,8,13,10,9,48,13,15,19,16,18,53,18,54,22,51,20,156,8,64,228,164,74,5,79,1,3,4,311,247,14,233,132
"chr5.6",41,7,11,7,9,6,53,10,17,14,23,11,56,15,56,14,56,17,160,17,54,231,177,60,8,68,1,4,5,304,250,26,224,134
"chr5.7",39,12,14,14,14,6,49,18,18,20,23,18,52,21,48,22,50,19,172,16,54,242,188,62,8,70,1,2,3,315,261,25,236,144
"chr5.8",39,13,11,10,12,5,57,15,18,20,27,14,60,19,61,22,62,16,209,16,67,292,225,77,6,83,4,2,6,381,314,26,288,177
"chr5.9",53,4,11,5,11,2,66,6,13,10,21,5,68,6,63,11,67,7,201,17,73,291,218,68,5,73,1,1,2,366,293,23,270,184
"chr5.10",36,6,6,7,6,6,42,6,10,10,11,10,44,11,44,13,46,12,133,9,64,206,142,65,6,71,1,0,1,278,214,16,198,110
"chr5.11",25,7,6,7,6,8,30,10,8,12,10,12,31,15,31,18,31,14,105,5,38,148,110,63,5,68,2,1,3,219,181,12,169,84
"chr5.12",46,14,7,12,7,11,62,18,10,17,23,23,67,25,64,24,64,27,188,7,71,266,195,62,13,75,1,2,3,344,273,21,252,153
"chr5.13",80,24,12,16,13,8,102,24,17,21,33,23,106,27,102,25,105,28,191,19,122,332,210,69,9,78,1,3,4,414,292,29,263,149
"chr5.14",31,18,5,13,6,7,46,20,7,20,18,21,48,27,44,27,48,27,127,10,57,194,137,52,10,62,2,1,3,259,202,22,180,98
"chr5.15",10,9,4,9,4,5,12,10,6,13,7,12,15,13,15,14,13,12,80,7,27,114,87,47,5,52,1,4,5,171,144,13,131,61
"chr5.16",30,9,5,9,5,3,38,9,6,10,13,10,39,10,38,11,41,11,147,7,41,195,154,60,3,63,2,3,5,263,222,12,210,118
"chr5.17",29,9,6,7,9,3,44,12,12,8,22,11,48,16,47,11,47,16,151,15,59,225,166,75,7,82,2,3,5,312,253,24,229,130
"chr5.18",44,17,15,15,12,7,54,18,16,18,21,20,57,21,56,21,56,20,154,20,57,231,174,NA,NA,NA,NA,NA,NA,NA,NA,NA,NA,121
"chr5.19",52,11,12,10,11,7,71,16,17,18,29,16,77,21,74,22,74,19,155,15,80,250,170,73,7,80,0,3,3,333,253,22,231,132
"chr5.20",44,16,12,14,12,8,59,20,13,19,26,20,63,26,59,23,63,29,163,20,83,266,183,67,12,79,1,3,4,349,266,33,233,133
"chr5.21",62,27,15,20,14,9,85,28,20,26,35,26,89,31,90,27,92,34,209,19,95,323,228,NA,NA,NA,NA,NA,NA,NA,NA,NA,NA,163
"chr5.22",58,23,8,22,9,9,75,25,12,28,26,26,79,31,75,30,79,29,174,17,94,285,191,NA,NA,NA,NA,NA,NA,NA,NA,NA,NA,130
"chr5.23",77,17,12,20,15,13,115,22,17,29,50,27,115,29,111,32,118,27,265,25,131,421,290,97,10,107,1,2,3,531,400,36,364,225
"chr5.24",69,14,10,12,7,3,101,18,13,19,37,15,108,20,104,23,105,20,216,12,128,356,228,86,13,99,3,2,5,460,332,28,304,180
"chr5.25",64,23,7,24,7,4,83,26,9,26,26,26,88,28,86,29,86,27,219,11,126,356,230,88,4,92,0,4,4,452,326,15,311,178
"chr5.26",62,17,11,15,11,16,83,19,16,26,33,26,90,29,87,29,89,33,232,17,112,361,249,82,17,99,4,1,5,465,353,38,315,184
"chr5.27",81,21,7,22,8,7,112,23,10,27,36,28,115,29,113,32,114,30,245,16,132,393,261,89,13,102,1,5,6,501,369,30,339,195
"chr5.28",77,19,14,16,13,4,106,23,17,23,42,21,108,26,106,27,109,26,190,16,118,324,206,76,12,88,2,1,3,415,297,30,267,154
"chr5.29",58,18,14,16,13,7,69,22,17,26,26,22,75,27,74,29,76,27,199,11,90,300,210,100,7,107,2,4,6,413,323,20,303,152
"chr5.30",84,26,10,24,9,14,120,31,16,36,43,30,123,36,121,37,123,35,259,13,147,419,272,89,9,98,6,2,8,525,378,28,350,214
"chr5.31",68,13,15,8,12,3,94,13,20,15,39,12,100,15,94,18,97,15,233,23,115,371,256,88,6,94,3,5,8,473,358,32,326,208
"chr5.32",26,13,8,15,8,6,34,17,13,22,17,20,38,21,35,24,37,23,118,15,37,170,133,64,5,69,1,3,4,243,206,21,185,92
"chr5.33",19,17,8,15,8,7,27,22,10,20,15,19,27,24,27,22,28,22,79,9,37,125,88,57,6,63,0,0,0,188,151,15,136,58
"chr5.34",27,16,6,15,6,8,32,18,7,26,10,20,33,22,32,28,35,26,150,6,41,197,156,48,5,53,0,1,1,251,210,11,199,112
"chr5.35",13,12,6,11,7,8,23,15,9,16,16,17,26,20,23,19,25,21,71,14,31,116,85,NA,NA,NA,NA,NA,NA,NA,NA,NA,NA,57
"chr5.36",28,9,10,8,12,1,36,13,15,12,21,9,37,13,39,15,39,16,109,20,36,165,129,52,3,55,1,3,4,224,188,24,164,82
"chr5.37",13,8,5,7,4,4,18,10,7,10,10,10,22,13,21,11,19,14,80,9,27,116,89,56,3,59,2,1,3,178,151,14,137,59
"chr5.38",12,10,9,8,5,5,18,11,13,10,14,11,20,12,21,11,20,14,75,11,17,103,86,NA,NA,NA,NA,NA,NA,NA,NA,NA,NA,53
"chr5.39",15,9,3,8,4,10,19,12,6,12,8,14,20,19,17,16,20,18,102,10,22,134,112,67,11,78,0,2,2,214,192,21,171,72
"chr5.40",25,9,4,10,7,4,29,10,9,17,14,12,32,13,32,18,32,14,112,11,31,154,123,59,5,64,4,4,8,226,195,20,175,90
"chr5.41",23,10,10,11,11,4,31,10,16,14,18,11,35,12,36,16,36,12,81,15,29,125,96,71,5,76,1,3,4,205,176,21,155,57
"chr5.42",34,14,15,16,8,9,38,19,16,25,13,23,49,24,49,30,41,26,169,8,64,241,177,94,6,100,1,3,4,345,281,15,266,135
"chr5.43",33,15,15,12,11,6,48,15,16,17,21,15,55,17,50,17,51,21,128,16,57,201,144,54,11,65,3,0,3,269,212,30,182,100
"chr5.44",20,9,5,11,5,7,27,10,8,14,11,15,27,15,26,17,28,18,101,9,36,146,110,NA,NA,NA,NA,NA,NA,NA,NA,NA,NA,75
"chr5.45",41,10,9,13,9,4,58,11,19,17,26,14,63,14,64,21,66,16,153,13,84,250,166,69,5,74,1,3,4,328,244,19,225,122
"chr5.46",65,17,20,14,18,11,93,19,20,18,41,24,96,26,91,24,93,26,186,21,124,331,207,85,18,103,0,2,2,436,312,39,273,155
"chr5.47",16,6,5,5,5,4,17,9,6,12,6,8,21,13,17,13,18,13,160,8,32,200,168,NA,NA,NA,NA,NA,NA,NA,NA,NA,NA,145
"chr5.48",55,17,3,16,2,6,71,19,5,21,19,21,72,23,68,22,74,26,144,11,81,236,155,59,8,67,0,3,3,306,225,19,206,111
"chr5.49",26,9,6,13,5,6,37,13,7,20,15,18,39,18,37,22,38,19,87,5,46,138,92,49,8,57,2,2,4,199,153,15,138,69
"chr5.50",26,16,5,17,4,7,31,19,8,22,8,21,34,22,34,27,37,23,99,7,45,151,106,58,10,68,1,1,2,221,176,18,158,66
"chr5.51",12,11,1,11,3,4,19,14,4,15,9,14,19,16,17,18,19,16,82,6,25,113,88,53,5,58,1,0,1,172,147,12,135,60
"chr5.52",9,8,4,5,4,4,14,10,6,9,7,9,17,13,16,13,18,13,81,3,24,108,84,46,6,52,2,3,5,165,141,11,130,58
"chr5.53",23,12,4,12,4,6,26,13,5,16,6,17,30,19,30,18,27,18,65,4,39,108,69,49,10,59,0,3,3,170,131,14,117,51
"chr5.54",12,17,5,17,4,9,20,19,6,25,11,22,24,24,21,28,21,24,95,6,29,130,101,49,9,58,0,0,0,188,159,15,144,67
"chr5.55",13,9,1,10,0,7,16,13,3,15,4,15,19,17,18,19,18,16,100,3,32,135,103,54,6,60,0,0,0,195,163,9,154,72
"chr5.56",18,10,9,12,7,7,25,13,13,16,19,17,32,17,31,20,30,19,74,11,42,127,85,NA,NA,NA,NA,NA,NA,NA,NA,NA,NA,56
"chr5.57",15,13,5,11,5,8,24,14,8,14,15,19,27,19,25,19,27,23,88,10,33,131,98,65,10,75,2,1,3,209,176,22,154,68
"chr5.58",12,13,5,14,5,3,23,17,8,22,14,15,24,20,22,24,25,16,108,9,25,142,117,62,15,77,3,2,5,224,199,27,172,79
"chr5.59",14,17,3,13,4,10,18,20,4,18,8,23,18,28,17,22,20,32,111,8,31,150,119,NA,NA,NA,NA,NA,NA,NA,NA,NA,NA,78
"chr5.60",39,17,13,19,12,15,52,23,16,32,27,31,57,34,52,39,56,34,217,17,59,293,234,120,18,138,4,4,8,439,380,39,341,161
"chr5.61",22,12,4,12,5,9,27,13,9,20,9,17,32,19,31,23,30,21,115,5,46,166,120,51,9,60,2,1,3,229,183,16,167,90
"chr5.62",14,5,4,5,4,13,20,7,5,8,10,14,23,16,20,12,21,16,79,8,27,114,87,42,10,52,2,0,2,168,141,20,121,60
"chr5.63",17,8,5,9,5,5,19,9,7,14,9,12,20,12,19,16,20,13,67,12,21,100,79,49,8,57,1,1,2,159,138,21,117,49
"chr5.64",19,10,2,8,1,8,20,10,2,13,3,15,23,17,22,17,23,16,90,4,33,127,94,52,7,59,0,1,1,187,154,11,143,70
"chr5.65",18,12,3,14,4,9,26,18,5,23,10,17,28,20,28,26,26,19,91,8,33,132,99,38,3,41,1,1,2,175,142,12,130,64
"chr5.66",4,1,0,2,1,0,5,3,1,3,2,2,5,3,7,3,5,2,31,1,12,44,32,NA,NA,NA,NA,NA,NA,NA,NA,NA,NA,23
"chr5.67",0,0,0,1,0,1,0,0,1,1,0,2,1,1,1,1,1,3,8,0,2,10,8,NA,NA,NA,NA,NA,NA,NA,NA,NA,NA,6
"chr5.68",19,7,2,4,3,5,27,7,4,7,11,11,30,12,30,10,30,14,67,4,37,108,71,NA,NA,NA,NA,NA,NA,NA,NA,NA,NA,47
"chr5.69",11,15,4,16,3,8,17,18,5,21,8,20,19,23,18,21,17,24,77,6,24,107,83,48,8,56,0,0,0,163,139,14,125,51
"chr5.70",14,14,6,14,5,10,18,16,6,21,10,18,19,20,17,21,18,20,92,10,25,127,102,54,9,63,1,2,3,193,168,20,148,77
"chr5.71",16,10,6,11,5,3,23,13,10,16,14,13,28,16,29,18,27,14,68,8,32,108,76,44,12,56,3,0,3,167,135,23,112,44
"chr5.72",17,6,3,6,5,7,24,6,7,11,12,11,30,12,27,13,26,14,92,7,42,141,99,NA,NA,NA,NA,NA,NA,NA,NA,NA,NA,69
"chr5.73",26,14,8,12,7,9,38,16,11,16,21,20,42,24,42,21,43,25,108,9,53,170,117,55,4,59,3,2,5,234,181,16,165,85
"chr5.74",15,12,2,12,1,10,23,15,2,19,9,18,26,20,22,21,23,21,78,6,32,116,84,55,7,62,2,1,3,181,149,15,134,60
"chr5.75",7,11,2,9,3,4,13,11,4,11,8,9,15,11,15,11,15,11,57,4,21,82,61,NA,NA,NA,NA,NA,NA,NA,NA,NA,NA,49
"chr5.76",13,7,4,6,4,2,15,8,4,9,6,9,19,12,16,13,16,10,77,6,26,109,83,48,3,51,1,2,3,163,137,10,127,59
"chr5.77",6,12,4,12,3,9,10,14,7,13,6,18,14,19,14,16,13,22,83,6,18,107,89,NA,NA,NA,NA,NA,NA,NA,NA,NA,NA,63
"chr5.78",15,15,5,17,6,8,20,17,8,22,11,24,21,23,21,26,23,26,85,8,24,117,93,48,3,51,2,0,2,170,146,13,133,56
"chr5.79",31,9,5,10,4,8,40,11,8,16,14,15,42,16,40,18,41,18,86,9,47,142,95,52,7,59,2,1,3,204,157,18,139,66
"chr5.80",29,19,2,19,3,3,36,21,5,24,10,20,37,23,37,25,38,22,107,5,47,159,112,73,5,78,0,5,5,242,195,10,185,74
"chr5.81",62,18,6,18,8,7,84,19,9,19,28,21,87,21,83,19,86,26,155,7,92,254,162,73,5,78,2,3,5,337,245,14,231,118
"chr5.82",56,15,5,16,6,6,78,17,8,23,28,20,83,21,84,27,82,22,178,8,112,298,186,105,20,125,1,1,2,425,313,29,284,151
"chr5.83",57,14,5,20,4,5,81,20,6,30,29,21,87,25,83,32,83,26,183,8,111,302,191,105,11,116,0,2,2,420,309,19,290,141
"chr5.84",49,15,11,15,12,8,64,16,14,24,28,23,69,24,69,25,70,24,167,10,81,258,177,101,9,110,2,2,4,372,291,21,270,130
"chr5.85",25,12,4,10,3,5,33,13,5,13,13,15,36,16,36,17,34,20,111,4,57,172,115,78,9,87,2,1,3,262,205,15,190,89
"chr5.86",29,17,3,17,5,6,40,22,8,26,16,21,43,25,43,28,44,25,121,11,56,188,132,79,10,89,1,0,1,278,222,22,200,87
"chr5.87",10,12,6,12,4,8,16,15,9,19,9,15,21,17,20,19,17,19,91,5,23,119,96,44,6,50,2,0,2,171,148,13,135,61
"chr5.88",28,16,10,13,10,11,35,19,15,16,18,19,36,23,39,19,38,23,83,11,43,137,94,43,9,52,3,1,4,193,150,23,127,61
"chr5.89",29,13,7,17,8,5,45,14,9,23,24,18,47,17,46,25,49,20,98,11,57,166,109,NA,NA,NA,NA,NA,NA,NA,NA,NA,NA,71
"chr5.90",27,13,6,12,7,8,42,13,8,14,22,19,46,19,45,17,45,22,91,9,54,154,100,35,6,41,1,0,1,196,142,16,126,63
"chr5.91",14,10,5,9,4,6,15,11,6,9,7,14,19,14,19,14,18,18,61,3,30,94,64,52,3,55,0,2,2,151,121,6,115,37
"chr5.92",14,14,5,16,4,5,17,16,6,17,8,16,20,17,20,18,20,18,85,5,30,120,90,61,16,77,1,1,2,199,169,22,147,59
"chr5.93",13,4,3,7,3,6,21,5,5,11,11,11,21,10,20,15,21,12,70,7,23,100,77,50,6,56,0,3,3,159,136,13,123,52
"chr5.94",21,14,4,12,3,5,26,15,5,14,7,14,31,18,29,15,28,16,98,5,49,152,103,48,8,56,6,2,8,216,167,19,148,73
"chr5.95",30,16,8,18,7,8,36,20,11,19,14,23,38,25,39,24,38,26,111,11,44,166,122,55,9,64,1,2,3,233,189,21,168,74
"chr5.96",22,17,5,19,4,10,35,20,6,22,17,23,37,24,39,27,37,25,137,8,53,198,145,NA,NA,NA,NA,NA,NA,NA,NA,NA,NA,104
"chr5.97",24,11,6,10,4,9,31,13,7,19,13,16,35,18,33,22,34,18,107,8,51,166,115,NA,NA,NA,NA,NA,NA,NA,NA,NA,NA,81
"chr5.98",16,24,6,23,7,8,26,27,9,29,15,29,28,31,27,30,28,33,129,9,41,179,138,84,7,91,2,0,2,272,231,18,213,103
"chr5.99",20,9,8,13,7,11,22,12,11,19,11,20,29,21,27,22,25,21,94,9,49,152,103,42,9,51,1,2,3,206,157,19,138,71
"chr5.100",39,17,5,18,4,14,50,21,6,22,15,25,51,25,50,29,51,34,130,3,59,192,133,55,6,61,0,1,1,254,195,9,186,94
"chr5.101",66,18,4,14,6,7,95,22,7,19,34,22,98,27,95,24,97,26,143,5,126,274,148,54,10,64,3,4,7,345,219,18,201,112
"chr5.102",74,15,9,14,8,6,103,17,12,18,37,16,106,18,103,19,104,23,142,15,122,279,157,77,8,85,3,1,4,368,246,26,220,113
"chr5.103",42,16,3,16,4,6,60,18,6,19,22,18,64,22,62,21,61,25,111,8,70,189,119,52,4,56,0,1,1,246,176,12,164,83
"chr5.104",23,13,4,15,3,7,30,15,6,16,11,14,32,15,33,17,32,15,84,9,36,129,93,58,8,66,4,3,7,202,166,21,145,55
"chr5.105",23,12,7,13,8,6,27,14,8,14,10,14,27,16,26,15,30,15,80,10,26,116,90,50,6,56,0,0,0,172,146,16,130,57
"chr5.106",26,13,6,10,6,7,36,13,8,13,17,17,36,16,34,17,39,17,101,11,47,159,112,57,5,62,0,1,1,222,175,16,159,79
"chr5.107",33,9,8,7,10,5,44,12,11,13,24,10,48,13,47,15,48,15,99,12,55,166,111,57,10,67,1,3,4,237,182,23,159,76
"chr5.108",22,11,4,11,6,8,32,11,7,13,18,16,37,14,31,15,35,19,99,10,47,156,109,59,8,67,2,2,4,227,180,20,160,79
"chr5.109",11,13,1,13,2,9,14,13,3,15,5,18,15,18,15,18,15,18,76,4,18,98,80,49,6,55,3,3,6,159,141,13,128,48
"chr5.110",29,11,6,11,9,6,35,12,10,13,16,16,35,17,36,14,36,18,94,11,38,143,105,49,9,58,4,2,6,207,169,24,145,73
"chr5.111",35,8,9,7,12,6,49,10,15,15,24,10,51,14,51,16,52,15,129,13,66,208,142,60,6,66,1,1,2,276,210,20,190,95
"chr5.112",16,16,4,17,4,7,25,18,7,23,12,21,27,22,29,25,28,23,96,9,42,147,105,54,4,58,0,0,0,205,163,13,150,64
"chr5.113",25,13,7,13,5,4,32,15,9,16,13,15,36,17,36,19,36,20,111,9,45,165,120,51,5,56,2,0,2,223,178,16,162,92
"chr5.114",68,20,13,21,10,12,92,20,18,22,35,26,99,25,98,27,97,27,173,13,106,292,186,77,7,84,0,2,2,378,272,20,252,140
"chr5.115",28,7,10,7,9,2,38,9,13,9,18,10,42,11,43,10,42,11,123,8,58,189,131,43,7,50,1,0,1,240,182,16,166,98
"chr5.116",26,11,4,13,3,5,36,13,7,16,13,15,38,16,34,18,38,17,100,9,40,149,109,58,14,72,1,2,3,224,184,24,160,71
"chr5.117",50,14,3,15,3,10,65,16,7,19,19,22,69,23,68,23,72,26,136,8,91,235,144,70,17,87,2,0,2,324,233,27,206,101
"chr5.118",62,12,3,11,4,6,75,15,5,14,18,17,79,19,74,17,78,18,154,7,94,255,161,52,11,63,0,2,2,320,226,18,208,139
"chr5.119",13,7,4,6,5,5,19,9,7,9,11,10,19,13,19,12,23,16,76,6,22,104,82,52,8,60,1,2,3,167,145,15,130,55
"chr5.120",28,15,5,14,5,12,32,17,7,16,10,21,34,21,33,19,35,24,92,9,38,139,101,46,5,51,1,2,3,193,155,15,140,62
"chr5.121",18,6,4,5,4,7,24,9,7,11,11,11,25,14,24,14,27,13,89,8,28,125,97,68,7,75,1,1,2,202,174,16,158,62
"chr5.122",24,15,3,11,4,7,33,18,4,18,13,16,34,20,32,22,36,19,86,9,38,133,95,50,4,54,4,0,4,191,153,17,136,54
"chr5.123",13,14,2,13,5,8,17,15,5,16,8,16,17,18,14,17,17,18,76,8,18,102,84,NA,NA,NA,NA,NA,NA,NA,NA,NA,NA,52
"chr5.124",13,14,1,12,1,6,16,17,4,18,4,16,18,19,19,20,19,19,94,3,33,130,97,43,5,48,1,1,2,180,147,9,138,69
"chr5.125",28,12,6,12,2,7,38,14,8,17,14,17,44,19,42,19,39,21,138,6,51,195,144,58,5,63,1,1,2,260,209,12,197,115
"chr5.126",29,8,8,10,9,9,37,11,9,17,16,15,38,16,38,21,38,17,141,6,42,189,147,44,4,48,0,3,3,240,198,10,188,119
"chr5.127",17,15,7,16,6,10,30,17,9,23,18,22,34,23,29,26,30,25,139,10,45,194,149,NA,NA,NA,NA,NA,NA,NA,NA,NA,NA,111
"chr5.128",18,11,6,12,7,7,20,12,7,15,9,16,23,17,19,16,21,16,66,10,26,102,76,49,7,56,1,1,2,160,134,18,116,43
"chr5.129",6,4,2,5,1,6,10,8,3,10,6,9,15,13,12,12,12,12,69,3,23,95,72,63,6,69,0,4,4,168,145,9,136,58
"chr5.130",17,4,9,7,8,4,19,7,9,9,10,10,21,9,24,13,20,12,70,9,22,101,79,44,5,49,1,1,2,152,130,15,115,43
"chr5.131",13,10,1,11,3,7,16,13,4,16,5,14,18,15,17,19,19,17,68,4,29,101,72,NA,NA,NA,NA,NA,NA,NA,NA,NA,NA,51
"chr5.132",12,6,2,5,0,7,15,7,2,15,5,11,18,12,16,16,16,11,82,2,22,106,84,49,4,53,1,1,2,161,139,7,132,65
"chr5.133",24,15,6,18,9,10,39,20,11,26,22,24,43,25,42,31,43,26,105,12,51,168,117,56,6,62,1,2,3,233,182,19,163,77
"chr5.134",23,6,5,5,5,8,29,7,8,10,13,13,31,14,26,17,32,17,86,10,31,127,96,36,4,40,2,2,4,171,140,16,124,66
"chr5.135",7,14,4,16,3,8,10,17,8,20,8,17,17,19,20,21,17,19,79,5,24,108,84,NA,NA,NA,NA,NA,NA,NA,NA,NA,NA,56
"chr5.136",13,14,6,14,5,13,17,14,9,16,11,21,21,21,19,21,20,22,71,9,19,99,80,NA,NA,NA,NA,NA,NA,NA,NA,NA,NA,43
"chr5.137",11,9,3,8,3,9,16,13,5,18,7,17,18,22,18,22,19,20,86,7,24,117,93,41,12,53,3,0,3,173,149,22,127,58
"chr5.138",16,11,7,10,8,4,31,13,11,21,20,14,35,16,31,24,33,16,105,12,36,153,117,67,8,75,0,2,2,230,194,20,174,77
"chr5.139",20,10,6,8,4,7,23,13,8,10,9,12,30,14,29,12,26,13,55,5,33,93,60,42,8,50,2,1,3,146,113,15,98,43
"chr5.140",22,7,6,6,6,8,25,8,8,10,9,13,27,14,26,14,27,15,85,6,34,125,91,49,5,54,1,1,2,181,147,12,135,62
"chr5.141",45,13,2,11,2,7,56,16,3,16,14,15,56,17,55,19,58,18,134,8,68,210,142,57,4,61,3,3,6,277,209,15,194,116
"chr5.142",20,8,4,7,5,2,30,9,5,13,16,10,32,10,26,14,31,13,84,8,32,124,92,52,10,62,0,2,2,188,156,18,138,62
"chr5.143",23,6,7,5,4,5,30,8,7,9,12,10,34,14,35,13,31,13,68,5,41,114,73,39,3,42,0,3,3,159,118,8,110,46
"chr5.144",13,6,0,6,0,4,18,11,1,15,6,8,21,13,19,16,20,11,98,2,26,126,100,64,6,70,1,0,1,197,171,9,162,80
"chr5.145",16,16,6,13,5,11,20,16,8,20,10,22,24,23,21,25,23,25,106,10,25,141,116,60,4,64,0,2,2,207,182,14,168,69
"chr5.146",14,3,4,4,4,1,17,4,6,8,8,4,21,5,18,8,20,5,78,4,25,107,82,44,5,49,0,1,1,157,132,9,123,63
"chr5.147",15,5,5,5,3,4,15,9,6,8,4,9,17,11,18,10,15,9,69,6,23,98,75,55,5,60,0,0,0,158,135,11,124,53
"chr5.148",17,12,5,8,5,6,24,14,6,16,13,12,28,15,27,20,27,16,82,5,34,121,87,51,5,56,1,1,2,179,145,11,134,64
"chr5.149",40,11,7,10,8,6,47,13,12,16,15,17,50,19,52,18,49,19,140,11,66,217,151,NA,NA,NA,NA,NA,NA,NA,NA,NA,NA,115
"chr5.150",22,11,5,8,3,8,28,15,6,16,9,15,30,19,32,17,29,18,122,5,51,178,127,59,15,74,1,1,2,254,203,21,182,100
"chr5.151",13,5,6,7,7,3,24,7,12,11,18,8,28,9,24,12,26,8,58,16,26,100,74,47,2,49,1,3,4,153,127,19,108,43
"chr5.152",57,16,13,16,14,10,77,18,20,21,36,23,81,26,82,24,82,30,174,14,101,289,188,NA,NA,NA,NA,NA,NA,NA,NA,NA,NA,142
"chr5.153",63,18,6,19,5,9,84,22,12,24,27,26,94,28,90,29,90,28,184,12,115,311,196,81,15,96,2,1,3,410,295,29,266,144
"chr5.154",16,11,3,12,2,4,25,13,4,14,13,14,29,16,26,16,31,15,88,7,40,135,95,51,9,60,2,1,3,198,158,18,140,65
"chr5.155",21,9,4,8,4,9,28,10,5,14,11,13,30,13,29,16,29,19,89,5,42,136,94,54,5,59,3,2,5,200,158,13,145,75
"chr5.156",17,9,4,5,4,3,24,9,4,6,12,9,27,12,26,9,27,16,68,7,35,110,75,36,7,43,2,0,2,155,120,16,104,41
"chr5.157",8,13,4,9,2,7,14,14,7,17,9,13,19,17,18,18,17,18,87,4,33,124,91,43,6,49,1,0,1,174,141,11,130,67
"chr5.158",45,15,5,16,7,6,54,17,9,18,17,15,56,18,56,19,56,19,140,9,60,209,149,63,3,66,1,1,2,277,217,13,204,118
"chr5.159",56,17,10,14,7,8,83,17,13,17,33,20,88,22,90,20,87,23,179,10,106,295,189,71,9,80,1,1,2,377,271,20,251,149
"chr5.160",46,8,7,9,5,1,60,10,9,16,21,10,64,12,63,17,65,13,150,4,74,228,154,59,8,67,0,4,4,299,225,12,213,125
"chr5.161",71,16,10,18,11,9,87,21,18,28,27,27,91,29,91,31,91,31,181,17,111,309,198,66,10,76,0,2,2,387,276,27,249,147
"chr5.162",87,24,13,22,12,11,124,27,18,29,47,30,128,32,126,32,130,32,219,18,144,381,237,71,13,84,5,2,7,472,328,36,292,177
"chr5.163",63,19,7,18,7,9,89,20,10,23,32,22,92,24,88,27,92,41,167,14,122,303,181,76,7,83,1,0,1,387,265,22,243,116
"chr5.164",42,6,4,4,3,2,59,9,6,9,20,7,64,11,59,12,62,10,161,12,93,266,173,61,11,72,1,1,2,340,247,24,223,128
"chr5.165",12,10,3,10,5,10,24,15,9,15,18,20,27,22,26,19,28,20,98,9,31,138,107,45,6,51,1,4,5,194,163,16,147,81
"chr5.166",43,10,5,9,4,3,56,13,5,13,17,11,59,15,55,14,58,14,110,8,64,182,118,37,8,45,1,0,1,228,164,17,147,84
"chr5.167",30,14,8,12,7,7,36,17,10,17,14,15,38,18,35,18,39,18,113,10,51,174,123,58,9,67,0,0,0,241,190,19,171,89
"chr5.168",26,12,6,8,4,3,28,12,8,10,5,13,32,14,32,13,30,15,85,3,39,127,88,48,7,55,1,4,5,187,148,11,137,72
"chr5.169",14,9,4,8,4,6,18,9,6,13,8,11,19,11,17,15,18,11,74,9,22,105,83,47,8,55,0,1,1,161,139,17,122,51
"chr5.170",20,5,7,4,7,2,28,7,12,11,13,6,32,9,33,14,30,9,73,7,41,121,80,54,6,60,0,2,2,183,142,13,129,59
"chr5.171",25,9,2,11,3,5,33,13,5,16,12,14,35,15,35,16,38,15,131,3,53,187,134,57,12,69,0,7,7,263,210,15,195,109
"chr5.172",32,6,2,8,2,6,42,8,3,19,12,12,43,14,40,20,42,18,139,6,55,200,145,NA,NA,NA,NA,NA,NA,NA,NA,NA,NA,111
"chr5.173",14,9,2,10,3,8,15,13,3,16,5,15,18,17,17,22,16,17,95,7,25,127,102,NA,NA,NA,NA,NA,NA,NA,NA,NA,NA,62
"chr5.174",16,8,6,9,5,11,20,10,8,10,10,17,22,17,21,15,20,17,69,8,22,99,77,NA,NA,NA,NA,NA,NA,NA,NA,NA,NA,47
"chr5.175",12,13,5,8,4,8,16,13,6,9,8,14,18,17,16,12,18,18,82,7,24,113,89,NA,NA,NA,NA,NA,NA,NA,NA,NA,NA,67
"chr5.176",18,10,4,12,7,6,25,10,10,14,12,13,26,13,25,16,27,14,88,11,30,129,99,NA,NA,NA,NA,NA,NA,NA,NA,NA,NA,67
"chr5.177",19,15,3,14,3,9,26,16,5,20,11,20,28,21,27,24,29,23,86,7,32,125,93,NA,NA,NA,NA,NA,NA,NA,NA,NA,NA,59
"chr6.1",29,18,13,21,13,9,38,22,19,25,20,24,42,27,46,28,41,30,119,10,51,180,129,NA,NA,NA,NA,NA,NA,NA,NA,NA,NA,71
"chr6.2",13,11,11,10,11,8,18,14,16,17,15,15,21,18,24,18,20,16,69,12,18,99,81,43,5,48,1,4,5,152,134,18,116,46
"chr6.3",9,12,4,10,3,10,12,14,6,12,6,19,15,19,16,17,14,23,84,9,19,112,93,48,5,53,0,4,4,169,150,14,136,64
"chr6.4",15,8,5,5,4,4,18,10,6,9,7,10,20,11,20,12,21,13,71,8,29,108,79,46,6,52,2,2,4,164,135,16,119,51
"chr6.5",22,20,7,16,6,6,27,20,9,17,14,20,30,23,29,20,30,24,86,11,35,132,97,48,12,60,2,1,3,195,160,25,135,63
"chr6.6",16,13,3,14,2,15,23,15,4,22,10,24,26,25,24,24,24,25,82,6,35,123,88,61,7,68,1,1,2,193,158,14,144,58
"chr6.7",23,10,3,8,6,11,32,11,6,14,16,16,35,17,31,16,35,17,98,14,41,153,112,67,12,79,1,1,2,234,193,27,166,85
"chr6.8",20,6,3,6,3,6,26,7,7,9,11,10,31,10,29,9,30,10,86,6,37,129,92,49,2,51,2,5,7,187,150,10,140,69
"chr6.9",21,14,6,14,6,7,28,16,9,21,13,18,29,21,31,22,29,20,96,9,35,140,105,53,6,59,1,0,1,200,165,16,149,69
"chr6.10",37,15,6,13,7,9,48,17,9,20,16,20,52,22,49,23,51,22,122,9,64,195,131,57,10,67,1,3,4,266,202,20,182,104
"chr6.11",21,7,1,9,2,6,23,9,2,11,4,12,23,11,23,13,23,13,80,1,33,114,81,54,9,63,3,2,5,182,149,13,136,61
"chr6.12",18,10,8,10,6,5,24,12,11,14,15,13,26,15,28,15,29,14,74,12,31,117,86,60,8,68,1,1,2,187,156,21,135,56
"chr6.13",16,3,1,2,2,3,21,5,4,11,7,5,21,8,24,12,21,9,71,5,32,108,76,51,5,56,0,2,2,166,134,10,124,57
"chr6.14",14,10,6,8,6,9,19,11,8,16,10,17,21,17,20,19,20,17,75,6,26,107,81,57,5,62,3,1,4,173,147,14,133,56
"chr6.15",31,9,7,7,6,2,39,10,10,12,17,10,42,12,42,13,42,11,77,17,51,145,94,41,9,50,2,3,5,200,149,28,121,65
"chr6.16",22,7,10,7,10,2,29,8,13,12,19,7,32,8,31,13,32,11,78,12,30,120,90,71,4,75,3,3,6,201,171,19,152,55
"chr6.17",16,9,5,8,7,5,20,9,10,10,13,13,24,14,26,12,26,16,82,9,31,122,91,51,6,57,2,2,4,183,152,17,135,62
"chr6.18",15,5,4,4,4,4,23,5,9,8,12,9,28,9,26,12,27,11,68,6,38,112,74,47,7,54,3,1,4,170,132,16,116,55
"chr6.19",9,11,7,12,8,4,18,12,13,18,14,14,20,14,22,18,23,16,97,13,19,129,110,51,9,60,2,1,3,192,173,24,149,76
"chr6.20",18,8,5,10,6,4,25,9,8,14,13,10,26,9,23,15,27,11,99,8,29,136,107,55,9,64,4,3,7,207,178,21,157,79
"chr6.21",14,6,7,8,5,6,19,8,9,15,13,14,23,13,22,19,21,17,66,4,28,98,70,39,5,44,2,1,3,145,117,11,106,52
"chr6.22",14,10,7,8,5,8,15,13,7,13,8,13,18,15,18,15,17,14,88,7,25,120,95,52,8,60,2,1,3,183,158,17,141,65
"chr6.23",32,13,10,12,9,4,39,15,11,15,17,15,43,18,41,19,43,18,101,10,49,160,111,49,6,55,1,3,4,219,170,17,153,83
"chr6.24",25,12,5,10,2,10,33,14,7,19,11,17,40,20,38,23,37,21,173,7,55,235,180,78,6,84,1,1,2,321,266,14,252,153
"chr6.25",16,8,6,5,7,8,21,9,9,7,15,12,27,14,24,8,26,14,81,10,25,116,91,56,7,63,1,3,4,183,158,18,140,64
"chr6.26",14,14,10,14,8,5,17,16,10,19,11,17,20,20,21,19,21,21,92,10,30,132,102,46,4,50,3,2,5,187,157,17,140,66
"chr6.27",19,13,4,14,4,5,26,16,10,18,12,16,30,18,32,20,29,19,84,8,38,130,92,NA,NA,NA,NA,NA,NA,NA,NA,NA,NA,57
"chr6.28",27,24,6,22,7,6,37,27,9,27,18,26,41,28,39,27,39,29,111,12,50,173,123,85,11,96,1,3,4,273,223,24,199,85
"chr6.29",18,18,3,18,3,11,25,18,7,25,10,24,28,25,27,28,28,28,98,9,37,144,107,78,8,86,0,0,0,230,193,17,176,68
"chr6.30",12,12,3,11,4,11,21,15,5,15,13,20,28,21,22,17,23,23,85,6,36,127,91,73,6,79,0,0,0,206,170,12,158,66
"chr6.31",10,12,5,8,7,8,16,14,9,13,12,15,18,17,19,20,21,18,76,8,16,100,84,62,9,71,0,0,0,171,155,17,138,47
"chr6.32",4,8,3,8,3,4,7,10,3,11,5,11,7,12,8,12,7,11,64,5,15,84,69,NA,NA,NA,NA,NA,NA,NA,NA,NA,NA,49
"chr6.33",6,8,1,13,4,3,10,13,5,17,7,16,10,15,10,18,10,17,82,5,11,98,87,50,4,54,0,1,1,153,142,9,133,66
"chr6.34",9,10,3,11,5,3,12,13,7,14,8,13,17,15,13,15,13,16,73,5,19,97,78,61,5,66,0,3,3,166,147,10,137,54
"chr6.35",6,4,0,6,0,3,11,7,1,13,6,8,14,9,10,13,14,9,53,3,22,78,56,50,7,57,1,3,4,139,117,11,106,48
"chr6.36",16,8,4,9,5,3,19,10,5,12,8,11,20,12,19,13,19,14,56,10,27,93,66,59,8,67,0,0,0,160,133,18,115,44
"chr6.37",8,4,2,8,1,3,12,8,6,11,6,10,17,10,16,13,17,11,63,4,31,98,67,48,4,52,4,2,6,156,125,12,113,45
"chr6.38",12,8,6,8,3,7,16,11,6,13,7,13,20,16,19,15,16,13,64,3,25,92,67,54,6,60,1,1,2,154,129,10,119,49
"chr6.39",11,8,4,13,4,2,13,10,7,16,6,14,15,11,15,17,15,16,65,7,22,94,72,59,6,65,1,3,4,163,141,14,127,41
"chr6.40",17,12,6,15,6,4,21,16,8,24,10,16,23,19,23,25,24,18,97,7,28,132,104,53,6,59,1,1,2,193,165,14,151,70
"chr6.41",14,18,5,20,8,13,26,22,10,30,17,27,28,29,29,32,30,28,131,10,34,175,141,73,7,80,3,3,6,261,227,20,207,86
"chr6.42",7,7,2,9,2,2,11,12,4,17,7,10,12,14,13,18,15,13,87,5,19,111,92,61,7,68,1,1,2,181,162,13,149,68
"chr6.43",6,10,1,10,1,7,7,11,5,14,1,15,8,16,11,17,11,15,75,2,18,95,77,NA,NA,NA,NA,NA,NA,NA,NA,NA,NA,43
"chr6.44",6,4,4,6,3,4,9,9,5,12,6,9,10,11,11,14,11,10,73,5,18,96,78,49,7,56,2,0,2,154,136,14,122,56
"chr6.45",16,6,8,4,10,4,21,7,11,6,14,6,22,9,23,7,24,9,43,12,22,77,55,46,7,53,5,3,8,138,116,24,92,29
"chr6.46",16,6,2,7,2,6,18,10,6,11,4,12,22,15,25,15,21,12,88,2,35,125,90,44,7,51,2,1,3,179,144,11,133,63
"chr6.47",7,12,3,17,4,9,11,17,6,24,7,20,13,23,12,27,13,22,75,9,20,104,84,55,4,59,0,4,4,167,147,13,134,48
"chr6.48",21,5,5,6,6,2,26,7,9,8,12,8,28,8,28,9,27,9,79,10,27,116,89,50,4,54,1,3,4,174,147,15,132,60
"chr6.49",41,12,8,13,5,10,48,14,10,17,12,20,54,21,48,23,49,21,124,11,52,187,135,59,5,64,1,2,3,254,202,17,185,96
"chr6.50",42,21,5,22,9,8,48,25,12,29,16,26,51,28,55,32,53,33,151,10,64,225,161,83,3,86,3,5,8,319,255,16,239,107
"chr6.51",46,25,13,26,11,18,62,30,16,35,24,38,70,42,67,39,64,41,187,14,87,288,201,121,18,139,3,5,8,435,348,35,313,146
"chr6.52",17,17,5,19,5,9,25,22,6,31,13,23,30,26,29,33,28,25,141,9,41,191,150,56,12,68,0,0,0,259,218,21,197,100
"chr6.53",11,7,3,9,4,2,11,10,6,10,4,9,15,10,13,13,14,10,71,4,19,94,75,56,3,59,1,1,2,155,136,8,128,56
"chr6.54",14,9,5,11,6,7,17,14,7,19,7,14,19,17,18,20,18,15,75,4,18,97,79,60,8,68,3,2,5,170,152,15,137,53
"chr6.55",36,20,8,18,7,6,39,25,13,31,11,19,43,27,45,33,41,28,133,12,52,197,145,62,11,73,0,3,3,273,221,23,198,102
"chr6.56",31,16,8,16,9,10,39,20,13,26,14,23,44,27,42,28,40,28,116,9,56,181,125,52,7,59,1,3,4,244,188,17,171,84
"chr6.57",16,9,3,5,3,7,23,11,6,7,13,11,26,14,25,9,27,16,61,9,25,95,70,34,5,39,2,3,5,139,114,16,98,46
"chr6.58",13,7,3,5,3,12,17,11,3,17,8,17,19,20,19,20,18,19,126,4,29,159,130,NA,NA,NA,NA,NA,NA,NA,NA,NA,NA,112
"chr6.59",16,6,0,7,0,6,24,11,0,9,8,10,24,12,23,10,24,11,87,1,26,114,88,NA,NA,NA,NA,NA,NA,NA,NA,NA,NA,85
"chr6.60",9,8,2,5,2,9,9,12,3,12,2,13,9,17,10,13,10,16,121,1,15,137,122,77,10,87,1,3,4,228,213,12,201,124
"chr6.61",29,8,4,8,5,5,37,9,7,13,12,11,37,11,37,16,38,14,88,6,40,134,94,53,9,62,3,3,6,202,162,18,144,66
"chr6.62",57,16,9,16,11,6,78,18,14,18,30,21,81,20,79,22,79,23,100,13,81,194,113,NA,NA,NA,NA,NA,NA,NA,NA,NA,NA,73
"chr6.63",59,12,7,12,8,3,76,15,13,13,21,13,81,15,78,17,79,17,114,8,90,212,122,63,7,70,3,0,3,285,195,18,177,85
"chr6.64",62,13,5,16,4,6,65,18,11,26,8,21,70,22,71,27,72,23,101,10,79,190,111,59,7,66,4,3,7,263,184,21,163,75
"chr6.65",36,18,5,19,5,6,37,20,7,29,6,20,38,24,38,30,38,23,113,6,54,173,119,77,13,90,2,4,6,269,215,21,194,80
"chr6.66",35,12,4,11,2,6,40,12,6,16,7,16,43,18,43,21,41,20,102,8,54,164,110,75,9,84,1,2,3,251,197,18,179,62
"chr6.67",30,15,7,14,9,5,34,17,14,20,12,18,40,20,41,25,39,21,93,10,47,150,103,47,11,58,2,4,6,214,167,23,144,63
"chr6.68",11,16,2,12,2,7,13,19,5,20,4,18,14,22,16,23,14,22,93,5,22,120,98,58,4,62,0,1,1,183,161,9,152,72
"chr6.69",22,13,0,14,0,6,24,14,0,19,3,17,25,17,24,21,25,17,62,3,39,104,65,57,4,61,4,3,7,172,133,11,122,37
"chr6.70",26,8,5,6,8,7,29,8,8,14,12,12,32,12,27,18,31,13,73,11,28,112,84,36,6,42,2,0,2,156,128,19,109,50
"chr6.71",23,5,5,6,5,3,28,10,8,14,9,9,30,14,29,16,30,12,57,7,29,93,64,NA,NA,NA,NA,NA,NA,NA,NA,NA,NA,33
"chr6.72",37,7,2,12,1,3,42,7,3,16,7,11,42,9,41,18,43,11,80,5,43,128,85,NA,NA,NA,NA,NA,NA,NA,NA,NA,NA,50
"chr6.73",15,4,3,3,3,3,17,7,5,7,6,6,20,11,17,9,18,11,55,6,25,86,61,47,2,49,2,0,2,137,112,10,102,40
"chr6.74",30,11,4,9,5,8,35,14,7,15,11,18,37,25,38,20,38,22,105,6,38,149,111,55,5,60,0,3,3,212,174,11,163,66
"chr6.75",35,15,4,13,5,10,36,17,6,23,5,20,37,21,37,27,37,25,127,3,38,168,130,53,8,61,0,2,2,231,193,11,182,87
"chr6.76",20,11,6,12,5,8,22,13,9,22,8,18,25,20,26,25,26,20,101,5,32,138,106,37,6,43,1,0,1,182,150,12,138,75
"chr6.77",20,7,5,6,4,6,23,12,7,14,8,12,23,16,22,15,24,18,72,9,25,106,81,59,7,66,2,2,4,176,151,18,133,49
"chr6.78",31,7,3,5,3,7,34,10,5,13,6,11,40,16,35,19,36,16,79,7,45,131,86,56,6,62,3,9,12,205,160,16,144,59
"chr6.79",28,8,5,10,5,7,34,9,8,14,10,16,38,15,35,16,38,21,82,8,39,129,90,67,4,71,1,3,4,204,165,13,152,56
"chr6.80",20,9,3,10,2,3,22,10,3,15,5,12,24,13,23,16,23,16,61,3,31,95,64,36,2,38,2,2,4,137,106,7,99,43
"chr6.81",17,8,2,9,1,9,23,9,2,12,10,17,26,18,24,18,26,19,80,6,29,115,86,42,7,49,2,0,2,166,137,15,122,51
"chr6.82",27,8,2,11,4,8,34,12,5,15,11,18,35,18,31,22,36,20,104,8,34,146,112,43,8,51,2,2,4,201,167,18,149,75
"chr6.83",16,9,3,8,2,4,17,11,5,12,4,11,21,13,20,14,19,13,79,3,26,108,82,NA,NA,NA,NA,NA,NA,NA,NA,NA,NA,63
"chr6.84",50,12,5,11,5,8,52,12,7,15,7,16,53,17,54,17,53,17,128,5,56,189,133,NA,NA,NA,NA,NA,NA,NA,NA,NA,NA,96
"chr6.85",15,5,3,7,3,3,17,7,4,14,5,8,18,9,18,15,19,9,58,4,16,78,62,48,8,56,0,4,4,138,122,12,110,40
"chr6.86",21,6,4,5,4,10,28,7,9,11,13,15,30,15,30,15,32,16,76,8,30,114,84,43,6,49,1,6,7,170,140,15,125,64
"chr6.87",13,13,6,15,6,9,19,14,10,20,12,19,19,19,19,23,23,20,57,12,17,86,69,39,5,44,3,3,6,136,119,20,99,36
"chr6.88",32,8,3,10,4,6,41,8,7,15,13,11,41,11,39,16,41,13,68,11,36,115,79,56,7,63,2,1,3,181,145,20,125,46
"chr6.89",67,12,7,11,7,8,76,12,9,16,14,17,77,18,72,19,76,24,96,12,83,191,108,44,7,51,2,1,3,245,162,21,141,67
"chr6.90",56,16,9,17,8,7,62,18,13,20,13,21,65,22,65,21,64,22,86,7,65,158,93,55,11,66,1,3,4,228,163,19,144,57
"chr6.91",56,14,8,13,7,13,63,16,8,20,13,23,65,25,62,24,65,26,138,8,76,222,146,66,2,68,3,5,8,298,222,13,209,115
"chr6.92",59,13,6,13,6,7,65,15,9,22,14,19,68,19,66,26,72,22,119,12,73,204,131,NA,NA,NA,NA,NA,NA,NA,NA,NA,NA,89
"chr6.93",46,13,4,11,4,7,53,16,6,16,9,16,56,18,50,18,54,18,92,11,63,166,103,49,5,54,3,3,6,226,163,19,144,67
"chr6.94",31,16,9,18,5,7,38,20,9,26,10,23,42,23,40,30,39,25,77,6,47,130,83,38,4,42,2,5,7,179,132,12,120,52
"chr6.95",42,14,5,15,5,8,51,15,6,23,14,19,53,19,50,25,53,22,91,11,61,163,102,59,9,68,2,6,8,239,178,22,156,65
"chr6.96",24,17,5,18,3,8,25,17,5,22,7,22,28,19,27,25,27,25,79,6,35,120,85,45,10,55,1,2,3,178,143,17,126,48
"chr6.97",26,10,3,11,3,2,29,12,3,17,7,13,30,14,28,20,30,14,75,4,38,117,79,49,9,58,4,1,5,180,142,17,125,46
"chr6.98",26,16,8,13,8,8,30,16,10,19,13,20,32,23,33,23,32,24,78,10,30,118,88,43,9,52,0,2,2,172,142,19,123,48
"chr6.99",46,12,7,11,6,5,52,14,7,17,12,16,53,18,50,22,54,18,97,7,55,159,104,55,4,59,3,5,8,226,171,14,157,67
"chr6.100",72,12,7,11,5,11,78,12,10,20,13,21,84,20,82,29,85,22,131,11,95,237,142,65,6,71,3,1,4,312,217,20,197,100
"chr6.101",66,18,5,20,5,9,75,19,7,26,17,26,78,25,73,27,80,27,124,12,77,213,136,68,10,78,2,3,5,296,219,24,195,86
"chr6.102",25,5,8,8,7,4,31,9,9,13,15,10,34,13,29,16,33,13,61,13,33,107,74,53,8,61,3,0,3,171,138,24,114,39
"chr6.103",21,13,4,13,6,7,25,14,7,22,9,19,28,21,24,25,26,23,85,9,27,121,94,35,2,37,0,1,1,159,132,11,121,60
"chr6.104",13,10,4,9,5,3,14,10,6,13,7,12,16,13,16,16,17,17,62,7,16,85,69,38,6,44,1,3,4,133,117,14,103,36
"chr6.105",16,12,3,13,4,4,20,15,7,20,6,17,21,18,22,22,22,18,58,5,25,88,63,29,8,37,1,3,4,129,104,14,90,39
"chr6.106",9,5,2,5,3,4,13,7,8,10,9,9,18,9,18,12,19,11,40,5,18,63,45,26,5,31,4,1,5,99,81,14,67,26
"chr6.107",16,8,4,6,3,6,18,8,7,9,5,13,21,13,22,12,20,13,63,4,29,96,67,37,8,45,3,1,4,145,116,15,101,44
"chr6.108",7,9,2,9,2,5,8,10,3,16,4,13,9,13,11,17,10,13,57,3,14,74,60,41,8,49,0,2,2,125,111,11,100,34
"chr6.109",16,6,2,5,0,5,19,6,2,8,5,9,21,10,21,11,21,12,57,4,26,87,61,47,8,55,2,5,7,149,123,14,109,35
"chr6.110",45,7,3,8,3,7,51,9,3,15,8,11,51,12,48,17,52,14,78,6,48,132,84,28,7,35,2,1,3,170,122,15,107,58
"chr6.111",33,11,3,10,2,7,39,12,5,14,8,14,42,15,39,17,39,16,57,5,45,107,62,33,2,35,1,3,4,146,101,8,93,39
"chr6.112",39,19,2,18,2,10,48,22,5,25,11,27,49,30,46,35,50,31,114,8,52,174,122,51,6,57,2,1,3,234,182,16,166,75
"chr6.113",23,6,0,7,0,4,23,8,0,14,0,10,26,11,24,17,24,12,66,1,30,97,67,26,2,28,0,0,0,125,95,3,92,49
"chr6.114",22,9,8,5,6,1,24,9,9,9,8,9,26,10,26,13,25,13,63,9,27,99,72,43,4,47,0,0,0,146,119,13,106,42
"chr6.115",23,9,4,9,4,4,24,10,6,12,6,9,26,10,26,12,27,10,62,5,46,113,67,52,4,56,1,0,1,170,124,10,114,45
"chr6.116",11,7,3,9,2,6,12,8,7,16,4,10,15,12,15,18,14,15,51,4,17,72,55,36,4,40,4,4,8,120,103,12,91,31
"chr6.117",31,14,6,14,5,3,33,16,7,17,7,16,35,18,35,20,36,19,84,8,41,133,92,47,3,50,2,4,6,189,148,13,135,53
"chr6.118",25,12,5,15,5,3,29,14,6,24,9,15,29,16,28,25,30,16,87,10,34,131,97,37,7,44,2,3,5,180,146,19,127,55
"chr6.119",33,9,7,7,5,2,35,9,9,8,8,9,39,9,38,9,38,9,60,8,43,111,68,35,4,39,3,4,7,157,114,15,99,49
"chr6.120",31,18,9,20,7,8,37,20,11,26,13,23,42,24,38,30,42,25,96,13,41,150,109,56,3,59,1,2,3,212,171,17,154,59
"chr6.121",42,16,8,17,7,6,49,17,12,20,14,20,52,18,49,26,52,23,100,12,53,165,112,37,2,39,3,0,3,207,154,17,137,65
"chr6.122",16,12,4,11,4,3,17,12,5,12,5,11,18,12,17,12,19,13,67,5,16,88,72,44,4,48,1,4,5,141,125,10,115,44
"chr6.123",17,14,6,11,6,3,20,15,9,11,12,14,23,17,25,14,22,18,61,11,25,97,72,NA,NA,NA,NA,NA,NA,NA,NA,NA,NA,43
"chr6.124",23,7,7,7,8,5,26,7,10,8,11,11,28,11,26,12,27,13,73,10,23,106,83,45,5,50,1,0,1,157,134,16,118,51
"chr6.125",19,7,3,7,2,0,24,8,4,10,7,7,26,8,23,11,26,8,50,6,31,87,56,45,4,49,1,2,3,139,108,11,97,34
"chr6.126",30,7,1,8,2,4,33,8,3,11,5,10,33,10,31,16,34,15,64,6,35,105,70,45,3,48,2,0,2,155,120,11,109,42
"chr6.127",38,9,4,9,4,4,42,10,7,12,8,12,45,13,44,14,45,15,75,6,49,130,81,45,4,49,2,1,3,182,133,12,121,48
"chr6.128",20,7,7,4,6,5,25,7,9,4,11,8,27,9,26,6,27,9,70,10,27,107,80,32,7,39,0,3,3,149,122,17,105,52
"chr6.129",22,13,4,14,3,7,23,13,5,17,4,16,24,15,24,19,25,18,56,4,25,85,60,45,10,55,3,1,4,144,119,17,102,32
"chr6.130",25,8,5,5,6,2,32,8,6,8,11,8,33,9,29,9,33,11,63,11,33,107,74,30,4,34,0,3,3,144,111,15,96,44
"chr6.131",26,5,3,7,3,3,26,7,3,10,4,10,28,11,27,12,27,11,52,4,33,89,56,40,11,51,2,7,9,149,116,17,99,41
"chr6.132",17,5,7,6,7,5,21,5,9,10,10,9,22,8,23,10,22,9,46,8,23,77,54,30,4,34,0,4,4,115,92,12,80,30
"chr6.133",15,19,6,20,4,4,19,19,8,21,8,22,23,22,20,24,20,25,66,7,22,95,73,32,6,38,0,2,2,135,113,13,100,34
"chr6.134",19,12,5,12,5,8,23,13,6,16,8,16,25,17,24,18,24,19,51,7,27,85,58,33,5,38,2,0,2,125,98,14,84,29
"chr6.135",16,6,2,3,3,2,22,8,5,7,10,8,22,10,18,10,23,9,55,9,18,82,64,30,4,34,0,1,1,117,99,13,86,34
"chr6.136",13,10,6,12,3,3,18,10,7,13,9,11,21,12,19,14,19,13,55,8,23,86,63,31,5,36,0,3,3,125,102,13,89,33
"chr6.137",25,12,2,10,2,8,25,12,2,10,2,15,25,15,25,15,25,16,81,2,27,110,83,33,9,42,0,4,4,156,129,11,118,51
"chr6.138",24,11,4,12,2,4,27,14,7,15,6,15,28,16,30,19,30,15,81,7,32,120,88,34,4,38,1,3,4,162,130,12,118,58
"chr6.139",28,12,1,11,1,6,30,13,3,14,3,13,32,14,30,16,31,13,60,4,36,100,64,41,4,45,0,0,0,145,109,8,101,37
"chr6.140",13,4,6,4,5,7,14,6,8,4,8,9,19,10,18,10,20,9,43,7,20,70,50,43,5,48,1,1,2,120,100,13,87,29
"chr6.141",10,12,1,13,0,6,15,14,3,17,7,17,16,18,13,21,17,19,56,7,15,78,63,25,8,33,0,1,1,112,97,15,82,34
"chr6.142",14,14,2,13,1,6,15,16,4,16,4,17,17,20,17,20,17,20,81,5,23,109,86,49,8,57,0,2,2,168,145,13,132,48
"chr6.143",22,6,3,5,5,4,24,6,6,10,8,6,25,7,26,11,26,9,54,7,32,93,61,40,3,43,2,0,2,138,106,12,94,37
"chr6.144",30,10,3,12,3,8,36,12,5,16,10,17,37,16,32,19,36,18,75,11,32,118,86,45,2,47,1,2,3,168,136,14,122,53
"chr6.145",8,13,4,10,3,6,11,13,7,11,8,15,15,16,15,14,17,17,43,8,16,67,51,32,5,37,5,2,7,111,95,18,77,25
"chr6.146",23,7,14,7,10,4,25,8,15,9,14,8,35,9,32,10,29,10,52,11,29,92,63,38,3,41,1,0,1,134,105,15,90,37
"chr6.147",8,13,3,14,3,3,12,16,4,15,7,16,13,17,12,17,14,17,59,8,15,82,67,47,8,55,1,0,1,138,123,17,106,40
"chr6.148",9,12,3,12,0,7,13,12,5,14,4,15,16,15,16,16,14,15,49,6,20,75,55,33,3,36,2,1,3,114,94,11,83,28
"chr6.149",26,10,4,10,5,5,32,11,7,11,9,11,33,12,32,12,33,12,52,6,35,93,58,41,4,45,1,3,4,142,107,11,96,32
"chr6.150",26,7,3,7,2,4,31,8,4,11,8,11,31,11,29,14,32,12,64,5,34,103,69,46,3,49,1,4,5,157,123,9,114,43
"chr6.151",22,11,6,13,3,3,25,13,7,13,7,12,27,13,25,13,25,15,47,9,32,88,56,51,6,57,0,1,1,146,114,15,99,27
"chr6.152",14,8,4,8,3,6,16,8,4,10,5,11,17,11,16,12,16,14,46,4,18,68,50,37,3,40,2,1,3,111,93,9,84,28
"chr6.153",24,11,6,11,5,5,28,13,7,14,9,14,29,15,27,18,28,17,83,7,28,118,90,51,9,60,1,0,1,179,151,17,134,56
"chr6.154",18,11,6,10,6,4,19,11,6,11,7,11,19,12,19,12,19,15,47,7,17,71,54,NA,NA,NA,NA,NA,NA,NA,NA,NA,NA,26
"chr6.155",17,6,4,5,5,4,20,8,7,8,7,8,23,9,25,11,23,10,63,5,25,93,68,37,6,43,3,3,6,142,117,14,103,39
"chr6.156",5,12,3,12,2,6,6,14,4,14,3,16,7,18,8,17,8,20,58,7,12,77,65,32,3,35,2,1,3,115,103,12,91,31
"chr6.157",12,10,3,9,3,9,17,14,3,14,7,17,17,19,14,20,18,18,77,8,17,102,85,37,4,41,1,0,1,144,127,13,114,50
"chr6.158",18,11,3,8,3,3,22,13,4,10,5,11,23,14,24,11,23,13,68,4,28,100,72,NA,NA,NA,NA,NA,NA,NA,NA,NA,NA,56
"chr6.159",23,13,4,13,3,8,27,14,5,15,7,17,29,17,28,18,28,19,78,7,34,119,85,NA,NA,NA,NA,NA,NA,NA,NA,NA,NA,48
"chr6.160",25,16,4,17,4,0,28,19,6,19,9,18,30,19,27,20,29,18,80,8,32,120,88,35,9,44,5,5,10,174,142,22,120,52
"chr6.161",35,13,4,12,4,3,39,15,7,15,9,15,41,18,42,18,42,18,90,6,46,142,96,61,13,74,1,1,2,218,172,20,152,56
"chr6.162",49,8,10,10,5,9,55,10,15,14,14,16,59,14,62,18,61,23,112,8,69,189,120,78,8,86,2,2,4,279,210,18,192,89
"chr6.163",29,8,0,8,1,4,36,11,2,11,8,10,38,13,35,12,37,12,115,5,40,160,120,30,4,34,0,2,2,196,156,9,147,89
"chr6.164",14,8,2,9,3,5,21,12,8,11,10,12,23,15,23,14,22,16,63,7,28,98,70,NA,NA,NA,NA,NA,NA,NA,NA,NA,NA,48
"chr6.165",14,10,1,7,1,4,16,12,3,13,5,11,20,15,20,15,19,14,72,2,25,99,74,NA,NA,NA,NA,NA,NA,NA,NA,NA,NA,58
"chr6.166",31,12,4,12,4,7,35,12,5,13,9,14,37,14,34,15,36,17,82,5,38,125,87,57,14,71,1,0,1,197,159,20,139,51
"chr6.167",25,10,2,9,4,4,28,13,5,15,8,13,31,16,29,17,30,14,77,8,33,118,85,NA,NA,NA,NA,NA,NA,NA,NA,NA,NA,53
"chr7.1",10,10,4,10,3,6,16,14,6,11,12,14,20,16,17,13,18,17,84,8,27,119,92,NA,NA,NA,NA,NA,NA,NA,NA,NA,NA,71
"chr7.2",12,15,3,18,3,9,15,20,3,23,6,24,16,25,15,26,16,24,84,5,22,111,89,70,9,79,4,2,6,196,174,18,156,57
"chr7.3",18,15,3,14,2,3,21,17,3,20,5,16,22,21,20,24,21,19,73,8,27,108,81,57,3,60,3,0,3,171,144,14,130,47
"chr7.4",19,12,8,12,4,7,24,13,10,14,10,13,29,13,28,15,25,14,71,8,31,110,79,81,9,90,2,1,3,203,172,19,153,52
"chr7.5",24,9,3,7,3,6,31,11,5,14,13,13,34,15,32,19,33,17,85,7,40,132,92,NA,NA,NA,NA,NA,NA,NA,NA,NA,NA,65
"chr7.6",12,8,4,7,5,11,18,9,6,12,11,15,21,16,18,18,20,15,69,11,21,101,80,NA,NA,NA,NA,NA,NA,NA,NA,NA,NA,41
"chr7.7",8,11,1,10,4,5,14,11,6,13,9,14,15,14,17,14,17,15,60,4,27,91,64,NA,NA,NA,NA,NA,NA,NA,NA,NA,NA,41
"chr7.8",10,11,5,12,5,3,11,16,7,16,6,16,12,19,13,18,13,17,60,5,16,81,65,60,7,67,3,2,5,153,137,15,122,42
"chr7.9",19,14,4,13,3,6,25,14,4,17,11,16,31,19,27,19,28,19,110,6,52,168,116,66,8,74,1,2,3,245,193,15,178,78
"chr7.10",48,11,11,15,10,6,65,17,17,26,28,20,69,21,68,30,68,24,171,15,78,264,186,117,16,133,3,2,5,402,324,34,290,137
"chr7.11",41,17,10,12,8,4,55,19,12,14,21,16,59,20,58,19,59,19,144,11,67,222,155,80,12,92,2,3,5,319,252,25,227,115
"chr7.12",26,10,10,11,10,5,34,13,13,22,19,12,39,15,40,22,38,13,112,10,45,167,122,71,13,84,1,2,3,254,209,24,185,89
"chr7.13",24,8,6,6,7,7,30,10,8,11,14,12,31,14,31,14,32,15,95,11,31,137,106,49,13,62,1,1,2,201,170,25,145,68
"chr7.14",27,13,9,11,9,3,35,13,9,13,16,12,36,15,34,13,36,16,94,12,40,146,106,76,2,78,1,2,3,227,187,15,172,67
"chr7.15",34,14,6,16,3,6,45,20,9,24,16,19,50,24,48,26,49,26,130,9,66,205,139,82,9,91,1,1,2,298,232,19,213,104
"chr7.16",45,9,7,7,6,11,69,11,8,15,30,16,71,18,68,17,70,17,111,10,81,202,121,63,6,69,1,0,1,272,191,17,174,89
"chr7.17",15,2,6,5,4,4,17,4,7,8,8,8,21,7,22,10,20,8,68,6,32,106,74,46,5,51,2,2,4,161,129,13,116,51
"chr7.18",11,7,2,10,0,3,13,9,5,12,2,10,20,10,18,13,18,11,69,2,28,99,71,56,8,64,1,2,3,166,138,11,127,50
"chr7.19",23,6,4,7,5,5,24,7,8,11,6,11,27,10,27,12,25,12,88,6,36,130,94,47,3,50,1,0,1,181,145,10,135,67
"chr7.20",55,12,10,13,8,8,76,17,11,18,32,16,79,20,76,20,77,19,135,15,83,233,150,76,5,81,2,5,7,321,238,22,216,103
"chr7.21",30,5,5,3,6,4,37,7,6,8,13,6,38,9,35,9,37,11,88,11,43,142,99,47,4,51,0,2,2,195,152,15,137,74
"chr7.22",28,12,5,13,5,7,31,13,7,19,9,17,35,19,33,22,33,17,89,9,37,135,98,72,6,78,0,4,4,217,180,15,165,62
"chr7.23",14,5,3,6,2,9,20,6,6,12,8,12,24,11,23,14,23,13,73,4,33,110,77,56,6,62,1,2,3,175,142,11,131,64
"chr7.24",11,7,4,5,4,4,18,9,6,8,13,9,22,11,22,12,22,10,62,3,35,100,65,NA,NA,NA,NA,NA,NA,NA,NA,NA,NA,49
"chr7.25",26,10,6,9,3,3,30,13,7,13,8,11,37,14,35,14,33,14,74,3,44,121,77,48,6,54,0,2,2,177,133,9,124,49
"chr7.26",23,10,5,10,5,7,29,11,5,15,10,12,29,14,29,16,29,13,68,7,33,108,75,55,6,61,0,2,2,171,138,13,125,50
"chr7.27",17,13,7,9,9,5,28,13,12,13,20,11,30,13,29,13,31,13,59,12,30,101,71,49,7,56,1,2,3,160,130,20,110,45
"chr7.28",15,9,1,8,1,9,19,10,3,15,5,15,19,16,20,16,21,18,77,3,34,114,80,52,10,62,2,3,5,181,147,15,132,57
"chr7.29",24,10,7,9,5,3,33,12,9,12,15,11,34,14,34,13,34,14,74,10,34,118,84,51,8,59,0,3,3,180,146,18,128,53
"chr7.30",12,8,2,7,2,5,16,10,4,13,6,9,19,12,18,14,18,11,58,2,26,86,60,52,6,58,2,3,5,149,123,10,113,47
"chr7.31",10,7,3,9,2,4,13,9,3,11,6,13,13,13,12,13,13,18,58,5,18,81,63,54,3,57,0,2,2,140,122,8,114,30
"chr7.32",21,14,5,16,3,13,26,17,7,22,9,22,28,24,27,26,29,25,104,8,37,149,112,77,10,87,3,1,4,240,203,21,182,77
"chr7.33",23,13,5,9,5,9,33,14,13,13,15,14,38,17,38,16,39,19,88,6,44,138,94,NA,NA,NA,NA,NA,NA,NA,NA,NA,NA,66
"chr7.34",14,8,4,7,4,8,19,8,7,10,9,10,22,11,23,12,24,13,64,4,27,95,68,41,3,44,1,3,4,143,116,8,108,46
"chr7.35",33,13,1,11,2,6,45,13,6,14,13,16,48,16,45,16,48,18,80,5,61,146,85,77,4,81,1,2,3,230,169,10,159,52
"chr7.36",17,10,4,10,4,6,22,12,7,14,9,13,23,13,22,17,23,15,76,9,36,121,85,NA,NA,NA,NA,NA,NA,NA,NA,NA,NA,58
"chr7.37",16,12,6,12,4,9,25,14,8,17,13,16,30,18,28,20,28,21,78,7,34,119,85,59,14,73,1,1,2,194,160,22,138,55
"chr7.38",31,10,8,8,8,7,43,13,13,16,20,14,46,17,43,19,47,15,116,15,49,180,131,69,9,78,3,0,3,261,212,27,185,89
"chr7.39",22,12,11,11,11,8,33,13,17,16,22,16,38,16,35,19,36,16,77,15,45,137,92,65,8,73,1,5,6,216,171,24,147,57
"chr7.40",20,9,3,10,5,8,22,11,7,14,7,16,23,17,25,17,25,18,85,5,32,122,90,61,15,76,0,2,2,200,168,20,148,55
"chr7.41",23,13,4,13,3,10,29,17,9,19,11,21,33,23,34,23,35,22,88,4,48,140,92,51,6,57,1,3,4,201,153,11,142,69
"chr7.42",43,10,4,7,4,7,56,12,6,16,16,14,64,16,57,21,58,19,131,4,80,215,135,60,11,71,1,1,2,288,208,16,192,110
"chr7.43",29,9,7,8,6,5,38,10,9,10,16,12,41,13,38,12,40,15,74,8,45,127,82,48,4,52,0,2,2,181,136,12,124,48
"chr7.44",22,7,5,4,8,8,31,7,10,11,13,10,33,12,32,15,33,13,94,8,39,141,102,50,5,55,0,0,0,196,157,13,144,71
"chr7.45",15,20,3,21,3,11,17,21,3,26,8,23,21,25,21,27,20,25,87,5,28,120,92,NA,NA,NA,NA,NA,NA,NA,NA,NA,NA,60
"chr7.46",18,15,2,15,2,8,29,17,3,21,15,18,33,20,30,22,32,19,84,7,42,133,91,NA,NA,NA,NA,NA,NA,NA,NA,NA,NA,58
"chr7.47",34,14,10,14,7,8,44,17,13,22,17,20,50,23,53,28,49,21,84,9,62,155,93,70,6,76,1,3,4,235,173,16,157,55
"chr7.48",11,14,4,15,4,7,15,16,7,23,8,17,17,22,16,24,18,18,87,6,18,111,93,45,7,52,4,2,6,169,151,17,134,52
"chr7.49",26,8,5,7,6,6,32,9,6,14,12,12,34,14,30,15,34,19,80,15,40,135,95,66,6,72,1,2,3,210,170,22,148,66
"chr7.50",55,13,2,13,3,8,72,15,5,20,21,17,74,19,74,21,75,20,143,4,94,241,147,65,7,72,2,2,4,317,223,13,210,115
"chr7.51",30,10,9,9,7,5,38,11,14,10,18,14,41,16,42,13,42,16,87,14,52,153,101,62,6,68,1,0,1,222,170,21,149,64
"chr7.52",50,10,7,9,10,9,69,11,14,13,28,13,70,14,70,15,74,16,84,19,75,178,103,56,8,64,2,3,5,247,172,29,143,64
"chr7.53",83,21,6,19,7,4,106,22,9,24,28,22,108,24,104,26,108,25,116,10,118,244,126,71,3,74,5,2,7,325,207,18,189,89
"chr7.54",82,18,7,15,7,5,103,20,9,20,27,19,107,22,104,22,105,25,207,10,113,330,217,63,7,70,1,2,3,403,290,18,272,177
"chr7.55",44,7,7,5,6,1,61,7,8,6,26,8,63,8,62,9,64,9,156,10,63,229,166,53,6,59,1,1,2,290,227,17,210,138
"chr7.56",30,7,5,7,5,2,43,7,8,9,16,8,45,8,43,12,46,9,95,12,51,158,107,NA,NA,NA,NA,NA,NA,NA,NA,NA,NA,78
"chr7.57",71,15,4,12,8,11,106,20,10,20,44,21,111,26,105,23,111,28,223,14,119,356,237,NA,NA,NA,NA,NA,NA,NA,NA,NA,NA,199
"chr7.58",112,20,13,20,12,15,147,27,17,26,46,30,149,33,144,32,149,34,316,28,163,507,344,NA,NA,NA,NA,NA,NA,NA,NA,NA,NA,278
"chr7.59",31,16,2,9,2,17,40,19,6,14,12,22,42,26,44,18,45,28,150,5,66,221,155,NA,NA,NA,NA,NA,NA,NA,NA,NA,NA,127
"chr7.60",115,20,14,22,12,18,143,28,19,41,40,38,149,41,141,45,151,46,200,25,160,385,225,NA,NA,NA,NA,NA,NA,NA,NA,NA,NA,155
"chr7.61",67,11,5,9,6,8,84,16,7,19,25,18,87,22,86,23,89,24,160,7,110,277,167,NA,NA,NA,NA,NA,NA,NA,NA,NA,NA,129
"chr7.62",25,10,5,10,7,8,28,12,10,15,11,14,32,16,30,15,31,16,71,10,34,115,81,NA,NA,NA,NA,NA,NA,NA,NA,NA,NA,57
"chr7.63",9,16,2,14,5,4,13,16,6,18,8,17,13,18,13,21,14,19,57,7,12,76,64,NA,NA,NA,NA,NA,NA,NA,NA,NA,NA,25
"chr7.64",18,11,11,13,7,8,22,12,12,17,12,16,25,16,23,20,22,16,69,12,28,109,81,NA,NA,NA,NA,NA,NA,NA,NA,NA,NA,51
"chr7.65",34,13,4,9,5,9,41,15,6,16,12,18,43,23,41,20,42,21,150,9,57,216,159,88,9,97,3,3,6,319,262,21,241,119
"chr7.66",42,18,7,19,6,9,51,21,11,28,15,27,53,29,55,33,54,33,167,7,74,248,174,81,12,93,1,6,7,348,274,20,254,135
"chr7.67",17,10,11,9,13,7,26,13,18,16,21,15,29,18,30,19,29,18,88,16,25,129,104,65,7,72,4,3,7,208,183,27,156,65
"chr7.68",18,18,2,17,1,12,29,19,4,23,12,23,31,25,30,26,31,26,139,8,47,194,147,79,7,86,1,2,3,283,236,16,220,105
"chr7.69",27,10,7,12,6,4,39,15,10,20,18,13,41,17,42,23,41,17,122,7,58,187,129,NA,NA,NA,NA,NA,NA,NA,NA,NA,NA,97
"chr7.70",8,10,2,6,2,5,11,10,5,10,6,11,13,12,14,12,16,12,48,5,26,79,53,NA,NA,NA,NA,NA,NA,NA,NA,NA,NA,36
"chr7.71",10,7,2,8,1,7,18,8,5,12,10,14,20,14,18,14,21,14,71,5,26,102,76,NA,NA,NA,NA,NA,NA,NA,NA,NA,NA,55
"chr7.72",1,2,0,1,0,2,2,3,0,3,2,3,3,4,3,5,3,4,29,0,4,33,29,NA,NA,NA,NA,NA,NA,NA,NA,NA,NA,23
"chr7.73",14,9,6,8,8,2,17,12,9,11,9,9,18,13,18,12,19,14,62,8,21,91,70,NA,NA,NA,NA,NA,NA,NA,NA,NA,NA,37
"chr7.74",10,8,4,11,6,4,13,11,6,14,8,13,15,14,14,15,13,15,57,6,22,85,63,NA,NA,NA,NA,NA,NA,NA,NA,NA,NA,35
"chr7.75",13,10,7,11,10,7,24,13,11,21,16,14,25,17,22,21,25,18,81,12,25,118,93,39,0,39,5,2,7,164,139,17,122,58
"chr7.76",17,10,7,9,4,8,27,13,9,15,14,14,31,17,30,18,29,20,95,7,33,135,102,NA,NA,NA,NA,NA,NA,NA,NA,NA,NA,68
"chr7.77",21,3,8,3,6,2,30,5,10,7,12,4,35,6,34,8,31,5,70,7,39,116,77,42,8,50,2,4,6,172,133,17,116,57
"chr7.78",30,10,6,9,8,12,40,11,10,16,16,17,41,19,39,20,42,21,79,9,43,131,88,68,9,77,0,2,2,210,167,18,149,57
"chr7.79",34,7,1,7,2,4,46,8,4,14,14,11,49,12,47,15,48,12,71,3,57,131,74,51,4,55,2,2,4,190,133,9,124,51
"chr7.80",29,11,7,7,7,9,34,13,8,12,12,15,34,17,34,14,34,17,89,6,45,140,95,64,9,73,1,1,2,215,170,16,154,75
"chr7.81",20,9,5,8,5,5,27,10,6,13,13,13,30,14,31,16,29,15,90,8,40,138,98,56,6,62,4,3,7,207,167,18,149,66
"chr7.82",43,12,11,15,9,7,58,17,13,23,23,19,63,19,58,25,61,20,99,9,74,182,108,52,7,59,0,2,2,243,169,16,153,78
"chr7.83",37,10,14,13,10,14,49,12,14,20,26,20,55,19,55,25,53,20,125,13,64,202,138,87,5,92,3,4,7,301,237,21,216,90
"chr7.84",27,14,6,13,5,7,34,16,6,17,14,20,37,22,36,21,37,22,89,8,48,145,97,64,8,72,3,1,4,221,173,19,154,66
"chr7.85",28,13,6,15,6,8,34,19,7,22,10,20,35,23,36,26,35,23,92,7,46,145,99,77,8,85,2,0,2,232,186,17,169,63
"chr7.86",37,9,9,12,7,4,50,14,11,18,20,15,53,19,51,19,50,16,132,11,70,213,143,97,6,103,2,0,2,318,248,19,229,101
"chr7.87",39,11,7,11,8,7,50,11,11,13,21,14,52,14,52,16,54,16,103,9,58,170,112,62,6,68,2,2,4,242,184,17,167,69
"chr7.88",21,8,2,8,2,4,31,10,4,13,11,11,33,13,30,14,32,14,68,7,33,108,75,45,6,51,0,2,2,161,128,13,115,40
"chr7.89",12,5,3,6,4,4,15,8,4,12,7,8,16,10,16,13,16,8,61,7,23,91,68,NA,NA,NA,NA,NA,NA,NA,NA,NA,NA,42
"chr7.90",17,14,4,14,5,6,21,18,6,19,10,19,27,23,25,20,24,20,83,6,29,118,89,69,6,75,2,2,4,197,168,14,154,58
"chr7.91",35,12,4,12,5,6,45,14,6,18,14,18,48,19,48,21,47,19,89,9,62,160,98,71,9,80,0,2,2,242,180,18,162,73
"chr7.92",11,14,5,15,4,8,15,14,8,18,8,19,17,18,17,20,17,19,57,3,27,87,60,43,8,51,1,2,3,141,114,12,102,33
"chr7.93",19,15,4,14,3,5,23,15,6,16,7,18,27,17,27,17,26,25,88,2,39,129,90,47,11,58,1,2,3,190,151,14,137,61
"chr7.94",49,19,4,21,5,4,61,22,10,29,19,22,63,24,66,30,68,24,130,11,78,219,141,94,8,102,4,4,8,329,251,23,228,91
"chr7.95",21,15,6,12,3,6,32,17,7,16,15,17,35,18,33,20,32,20,93,6,42,141,99,NA,NA,NA,NA,NA,NA,NA,NA,NA,NA,70
"chr7.96",15,5,4,5,4,9,21,8,6,13,10,14,21,17,23,16,21,18,69,7,27,103,76,72,8,80,2,2,4,187,160,17,143,54
"chr7.97",11,11,5,10,4,8,13,14,5,14,6,15,15,18,13,18,13,19,59,8,19,86,67,NA,NA,NA,NA,NA,NA,NA,NA,NA,NA,35
"chr7.98",12,11,3,14,5,3,18,13,6,17,9,16,18,15,19,20,19,19,74,6,29,109,80,NA,NA,NA,NA,NA,NA,NA,NA,NA,NA,40
"chr7.99",15,15,3,13,3,4,20,15,5,15,10,16,21,17,22,18,21,20,75,5,30,110,80,NA,NA,NA,NA,NA,NA,NA,NA,NA,NA,47
"chr7.100",8,10,2,7,1,7,10,12,3,12,4,14,10,17,10,17,11,19,61,3,18,82,64,NA,NA,NA,NA,NA,NA,NA,NA,NA,NA,36
"chr7.101",22,11,12,13,6,5,31,16,12,21,17,16,39,19,36,22,32,20,117,9,57,183,126,89,11,100,0,1,1,284,227,20,207,90
"chr7.102",23,6,3,8,5,8,32,11,7,15,15,14,33,16,34,17,34,15,85,8,39,132,93,NA,NA,NA,NA,NA,NA,NA,NA,NA,NA,66
"chr7.103",13,7,4,9,5,3,19,9,8,16,12,7,22,10,19,16,21,10,60,8,28,96,68,34,7,41,1,3,4,141,113,16,97,36
"chr7.104",19,13,5,13,4,6,24,15,6,18,9,16,25,17,26,19,26,19,74,4,43,121,78,53,11,64,1,1,2,187,144,16,128,54
"chr7.105",29,10,5,10,4,5,36,11,7,16,10,15,38,18,37,20,38,16,79,5,49,133,84,50,8,58,0,4,4,195,146,13,133,46
"chr7.106",26,15,3,14,5,7,44,19,6,23,23,18,49,23,40,27,45,21,106,9,54,169,115,78,5,83,0,2,2,254,200,14,186,71
"chr7.107",46,13,7,14,7,10,78,13,14,19,38,17,81,17,79,23,84,18,129,15,83,227,144,76,10,86,0,4,4,317,234,25,209,92
"chr7.108",29,10,11,13,8,7,43,14,18,18,21,14,49,16,48,19,46,17,80,12,43,135,92,33,8,41,1,1,2,178,135,21,114,61
"chr7.109",16,9,7,9,6,11,25,11,9,18,15,15,27,17,24,21,26,19,67,9,28,104,76,54,4,58,1,3,4,166,138,14,124,52
"chr7.110",25,8,6,9,6,7,33,11,7,14,13,14,37,15,32,16,35,19,98,9,41,148,107,52,4,56,0,3,3,207,166,13,153,72
"chr7.111",33,17,3,17,4,12,42,18,7,25,16,21,44,23,43,25,45,26,119,7,53,179,126,81,12,93,0,0,0,272,219,19,200,87
"chr7.112",17,10,5,7,6,11,26,11,7,11,14,16,28,18,28,17,27,20,77,7,34,118,84,63,7,70,2,1,3,191,157,16,141,61
"chr7.113",16,8,1,7,2,8,21,10,3,13,7,12,22,14,20,15,21,14,89,5,29,123,94,48,7,55,0,0,0,178,149,12,137,67
"chr7.114",17,8,4,9,4,6,20,10,6,14,7,12,20,12,21,17,23,14,74,7,25,106,81,38,3,41,1,2,3,150,125,11,114,54
"chr7.115",14,9,6,6,9,7,22,12,12,14,15,12,24,15,22,15,22,16,75,11,28,114,86,46,6,52,2,3,5,171,143,19,124,53
"chr7.116",57,9,9,10,11,4,80,11,15,13,34,13,83,13,82,16,86,14,118,13,97,228,131,75,8,83,3,4,7,318,221,24,197,80
"chr7.117",60,20,10,20,10,9,86,24,15,28,34,27,89,29,88,30,86,34,147,13,100,260,160,70,9,79,1,0,1,340,240,23,217,100
"chr7.118",23,17,2,15,3,4,33,19,5,21,13,18,33,21,34,23,34,22,79,6,47,132,85,44,5,49,0,2,2,183,136,11,125,51
"chr7.119",32,13,4,13,4,11,41,15,7,14,12,20,43,20,40,19,44,23,74,9,48,131,83,57,5,62,0,4,4,197,149,14,135,51
"chr7.120",31,11,7,11,7,3,40,12,10,16,15,15,43,15,40,17,41,16,77,12,47,136,89,60,3,63,2,4,6,205,158,17,141,60
"chr7.121",18,10,2,12,3,4,25,11,6,13,10,13,27,13,23,15,26,15,114,9,41,164,123,80,6,86,3,2,5,255,214,18,196,95
"chr7.122",25,18,7,19,7,9,39,20,7,26,21,25,39,25,36,26,39,28,133,11,39,183,144,74,9,83,1,3,4,270,231,21,210,106
"chr7.123",48,18,6,18,6,12,66,18,8,23,23,26,68,25,70,25,66,29,197,6,80,283,203,70,9,79,1,5,6,368,288,16,272,156
"chr7.124",19,15,4,10,3,6,37,17,5,20,20,14,38,19,37,21,37,18,116,4,49,169,120,57,4,61,1,3,4,234,185,9,176,90
"chr7.125",16,11,4,11,4,3,22,12,6,16,9,13,24,13,22,17,22,15,71,7,24,102,78,47,8,55,1,2,3,160,136,16,120,50
"chr7.126",11,9,2,8,2,2,15,10,3,12,8,10,18,11,17,13,18,12,67,4,29,100,71,NA,NA,NA,NA,NA,NA,NA,NA,NA,NA,55
"chr7.127",12,6,2,5,3,3,17,6,8,7,10,6,19,6,19,9,20,6,50,8,23,81,58,51,7,58,6,1,7,146,123,21,102,36
"chr7.128",4,10,2,10,2,5,6,12,3,15,6,12,8,14,8,15,9,15,60,2,15,77,62,NA,NA,NA,NA,NA,NA,NA,NA,NA,NA,44
"chr7.129",20,11,3,11,3,7,29,13,3,14,12,15,29,15,28,16,29,16,76,6,36,118,82,42,6,48,3,1,4,170,134,15,119,58
"chr7.130",24,10,6,8,6,6,30,12,6,12,12,12,32,16,29,12,31,17,76,8,36,120,84,42,11,53,0,4,4,177,141,19,122,53
"chr7.131",17,16,6,16,7,12,22,17,8,21,12,22,24,24,21,27,22,26,76,8,23,107,84,40,4,44,0,0,0,151,128,12,116,46
"chr7.132",20,6,9,5,11,4,30,7,11,9,22,7,33,8,28,9,32,10,50,13,33,96,63,48,5,53,0,1,1,150,117,18,99,40
"chr7.133",23,13,4,11,4,6,38,15,5,15,20,14,40,17,35,16,40,17,75,8,47,130,83,55,7,62,0,2,2,194,147,15,132,51
"chr7.134",52,13,6,13,5,5,71,17,10,19,25,20,75,22,73,25,75,23,128,11,89,228,139,67,13,80,3,2,5,313,224,27,197,93
"chr7.135",26,15,6,13,8,11,39,17,9,21,21,21,41,22,40,22,40,23,98,10,51,159,108,62,4,66,2,2,4,229,178,16,162,73
"chr7.136",15,14,8,12,9,7,20,16,11,17,13,16,25,18,21,18,21,20,80,7,33,120,87,43,6,49,1,2,3,172,139,14,125,56
"chr7.137",13,7,6,8,5,11,23,7,6,13,16,15,24,15,22,15,24,19,62,10,27,99,72,NA,NA,NA,NA,NA,NA,NA,NA,NA,NA,41
"chr7.138",18,7,6,7,7,6,24,10,8,12,11,11,25,13,22,14,27,12,70,9,27,106,79,NA,NA,NA,NA,NA,NA,NA,NA,NA,NA,50
"chr7.139",24,12,4,10,4,4,36,13,6,16,18,10,41,14,32,17,38,14,78,11,43,132,89,49,3,52,0,0,0,184,141,14,127,59
"chr7.140",35,7,6,8,5,2,48,7,6,10,15,10,50,8,48,12,48,12,69,9,58,136,78,NA,NA,NA,NA,NA,NA,NA,NA,NA,NA,52
"chr7.141",23,6,3,5,2,7,32,7,3,7,10,10,33,12,34,10,32,14,62,5,45,112,67,NA,NA,NA,NA,NA,NA,NA,NA,NA,NA,47
"chr7.142",60,5,6,6,6,5,74,7,11,9,22,9,80,10,78,10,78,10,94,9,99,202,103,53,24,77,1,1,2,281,182,34,148,79
"chr7.143",85,17,4,19,4,9,136,22,8,22,55,26,138,28,134,26,140,27,182,12,161,355,194,93,13,106,4,3,7,468,307,29,278,143
"chr7.144",69,11,7,12,9,10,98,13,10,19,38,22,100,22,98,22,100,24,155,12,113,280,167,NA,NA,NA,NA,NA,NA,NA,NA,NA,NA,119
"chr7.145",39,14,6,14,5,5,49,14,7,16,18,16,55,16,53,16,54,16,128,6,68,202,134,NA,NA,NA,NA,NA,NA,NA,NA,NA,NA,105
"chr7.146",11,12,1,15,1,4,18,15,3,20,8,14,20,18,21,22,20,17,82,4,30,116,86,NA,NA,NA,NA,NA,NA,NA,NA,NA,NA,56
"chr7.147",17,8,8,10,8,4,28,9,9,17,18,12,28,12,25,20,28,14,85,9,36,130,94,NA,NA,NA,NA,NA,NA,NA,NA,NA,NA,65
"chr7.148",23,14,7,11,7,13,34,15,13,17,19,21,36,21,36,19,39,24,95,13,39,147,108,65,12,77,3,2,5,229,190,28,162,73
"chr7.149",8,13,6,13,5,3,10,16,7,19,7,13,13,17,13,20,10,17,71,6,19,96,77,84,7,91,8,10,18,205,186,21,165,52
"chr7.150",17,17,3,14,3,13,22,23,3,24,10,25,26,31,24,29,25,33,114,7,39,160,121,NA,NA,NA,NA,NA,NA,NA,NA,NA,NA,83
"chr7.151",57,10,9,8,9,8,82,12,11,14,33,14,84,17,78,16,84,18,135,19,102,256,154,NA,NA,NA,NA,NA,NA,NA,NA,NA,NA,106
"chr7.152",34,18,10,18,6,9,43,18,12,19,17,22,46,23,45,22,44,25,100,11,49,160,111,NA,NA,NA,NA,NA,NA,NA,NA,NA,NA,70
"chr7.153",21,14,5,15,5,3,25,17,5,24,9,18,28,20,24,27,26,21,102,7,36,145,109,84,7,91,0,3,3,239,203,14,189,76
"chr7.154",13,9,4,9,3,10,22,11,9,16,12,13,25,16,24,18,24,16,81,7,33,121,88,75,11,86,1,1,2,209,176,19,157,60
"chr7.155",21,18,2,17,1,11,31,25,3,25,13,25,35,31,29,28,34,32,130,10,44,184,140,99,10,109,1,4,5,298,254,21,233,108
"chr7.156",22,11,8,12,10,8,33,12,13,17,20,16,35,16,32,18,34,18,79,16,32,127,95,50,13,63,1,2,3,193,161,30,131,62
"chr8.1",5,4,1,2,1,2,9,5,1,6,5,4,10,8,6,6,9,5,116,5,17,138,121,NA,NA,NA,NA,NA,NA,NA,NA,NA,NA,97
"chr8.2",19,12,7,10,8,6,22,14,9,16,11,16,24,18,21,17,23,19,110,8,28,146,118,51,12,63,1,2,3,212,184,21,163,95
"chr8.3",19,17,8,16,9,12,30,20,15,26,19,27,35,29,33,34,36,32,159,15,45,219,174,105,5,110,30,72,102,431,386,50,336,127
"chr8.4",22,17,11,14,15,16,33,24,21,33,25,30,38,35,34,36,42,36,200,22,35,257,222,NA,NA,NA,NA,NA,NA,NA,NA,NA,NA,146
"chr8.5",24,22,11,19,12,15,30,24,15,32,19,32,35,34,36,38,35,34,185,13,45,243,198,116,8,124,1,2,3,370,325,22,303,134
"chr8.6",18,10,11,8,9,4,19,11,13,16,16,12,29,13,28,19,26,14,179,8,33,220,187,101,12,113,1,1,2,335,302,21,281,152
"chr8.7",10,10,5,13,8,5,14,12,10,17,11,15,17,15,16,19,14,17,89,9,24,122,98,NA,NA,NA,NA,NA,NA,NA,NA,NA,NA,70
"chr8.8",7,8,5,9,6,6,13,10,7,13,11,13,13,14,12,18,13,13,48,12,12,72,60,NA,NA,NA,NA,NA,NA,NA,NA,NA,NA,25
"chr8.9",8,5,3,5,4,9,15,6,8,11,12,12,17,12,15,13,18,14,75,10,22,107,85,NA,NA,NA,NA,NA,NA,NA,NA,NA,NA,59
"chr8.10",4,10,4,10,2,3,10,12,4,16,8,10,16,12,11,17,11,11,102,6,23,131,108,51,5,56,4,2,6,193,170,15,155,80
"chr8.11",12,11,3,14,3,3,18,12,4,17,9,14,20,13,16,19,20,16,121,6,23,150,127,52,5,57,1,0,1,208,185,12,173,90
"chr8.12",11,14,3,17,5,4,16,16,7,21,10,18,18,18,17,24,18,21,94,11,23,128,105,NA,NA,NA,NA,NA,NA,NA,NA,NA,NA,57
"chr8.13",20,21,15,24,14,7,30,29,23,36,25,25,37,32,39,46,35,33,151,22,61,234,173,NA,NA,NA,NA,NA,NA,NA,NA,NA,NA,62
"chr8.14",16,17,3,17,4,7,20,20,10,22,9,22,21,23,25,27,25,27,157,5,31,193,162,78,1,79,2,1,3,275,244,8,236,114
"chr8.15",29,16,12,18,10,14,36,23,14,24,18,27,43,31,43,29,41,30,199,10,67,276,209,NA,NA,NA,NA,NA,NA,NA,NA,NA,NA,172
"chr8.16",10,15,3,15,5,6,16,16,6,22,12,17,19,18,19,23,20,19,152,10,23,185,162,85,10,95,3,4,7,287,264,23,241,118
"chr8.17",9,16,3,12,4,8,13,18,5,16,8,17,13,20,12,20,16,19,134,10,17,161,144,86,8,94,1,1,2,257,240,19,221,102
"chr8.18",4,7,2,6,2,6,8,7,3,12,6,11,10,12,7,14,9,11,75,4,14,93,79,42,5,47,1,2,3,143,129,10,119,55
"chr8.19",6,13,1,14,0,5,9,13,3,16,3,16,10,16,9,21,10,17,57,3,15,75,60,40,6,46,1,4,5,126,111,10,101,31
"chr8.20",12,3,8,3,6,3,17,6,12,9,15,6,18,9,17,11,20,10,78,16,10,104,94,52,5,57,2,1,3,164,154,23,131,56
"chr8.21",10,13,3,15,4,10,17,18,8,26,12,22,18,24,17,28,21,22,161,11,22,194,172,81,6,87,1,2,3,284,262,18,244,124
"chr8.22",13,17,4,21,4,8,18,21,4,25,10,26,21,26,19,31,22,29,150,11,28,189,161,51,3,54,1,3,4,247,219,15,204,116
"chr8.23",6,10,3,9,1,9,6,12,5,13,4,17,10,19,11,17,10,17,72,5,16,93,77,63,7,70,0,3,3,166,150,12,138,51
"chr8.24",9,4,5,5,5,1,10,6,7,9,8,6,14,6,14,10,12,7,75,8,18,101,83,48,3,51,0,1,1,153,135,11,124,61
"chr8.25",9,13,5,12,4,11,13,15,9,18,8,23,16,23,19,24,16,26,97,6,32,135,103,91,6,97,0,1,1,233,201,12,189,67
"chr8.26",8,14,6,14,5,8,9,15,6,20,7,19,11,19,10,22,11,20,96,3,27,126,99,56,6,62,2,2,4,192,165,11,154,72
"chr8.27",5,8,4,9,4,5,9,11,5,14,11,13,12,16,9,15,12,15,77,9,8,94,86,50,7,57,1,1,2,153,145,17,128,50
"chr8.28",6,8,4,6,3,7,7,10,4,9,5,13,10,16,9,14,8,16,74,4,18,96,78,41,7,48,0,2,2,146,128,11,117,53
"chr8.29",10,10,8,8,6,13,12,12,9,19,8,19,14,23,13,24,13,20,67,10,10,87,77,37,6,43,2,2,4,134,124,18,106,48
"chr8.30",8,13,3,13,4,10,10,17,5,18,7,17,12,20,11,21,11,19,92,5,11,108,97,43,2,45,1,1,2,155,144,8,136,63
"chr8.31",6,11,2,14,2,4,9,13,6,16,5,15,10,16,10,18,12,15,78,6,16,100,84,53,5,58,2,2,4,162,146,13,133,40
"chr8.32",19,15,11,19,9,7,23,19,13,31,16,20,30,20,31,31,31,20,135,10,39,184,145,83,10,93,1,3,4,281,242,21,221,96
"chr8.33",7,11,1,7,1,13,9,13,1,13,5,18,12,19,9,18,11,18,107,5,23,135,112,58,5,63,1,2,3,201,178,11,167,92
"chr8.34",12,20,7,19,6,11,20,22,11,25,15,23,23,24,21,30,23,23,138,10,30,178,148,79,7,86,0,0,0,264,234,17,217,100
"chr8.35",17,13,16,17,13,16,28,19,21,29,24,27,38,30,35,34,35,28,196,20,56,272,216,110,5,115,2,2,4,391,335,27,308,163
"chr8.36",25,16,10,15,6,14,31,18,12,23,17,27,34,27,32,32,35,28,170,17,45,232,187,102,9,111,2,3,5,348,303,28,275,125
"chr8.37",19,19,7,16,7,12,29,23,14,28,19,26,35,30,31,34,33,27,174,13,42,229,187,103,9,112,1,0,1,342,300,23,277,141
"chr8.38",7,10,4,8,3,6,15,11,5,11,11,10,15,14,12,11,16,13,93,8,21,122,101,57,5,62,1,0,1,185,164,14,150,70
"chr8.39",12,7,5,5,8,5,19,7,9,7,14,7,21,10,17,7,19,12,63,11,25,99,74,39,7,46,0,2,2,147,122,18,104,48
"chr8.40",11,13,10,13,8,10,15,16,11,21,13,21,19,23,20,25,19,24,99,8,24,131,107,55,5,60,2,7,9,200,176,15,161,75
"chr8.41",7,8,4,7,3,8,11,9,6,10,9,12,16,16,15,11,15,17,124,5,29,158,129,65,11,76,1,1,2,236,207,17,190,90
"chr8.42",8,11,2,11,4,7,10,12,7,14,5,16,12,16,13,17,13,20,95,5,19,119,100,67,7,74,2,4,6,199,180,14,166,75
"chr8.43",12,13,7,16,5,6,15,15,8,16,9,18,17,18,15,17,15,22,72,8,13,93,80,NA,NA,NA,NA,NA,NA,NA,NA,NA,NA,45
"chr8.44",4,16,1,12,0,15,4,20,2,18,0,23,10,29,7,19,5,29,193,0,17,210,193,117,11,128,3,2,5,343,326,14,312,190
"chr8.45",4,5,0,2,0,5,4,6,0,7,0,5,8,8,4,7,4,8,58,2,10,70,60,NA,NA,NA,NA,NA,NA,NA,NA,NA,NA,63
"chr8.46",7,11,1,14,1,4,13,11,2,18,7,15,15,13,14,19,16,17,106,5,29,140,111,52,6,58,1,1,2,200,171,12,159,84
"chr8.47",21,14,6,12,3,5,41,17,7,22,24,19,46,20,42,26,42,22,172,8,62,242,180,99,7,106,0,2,2,350,288,15,273,135
"chr8.48",27,21,5,19,6,12,44,24,8,25,22,30,46,32,46,29,47,30,198,10,62,270,208,108,14,122,5,0,5,397,335,29,306,159
"chr8.49",22,12,4,12,3,8,40,15,6,19,22,18,41,20,38,24,42,19,192,12,54,258,204,74,10,84,2,5,7,349,295,24,271,163
"chr8.50",16,9,5,8,10,6,21,13,12,16,14,13,24,16,22,20,24,15,92,11,27,130,103,75,5,80,3,0,3,213,186,19,167,67
"chr8.51",12,11,11,9,10,6,27,12,16,12,24,12,31,14,27,13,30,14,118,18,34,170,136,87,4,91,0,3,3,264,230,22,208,93
"chr8.52",7,17,3,13,3,14,20,17,9,15,15,23,22,23,21,20,24,23,103,8,29,140,111,85,12,97,0,1,1,238,209,20,189,78
"chr8.53",18,11,7,11,8,7,22,14,10,19,13,16,24,18,23,21,24,19,134,12,28,174,146,86,6,92,1,0,1,267,239,19,220,108
"chr8.54",18,17,12,12,13,5,18,19,13,15,13,19,19,22,20,19,19,26,115,15,18,148,130,66,4,70,2,0,2,220,202,21,181,80
"chr8.55",21,17,6,13,7,5,32,17,9,17,20,15,35,18,32,20,39,21,128,13,36,177,141,68,6,74,2,1,3,254,218,21,197,101
"chr8.56",13,8,4,8,8,7,28,9,10,12,20,13,31,14,27,14,29,17,82,11,34,127,93,60,9,69,1,1,2,198,164,21,143,62
"chr8.57",6,10,6,9,5,9,13,13,6,14,14,16,17,18,13,18,17,17,99,10,31,140,109,68,7,75,1,1,2,217,186,18,168,68
"chr8.58",9,9,5,12,5,4,15,14,6,20,11,14,16,17,15,24,16,17,112,6,25,143,118,49,9,58,1,0,1,202,177,16,161,73
"chr8.59",6,18,4,16,3,9,12,19,5,21,12,21,19,22,16,25,17,25,100,11,28,139,111,70,7,77,1,2,3,219,191,19,172,67
"chr8.60",15,12,10,11,8,8,22,19,10,22,16,19,25,26,23,26,24,22,120,10,32,162,130,93,5,98,0,3,3,263,231,15,216,82
"chr8.61",27,15,7,14,10,6,38,15,11,18,21,18,42,18,35,20,41,19,176,17,47,240,193,66,8,74,2,3,5,319,272,27,245,140
"chr8.62",23,14,13,12,12,3,37,16,19,18,27,14,42,18,41,21,42,20,157,15,46,218,172,92,13,105,0,0,0,323,277,28,249,122
"chr8.63",16,5,12,5,8,4,24,7,16,14,18,10,31,11,27,15,27,12,96,16,25,137,112,79,3,82,4,3,7,226,201,23,178,69
"chr8.64",8,12,5,10,7,6,10,12,8,12,8,12,14,13,11,12,11,15,68,7,22,97,75,48,4,52,2,1,3,152,130,13,117,49
"chr8.65",8,15,3,13,3,9,15,16,5,19,10,16,15,20,14,20,16,19,94,9,20,123,103,59,5,64,2,1,3,190,170,16,154,70
"chr8.66",7,13,7,10,5,10,13,15,10,16,13,17,16,20,13,21,17,24,100,11,18,129,111,72,7,79,0,0,0,208,190,18,172,72
"chr8.67",14,13,8,10,8,7,21,14,10,13,15,16,22,19,24,16,21,21,86,8,32,126,94,61,8,69,3,2,5,200,168,19,149,64
"chr8.68",11,12,11,9,8,7,16,14,15,12,15,15,23,18,21,15,19,17,90,12,20,122,102,62,6,68,2,2,4,194,174,20,154,71
"chr8.69",16,17,5,14,5,11,29,20,8,20,20,20,35,24,27,25,35,26,137,12,34,183,149,60,8,68,0,2,2,253,219,20,199,106
"chr8.70",13,8,6,8,7,10,25,13,9,15,21,15,30,17,25,17,29,20,126,13,37,176,139,61,7,68,0,0,0,244,207,20,187,106
"chr8.71",7,8,4,9,3,3,12,13,4,14,9,12,15,16,15,15,15,15,73,1,25,99,74,53,6,59,2,3,5,163,138,9,129,58
"chr8.72",10,4,3,6,2,5,15,6,5,11,7,11,20,10,18,13,17,13,87,3,28,118,90,47,5,52,0,0,0,170,142,8,134,75
"chr8.73",17,11,11,9,7,6,23,12,13,9,15,13,27,16,28,11,26,16,118,7,43,168,125,70,11,81,1,1,2,251,208,19,189,104
"chr8.74",24,7,8,5,4,9,37,8,10,10,19,13,41,16,39,13,39,15,125,9,62,196,134,55,11,66,0,2,2,264,202,20,182,105
"chr8.75",23,11,10,8,10,4,34,13,11,12,21,13,34,16,33,16,35,18,144,9,49,202,153,66,9,75,1,0,1,278,229,19,210,125
"chr8.76",10,11,5,10,5,6,18,14,9,16,15,15,24,17,23,19,25,20,112,6,36,154,118,71,4,75,0,0,0,229,193,10,183,94
"chr8.77",9,13,8,11,8,3,18,14,9,15,16,12,21,15,16,16,20,15,90,16,28,134,106,55,10,65,0,1,1,200,172,26,146,65
"chr8.78",8,9,5,9,5,3,15,9,7,11,13,9,18,10,12,11,16,14,69,13,17,99,82,37,9,46,2,3,5,150,133,24,109,48
"chr8.79",7,8,3,8,5,7,13,10,5,11,12,11,15,15,13,12,15,15,85,9,15,109,94,46,11,57,4,1,5,171,156,24,132,66
"chr8.80",24,22,9,24,10,10,37,30,13,34,23,32,40,37,37,36,42,36,179,19,56,254,198,64,8,72,2,3,5,331,275,29,246,150
"chr8.81",30,23,9,26,8,9,50,30,15,36,31,34,60,37,55,40,57,38,259,19,76,354,278,131,9,140,0,4,4,498,422,28,394,213
"chr8.82",21,21,9,20,10,7,37,23,11,29,27,25,40,28,34,32,41,30,211,17,59,287,228,85,8,93,2,0,2,382,323,27,296,174
"chr8.83",8,13,0,13,0,3,16,15,2,15,10,15,19,18,19,18,20,16,86,4,30,120,90,NA,NA,NA,NA,NA,NA,NA,NA,NA,NA,59
"chr8.84",14,16,8,16,8,11,26,20,12,21,20,20,28,24,25,24,28,25,108,12,31,151,120,60,11,71,1,1,2,224,193,24,169,82
"chr8.85",29,18,3,17,5,8,47,22,7,22,23,24,50,25,46,27,49,26,177,8,63,248,185,85,11,96,1,2,3,347,284,20,264,154
"chr8.86",26,15,10,12,9,11,45,17,10,20,29,24,45,27,44,23,47,27,154,9,51,214,163,79,8,87,0,4,4,305,254,17,237,125
"chr8.87",19,7,8,7,8,2,31,9,10,11,21,8,31,10,27,11,32,14,106,15,38,159,121,66,8,74,2,1,3,236,198,25,173,80
"chr8.88",12,10,5,11,3,6,18,13,7,14,9,15,23,17,22,16,20,16,114,2,34,150,116,52,11,63,0,2,2,215,181,13,168,94
"chr8.89",15,13,7,17,7,5,27,16,9,25,20,18,31,18,30,26,33,21,140,11,40,191,151,55,4,59,2,4,6,256,216,17,199,113
"chr8.90",22,9,11,9,9,7,31,12,11,11,20,15,36,17,33,14,32,18,133,9,46,188,142,64,7,71,0,1,1,260,214,16,198,113
"chr8.91",13,11,4,10,3,5,19,12,6,12,11,13,19,14,17,14,20,15,100,10,25,135,110,54,10,64,1,0,1,200,175,21,154,82
"chr8.92",4,7,3,10,4,4,9,9,4,13,8,10,10,12,12,14,10,12,72,5,21,98,77,48,8,56,1,1,2,156,135,14,121,57
"chr8.93",10,8,4,4,5,8,17,9,7,10,12,12,18,16,15,11,19,17,76,9,18,103,85,46,7,53,1,1,2,158,140,17,123,53
"chr8.94",6,9,4,7,2,11,15,11,4,12,10,16,17,18,15,18,16,20,104,5,25,134,109,38,8,46,1,0,1,181,156,14,142,79
"chr8.95",9,6,7,8,4,5,17,10,7,16,13,11,19,13,19,17,18,12,92,7,31,130,99,50,9,59,3,1,4,193,162,19,143,66
"chr8.96",6,14,5,13,5,6,10,15,6,16,10,16,12,18,12,18,13,19,73,7,17,97,80,36,2,38,3,3,6,141,124,12,112,47
"chr8.97",10,17,5,16,8,9,14,18,9,22,10,20,15,22,14,25,14,23,91,7,16,114,98,52,3,55,0,0,0,169,153,10,143,63
"chr8.98",9,14,4,12,4,6,11,16,6,16,7,16,14,20,12,22,14,18,82,6,18,106,88,59,3,62,1,0,1,169,151,10,141,55
"chr8.99",11,14,6,11,7,8,15,15,10,16,11,17,17,20,18,18,18,19,89,8,20,117,97,56,8,64,3,2,5,186,166,19,147,66
"chr8.100",7,16,4,16,5,9,9,19,6,16,9,25,13,27,12,25,14,28,91,7,20,118,98,54,6,60,0,2,2,180,160,13,147,61
"chr8.101",9,6,4,6,3,6,17,7,9,10,9,11,22,11,23,13,19,11,97,6,30,133,103,37,5,42,1,4,5,180,150,12,138,79
"chr8.102",16,11,10,12,7,5,26,14,11,20,20,16,32,18,31,21,30,18,146,9,44,199,155,75,8,83,1,2,3,285,241,18,223,122
"chr8.103",14,9,6,9,7,4,24,10,8,17,16,13,27,13,24,19,26,15,133,6,28,167,139,NA,NA,NA,NA,NA,NA,NA,NA,NA,NA,108
"chr8.104",7,16,4,18,3,6,9,19,6,23,7,21,13,21,13,25,12,21,98,5,18,121,103,48,8,56,1,1,2,179,161,14,147,73
"chr8.105",15,11,6,14,5,6,25,13,9,18,15,12,27,15,23,18,28,17,132,13,40,185,145,64,6,70,3,2,5,260,220,22,198,98
"chr8.106",13,9,9,9,9,6,22,11,12,14,20,15,25,15,21,17,23,18,103,12,26,141,115,40,7,47,2,2,4,192,166,21,145,83
"chr8.107",15,9,6,9,8,6,25,12,11,15,19,12,29,17,27,17,27,15,92,14,30,136,106,67,7,74,1,2,3,213,183,22,161,67
"chr8.108",18,19,8,16,7,7,29,19,12,18,17,20,33,21,33,23,33,24,160,14,44,218,174,65,5,70,0,2,2,290,246,19,227,108
"chr8.109",27,31,8,29,8,8,38,36,9,35,18,33,40,38,37,37,42,37,186,12,54,252,198,67,10,77,1,3,4,333,279,23,256,128
"chr8.110",34,11,8,11,9,2,54,15,11,15,28,14,60,17,53,16,54,17,155,8,71,234,163,67,9,76,1,2,3,313,242,18,224,140
"chr8.111",37,25,13,23,10,6,62,28,16,25,35,30,67,32,64,30,63,33,160,15,84,259,175,100,4,104,1,2,3,366,282,20,262,127
"chr8.112",29,16,8,16,7,7,40,20,9,22,19,22,43,23,41,25,42,28,162,9,61,232,171,73,10,83,3,4,7,322,261,22,239,136
"chr8.113",27,16,6,16,5,7,35,17,9,19,14,19,39,21,39,20,38,23,125,6,50,181,131,64,7,71,0,2,2,254,204,13,191,97
"chr8.114",16,9,10,9,9,6,22,12,11,13,15,12,24,14,26,15,24,13,95,10,30,135,105,61,14,75,1,0,1,211,181,25,156,75
"chr8.115",9,12,6,13,6,7,17,14,7,17,12,16,17,18,17,19,18,19,102,9,28,139,111,50,5,55,2,3,5,199,171,16,155,83
"chr8.116",4,9,4,6,4,3,7,9,5,8,7,8,8,11,9,9,10,12,74,3,17,94,77,46,4,50,0,0,0,144,127,7,120,60
"chr8.117",11,9,4,8,3,6,14,13,4,11,10,13,18,18,18,17,17,16,94,6,26,126,100,59,5,64,0,0,0,190,164,11,153,70
"chr8.118",11,7,7,7,9,6,16,11,13,14,14,14,16,17,16,17,18,17,70,12,9,91,82,58,11,69,4,3,7,167,158,27,131,51
"chr8.119",12,15,6,13,5,9,16,18,7,14,10,19,19,22,19,18,19,24,92,7,25,124,99,55,8,63,0,1,1,188,163,15,148,62
"chr8.120",13,9,6,7,6,4,21,10,10,9,15,9,26,11,20,12,23,11,78,12,25,115,90,51,5,56,1,1,2,173,148,18,130,59
"chr8.121",10,5,7,6,4,3,14,8,8,12,10,8,15,11,15,13,14,14,69,9,11,89,78,47,5,52,1,3,4,145,134,15,119,46
"chr8.122",4,8,3,7,2,7,9,10,5,12,7,12,13,16,12,16,13,20,80,5,22,107,85,62,14,76,1,0,1,184,162,20,142,61
"chr8.123",9,10,3,9,3,4,13,12,6,12,10,12,15,14,17,14,18,12,75,6,17,98,81,52,9,61,0,2,2,161,144,15,129,52
"chr8.124",7,14,4,18,4,8,11,21,6,29,8,21,13,25,14,30,12,26,119,7,20,146,126,48,5,53,1,4,5,204,184,13,171,88
"chr8.125",16,10,7,11,8,5,19,13,10,18,10,14,21,15,23,21,20,17,81,11,21,113,92,67,9,76,2,2,4,193,172,22,150,62
"chr8.126",9,6,4,6,3,7,14,8,6,8,9,12,16,13,17,13,16,14,74,9,22,105,83,57,7,64,1,0,1,170,148,17,131,55
"chr8.127",18,12,6,11,6,12,26,14,7,19,17,20,30,22,27,23,30,24,113,9,37,159,122,55,10,65,0,2,2,226,189,19,170,89
"chr8.128",5,6,6,5,2,2,12,9,9,8,12,7,19,10,19,12,17,9,70,6,27,103,76,45,9,54,1,1,2,159,132,16,116,50
"chr8.129",17,17,8,19,10,8,31,25,13,29,24,23,33,30,34,32,36,29,182,11,34,227,193,66,10,76,5,0,5,308,274,26,248,130
"chr8.130",8,5,4,4,4,5,18,8,7,9,15,8,20,11,20,13,21,12,88,9,26,123,97,70,9,79,1,0,1,203,177,19,158,66
"chr8.131",7,12,7,10,7,5,11,14,10,15,11,13,16,16,16,19,14,15,87,10,23,120,97,52,3,55,2,4,6,181,158,15,143,61
"chr8.132",9,7,6,5,5,6,16,10,8,10,13,10,21,12,18,11,19,12,87,8,21,116,95,48,13,61,0,2,2,179,158,21,137,75
"chr8.133",10,13,4,12,6,4,21,16,11,20,15,13,26,18,24,22,26,17,147,10,32,189,157,72,8,80,5,0,5,274,242,23,219,111
"chr8.134",25,16,14,14,13,5,36,27,18,29,25,16,41,28,39,30,37,30,142,20,48,210,162,84,13,97,2,3,5,312,264,35,229,122
"chr8.135",26,14,11,13,10,4,46,16,15,19,31,18,51,20,50,23,47,20,186,12,81,279,198,89,12,101,2,3,5,385,304,26,278,161
"chr8.136",22,13,13,19,14,9,38,18,20,27,28,24,44,24,40,30,43,24,174,15,57,246,189,101,14,115,2,2,4,365,308,31,277,140
"chr8.137",9,11,5,10,5,8,17,15,9,18,14,17,23,21,19,21,21,22,141,11,36,188,152,100,2,102,2,0,2,292,256,15,241,118
"chr8.138",8,15,7,13,5,12,11,16,7,17,10,19,14,21,11,20,12,22,72,8,20,100,80,65,15,80,2,0,2,182,162,25,137,54
"chr8.139",10,2,5,3,5,4,17,5,7,8,12,6,18,9,16,9,19,9,72,10,16,98,82,NA,NA,NA,NA,NA,NA,NA,NA,NA,NA,45
"chr8.140",9,11,7,8,5,6,16,15,13,17,14,14,21,20,23,18,22,20,118,10,38,166,128,74,16,90,3,0,3,259,221,29,192,90
"chr8.141",12,9,8,12,8,6,17,11,11,17,14,12,19,13,15,18,18,15,93,12,24,129,105,67,7,74,5,2,7,210,186,24,162,73
"chr8.142",9,11,10,12,8,7,15,13,10,15,12,17,18,17,15,18,15,17,58,8,19,85,66,NA,NA,NA,NA,NA,NA,NA,NA,NA,NA,38
"chr9.1",13,10,3,7,4,11,15,11,6,11,6,15,21,17,19,16,20,16,66,6,21,93,72,NA,NA,NA,NA,NA,NA,NA,NA,NA,NA,52
"chr9.2",29,16,7,18,8,5,38,21,13,22,21,18,45,24,40,22,44,21,86,16,38,140,102,61,12,73,0,2,2,215,177,28,149,59
"chr9.3",18,12,2,13,2,7,21,12,2,15,5,16,22,15,20,18,22,19,71,6,27,104,77,24,8,32,1,4,5,141,114,15,99,48
"chr9.4",17,10,2,9,2,5,20,11,4,11,4,15,21,15,21,14,22,18,58,7,29,94,65,50,4,54,0,3,3,151,122,11,111,36
"chr9.5",14,9,5,9,6,4,15,9,6,10,6,11,15,13,16,15,15,12,58,5,16,79,63,35,8,43,0,7,7,129,113,13,100,25
"chr9.6",14,7,7,6,5,7,16,8,8,11,10,13,20,13,17,14,20,16,60,8,26,94,68,42,6,48,1,4,5,147,121,15,106,40
"chr9.7",21,14,10,14,10,7,28,16,11,18,15,19,33,20,29,20,30,20,62,13,31,106,75,NA,NA,NA,NA,NA,NA,NA,NA,NA,NA,41
"chr9.8",35,13,8,17,8,7,40,15,9,20,13,20,42,20,40,21,41,21,98,8,44,150,106,55,8,63,1,4,5,218,174,17,157,70
"chr9.9",48,14,2,11,1,9,50,15,3,14,3,17,53,19,51,16,53,19,91,6,59,156,97,54,1,55,2,0,2,213,154,9,145,75
"chr9.10",35,14,4,13,4,9,38,15,5,18,8,21,41,23,41,23,42,24,90,3,45,138,93,NA,NA,NA,NA,NA,NA,NA,NA,NA,NA,64
"chr9.11",39,16,10,14,11,12,44,18,14,19,19,25,51,27,48,25,48,26,101,13,49,163,114,64,3,67,1,4,5,235,186,17,169,72
"chr9.12",37,23,6,21,7,12,43,28,12,26,12,28,45,31,45,28,47,33,134,10,42,186,144,92,12,104,1,3,4,294,252,23,229,90
"chr9.13",25,10,7,12,6,12,28,11,7,14,9,21,30,20,29,19,30,21,85,7,32,124,92,68,8,76,0,2,2,202,170,15,155,63
"chr9.14",27,5,5,4,5,2,28,8,9,8,7,7,29,9,32,10,32,8,78,9,35,122,87,59,6,65,1,1,2,189,154,16,138,65
"chr9.15",18,8,6,7,6,4,21,8,8,11,10,10,23,10,23,12,22,10,53,9,28,90,62,46,7,53,1,5,6,149,121,17,104,46
"chr9.16",17,9,2,11,2,3,21,15,4,17,7,13,21,17,21,17,22,17,74,4,24,102,78,NA,NA,NA,NA,NA,NA,NA,NA,NA,NA,45
"chr9.17",27,9,3,10,3,7,28,10,4,11,4,15,31,14,28,18,29,16,70,3,32,105,73,55,6,61,1,4,5,171,139,10,129,47
"chr9.18",11,8,5,7,6,9,16,8,10,14,10,15,19,15,20,16,20,16,82,7,26,115,89,58,5,63,0,1,1,179,153,12,141,56
"chr9.19",20,8,3,8,3,2,26,9,3,9,10,8,27,9,22,10,27,10,65,11,28,104,76,32,9,41,1,1,2,147,119,21,98,42
"chr9.20",22,14,7,15,9,8,23,16,14,16,11,16,27,19,29,17,29,21,70,12,38,120,82,51,10,61,3,4,7,188,150,25,125,49
"chr9.21",14,16,6,17,6,4,15,17,8,18,8,18,17,17,18,19,17,19,73,6,20,99,79,49,4,53,0,12,12,164,144,10,134,56
"chr9.22",16,7,7,6,4,5,18,8,8,10,9,10,21,11,23,13,22,11,40,7,22,69,47,117,3,120,2,2,4,193,171,12,159,31
"chr9.23",27,9,9,3,8,6,32,12,9,8,13,10,32,15,32,11,32,13,62,9,27,98,71,90,2,92,2,3,5,195,168,13,155,45
"chr9.24",39,12,6,11,5,8,39,12,7,12,8,15,41,16,42,14,42,17,67,6,50,123,73,36,6,42,1,3,4,169,119,13,106,53
"chr9.25",83,17,12,15,11,6,90,19,13,17,19,19,91,22,88,22,91,23,105,11,86,202,116,48,2,50,0,6,6,258,172,13,159,82
"chr9.26",64,21,9,19,9,6,65,22,12,21,9,21,67,23,68,22,67,23,94,7,72,173,101,35,4,39,1,8,9,221,149,12,137,68
"chr9.27",24,10,4,11,4,6,30,10,6,14,10,16,30,15,29,14,30,17,80,5,35,120,85,90,4,94,1,9,10,224,189,10,179,51
"chr9.28",20,19,3,17,4,11,22,24,4,24,5,24,23,28,24,27,22,26,71,3,32,106,74,62,9,71,1,1,2,179,147,13,134,46
"chr9.29",47,25,3,28,3,11,56,30,4,37,12,36,56,37,53,38,57,36,126,8,64,198,134,44,11,55,1,3,4,257,193,20,173,88
"chr9.30",39,16,6,17,4,10,53,23,7,28,16,20,55,28,55,34,54,25,149,6,58,213,155,50,6,56,1,7,8,277,219,13,206,101
"chr9.31",49,22,6,21,3,11,52,23,6,27,7,30,55,30,51,31,53,37,134,7,59,200,141,60,3,63,2,3,5,268,209,12,197,83
"chr9.32",49,14,5,14,7,2,59,16,9,18,18,16,62,18,60,20,62,20,90,11,62,163,101,58,6,64,2,4,6,233,171,19,152,55
"chr9.33",25,14,8,13,6,6,33,16,9,18,15,15,37,18,35,18,35,18,67,10,39,116,77,34,7,41,2,3,5,162,123,19,104,49
"chr9.34",6,8,4,9,3,3,12,9,6,14,9,10,13,12,12,17,12,10,54,9,15,78,63,NA,NA,NA,NA,NA,NA,NA,NA,NA,NA,31
"chr9.35",9,10,2,12,1,7,12,12,3,17,5,15,15,17,16,19,14,18,61,2,26,89,63,NA,NA,NA,NA,NA,NA,NA,NA,NA,NA,33
"chr9.36",13,8,7,6,6,8,16,11,9,10,10,11,18,13,16,15,16,11,52,8,21,81,60,41,3,44,1,2,3,128,107,12,95,35
"chr9.37",12,2,6,4,5,2,18,5,8,11,8,5,22,6,21,11,20,7,53,7,24,84,60,41,1,42,2,5,7,133,109,10,99,40
"chr9.38",25,10,8,11,8,5,30,12,11,14,15,14,32,16,33,16,33,16,54,12,29,95,66,27,7,34,0,0,0,129,100,19,81,35
"chr9.39",20,13,7,10,7,6,28,16,8,18,15,17,29,20,29,24,29,21,77,13,25,115,90,NA,NA,NA,NA,NA,NA,NA,NA,NA,NA,47
"chr9.40",7,13,1,13,2,9,10,15,3,13,4,15,10,15,11,15,10,17,37,7,13,57,44,NA,NA,NA,NA,NA,NA,NA,NA,NA,NA,16
"chr9.41",21,7,7,7,6,4,36,9,8,10,20,8,36,11,36,11,36,10,48,10,35,93,58,NA,NA,NA,NA,NA,NA,NA,NA,NA,NA,25
"chr9.42",1,6,0,8,0,1,2,6,0,8,1,6,3,8,4,8,2,9,29,1,6,36,30,NA,NA,NA,NA,NA,NA,NA,NA,NA,NA,14
"chr9.43",29,9,4,8,5,7,38,11,8,12,14,13,42,17,41,14,42,17,75,7,49,131,82,NA,NA,NA,NA,NA,NA,NA,NA,NA,NA,52
"chr9.44",12,2,4,3,3,4,20,2,5,4,10,6,21,6,21,7,20,6,21,5,19,45,26,NA,NA,NA,NA,NA,NA,NA,NA,NA,NA,10
"chr9.45",51,13,14,15,11,9,75,16,19,24,35,20,78,23,76,31,75,26,131,22,78,231,153,NA,NA,NA,NA,NA,NA,NA,NA,NA,NA,77
"chr9.46",8,1,1,1,1,0,10,1,2,1,4,1,10,2,10,1,10,1,10,2,11,23,12,NA,NA,NA,NA,NA,NA,NA,NA,NA,NA,5
"chr9.47",4,2,2,5,1,1,5,5,3,6,2,4,8,5,7,7,6,4,26,1,13,40,27,NA,NA,NA,NA,NA,NA,NA,NA,NA,NA,20
"chr9.48",0,0,0,0,0,0,0,0,0,0,0,0,0,0,0,0,0,0,0,0,0,0,0,NA,NA,NA,NA,NA,NA,NA,NA,NA,NA,0
"chr9.49",0,0,0,0,0,0,0,0,0,0,0,0,0,0,0,0,0,0,0,0,0,0,0,NA,NA,NA,NA,NA,NA,NA,NA,NA,NA,0
"chr9.50",0,0,0,0,0,0,0,0,0,0,0,0,0,0,0,0,0,0,0,0,0,0,0,NA,NA,NA,NA,NA,NA,NA,NA,NA,NA,0
"chr9.51",0,0,0,0,0,0,0,0,0,0,0,0,0,0,0,0,0,0,0,0,0,0,0,NA,NA,NA,NA,NA,NA,NA,NA,NA,NA,0
"chr9.52",0,0,0,0,0,0,0,0,0,0,0,0,0,0,0,0,0,0,0,0,0,0,0,NA,NA,NA,NA,NA,NA,NA,NA,NA,NA,0
"chr9.53",0,0,0,0,0,0,0,0,0,0,0,0,0,0,0,0,0,0,0,0,0,0,0,NA,NA,NA,NA,NA,NA,NA,NA,NA,NA,0
"chr9.54",0,0,0,0,0,0,0,0,0,0,0,0,0,0,0,0,0,0,0,0,0,0,0,NA,NA,NA,NA,NA,NA,NA,NA,NA,NA,0
"chr9.55",0,0,0,0,0,0,0,0,0,0,0,0,0,0,0,0,0,0,0,0,0,0,0,NA,NA,NA,NA,NA,NA,NA,NA,NA,NA,0
"chr9.56",0,0,0,0,0,0,0,0,0,0,0,0,0,0,0,0,0,0,0,0,0,0,0,NA,NA,NA,NA,NA,NA,NA,NA,NA,NA,0
"chr9.57",0,0,0,0,0,0,0,0,0,0,0,0,0,0,0,0,0,0,0,0,0,0,0,NA,NA,NA,NA,NA,NA,NA,NA,NA,NA,0
"chr9.58",0,0,0,0,0,0,0,0,0,0,0,0,0,0,0,0,0,0,0,0,0,0,0,NA,NA,NA,NA,NA,NA,NA,NA,NA,NA,0
"chr9.59",0,0,0,0,0,0,0,0,0,0,0,0,0,0,0,0,0,0,0,0,0,0,0,NA,NA,NA,NA,NA,NA,NA,NA,NA,NA,0
"chr9.60",0,0,0,0,0,0,0,0,0,0,0,0,0,0,0,0,0,0,0,0,0,0,0,NA,NA,NA,NA,NA,NA,NA,NA,NA,NA,0
"chr9.61",0,0,0,0,0,0,0,0,0,0,0,0,0,0,0,0,0,0,0,0,0,0,0,NA,NA,NA,NA,NA,NA,NA,NA,NA,NA,0
"chr9.62",0,0,0,0,0,0,0,0,0,0,0,0,0,0,0,0,0,0,0,0,0,0,0,NA,NA,NA,NA,NA,NA,NA,NA,NA,NA,0
"chr9.63",1,4,1,4,1,2,9,5,2,6,9,4,10,5,10,9,10,6,21,1,14,36,22,NA,NA,NA,NA,NA,NA,NA,NA,NA,NA,11
"chr9.64",19,15,8,18,8,4,32,18,16,24,21,16,40,19,37,30,37,19,106,19,48,173,125,NA,NA,NA,NA,NA,NA,NA,NA,NA,NA,52
"chr9.65",24,10,3,7,4,1,30,11,5,8,9,9,30,11,29,10,30,10,62,7,30,99,69,NA,NA,NA,NA,NA,NA,NA,NA,NA,NA,41
"chr9.66",21,13,14,12,11,5,32,15,22,14,25,16,35,18,36,19,37,22,96,19,51,166,115,NA,NA,NA,NA,NA,NA,NA,NA,NA,NA,50
"chr9.67",10,6,1,4,1,8,11,10,1,11,2,10,11,15,11,16,11,15,39,2,13,54,41,NA,NA,NA,NA,NA,NA,NA,NA,NA,NA,25
"chr9.68",16,12,7,8,4,8,23,12,10,11,13,15,28,17,28,16,27,23,78,8,34,120,86,NA,NA,NA,NA,NA,NA,NA,NA,NA,NA,43
"chr9.69",7,7,5,7,5,2,14,11,8,9,14,9,17,12,17,11,18,14,65,6,18,89,71,60,4,64,4,5,9,162,144,14,130,45
"chr9.70",10,14,3,12,2,6,12,16,3,16,4,15,13,19,11,19,13,20,66,5,15,86,71,NA,NA,NA,NA,NA,NA,NA,NA,NA,NA,42
"chr9.71",23,9,1,12,1,6,30,9,2,17,8,13,33,13,31,20,32,16,104,1,39,144,105,61,11,72,3,5,8,224,185,15,170,74
"chr9.72",17,11,5,12,5,12,26,17,12,19,11,18,31,20,32,23,30,20,71,5,34,110,76,49,6,55,1,3,4,169,135,12,123,48
"chr9.73",34,6,8,7,6,2,39,9,10,8,11,9,42,10,41,8,40,13,75,4,52,131,79,52,3,55,1,3,4,190,138,8,130,55
"chr9.74",46,15,9,13,10,13,65,15,12,14,28,20,68,21,62,17,68,23,117,15,72,204,132,74,10,84,1,4,5,293,221,26,195,91
"chr9.75",22,3,4,5,3,1,31,5,5,8,11,5,32,6,32,10,33,9,69,4,33,106,73,55,7,62,1,5,6,174,141,12,129,40
"chr9.76",11,15,3,18,2,3,16,18,7,21,9,18,24,18,22,23,21,20,75,3,28,106,78,55,7,62,0,2,2,170,142,10,132,44
"chr9.77",12,17,2,15,2,9,15,18,3,20,4,21,17,23,17,21,15,24,71,3,25,99,74,34,5,39,0,2,2,140,115,8,107,48
"chr9.78",11,16,4,13,3,7,17,17,5,15,15,16,25,19,24,15,25,20,82,5,28,115,87,62,3,65,1,3,4,184,156,9,147,58
"chr9.79",40,13,8,10,7,5,46,15,11,13,13,16,48,19,50,16,48,20,74,2,61,137,76,41,7,48,1,0,1,186,125,10,115,52
"chr9.80",41,11,8,10,5,7,61,12,13,15,24,16,66,16,66,16,63,16,98,8,66,172,106,68,11,79,3,2,5,256,190,22,168,78
"chr9.81",26,13,5,12,4,3,36,16,9,17,16,15,39,18,39,18,40,18,78,6,41,125,84,53,6,59,0,2,2,186,145,12,133,54
"chr9.82",30,16,4,14,3,10,36,18,5,21,9,22,39,24,38,26,40,26,94,3,45,142,97,56,7,63,1,5,6,211,166,11,155,66
"chr9.83",10,8,3,5,1,7,16,8,3,11,9,9,18,10,19,12,17,10,69,3,20,92,72,52,11,63,1,3,4,159,139,15,124,52
"chr9.84",16,13,3,14,4,5,25,16,8,20,13,18,28,19,29,22,26,20,65,6,31,102,71,NA,NA,NA,NA,NA,NA,NA,NA,NA,NA,41
"chr9.85",29,9,10,9,10,7,38,10,12,12,20,12,40,13,40,15,40,17,80,13,45,138,93,51,4,55,2,1,3,196,151,19,132,57
"chr9.86",11,8,2,7,3,1,16,8,5,8,7,9,19,9,21,9,21,11,60,1,29,90,61,NA,NA,NA,NA,NA,NA,NA,NA,NA,NA,47
"chr9.87",16,6,3,6,3,3,25,8,3,8,14,9,27,11,23,10,27,14,69,8,31,108,77,35,2,37,2,3,5,150,119,12,107,52
"chr9.88",19,16,3,16,2,12,26,19,4,27,11,26,27,27,27,29,27,30,76,5,32,113,81,NA,NA,NA,NA,NA,NA,NA,NA,NA,NA,50
"chr9.89",8,8,4,10,2,6,13,9,5,15,9,13,17,15,14,17,15,16,76,6,24,106,82,47,6,53,1,6,7,166,142,13,129,52
"chr9.90",12,6,1,6,3,1,23,7,4,12,12,6,25,7,22,13,24,7,62,5,26,93,67,NA,NA,NA,NA,NA,NA,NA,NA,NA,NA,46
"chr9.91",14,7,6,6,8,6,20,7,11,7,15,12,23,10,24,11,24,13,70,8,24,102,78,72,10,82,3,6,9,193,169,21,148,55
"chr9.92",12,10,6,8,5,2,17,10,8,9,13,11,21,11,20,10,21,13,60,5,32,97,65,47,6,53,1,6,7,157,125,12,113,40
"chr9.93",8,11,2,11,3,6,10,11,7,16,5,14,17,14,15,17,15,15,61,2,22,85,63,46,4,50,1,4,5,140,118,7,111,46
"chr9.94",17,13,6,13,7,6,23,14,9,15,13,17,25,18,25,19,24,18,65,13,25,103,78,NA,NA,NA,NA,NA,NA,NA,NA,NA,NA,36
"chr9.95",14,6,4,5,5,6,23,7,6,6,13,9,23,9,18,7,23,11,43,12,18,73,55,42,3,45,0,1,1,119,101,15,86,32
"chr9.96",11,6,5,8,4,3,15,7,7,10,7,9,19,9,17,12,15,9,52,6,27,85,58,49,2,51,0,4,4,140,113,8,105,40
"chr9.97",11,6,4,5,3,4,14,9,5,6,5,11,15,12,16,10,14,12,38,4,23,65,42,NA,NA,NA,NA,NA,NA,NA,NA,NA,NA,32
"chr9.98",10,15,3,14,2,3,15,15,3,14,6,16,17,17,16,14,15,19,73,5,28,106,78,48,3,51,3,6,9,166,138,11,127,41
"chr9.99",22,7,5,6,8,7,27,8,10,8,12,12,29,13,28,11,29,14,56,9,28,93,65,65,5,70,5,3,8,171,143,19,124,39
"chr9.100",18,8,5,10,5,4,22,8,5,12,8,11,22,11,21,14,22,11,52,6,23,81,58,56,8,64,1,2,3,148,125,15,110,32
"chr9.101",26,16,4,18,4,5,36,21,7,27,15,20,38,23,38,30,39,21,93,9,48,150,102,82,10,92,1,0,1,243,195,20,175,57
"chr9.102",48,20,9,23,10,8,65,23,16,27,26,26,68,27,69,30,70,32,141,13,73,227,154,84,5,89,0,2,2,318,245,18,227,97
"chr9.103",44,18,7,17,6,9,66,21,9,20,28,24,73,27,71,25,70,27,122,9,87,218,131,92,12,104,2,4,6,328,241,23,218,90
"chr9.104",37,13,4,12,7,7,46,15,8,17,18,17,48,20,49,18,49,22,111,8,49,168,119,59,7,66,0,2,2,236,187,15,172,85
"chr9.105",21,12,8,9,7,2,31,12,10,10,15,11,33,14,32,12,31,16,58,10,32,100,68,52,9,61,2,4,6,167,135,21,114,36
"chr9.106",31,12,1,10,1,7,38,13,1,15,8,16,41,19,38,20,39,19,98,0,51,149,98,114,5,119,4,3,7,275,224,9,215,69
"chr9.107",33,8,11,4,10,4,35,8,13,7,13,8,36,12,37,11,37,12,67,10,31,108,77,105,12,117,0,2,2,227,196,22,174,47
"chr9.108",25,16,3,10,3,7,35,17,3,13,13,16,37,19,37,16,36,21,76,4,44,124,80,42,5,47,2,1,3,174,130,11,119,54
"chr9.109",8,12,2,17,2,4,10,17,3,19,4,17,11,17,10,19,11,17,65,7,15,87,72,52,7,59,0,6,6,152,137,14,123,47
"chr9.110",17,3,6,4,8,2,20,5,9,5,13,6,24,7,23,8,23,10,64,10,19,93,74,58,3,61,2,1,3,157,138,15,123,49
"chr9.111",13,11,5,11,4,7,17,13,6,15,7,14,18,16,18,16,17,15,60,6,24,90,66,59,5,64,1,1,2,156,132,12,120,39
"chr9.112",7,7,5,8,7,4,12,10,8,12,11,12,13,13,12,13,13,14,50,7,12,69,57,44,4,48,3,8,11,128,116,14,102,33
"chr9.113",10,6,6,7,8,4,15,7,8,10,11,10,18,12,16,14,16,13,58,8,15,81,66,NA,NA,NA,NA,NA,NA,NA,NA,NA,NA,32
"chr9.114",10,10,7,9,6,10,18,11,8,11,12,16,24,16,18,12,19,18,62,8,22,92,70,47,9,56,0,1,1,149,127,17,110,51
"chr9.115",25,9,11,6,11,6,32,11,14,11,17,12,33,14,33,14,33,15,71,12,30,113,83,56,13,69,2,3,5,187,157,27,130,50
"chr9.116",19,8,2,8,3,4,24,9,5,10,7,10,26,10,27,11,26,11,70,3,35,108,73,50,6,56,2,4,6,170,135,11,124,57
"chr9.117",68,8,9,10,9,5,93,8,11,14,33,12,96,11,96,14,97,14,119,10,99,228,129,83,14,97,2,3,5,330,231,26,205,88
"chr9.118",80,19,13,19,13,11,107,23,17,26,39,24,110,27,110,28,109,26,133,11,116,260,144,98,15,113,2,4,6,379,263,28,235,103
"chr9.119",29,11,2,9,3,7,41,13,9,13,15,13,47,15,43,17,44,19,78,10,44,132,88,56,16,72,1,8,9,213,169,27,142,48
"chr9.120",23,10,4,8,5,9,31,10,9,13,13,15,33,16,33,18,33,16,73,9,34,116,82,63,8,71,0,4,4,191,157,17,140,50
"chr9.121",6,5,2,6,4,1,9,5,5,7,7,5,10,5,10,9,11,6,39,5,6,50,44,50,3,53,1,6,7,110,104,9,95,20
"chr9.122",11,8,3,9,3,4,20,12,4,13,12,10,21,13,19,13,21,13,63,7,23,93,70,52,5,57,2,3,5,155,132,14,118,50
"chr9.123",20,6,7,8,4,5,26,10,9,11,13,11,30,13,28,12,28,13,60,9,30,99,69,50,2,52,1,8,9,160,130,12,118,44
"chr9.124",19,10,6,11,7,5,27,11,10,18,13,15,28,17,27,18,29,20,71,8,25,104,79,58,4,62,1,9,10,176,151,13,138,46
"chr9.125",10,11,2,10,2,6,15,12,4,15,8,12,16,14,15,16,16,14,49,8,15,72,57,50,6,56,1,3,4,132,117,15,102,31
"chr9.126",13,10,5,5,3,7,19,11,5,8,10,12,21,15,17,10,19,14,63,8,19,90,71,41,8,49,1,4,5,144,125,17,108,49
"chr9.127",15,11,4,10,7,8,21,13,8,14,12,15,25,17,22,16,22,17,64,8,22,94,72,39,8,47,1,7,8,149,127,17,110,40
"chr9.128",7,13,3,12,2,4,9,15,6,16,5,13,13,17,13,18,12,18,60,4,16,80,64,NA,NA,NA,NA,NA,NA,NA,NA,NA,NA,31
"chr9.129",8,13,0,11,1,8,14,14,3,15,6,16,15,17,14,18,14,19,64,6,25,95,70,NA,NA,NA,NA,NA,NA,NA,NA,NA,NA,38
"chr9.130",11,8,4,9,2,6,17,12,4,15,11,13,20,16,20,17,19,16,70,6,26,102,76,NA,NA,NA,NA,NA,NA,NA,NA,NA,NA,55
"chr9.131",11,12,4,13,4,6,18,13,6,15,11,18,23,18,20,17,21,18,55,6,28,89,61,43,10,53,0,2,2,144,116,16,100,39
"chr9.132",8,13,1,13,1,4,9,15,1,17,3,13,10,16,10,17,10,15,60,1,16,77,61,56,0,56,0,1,1,134,118,1,117,43
"chr9.133",13,7,3,5,5,5,19,7,7,8,10,10,19,12,21,12,21,14,67,6,20,93,73,42,6,48,4,7,11,152,132,16,116,39
"chr9.134",13,7,3,10,3,6,19,10,7,15,11,12,22,13,22,18,23,14,60,6,27,93,66,NA,NA,NA,NA,NA,NA,NA,NA,NA,NA,43
"chr9.135",19,5,9,5,7,6,30,9,12,17,16,12,35,13,34,20,32,14,74,7,38,119,81,69,7,76,1,2,3,198,160,15,145,59
"chr9.136",12,17,4,18,6,6,18,19,9,22,12,22,24,22,21,23,22,24,69,8,24,101,77,NA,NA,NA,NA,NA,NA,NA,NA,NA,NA,49
"chr9.137",15,13,8,12,10,5,18,15,10,17,12,17,21,18,21,21,19,20,77,11,24,112,88,58,6,64,1,7,8,184,160,18,142,50
"chrX.1",21,11,4,11,2,10,27,16,5,21,8,19,31,24,28,23,28,23,147,6,40,193,153,NA,NA,NA,NA,NA,NA,NA,NA,NA,NA,121
"chrX.2",21,12,3,12,3,5,27,15,3,15,9,15,29,18,24,17,28,18,89,10,32,131,99,NA,NA,NA,NA,NA,NA,NA,NA,NA,NA,69
"chrX.3",5,18,4,22,2,5,10,22,4,31,8,24,15,24,15,35,13,25,77,2,17,96,79,NA,NA,NA,NA,NA,NA,NA,NA,NA,NA,45
"chrX.4",35,2,1,7,1,0,35,2,2,7,1,3,36,2,36,8,36,4,52,1,39,92,53,NA,NA,NA,NA,NA,NA,NA,NA,NA,NA,42
"chrX.5",46,9,1,11,1,8,46,10,3,12,1,10,49,11,48,14,48,12,88,1,53,142,89,NA,NA,NA,NA,NA,NA,NA,NA,NA,NA,75
"chrX.6",58,6,3,5,3,8,58,6,3,7,3,10,59,10,58,7,58,11,96,3,59,158,99,NA,NA,NA,NA,NA,NA,NA,NA,NA,NA,91
"chrX.7",30,5,8,4,8,5,30,5,8,6,9,6,32,7,31,7,31,7,64,5,32,101,69,NA,NA,NA,NA,NA,NA,NA,NA,NA,NA,60
"chrX.8",20,7,5,6,4,6,21,8,5,8,6,6,21,10,20,9,21,10,53,4,20,77,57,NA,NA,NA,NA,NA,NA,NA,NA,NA,NA,46
"chrX.9",6,5,1,2,1,3,6,6,1,5,1,4,6,7,6,6,6,7,35,2,7,44,37,NA,NA,NA,NA,NA,NA,NA,NA,NA,NA,33
"chrX.10",23,3,2,2,3,5,24,6,3,5,4,7,25,8,25,7,25,7,46,3,28,77,49,NA,NA,NA,NA,NA,NA,NA,NA,NA,NA,43
"chrX.11",26,1,1,2,1,2,26,1,1,3,1,2,26,2,26,4,26,2,31,1,28,60,32,NA,NA,NA,NA,NA,NA,NA,NA,NA,NA,26
"chrX.12",29,4,0,4,1,3,30,6,1,7,2,5,30,6,29,7,30,6,57,2,31,90,59,NA,NA,NA,NA,NA,NA,NA,NA,NA,NA,55
"chrX.13",32,4,3,4,3,3,32,5,3,8,3,5,32,6,32,8,32,8,55,2,33,90,57,NA,NA,NA,NA,NA,NA,NA,NA,NA,NA,51
"chrX.14",22,2,0,0,0,2,22,2,0,0,0,2,22,3,22,0,22,3,39,1,24,64,40,NA,NA,NA,NA,NA,NA,NA,NA,NA,NA,36
"chrX.15",46,8,1,6,1,8,47,10,2,7,2,10,50,10,47,9,48,11,67,2,52,121,69,NA,NA,NA,NA,NA,NA,NA,NA,NA,NA,64
"chrX.16",17,2,3,4,3,4,17,4,3,5,3,6,17,6,17,6,17,7,44,3,17,64,47,NA,NA,NA,NA,NA,NA,NA,NA,NA,NA,38
"chrX.17",26,2,0,0,0,2,28,2,0,3,2,2,30,2,26,3,28,2,45,2,32,79,47,NA,NA,NA,NA,NA,NA,NA,NA,NA,NA,46
"chrX.18",21,2,3,2,3,2,21,3,4,4,3,3,22,4,22,4,22,4,37,3,23,63,40,NA,NA,NA,NA,NA,NA,NA,NA,NA,NA,38
"chrX.19",30,7,4,8,4,6,30,8,4,10,4,8,30,8,30,10,30,9,44,3,30,77,47,NA,NA,NA,NA,NA,NA,NA,NA,NA,NA,40
"chrX.20",20,2,4,1,3,2,20,3,4,2,3,3,21,4,21,2,20,4,28,2,20,50,30,NA,NA,NA,NA,NA,NA,NA,NA,NA,NA,28
"chrX.21",19,6,1,4,1,6,21,7,3,5,3,6,23,8,21,5,23,7,44,2,22,68,46,NA,NA,NA,NA,NA,NA,NA,NA,NA,NA,37
"chrX.22",28,4,3,2,3,5,28,5,4,6,3,5,29,7,29,8,29,7,47,3,27,77,50,NA,NA,NA,NA,NA,NA,NA,NA,NA,NA,43
"chrX.23",29,6,2,3,2,5,29,7,4,5,2,6,31,9,31,6,31,9,61,2,33,96,63,NA,NA,NA,NA,NA,NA,NA,NA,NA,NA,51
"chrX.24",21,6,3,6,2,6,21,7,3,9,2,6,24,7,22,11,21,7,51,3,31,85,54,NA,NA,NA,NA,NA,NA,NA,NA,NA,NA,45
"chrX.25",14,2,2,3,2,2,16,3,5,6,4,2,19,4,17,7,17,4,38,4,19,61,42,NA,NA,NA,NA,NA,NA,NA,NA,NA,NA,35
"chrX.26",44,7,3,3,3,4,44,8,5,7,3,4,45,9,46,9,46,9,93,2,52,147,95,NA,NA,NA,NA,NA,NA,NA,NA,NA,NA,87
"chrX.27",61,5,3,6,3,7,62,6,4,6,4,8,65,9,63,8,63,10,106,1,75,182,107,NA,NA,NA,NA,NA,NA,NA,NA,NA,NA,101
"chrX.28",52,4,2,5,2,4,53,6,2,8,3,6,53,7,52,9,53,8,82,3,54,139,85,NA,NA,NA,NA,NA,NA,NA,NA,NA,NA,78
"chrX.29",50,3,3,6,3,1,50,5,3,8,3,5,51,5,50,8,50,7,75,3,51,129,78,NA,NA,NA,NA,NA,NA,NA,NA,NA,NA,70
"chrX.30",64,5,5,6,5,7,64,7,7,9,5,8,67,8,66,10,67,8,81,3,73,157,84,NA,NA,NA,NA,NA,NA,NA,NA,NA,NA,73
"chrX.31",36,3,6,6,6,7,37,5,6,9,7,9,38,8,37,12,37,10,67,5,38,110,72,NA,NA,NA,NA,NA,NA,NA,NA,NA,NA,60
"chrX.32",35,0,2,1,1,4,35,0,3,3,3,5,38,4,37,3,37,5,48,1,45,94,49,NA,NA,NA,NA,NA,NA,NA,NA,NA,NA,49
"chrX.33",49,6,4,4,4,7,50,8,5,5,5,8,51,9,52,7,51,9,76,4,49,129,80,NA,NA,NA,NA,NA,NA,NA,NA,NA,NA,70
"chrX.34",38,3,2,2,2,3,38,6,2,3,2,4,38,7,38,4,38,6,116,2,43,161,118,NA,NA,NA,NA,NA,NA,NA,NA,NA,NA,110
"chrX.35",43,4,2,2,1,3,43,5,2,4,1,4,44,7,44,6,43,7,106,2,45,153,108,NA,NA,NA,NA,NA,NA,NA,NA,NA,NA,99
"chrX.36",53,6,2,7,2,2,53,8,2,9,2,6,54,8,53,11,53,8,110,3,56,169,113,NA,NA,NA,NA,NA,NA,NA,NA,NA,NA,101
"chrX.37",34,2,3,4,3,4,34,5,3,8,3,7,35,7,34,8,34,7,102,3,36,141,105,NA,NA,NA,NA,NA,NA,NA,NA,NA,NA,98
"chrX.38",36,3,7,4,8,3,36,5,8,5,8,5,36,6,36,5,36,6,59,8,31,98,67,NA,NA,NA,NA,NA,NA,NA,NA,NA,NA,54
"chrX.39",22,3,3,3,3,3,23,4,5,6,4,4,25,5,24,8,25,6,57,4,26,87,61,NA,NA,NA,NA,NA,NA,NA,NA,NA,NA,53
"chrX.40",28,1,1,2,1,3,28,3,2,3,1,4,29,4,29,6,29,4,58,1,31,90,59,NA,NA,NA,NA,NA,NA,NA,NA,NA,NA,52
"chrX.41",14,3,3,2,3,2,15,3,3,4,4,4,16,4,14,4,15,5,41,4,18,63,45,NA,NA,NA,NA,NA,NA,NA,NA,NA,NA,35
"chrX.42",19,6,3,2,3,2,19,6,4,2,3,2,20,6,20,2,20,7,38,3,23,64,41,NA,NA,NA,NA,NA,NA,NA,NA,NA,NA,36
"chrX.43",24,6,1,5,1,5,24,7,2,9,2,7,27,8,26,12,26,8,56,1,28,85,57,NA,NA,NA,NA,NA,NA,NA,NA,NA,NA,45
"chrX.44",24,7,2,5,2,7,24,8,3,7,2,7,25,10,25,8,25,10,51,2,27,80,53,NA,NA,NA,NA,NA,NA,NA,NA,NA,NA,48
"chrX.45",17,3,3,3,2,2,17,3,3,4,2,4,18,3,18,5,17,5,35,1,23,59,36,NA,NA,NA,NA,NA,NA,NA,NA,NA,NA,34
"chrX.46",36,6,2,7,3,5,36,6,3,11,3,5,36,7,36,12,36,7,47,2,37,86,49,NA,NA,NA,NA,NA,NA,NA,NA,NA,NA,35
"chrX.47",22,7,3,3,3,5,22,7,4,4,3,6,24,8,23,4,23,8,37,2,25,64,39,NA,NA,NA,NA,NA,NA,NA,NA,NA,NA,34
"chrX.48",18,2,0,4,0,2,18,2,0,7,0,4,18,2,18,8,18,6,51,1,21,73,52,NA,NA,NA,NA,NA,NA,NA,NA,NA,NA,40
"chrX.49",13,3,0,5,0,4,13,4,0,8,0,7,13,6,13,8,13,8,44,0,17,61,44,NA,NA,NA,NA,NA,NA,NA,NA,NA,NA,40
"chrX.50",27,2,3,5,4,3,27,4,4,8,4,6,28,6,27,8,27,6,58,6,28,92,64,NA,NA,NA,NA,NA,NA,NA,NA,NA,NA,49
"chrX.51",16,7,4,4,4,6,16,8,5,8,4,7,17,10,17,8,17,11,55,4,16,75,59,NA,NA,NA,NA,NA,NA,NA,NA,NA,NA,49
"chrX.52",19,5,5,4,4,6,19,9,5,7,5,8,21,9,19,11,19,12,72,5,25,102,77,NA,NA,NA,NA,NA,NA,NA,NA,NA,NA,69
"chrX.53",5,1,1,0,1,0,5,1,1,1,1,0,5,1,5,1,5,1,20,1,7,28,21,NA,NA,NA,NA,NA,NA,NA,NA,NA,NA,21
"chrX.54",16,5,1,4,1,3,17,7,2,8,2,4,18,7,18,8,18,7,34,1,21,56,35,NA,NA,NA,NA,NA,NA,NA,NA,NA,NA,33
"chrX.55",21,5,1,3,1,2,21,7,1,6,1,3,23,7,21,8,22,6,52,1,25,78,53,NA,NA,NA,NA,NA,NA,NA,NA,NA,NA,46
"chrX.56",38,8,1,9,1,8,38,12,1,14,1,12,38,14,38,16,38,16,81,1,44,126,82,NA,NA,NA,NA,NA,NA,NA,NA,NA,NA,74
"chrX.57",21,7,3,4,3,5,22,9,5,6,4,6,25,10,24,7,24,11,62,3,28,93,65,NA,NA,NA,NA,NA,NA,NA,NA,NA,NA,56
"chrX.58",35,6,4,5,2,6,37,7,4,9,6,7,37,9,37,9,37,9,74,4,38,116,78,NA,NA,NA,NA,NA,NA,NA,NA,NA,NA,71
"chrX.59",29,5,2,3,2,3,29,5,3,5,2,5,30,5,30,7,30,7,85,1,30,116,86,NA,NA,NA,NA,NA,NA,NA,NA,NA,NA,76
"chrX.60",38,4,6,7,6,4,40,8,6,8,8,8,41,8,38,9,40,9,64,7,40,111,71,NA,NA,NA,NA,NA,NA,NA,NA,NA,NA,56
"chrX.61",54,6,3,5,3,7,55,11,3,8,4,8,57,12,55,11,55,9,96,3,56,155,99,NA,NA,NA,NA,NA,NA,NA,NA,NA,NA,89
"chrX.62",29,6,1,4,2,7,30,9,2,9,3,10,30,12,30,10,30,12,72,2,34,108,74,NA,NA,NA,NA,NA,NA,NA,NA,NA,NA,62
"chrX.63",37,6,3,8,2,6,39,8,4,12,5,9,40,11,39,13,40,11,97,4,40,141,101,NA,NA,NA,NA,NA,NA,NA,NA,NA,NA,90
"chrX.64",19,5,1,7,1,3,19,5,3,8,1,7,22,5,21,9,21,9,64,1,27,92,65,NA,NA,NA,NA,NA,NA,NA,NA,NA,NA,58
"chrX.65",15,4,0,2,0,1,15,5,0,2,0,3,16,5,15,2,15,5,34,0,19,53,34,NA,NA,NA,NA,NA,NA,NA,NA,NA,NA,34
"chrX.66",17,7,4,4,4,9,17,8,4,9,4,9,17,12,17,10,17,11,45,4,18,67,49,NA,NA,NA,NA,NA,NA,NA,NA,NA,NA,41
"chrX.67",23,3,5,4,5,3,24,4,5,8,6,6,27,6,23,9,24,8,47,7,28,82,54,NA,NA,NA,NA,NA,NA,NA,NA,NA,NA,45
"chrX.68",24,6,3,2,3,5,24,6,3,4,3,5,25,7,24,4,24,7,35,2,28,65,37,NA,NA,NA,NA,NA,NA,NA,NA,NA,NA,34
"chrX.69",28,4,1,3,1,4,28,5,2,3,1,6,31,6,29,4,29,7,48,1,31,80,49,NA,NA,NA,NA,NA,NA,NA,NA,NA,NA,44
"chrX.70",24,4,2,4,2,4,24,6,3,4,2,6,25,7,25,4,25,8,52,2,27,81,54,NA,NA,NA,NA,NA,NA,NA,NA,NA,NA,48
"chrX.71",34,4,1,8,1,3,35,6,4,8,2,8,39,7,37,8,37,10,60,2,40,102,62,NA,NA,NA,NA,NA,NA,NA,NA,NA,NA,54
"chrX.72",34,5,5,4,5,7,34,5,5,4,5,7,34,7,35,4,35,7,79,5,33,117,84,NA,NA,NA,NA,NA,NA,NA,NA,NA,NA,74
"chrX.73",22,2,3,2,3,4,22,4,3,4,3,5,22,7,22,4,22,7,99,3,25,127,102,NA,NA,NA,NA,NA,NA,NA,NA,NA,NA,92
"chrX.74",29,5,2,5,2,4,29,5,2,7,2,7,29,6,29,7,29,8,60,2,29,91,62,NA,NA,NA,NA,NA,NA,NA,NA,NA,NA,52
"chrX.75",56,2,6,1,6,6,58,2,7,5,8,6,60,6,57,6,59,6,107,7,58,172,114,NA,NA,NA,NA,NA,NA,NA,NA,NA,NA,104
"chrX.76",56,6,3,7,3,5,57,7,5,9,4,9,59,10,58,11,59,12,107,4,62,173,111,NA,NA,NA,NA,NA,NA,NA,NA,NA,NA,99
"chrX.77",31,7,3,8,4,5,32,9,4,8,5,10,33,10,32,10,32,12,96,4,35,135,100,NA,NA,NA,NA,NA,NA,NA,NA,NA,NA,93
"chrX.78",56,6,1,6,1,2,57,7,1,9,2,6,60,9,57,11,57,10,105,1,62,168,106,NA,NA,NA,NA,NA,NA,NA,NA,NA,NA,101
"chrX.79",43,5,6,0,6,6,43,6,7,1,6,6,46,11,44,1,44,11,87,6,51,144,93,NA,NA,NA,NA,NA,NA,NA,NA,NA,NA,90
"chrX.80",52,5,3,5,4,1,54,6,4,7,6,6,55,6,54,7,54,9,97,3,58,158,100,NA,NA,NA,NA,NA,NA,NA,NA,NA,NA,89
"chrX.81",49,5,2,4,2,6,50,7,2,7,3,6,50,10,50,8,50,9,97,1,52,150,98,NA,NA,NA,NA,NA,NA,NA,NA,NA,NA,92
"chrX.82",41,7,2,5,2,9,42,12,3,10,3,11,43,15,43,15,43,16,122,2,51,175,124,NA,NA,NA,NA,NA,NA,NA,NA,NA,NA,114
"chrX.83",58,10,3,6,4,9,59,13,6,8,5,12,62,14,61,10,61,16,96,3,62,161,99,NA,NA,NA,NA,NA,NA,NA,NA,NA,NA,88
"chrX.84",43,5,3,4,3,9,44,6,4,7,4,10,44,9,45,8,45,10,86,2,46,134,88,NA,NA,NA,NA,NA,NA,NA,NA,NA,NA,78
"chrX.85",75,6,6,7,6,8,78,7,6,11,9,9,80,9,75,13,78,9,119,8,77,204,127,NA,NA,NA,NA,NA,NA,NA,NA,NA,NA,109
"chrX.86",49,5,2,10,2,7,49,8,2,13,2,15,49,12,49,15,49,16,123,1,54,178,124,NA,NA,NA,NA,NA,NA,NA,NA,NA,NA,111
"chrX.87",41,2,3,4,2,6,43,5,5,10,5,6,44,8,44,13,44,8,104,3,45,152,107,NA,NA,NA,NA,NA,NA,NA,NA,NA,NA,97
"chrX.88",56,4,3,4,2,3,65,4,3,6,12,5,68,5,64,6,65,7,116,4,72,192,120,NA,NA,NA,NA,NA,NA,NA,NA,NA,NA,109
"chrX.89",60,1,0,3,0,7,71,5,0,6,11,9,71,10,70,7,71,10,112,1,74,187,113,NA,NA,NA,NA,NA,NA,NA,NA,NA,NA,108
"chrX.90",32,5,5,1,5,7,38,5,5,3,11,8,38,9,37,5,38,9,73,5,36,114,78,NA,NA,NA,NA,NA,NA,NA,NA,NA,NA,66
"chrX.91",27,5,5,7,5,4,28,5,5,11,6,8,30,7,28,12,28,9,78,6,30,114,84,NA,NA,NA,NA,NA,NA,NA,NA,NA,NA,71
"chrX.92",37,6,7,4,6,3,43,8,7,7,13,6,43,9,43,7,43,8,104,5,43,152,109,NA,NA,NA,NA,NA,NA,NA,NA,NA,NA,98
"chrX.93",27,1,2,3,2,3,28,2,2,5,3,5,30,4,28,5,28,5,57,2,31,90,59,NA,NA,NA,NA,NA,NA,NA,NA,NA,NA,53
"chrX.94",38,3,2,4,2,1,42,4,4,6,6,3,44,5,43,7,44,6,56,2,42,100,58,NA,NA,NA,NA,NA,NA,NA,NA,NA,NA,49
"chrX.95",53,5,3,10,3,6,62,8,3,13,12,11,63,11,62,15,62,14,118,2,71,191,120,NA,NA,NA,NA,NA,NA,NA,NA,NA,NA,111
"chrX.96",37,4,2,4,2,3,43,4,2,6,8,3,46,5,43,7,44,5,95,2,48,145,97,NA,NA,NA,NA,NA,NA,NA,NA,NA,NA,88
"chrX.97",29,6,3,7,3,4,29,6,3,7,3,7,29,7,29,9,29,8,46,3,33,82,49,NA,NA,NA,NA,NA,NA,NA,NA,NA,NA,34
"chrX.98",21,3,1,1,1,5,23,4,1,2,3,5,26,5,23,3,23,5,46,0,29,75,46,NA,NA,NA,NA,NA,NA,NA,NA,NA,NA,45
"chrX.99",31,5,1,2,1,4,33,5,2,4,3,5,34,7,34,4,34,8,50,1,38,89,51,NA,NA,NA,NA,NA,NA,NA,NA,NA,NA,47
"chrX.100",32,2,3,3,3,1,34,3,3,3,5,3,34,3,34,4,34,4,36,3,35,74,39,NA,NA,NA,NA,NA,NA,NA,NA,NA,NA,32
"chrX.101",35,4,1,5,1,6,37,5,1,7,3,7,37,7,37,7,37,7,46,0,44,90,46,NA,NA,NA,NA,NA,NA,NA,NA,NA,NA,45
"chrX.102",39,6,2,4,2,9,41,8,2,10,4,11,41,11,41,10,41,11,56,2,42,100,58,NA,NA,NA,NA,NA,NA,NA,NA,NA,NA,46
"chrX.103",11,2,1,4,1,2,11,2,1,5,1,4,11,2,11,6,11,4,47,1,13,61,48,NA,NA,NA,NA,NA,NA,NA,NA,NA,NA,42
"chrX.104",21,5,2,7,2,3,22,6,4,8,3,7,24,6,24,8,24,8,45,1,26,72,46,NA,NA,NA,NA,NA,NA,NA,NA,NA,NA,37
"chrX.105",41,9,4,10,4,3,46,9,4,12,9,7,47,10,45,12,46,13,81,4,49,134,85,NA,NA,NA,NA,NA,NA,NA,NA,NA,NA,72
"chrX.106",21,3,1,2,1,3,22,4,4,2,2,3,25,5,25,3,25,4,45,1,24,70,46,NA,NA,NA,NA,NA,NA,NA,NA,NA,NA,40
"chrX.107",20,5,4,3,4,4,21,7,4,5,5,6,21,7,20,6,21,8,57,3,27,87,60,NA,NA,NA,NA,NA,NA,NA,NA,NA,NA,57
"chrX.108",40,3,5,4,5,6,43,6,6,5,8,8,45,7,44,9,44,8,90,4,48,142,94,NA,NA,NA,NA,NA,NA,NA,NA,NA,NA,87
"chrX.109",44,2,6,4,6,4,52,3,7,8,14,5,54,6,52,10,53,7,91,6,51,148,97,NA,NA,NA,NA,NA,NA,NA,NA,NA,NA,85
"chrX.110",33,1,4,1,4,2,35,1,4,3,6,3,36,3,35,5,35,3,53,3,35,91,56,NA,NA,NA,NA,NA,NA,NA,NA,NA,NA,50
"chrX.111",28,2,5,2,5,2,32,4,6,5,9,4,33,5,32,6,33,5,63,7,31,101,70,NA,NA,NA,NA,NA,NA,NA,NA,NA,NA,58
"chrX.112",19,2,3,2,3,3,19,3,4,2,3,5,19,4,20,3,20,6,41,5,22,68,46,NA,NA,NA,NA,NA,NA,NA,NA,NA,NA,34
"chrX.113",50,4,5,3,5,5,53,5,6,5,8,6,54,8,54,6,54,7,67,4,54,125,71,NA,NA,NA,NA,NA,NA,NA,NA,NA,NA,61
"chrX.114",39,1,3,2,3,1,40,2,4,5,4,2,43,2,41,5,41,2,53,2,41,96,55,NA,NA,NA,NA,NA,NA,NA,NA,NA,NA,50
"chrX.115",27,2,5,1,5,4,27,2,6,4,6,4,30,4,30,5,29,4,37,3,32,72,40,NA,NA,NA,NA,NA,NA,NA,NA,NA,NA,37
"chrX.116",25,5,5,2,5,1,25,6,6,2,5,3,26,6,26,3,26,5,31,3,26,60,34,NA,NA,NA,NA,NA,NA,NA,NA,NA,NA,27
"chrX.117",29,3,2,4,2,3,33,4,3,6,6,5,33,5,34,7,34,5,46,1,38,85,47,NA,NA,NA,NA,NA,NA,NA,NA,NA,NA,40
"chrX.118",52,8,2,8,2,11,54,14,4,11,4,13,57,17,56,14,56,14,78,2,59,139,80,NA,NA,NA,NA,NA,NA,NA,NA,NA,NA,68
"chrX.119",45,3,3,1,2,1,47,3,3,4,5,1,47,4,47,5,47,4,65,2,51,118,67,NA,NA,NA,NA,NA,NA,NA,NA,NA,NA,63
"chrX.120",24,7,4,5,4,7,24,9,6,5,4,9,26,10,26,8,26,10,56,4,22,82,60,NA,NA,NA,NA,NA,NA,NA,NA,NA,NA,46
"chrX.121",52,3,6,3,6,1,52,3,6,5,6,1,52,3,52,6,52,3,64,6,51,121,70,NA,NA,NA,NA,NA,NA,NA,NA,NA,NA,54
"chrX.122",64,4,10,7,10,3,72,6,11,11,18,6,75,8,72,11,73,8,102,7,79,188,109,NA,NA,NA,NA,NA,NA,NA,NA,NA,NA,99
"chrX.123",55,3,9,5,10,5,60,6,12,9,15,8,63,10,61,9,62,12,89,10,61,160,99,NA,NA,NA,NA,NA,NA,NA,NA,NA,NA,82
"chrX.124",54,5,7,6,7,6,60,7,8,10,13,9,60,10,61,11,61,12,98,7,63,168,105,NA,NA,NA,NA,NA,NA,NA,NA,NA,NA,92
"chrX.125",42,5,6,4,6,5,45,7,6,4,9,8,47,9,45,6,45,11,77,6,46,129,83,NA,NA,NA,NA,NA,NA,NA,NA,NA,NA,69
"chrX.126",28,7,5,1,5,5,32,8,6,4,9,5,32,11,33,6,33,11,54,3,32,89,57,NA,NA,NA,NA,NA,NA,NA,NA,NA,NA,52
"chrX.127",35,8,5,4,5,4,36,9,5,6,6,6,36,10,36,7,36,10,63,5,38,106,68,NA,NA,NA,NA,NA,NA,NA,NA,NA,NA,58
"chrX.128",26,2,3,2,3,4,29,3,3,6,6,4,29,5,29,6,29,5,49,3,28,80,52,NA,NA,NA,NA,NA,NA,NA,NA,NA,NA,47
"chrX.129",26,2,5,3,5,3,28,2,5,6,7,5,28,4,28,7,28,5,46,4,28,78,50,NA,NA,NA,NA,NA,NA,NA,NA,NA,NA,43
"chrX.130",15,9,3,5,3,7,17,9,3,7,5,7,17,10,17,7,17,10,43,2,23,68,45,NA,NA,NA,NA,NA,NA,NA,NA,NA,NA,42
"chrX.131",33,7,7,3,7,6,33,8,8,6,7,6,34,10,34,6,34,10,61,6,31,98,67,NA,NA,NA,NA,NA,NA,NA,NA,NA,NA,57
"chrX.132",22,8,3,3,3,5,25,8,5,3,6,6,28,8,27,3,27,9,62,2,31,95,64,NA,NA,NA,NA,NA,NA,NA,NA,NA,NA,60
"chrX.133",37,4,6,5,6,4,40,5,6,8,9,5,42,6,38,8,40,7,79,8,38,125,87,NA,NA,NA,NA,NA,NA,NA,NA,NA,NA,73
"chrX.134",69,5,10,4,10,10,78,7,10,11,19,12,78,14,77,12,78,15,87,8,76,171,95,NA,NA,NA,NA,NA,NA,NA,NA,NA,NA,80
"chrX.135",54,4,6,6,5,5,59,4,6,10,11,5,60,5,59,11,59,5,72,5,59,136,77,NA,NA,NA,NA,NA,NA,NA,NA,NA,NA,65
"chrX.136",46,4,3,4,3,6,48,4,3,4,4,7,48,7,48,4,48,8,47,3,51,101,50,NA,NA,NA,NA,NA,NA,NA,NA,NA,NA,42
"chrX.137",46,4,10,4,11,6,50,5,12,8,14,6,51,6,52,9,51,6,53,7,46,106,60,NA,NA,NA,NA,NA,NA,NA,NA,NA,NA,46
"chrX.138",45,4,6,5,6,5,47,7,6,8,8,7,47,8,47,12,47,10,79,5,49,133,84,NA,NA,NA,NA,NA,NA,NA,NA,NA,NA,73
"chrX.139",60,5,7,5,7,5,61,6,8,7,8,6,62,7,62,7,62,7,99,4,62,165,103,NA,NA,NA,NA,NA,NA,NA,NA,NA,NA,94
"chrX.140",41,7,3,4,2,4,47,7,3,5,9,6,47,8,46,5,47,9,73,4,48,125,77,NA,NA,NA,NA,NA,NA,NA,NA,NA,NA,66
"chrX.141",62,5,8,9,8,7,66,9,8,12,12,11,67,11,66,13,66,13,111,7,64,182,118,NA,NA,NA,NA,NA,NA,NA,NA,NA,NA,102
"chrX.142",80,5,8,6,8,5,87,9,9,13,16,8,90,10,88,14,89,11,116,7,93,216,123,NA,NA,NA,NA,NA,NA,NA,NA,NA,NA,110
"chrX.143",62,7,7,5,7,9,67,8,7,8,12,9,67,10,66,10,67,10,88,7,69,164,95,NA,NA,NA,NA,NA,NA,NA,NA,NA,NA,84
"chrX.144",50,10,5,9,5,9,52,12,6,12,7,12,53,14,53,13,53,15,76,4,57,137,80,NA,NA,NA,NA,NA,NA,NA,NA,NA,NA,69
"chrX.145",58,9,6,4,6,8,62,9,7,8,10,9,64,12,63,9,63,12,84,6,63,153,90,NA,NA,NA,NA,NA,NA,NA,NA,NA,NA,82
"chrX.146",25,2,4,1,4,1,25,2,6,3,4,2,28,3,27,3,27,4,33,4,31,68,37,NA,NA,NA,NA,NA,NA,NA,NA,NA,NA,32
"chrX.147",23,3,1,4,1,5,26,5,1,10,4,6,26,5,26,12,26,6,60,1,34,95,61,NA,NA,NA,NA,NA,NA,NA,NA,NA,NA,59
"chrX.148",30,4,3,4,4,3,32,5,4,9,6,4,32,6,31,11,32,7,63,5,32,100,68,NA,NA,NA,NA,NA,NA,NA,NA,NA,NA,60
"chrX.149",15,3,1,2,1,2,17,3,1,2,3,2,17,3,17,3,17,3,34,0,28,62,34,NA,NA,NA,NA,NA,NA,NA,NA,NA,NA,32
"chrX.150",25,5,4,6,4,6,26,6,4,7,5,8,26,9,26,7,26,9,44,4,25,73,48,NA,NA,NA,NA,NA,NA,NA,NA,NA,NA,38
"chrX.151",22,8,11,3,11,6,23,9,11,6,12,9,23,11,23,9,23,12,50,10,16,76,60,NA,NA,NA,NA,NA,NA,NA,NA,NA,NA,43
"chrY.1",0,0,0,0,0,0,0,0,0,0,0,0,0,0,0,0,0,0,2,0,0,2,2,NA,NA,NA,NA,NA,NA,NA,NA,NA,NA,2
"chrY.2",0,0,0,0,0,0,0,0,0,0,0,0,0,0,0,0,0,0,0,0,0,0,0,NA,NA,NA,NA,NA,NA,NA,NA,NA,NA,0
"chrY.3",0,0,0,0,0,0,0,0,0,0,0,0,0,0,0,0,0,0,0,0,0,0,0,NA,NA,NA,NA,NA,NA,NA,NA,NA,NA,0
"chrY.4",0,0,0,0,0,0,0,0,0,0,0,0,0,0,0,0,0,0,0,0,0,0,0,NA,NA,NA,NA,NA,NA,NA,NA,NA,NA,0
"chrY.5",0,0,0,0,0,0,0,0,0,0,0,0,0,0,0,0,0,0,0,0,0,0,0,NA,NA,NA,NA,NA,NA,NA,NA,NA,NA,0
"chrY.6",0,0,0,0,0,0,0,0,0,0,0,0,0,0,0,0,0,0,0,0,0,0,0,NA,NA,NA,NA,NA,NA,NA,NA,NA,NA,0
"chrY.7",0,0,0,0,0,0,0,0,0,0,0,0,0,0,0,0,0,0,0,0,0,0,0,NA,NA,NA,NA,NA,NA,NA,NA,NA,NA,0
"chrY.8",0,0,0,0,0,0,0,0,0,0,0,0,0,0,0,0,0,0,1,0,0,1,1,NA,NA,NA,NA,NA,NA,NA,NA,NA,NA,1
"chrY.9",0,0,0,0,0,0,0,0,0,1,0,0,0,0,0,1,0,0,2,0,0,2,2,NA,NA,NA,NA,NA,NA,NA,NA,NA,NA,2
"chrY.10",0,0,0,0,0,0,0,0,0,0,0,0,0,0,0,0,0,0,0,0,0,0,0,NA,NA,NA,NA,NA,NA,NA,NA,NA,NA,0
"chrY.11",1,0,0,0,0,0,1,0,0,0,0,0,1,0,1,0,1,0,0,1,1,2,1,NA,NA,NA,NA,NA,NA,NA,NA,NA,NA,0
"chrY.12",0,0,0,0,0,0,0,0,0,0,0,0,0,0,0,0,0,0,0,0,0,0,0,NA,NA,NA,NA,NA,NA,NA,NA,NA,NA,0
"chrY.13",0,0,0,0,0,0,0,0,0,0,0,0,0,0,0,0,0,0,0,0,0,0,0,NA,NA,NA,NA,NA,NA,NA,NA,NA,NA,0
"chrY.14",0,0,0,0,0,0,0,0,0,0,0,0,0,0,0,0,0,0,0,0,0,0,0,NA,NA,NA,NA,NA,NA,NA,NA,NA,NA,0
"chrY.15",0,0,0,0,0,0,0,0,0,0,0,0,0,0,0,0,0,0,0,0,0,0,0,NA,NA,NA,NA,NA,NA,NA,NA,NA,NA,0
"chrY.16",0,0,0,0,0,0,0,0,0,0,0,0,0,0,0,0,0,0,0,0,0,0,0,NA,NA,NA,NA,NA,NA,NA,NA,NA,NA,0
"chrY.17",0,0,0,0,0,0,0,0,0,0,0,0,0,0,0,0,0,0,0,0,0,0,0,NA,NA,NA,NA,NA,NA,NA,NA,NA,NA,0
"chrY.18",0,0,0,0,0,0,0,0,0,0,0,0,0,0,0,0,0,0,0,0,0,0,0,NA,NA,NA,NA,NA,NA,NA,NA,NA,NA,0
"chrY.19",0,0,0,0,0,0,0,0,0,0,0,0,0,0,0,0,0,0,0,0,0,0,0,NA,NA,NA,NA,NA,NA,NA,NA,NA,NA,0
"chrY.20",1,0,0,0,0,0,1,0,0,0,0,0,1,0,1,0,1,0,0,0,2,2,0,NA,NA,NA,NA,NA,NA,NA,NA,NA,NA,0
"chrY.21",0,0,0,0,0,0,0,0,0,0,0,0,0,0,0,0,0,0,0,0,0,0,0,NA,NA,NA,NA,NA,NA,NA,NA,NA,NA,0
"chrY.22",0,0,0,0,0,0,0,0,0,0,0,0,0,0,0,0,0,0,0,0,0,0,0,NA,NA,NA,NA,NA,NA,NA,NA,NA,NA,0
"chrY.23",0,0,0,0,0,0,0,0,0,0,0,0,0,0,0,0,0,0,0,0,0,0,0,NA,NA,NA,NA,NA,NA,NA,NA,NA,NA,0
"chrY.24",0,0,0,0,0,0,0,0,0,0,0,0,0,0,0,0,0,0,0,0,0,0,0,NA,NA,NA,NA,NA,NA,NA,NA,NA,NA,0
"chrY.25",0,0,0,0,0,0,0,0,0,0,0,0,0,0,0,0,0,0,0,0,0,0,0,NA,NA,NA,NA,NA,NA,NA,NA,NA,NA,0
"chrY.26",0,0,0,0,0,0,0,0,0,0,0,0,0,0,0,0,0,0,0,0,0,0,0,NA,NA,NA,NA,NA,NA,NA,NA,NA,NA,0
"chrY.27",0,0,0,0,0,0,0,0,0,0,0,0,0,0,0,0,0,0,0,0,0,0,0,NA,NA,NA,NA,NA,NA,NA,NA,NA,NA,0
"chrY.28",0,0,0,0,0,0,0,0,0,0,0,0,0,0,0,0,0,0,0,0,0,0,0,NA,NA,NA,NA,NA,NA,NA,NA,NA,NA,0
"chrY.29",0,0,0,0,0,0,0,0,0,0,0,0,0,0,0,0,0,0,0,0,0,0,0,NA,NA,NA,NA,NA,NA,NA,NA,NA,NA,0
"chrY.30",0,0,0,0,0,0,0,0,0,0,0,0,0,0,0,0,0,0,0,0,0,0,0,NA,NA,NA,NA,NA,NA,NA,NA,NA,NA,0
"chrY.31",0,0,0,0,0,0,0,0,0,0,0,0,0,0,0,0,0,0,0,0,0,0,0,NA,NA,NA,NA,NA,NA,NA,NA,NA,NA,0
"chrY.32",0,0,0,0,0,0,0,0,0,0,0,0,0,0,0,0,0,0,0,0,0,0,0,NA,NA,NA,NA,NA,NA,NA,NA,NA,NA,0
"chrY.33",0,0,0,0,0,0,0,0,0,0,0,0,0,0,0,0,0,0,0,0,0,0,0,NA,NA,NA,NA,NA,NA,NA,NA,NA,NA,0
"chrY.34",0,0,0,0,0,0,0,0,0,0,0,0,0,0,0,0,0,0,0,0,0,0,0,NA,NA,NA,NA,NA,NA,NA,NA,NA,NA,0
"chrY.35",0,0,0,0,0,0,0,0,0,0,0,0,0,0,0,0,0,0,0,0,0,0,0,NA,NA,NA,NA,NA,NA,NA,NA,NA,NA,0
"chrY.36",0,0,0,0,0,0,0,0,0,0,0,0,0,0,0,0,0,0,0,0,0,0,0,NA,NA,NA,NA,NA,NA,NA,NA,NA,NA,0
"chrY.37",0,0,0,0,0,0,0,0,0,0,0,0,0,0,0,0,0,0,0,0,0,0,0,NA,NA,NA,NA,NA,NA,NA,NA,NA,NA,0
"chrY.38",0,0,0,0,0,0,0,0,0,0,0,0,0,0,0,0,0,0,0,0,0,0,0,NA,NA,NA,NA,NA,NA,NA,NA,NA,NA,0
"chrY.39",0,0,0,0,0,0,0,0,0,0,0,0,0,0,0,0,0,0,0,0,0,0,0,NA,NA,NA,NA,NA,NA,NA,NA,NA,NA,0
"chrY.40",0,0,0,0,0,0,0,0,0,0,0,0,0,0,0,0,0,0,0,0,0,0,0,NA,NA,NA,NA,NA,NA,NA,NA,NA,NA,0
"chrY.41",0,0,0,0,0,0,0,0,0,0,0,0,0,0,0,0,0,0,0,0,0,0,0,NA,NA,NA,NA,NA,NA,NA,NA,NA,NA,0
"chrY.42",0,0,0,0,0,0,0,0,0,0,0,0,0,0,0,0,0,0,0,0,0,0,0,NA,NA,NA,NA,NA,NA,NA,NA,NA,NA,0
"chrY.43",0,0,0,0,0,0,0,0,0,0,0,0,0,0,0,0,0,0,0,0,0,0,0,NA,NA,NA,NA,NA,NA,NA,NA,NA,NA,0
"chrY.44",0,0,0,0,0,0,0,0,0,0,0,0,0,0,0,0,0,0,0,0,0,0,0,NA,NA,NA,NA,NA,NA,NA,NA,NA,NA,0
"chrY.45",0,0,0,0,0,0,0,0,0,0,0,0,0,0,0,0,0,0,0,0,0,0,0,NA,NA,NA,NA,NA,NA,NA,NA,NA,NA,0
"chrY.46",0,0,0,0,0,0,0,0,0,0,0,0,0,0,0,0,0,0,0,0,0,0,0,NA,NA,NA,NA,NA,NA,NA,NA,NA,NA,0
"chrY.47",0,0,0,0,0,0,0,0,0,0,0,0,0,0,0,0,0,0,0,0,0,0,0,NA,NA,NA,NA,NA,NA,NA,NA,NA,NA,0
"chrY.48",0,0,0,0,0,0,0,0,0,0,0,0,0,0,0,0,0,0,0,0,0,0,0,NA,NA,NA,NA,NA,NA,NA,NA,NA,NA,0
"chrY.49",0,0,0,0,0,0,0,0,0,0,0,0,0,0,0,0,0,0,0,0,0,0,0,NA,NA,NA,NA,NA,NA,NA,NA,NA,NA,0
"chrY.50",0,0,0,0,0,0,0,0,0,0,0,0,0,0,0,0,0,0,0,0,0,0,0,NA,NA,NA,NA,NA,NA,NA,NA,NA,NA,0
"chrY.51",0,0,0,0,0,0,0,0,0,0,0,0,0,0,0,0,0,0,0,0,0,0,0,NA,NA,NA,NA,NA,NA,NA,NA,NA,NA,0
"chrY.52",0,0,0,0,0,0,0,0,0,0,0,0,0,0,0,0,0,0,0,0,0,0,0,NA,NA,NA,NA,NA,NA,NA,NA,NA,NA,0
"chrY.53",0,0,0,0,0,0,0,0,0,0,0,0,0,0,0,0,0,0,0,0,0,0,0,NA,NA,NA,NA,NA,NA,NA,NA,NA,NA,0
"chrY.54",0,0,0,0,0,0,0,0,0,0,0,0,0,0,0,0,0,0,0,0,0,0,0,NA,NA,NA,NA,NA,NA,NA,NA,NA,NA,0
"chrY.55",0,0,0,0,0,0,0,0,0,0,0,0,0,0,0,0,0,0,0,0,0,0,0,NA,NA,NA,NA,NA,NA,NA,NA,NA,NA,0
"chrY.56",0,0,0,0,0,0,0,0,0,0,0,0,0,0,0,0,0,0,0,0,0,0,0,NA,NA,NA,NA,NA,NA,NA,NA,NA,NA,0
