"","Ovary-AdenoCA","CNS-PiloAstro","Liver-HCC","CNS-Oligo","Panc-Endocrine","Kidney-RCC","Prost-AdenoCA","Thy-AdenoCA","ColoRect-AdenoCA","Lymph-BNHL","Uterus-AdenoCA","Breast-AdenoCA","Lung-AdenoCA","Panc-AdenoCA","Eso-AdenoCA","Head-SCC","CNS-Medullo","CNS-GBM","SoftTissue-Leiomyo","Cervix-SCC","Skin-Melanoma","Lymph-CLL","SoftTissue-Liposarc","Kidney-ChRCC","Stomach-AdenoCA","Lung-SCC","Bladder-TCC","Myeloid-AML","Biliary-AdenoCA","Breast-LobularCA","Cervix-AdenoCA","Bone-Osteosarc","Breast-DCIS","Myeloid-MPN","Myeloid-MDS","Bone-Benign","Bone-Epith"
"chr1.1",NA,NA,NA,NA,NA,NA,NA,NA,NA,NA,NA,NA,NA,NA,NA,NA,NA,NA,NA,NA,NA,NA,NA,NA,NA,NA,NA,NA,NA,NA,NA,NA,NA,NA,NA,NA,NA
"chr1.2",NA,NA,NA,NA,NA,NA,NA,NA,NA,NA,NA,NA,NA,NA,NA,NA,NA,NA,NA,NA,NA,NA,NA,NA,NA,NA,NA,NA,NA,NA,NA,NA,NA,NA,NA,NA,NA
"chr1.3",NA,NA,NA,NA,NA,NA,NA,NA,NA,NA,NA,NA,NA,NA,NA,NA,NA,NA,NA,NA,NA,NA,NA,NA,NA,NA,NA,NA,NA,NA,NA,NA,NA,NA,NA,NA,NA
"chr1.4",NA,NA,NA,NA,NA,NA,NA,NA,NA,NA,NA,NA,NA,NA,NA,NA,NA,NA,NA,NA,NA,NA,NA,NA,NA,NA,NA,NA,NA,NA,NA,NA,NA,NA,NA,NA,NA
"chr1.5",500,9,1517,21,84,351,332,28,3510,360,422,679,878,955,2025,348,77,238,40,43,6096,82,54,37,701,654,211,5,186,40,5,99,3,12,0,5,7
"chr1.6",465,5,1611,19,85,371,268,25,3279,363,359,537,702,831,1567,290,60,234,37,39,6215,79,54,36,619,633,183,4,197,31,5,96,4,18,0,3,7
"chr1.7",277,5,700,10,85,259,159,9,1597,217,224,335,299,332,342,217,45,184,31,34,1867,42,19,21,335,297,186,5,143,22,3,18,2,12,0,4,2
"chr1.8",264,5,764,5,68,252,171,17,2571,232,259,350,394,426,421,241,58,151,23,25,3323,73,37,18,382,388,203,3,112,34,2,43,2,10,2,3,3
"chr1.9",226,3,694,6,63,295,179,12,1940,199,270,352,187,308,295,165,65,168,15,45,2154,43,17,16,313,246,186,0,114,20,2,28,3,5,0,1,2
"chr1.10",NA,NA,NA,NA,NA,NA,NA,NA,NA,NA,NA,NA,NA,NA,NA,NA,NA,NA,NA,NA,NA,NA,NA,NA,NA,NA,NA,NA,NA,NA,NA,NA,NA,NA,NA,NA,NA
"chr1.11",230,5,724,2,49,298,139,11,1529,207,219,321,201,305,281,168,47,147,11,39,2090,36,20,13,287,288,200,4,119,18,2,36,0,3,0,4,8
"chr1.12",277,8,693,4,67,328,132,16,1884,203,237,394,329,366,430,223,48,152,21,28,2595,43,38,14,315,409,165,6,118,21,3,44,3,10,1,5,8
"chr1.13",NA,NA,NA,NA,NA,NA,NA,NA,NA,NA,NA,NA,NA,NA,NA,NA,NA,NA,NA,NA,NA,NA,NA,NA,NA,NA,NA,NA,NA,NA,NA,NA,NA,NA,NA,NA,NA
"chr1.14",NA,NA,NA,NA,NA,NA,NA,NA,NA,NA,NA,NA,NA,NA,NA,NA,NA,NA,NA,NA,NA,NA,NA,NA,NA,NA,NA,NA,NA,NA,NA,NA,NA,NA,NA,NA,NA
"chr1.15",280,7,1463,8,85,266,162,18,2920,348,311,344,278,515,1366,214,61,161,24,41,2808,76,21,14,538,365,187,4,167,24,2,35,2,13,0,3,7
"chr1.16",219,2,1046,4,69,247,131,18,1885,283,245,318,269,321,412,189,65,153,9,45,2086,69,16,19,327,291,193,2,90,22,1,29,0,7,0,5,7
"chr1.17",NA,NA,NA,NA,NA,NA,NA,NA,NA,NA,NA,NA,NA,NA,NA,NA,NA,NA,NA,NA,NA,NA,NA,NA,NA,NA,NA,NA,NA,NA,NA,NA,NA,NA,NA,NA,NA
"chr1.18",NA,NA,NA,NA,NA,NA,NA,NA,NA,NA,NA,NA,NA,NA,NA,NA,NA,NA,NA,NA,NA,NA,NA,NA,NA,NA,NA,NA,NA,NA,NA,NA,NA,NA,NA,NA,NA
"chr1.19",380,5,993,7,59,326,199,14,2565,264,297,377,530,405,621,268,55,190,30,44,5922,56,34,24,390,598,164,6,114,15,2,81,0,17,0,2,11
"chr1.20",265,5,752,4,53,279,168,26,1629,173,241,325,239,292,286,215,51,140,19,40,2496,44,19,15,295,282,180,6,122,19,2,38,0,7,1,3,6
"chr1.21",285,5,735,10,57,291,175,17,1961,219,214,411,345,339,301,239,87,183,18,35,3624,43,23,17,281,515,166,2,94,17,1,42,0,9,2,3,6
"chr1.22",NA,NA,NA,NA,NA,NA,NA,NA,NA,NA,NA,NA,NA,NA,NA,NA,NA,NA,NA,NA,NA,NA,NA,NA,NA,NA,NA,NA,NA,NA,NA,NA,NA,NA,NA,NA,NA
"chr1.23",253,6,772,12,61,301,171,17,1757,196,216,314,224,298,307,235,63,192,20,40,2633,44,18,18,304,288,165,3,127,19,0,39,0,10,0,4,7
"chr1.24",236,2,776,7,61,286,162,11,1676,232,247,329,216,271,261,203,59,160,21,28,2761,40,23,15,275,306,180,4,130,19,1,26,1,10,0,5,10
"chr1.25",213,3,545,7,65,269,137,20,1553,181,192,309,186,181,250,167,55,155,11,27,1794,46,20,15,257,236,138,6,96,22,2,32,0,11,0,4,4
"chr1.26",NA,NA,NA,NA,NA,NA,NA,NA,NA,NA,NA,NA,NA,NA,NA,NA,NA,NA,NA,NA,NA,NA,NA,NA,NA,NA,NA,NA,NA,NA,NA,NA,NA,NA,NA,NA,NA
"chr1.27",NA,NA,NA,NA,NA,NA,NA,NA,NA,NA,NA,NA,NA,NA,NA,NA,NA,NA,NA,NA,NA,NA,NA,NA,NA,NA,NA,NA,NA,NA,NA,NA,NA,NA,NA,NA,NA
"chr1.28",NA,NA,NA,NA,NA,NA,NA,NA,NA,NA,NA,NA,NA,NA,NA,NA,NA,NA,NA,NA,NA,NA,NA,NA,NA,NA,NA,NA,NA,NA,NA,NA,NA,NA,NA,NA,NA
"chr1.29",NA,NA,NA,NA,NA,NA,NA,NA,NA,NA,NA,NA,NA,NA,NA,NA,NA,NA,NA,NA,NA,NA,NA,NA,NA,NA,NA,NA,NA,NA,NA,NA,NA,NA,NA,NA,NA
"chr1.30",NA,NA,NA,NA,NA,NA,NA,NA,NA,NA,NA,NA,NA,NA,NA,NA,NA,NA,NA,NA,NA,NA,NA,NA,NA,NA,NA,NA,NA,NA,NA,NA,NA,NA,NA,NA,NA
"chr1.31",296,6,1197,13,81,333,274,23,2992,300,256,492,543,532,1100,281,58,221,25,43,4976,53,41,30,482,646,184,5,145,18,2,78,1,10,0,5,10
"chr1.32",283,7,838,6,82,259,178,19,2001,266,255,415,271,291,352,224,47,173,23,36,2623,37,17,22,288,409,159,2,115,19,5,32,0,7,2,0,3
"chr1.33",259,3,737,12,65,255,168,21,1667,207,238,359,266,274,278,184,45,153,11,25,2133,40,12,14,268,287,183,4,102,27,6,28,2,9,0,1,2
"chr1.34",231,3,719,3,54,249,126,14,1834,169,230,366,217,265,310,199,45,136,22,44,1780,37,12,8,288,266,193,3,114,25,1,31,1,4,0,6,8
"chr1.35",333,6,1367,6,85,350,225,42,3347,330,289,555,540,629,1403,324,76,160,39,42,8561,63,24,24,492,823,185,10,146,23,2,72,2,15,0,2,13
"chr1.36",266,6,886,10,67,254,138,21,2493,245,242,416,320,372,449,219,53,141,21,33,3471,44,26,14,324,440,154,2,126,22,0,48,0,13,0,0,5
"chr1.37",261,4,703,4,51,276,146,17,1980,188,232,361,237,328,306,209,47,151,15,32,1781,41,19,7,309,344,180,6,138,33,2,26,2,12,0,3,8
"chr1.38",453,4,1063,6,70,317,265,15,2747,223,286,460,576,569,962,250,55,173,17,45,4325,41,44,11,462,737,192,2,141,26,4,79,0,6,0,4,5
"chr1.39",354,3,948,7,64,282,185,18,2476,184,270,421,313,383,524,200,48,167,30,42,4024,39,30,20,368,452,171,4,120,23,2,48,3,10,0,6,2
"chr1.40",NA,NA,NA,NA,NA,NA,NA,NA,NA,NA,NA,NA,NA,NA,NA,NA,NA,NA,NA,NA,NA,NA,NA,NA,NA,NA,NA,NA,NA,NA,NA,NA,NA,NA,NA,NA,NA
"chr1.41",NA,NA,NA,NA,NA,NA,NA,NA,NA,NA,NA,NA,NA,NA,NA,NA,NA,NA,NA,NA,NA,NA,NA,NA,NA,NA,NA,NA,NA,NA,NA,NA,NA,NA,NA,NA,NA
"chr1.42",281,4,709,4,59,267,144,14,2049,163,248,369,284,328,300,190,57,148,30,27,2155,35,11,14,278,328,136,4,126,24,1,33,2,12,0,3,5
"chr1.43",357,6,779,7,60,259,141,19,2729,201,282,376,209,322,322,203,56,147,15,23,2611,34,21,16,358,324,174,2,98,11,4,26,1,7,1,4,3
"chr1.44",301,11,679,7,70,261,131,14,2243,160,249,426,225,309,275,205,57,177,22,34,2713,38,22,17,309,320,165,4,116,22,2,32,2,5,0,2,8
"chr1.45",294,5,790,6,55,270,167,16,2060,159,229,398,263,326,313,183,43,160,12,38,2209,42,16,14,359,362,148,1,109,22,0,39,1,9,1,3,4
"chr1.46",NA,NA,NA,NA,NA,NA,NA,NA,NA,NA,NA,NA,NA,NA,NA,NA,NA,NA,NA,NA,NA,NA,NA,NA,NA,NA,NA,NA,NA,NA,NA,NA,NA,NA,NA,NA,NA
"chr1.47",NA,NA,NA,NA,NA,NA,NA,NA,NA,NA,NA,NA,NA,NA,NA,NA,NA,NA,NA,NA,NA,NA,NA,NA,NA,NA,NA,NA,NA,NA,NA,NA,NA,NA,NA,NA,NA
"chr1.48",NA,NA,NA,NA,NA,NA,NA,NA,NA,NA,NA,NA,NA,NA,NA,NA,NA,NA,NA,NA,NA,NA,NA,NA,NA,NA,NA,NA,NA,NA,NA,NA,NA,NA,NA,NA,NA
"chr1.49",339,8,847,9,53,279,148,27,2351,369,248,434,364,344,319,276,66,177,14,34,3172,80,22,17,325,526,160,3,117,24,3,62,0,9,0,1,3
"chr1.50",NA,NA,NA,NA,NA,NA,NA,NA,NA,NA,NA,NA,NA,NA,NA,NA,NA,NA,NA,NA,NA,NA,NA,NA,NA,NA,NA,NA,NA,NA,NA,NA,NA,NA,NA,NA,NA
"chr1.51",488,6,1583,12,50,273,248,14,3538,449,361,476,502,679,1387,399,58,178,22,57,5726,85,41,16,612,856,196,2,182,33,4,111,2,13,3,4,15
"chr1.52",245,4,879,7,70,245,149,15,2459,230,249,433,231,292,296,221,52,141,12,32,1979,53,19,17,293,371,165,0,137,19,2,24,1,4,0,2,13
"chr1.53",228,2,780,5,66,275,137,13,2259,207,256,360,233,296,283,194,62,121,8,31,1441,30,33,11,313,340,189,4,139,18,1,48,4,17,0,3,1
"chr1.54",301,6,818,3,55,291,162,10,2236,171,231,447,243,345,309,196,56,158,19,26,2482,38,23,11,283,393,164,3,115,27,1,33,0,8,1,1,6
"chr1.55",252,6,734,11,65,250,134,19,1860,186,209,378,329,335,290,203,73,165,11,37,2231,44,18,23,310,367,176,2,82,24,1,32,1,4,0,1,3
"chr1.56",279,8,830,8,61,257,147,14,2125,235,230,370,282,341,348,187,47,192,17,33,3524,60,21,9,297,394,157,0,114,26,1,44,1,4,0,1,5
"chr1.57",289,3,1014,18,84,263,173,15,3422,374,260,454,405,508,1221,281,80,149,28,29,6816,78,16,23,552,506,153,3,135,24,2,45,2,14,1,5,10
"chr1.58",331,4,781,9,53,301,161,16,3891,456,264,452,497,500,980,329,58,151,25,47,9065,103,34,21,530,673,185,7,153,20,1,96,1,11,0,6,13
"chr1.59",NA,NA,NA,NA,NA,NA,NA,NA,NA,NA,NA,NA,NA,NA,NA,NA,NA,NA,NA,NA,NA,NA,NA,NA,NA,NA,NA,NA,NA,NA,NA,NA,NA,NA,NA,NA,NA
"chr1.60",247,4,762,6,65,249,123,11,2216,259,249,376,254,272,286,187,57,154,20,37,3459,43,35,4,260,302,179,2,114,21,1,27,2,7,0,3,3
"chr1.61",272,4,931,9,82,316,148,15,2661,534,254,392,304,440,750,256,56,130,29,31,3639,78,62,14,412,526,167,7,154,19,1,46,2,7,0,0,9
"chr1.62",295,6,1039,10,66,306,176,14,2540,483,215,382,325,330,450,202,52,136,20,39,2409,76,43,12,321,417,188,7,134,25,0,45,0,7,1,7,8
"chr1.63",248,9,877,9,65,292,163,16,2210,296,231,424,269,362,322,213,51,132,20,39,2888,38,30,13,320,346,160,2,117,17,0,41,3,11,0,1,2
"chr1.64",272,7,983,4,73,287,183,21,2853,260,261,389,317,371,452,246,52,121,23,50,1726,65,35,15,326,514,180,6,131,22,3,43,3,8,0,1,6
"chr1.65",264,7,995,10,50,260,157,16,3074,333,201,407,203,286,232,213,37,114,17,39,2569,51,21,10,292,429,154,5,107,22,2,35,1,7,2,1,7
"chr1.66",239,2,770,6,70,279,162,10,2419,241,232,374,262,316,354,207,40,133,15,20,1961,58,21,21,324,392,174,4,126,13,0,49,2,12,0,2,1
"chr1.67",378,5,1057,6,56,318,165,16,3266,292,321,422,459,454,942,316,65,117,21,36,3563,52,22,20,535,802,234,3,152,22,4,72,2,7,0,3,11
"chr1.68",271,7,936,5,47,268,157,22,2864,204,218,396,382,333,485,230,55,147,22,28,2104,42,27,19,380,541,176,0,135,21,2,56,3,6,0,4,7
"chr1.69",260,9,910,11,41,263,156,17,2686,339,235,404,344,302,387,210,61,162,19,39,2293,70,23,18,339,488,180,3,122,24,4,41,5,8,0,3,5
"chr1.70",438,15,1816,14,98,320,256,25,5118,669,419,688,1128,760,1995,304,67,220,28,50,6040,139,29,27,957,1056,226,6,194,34,3,48,2,9,0,2,11
"chr1.71",433,5,1555,13,75,292,236,20,3597,447,353,512,635,551,1113,326,50,162,29,44,3041,90,20,17,592,1006,215,1,160,23,2,46,1,8,1,3,11
"chr1.72",488,12,1798,17,92,274,177,22,3899,528,384,440,572,722,1748,507,77,221,22,54,7026,101,27,20,799,1230,220,7,198,16,2,97,0,9,0,3,4
"chr1.73",572,10,2379,10,72,328,398,16,4481,850,481,564,621,952,1984,690,73,158,19,63,3935,168,27,26,832,1120,278,1,235,38,8,89,4,4,0,2,7
"chr1.74",675,9,2959,29,96,540,385,17,5392,1123,539,667,916,1059,2409,779,91,290,41,65,10126,216,45,30,1033,1812,254,5,284,42,5,95,2,17,0,6,12
"chr1.75",571,9,2095,19,89,360,427,21,4403,811,357,586,673,644,1349,544,85,193,32,69,6923,115,53,22,705,1292,229,4,210,34,3,83,3,12,1,5,11
"chr1.76",535,11,1800,22,94,377,409,30,4723,380,324,540,791,703,1595,436,60,191,39,62,8232,80,50,32,717,1546,221,3,214,18,4,66,0,12,2,4,8
"chr1.77",349,9,1874,11,62,330,223,24,3737,383,349,438,647,501,993,443,84,193,27,69,2903,84,32,23,565,1174,206,1,181,23,1,58,0,14,0,6,8
"chr1.78",280,7,1608,15,59,343,169,11,3726,348,286,361,584,487,880,410,78,180,16,47,3773,63,30,13,539,1140,212,2,168,32,2,51,2,7,0,1,9
"chr1.79",325,8,876,21,72,269,170,13,2728,260,268,393,280,361,491,268,89,161,24,43,4831,45,12,14,362,585,176,6,100,16,2,34,1,13,0,5,4
"chr1.80",423,15,2037,24,97,415,203,21,4743,578,349,459,700,736,1783,541,92,235,36,49,5726,101,45,24,891,1274,210,7,208,28,0,66,2,9,3,6,7
"chr1.81",365,22,1999,22,113,333,328,48,5606,744,343,490,691,665,1578,695,103,157,19,65,7695,169,31,25,864,1383,218,6,234,24,2,87,5,14,0,6,16
"chr1.82",366,24,1698,19,111,345,230,30,5338,1058,290,433,752,559,1306,521,86,196,32,42,5595,181,33,22,720,1082,213,3,172,19,1,77,1,7,1,8,4
"chr1.83",343,13,1478,17,86,347,148,21,4599,1001,337,413,525,524,1538,346,78,189,34,41,6414,174,38,17,729,626,199,11,174,21,2,55,5,9,0,7,4
"chr1.84",NA,NA,NA,NA,NA,NA,NA,NA,NA,NA,NA,NA,NA,NA,NA,NA,NA,NA,NA,NA,NA,NA,NA,NA,NA,NA,NA,NA,NA,NA,NA,NA,NA,NA,NA,NA,NA
"chr1.85",279,5,835,8,58,235,132,18,2864,249,273,361,346,314,741,224,54,143,13,34,1722,57,24,16,452,413,129,2,107,23,1,41,0,3,0,2,9
"chr1.86",290,5,969,9,46,286,134,19,2750,219,244,368,278,279,345,186,57,159,23,45,2160,42,20,16,307,311,172,4,132,20,0,32,1,9,0,3,2
"chr1.87",367,6,1522,13,59,311,198,23,3276,301,291,394,322,421,668,227,79,186,24,28,2007,50,17,10,377,452,152,4,156,29,0,33,4,4,0,2,5
"chr1.88",342,5,1086,13,65,288,184,14,2756,214,266,338,395,273,324,233,76,121,12,31,2551,46,17,19,291,462,160,4,133,17,1,53,2,14,2,4,4
"chr1.89",348,7,1313,9,63,332,239,21,3636,296,333,392,531,284,361,297,72,150,23,37,5115,52,45,18,342,709,152,7,109,23,2,73,1,11,1,4,7
"chr1.90",265,4,751,15,77,270,182,28,2958,208,290,403,261,281,328,184,70,122,24,24,2380,37,21,12,276,397,142,4,125,26,0,58,1,5,1,3,5
"chr1.91",324,8,1117,8,80,305,191,18,2971,223,298,379,271,356,653,200,52,172,20,41,4396,61,32,13,453,453,131,3,129,17,1,63,3,13,0,2,9
"chr1.92",374,6,1131,15,61,309,214,17,3156,307,306,414,408,462,726,297,54,208,25,36,3377,46,24,10,418,720,158,2,152,27,4,61,3,13,0,8,8
"chr1.93",238,8,881,12,63,289,166,12,2646,230,275,398,318,325,332,251,44,169,19,22,2526,33,16,19,352,499,164,3,122,23,2,38,3,10,0,1,5
"chr1.94",NA,NA,NA,NA,NA,NA,NA,NA,NA,NA,NA,NA,NA,NA,NA,NA,NA,NA,NA,NA,NA,NA,NA,NA,NA,NA,NA,NA,NA,NA,NA,NA,NA,NA,NA,NA,NA
"chr1.95",266,4,746,12,51,242,141,16,2378,206,203,356,183,245,270,199,64,140,19,32,2724,45,17,13,248,307,159,2,113,17,0,36,2,6,1,5,8
"chr1.96",321,4,874,9,65,243,159,21,2209,388,249,293,300,331,446,257,61,138,19,34,2952,54,22,14,331,416,153,3,112,33,1,49,2,10,0,3,1
"chr1.97",566,10,1546,14,100,464,304,41,4374,702,419,452,825,534,1424,287,83,171,36,44,7196,117,40,37,639,928,229,3,212,20,2,58,2,15,0,7,12
"chr1.98",448,5,1157,9,84,364,250,19,4523,692,369,407,446,448,1094,343,59,149,15,36,7533,83,21,22,587,855,195,7,158,29,1,54,1,7,0,7,6
"chr1.99",552,6,1276,7,93,405,249,24,4471,916,371,491,418,386,865,388,90,133,36,42,5930,96,25,18,585,927,207,2,157,26,4,36,6,7,0,8,8
"chr1.100",391,5,1343,7,90,272,341,34,3823,640,289,459,731,408,806,340,78,137,22,50,3113,88,35,17,514,964,173,0,136,32,1,61,3,14,0,5,15
"chr1.101",247,6,763,5,75,250,137,24,2590,208,254,351,275,289,310,188,31,114,13,20,1984,28,16,6,302,346,139,2,113,29,1,32,3,9,0,3,12
"chr1.102",280,7,1028,15,97,302,271,19,3430,236,243,408,478,439,613,330,56,134,22,49,4096,47,40,16,420,816,177,2,145,17,2,58,2,6,1,1,6
"chr1.103",404,10,2575,31,142,503,512,29,4253,659,464,555,763,802,1945,686,87,196,46,71,6684,106,50,21,890,1779,238,8,254,24,2,87,0,15,0,6,16
"chr1.104",NA,NA,NA,NA,NA,NA,NA,NA,NA,NA,NA,NA,NA,NA,NA,NA,NA,NA,NA,NA,NA,NA,NA,NA,NA,NA,NA,NA,NA,NA,NA,NA,NA,NA,NA,NA,NA
"chr1.105",NA,NA,NA,NA,NA,NA,NA,NA,NA,NA,NA,NA,NA,NA,NA,NA,NA,NA,NA,NA,NA,NA,NA,NA,NA,NA,NA,NA,NA,NA,NA,NA,NA,NA,NA,NA,NA
"chr1.106",605,27,3092,36,145,603,341,39,5918,623,508,552,1035,799,2080,808,116,312,57,70,5796,119,63,29,984,1913,356,10,263,25,3,100,6,17,0,6,10
"chr1.107",624,18,3145,37,160,493,331,52,5656,682,452,592,1022,768,2049,777,121,254,56,68,10154,129,81,27,898,1708,321,5,258,38,5,81,3,19,2,5,18
"chr1.108",457,7,2767,21,116,466,210,52,4963,379,328,499,876,793,2204,452,79,155,33,38,8017,58,38,12,840,942,190,7,263,20,0,61,4,13,0,3,8
"chr1.109",NA,NA,NA,NA,NA,NA,NA,NA,NA,NA,NA,NA,NA,NA,NA,NA,NA,NA,NA,NA,NA,NA,NA,NA,NA,NA,NA,NA,NA,NA,NA,NA,NA,NA,NA,NA,NA
"chr1.110",249,8,817,7,43,259,159,23,1966,190,249,364,208,265,238,183,56,134,16,36,1639,43,15,15,271,297,117,3,124,23,2,26,2,6,0,3,3
"chr1.111",257,3,778,6,56,252,162,18,2123,164,220,378,268,293,289,186,44,150,17,33,2104,31,20,12,299,318,186,3,102,19,0,25,0,9,0,4,5
"chr1.112",384,9,1136,12,75,330,193,30,3499,225,233,410,381,397,533,273,82,142,28,32,4156,27,38,14,387,589,159,1,129,31,4,73,2,12,0,2,9
"chr1.113",343,6,906,5,62,297,153,22,2750,223,246,465,285,395,491,223,45,132,23,28,5803,40,27,20,361,416,164,3,141,22,1,71,2,6,0,3,6
"chr1.114",NA,NA,NA,NA,NA,NA,NA,NA,NA,NA,NA,NA,NA,NA,NA,NA,NA,NA,NA,NA,NA,NA,NA,NA,NA,NA,NA,NA,NA,NA,NA,NA,NA,NA,NA,NA,NA
"chr1.115",309,4,967,8,62,267,166,20,2382,201,257,442,245,318,420,204,43,165,17,32,2717,52,28,16,341,491,185,4,107,26,5,37,2,8,0,0,7
"chr1.116",339,13,1289,18,69,276,186,19,3577,287,300,446,374,469,678,222,71,216,30,27,5886,52,18,23,435,467,156,7,182,30,1,37,0,5,1,6,8
"chr1.117",307,8,1049,9,65,305,148,25,2656,287,229,459,308,303,324,186,45,155,26,24,3095,61,18,13,286,391,137,8,94,22,0,44,2,9,0,2,13
"chr1.118",254,5,831,8,57,248,152,10,2452,203,192,401,234,265,277,210,46,139,15,18,2279,35,15,11,297,288,149,1,114,21,1,26,0,3,2,3,0
"chr1.119",348,13,1197,10,58,264,222,18,3265,265,227,434,286,363,599,253,64,171,23,25,4415,51,24,12,400,501,157,2,153,25,2,38,5,7,0,1,11
"chr1.120",434,9,1007,11,74,306,184,15,3244,338,253,533,399,404,844,271,68,196,27,30,5905,65,26,14,443,552,158,10,147,29,3,50,1,9,0,5,9
"chr1.121",NA,NA,NA,NA,NA,NA,NA,NA,NA,NA,NA,NA,NA,NA,NA,NA,NA,NA,NA,NA,NA,NA,NA,NA,NA,NA,NA,NA,NA,NA,NA,NA,NA,NA,NA,NA,NA
"chr1.122",NA,NA,NA,NA,NA,NA,NA,NA,NA,NA,NA,NA,NA,NA,NA,NA,NA,NA,NA,NA,NA,NA,NA,NA,NA,NA,NA,NA,NA,NA,NA,NA,NA,NA,NA,NA,NA
"chr1.123",NA,NA,NA,NA,NA,NA,NA,NA,NA,NA,NA,NA,NA,NA,NA,NA,NA,NA,NA,NA,NA,NA,NA,NA,NA,NA,NA,NA,NA,NA,NA,NA,NA,NA,NA,NA,NA
"chr1.124",NA,NA,NA,NA,NA,NA,NA,NA,NA,NA,NA,NA,NA,NA,NA,NA,NA,NA,NA,NA,NA,NA,NA,NA,NA,NA,NA,NA,NA,NA,NA,NA,NA,NA,NA,NA,NA
"chr1.125",NA,NA,NA,NA,NA,NA,NA,NA,NA,NA,NA,NA,NA,NA,NA,NA,NA,NA,NA,NA,NA,NA,NA,NA,NA,NA,NA,NA,NA,NA,NA,NA,NA,NA,NA,NA,NA
"chr1.126",NA,NA,NA,NA,NA,NA,NA,NA,NA,NA,NA,NA,NA,NA,NA,NA,NA,NA,NA,NA,NA,NA,NA,NA,NA,NA,NA,NA,NA,NA,NA,NA,NA,NA,NA,NA,NA
"chr1.127",NA,NA,NA,NA,NA,NA,NA,NA,NA,NA,NA,NA,NA,NA,NA,NA,NA,NA,NA,NA,NA,NA,NA,NA,NA,NA,NA,NA,NA,NA,NA,NA,NA,NA,NA,NA,NA
"chr1.128",NA,NA,NA,NA,NA,NA,NA,NA,NA,NA,NA,NA,NA,NA,NA,NA,NA,NA,NA,NA,NA,NA,NA,NA,NA,NA,NA,NA,NA,NA,NA,NA,NA,NA,NA,NA,NA
"chr1.129",NA,NA,NA,NA,NA,NA,NA,NA,NA,NA,NA,NA,NA,NA,NA,NA,NA,NA,NA,NA,NA,NA,NA,NA,NA,NA,NA,NA,NA,NA,NA,NA,NA,NA,NA,NA,NA
"chr1.130",NA,NA,NA,NA,NA,NA,NA,NA,NA,NA,NA,NA,NA,NA,NA,NA,NA,NA,NA,NA,NA,NA,NA,NA,NA,NA,NA,NA,NA,NA,NA,NA,NA,NA,NA,NA,NA
"chr1.131",NA,NA,NA,NA,NA,NA,NA,NA,NA,NA,NA,NA,NA,NA,NA,NA,NA,NA,NA,NA,NA,NA,NA,NA,NA,NA,NA,NA,NA,NA,NA,NA,NA,NA,NA,NA,NA
"chr1.132",NA,NA,NA,NA,NA,NA,NA,NA,NA,NA,NA,NA,NA,NA,NA,NA,NA,NA,NA,NA,NA,NA,NA,NA,NA,NA,NA,NA,NA,NA,NA,NA,NA,NA,NA,NA,NA
"chr1.133",NA,NA,NA,NA,NA,NA,NA,NA,NA,NA,NA,NA,NA,NA,NA,NA,NA,NA,NA,NA,NA,NA,NA,NA,NA,NA,NA,NA,NA,NA,NA,NA,NA,NA,NA,NA,NA
"chr1.134",NA,NA,NA,NA,NA,NA,NA,NA,NA,NA,NA,NA,NA,NA,NA,NA,NA,NA,NA,NA,NA,NA,NA,NA,NA,NA,NA,NA,NA,NA,NA,NA,NA,NA,NA,NA,NA
"chr1.135",NA,NA,NA,NA,NA,NA,NA,NA,NA,NA,NA,NA,NA,NA,NA,NA,NA,NA,NA,NA,NA,NA,NA,NA,NA,NA,NA,NA,NA,NA,NA,NA,NA,NA,NA,NA,NA
"chr1.136",NA,NA,NA,NA,NA,NA,NA,NA,NA,NA,NA,NA,NA,NA,NA,NA,NA,NA,NA,NA,NA,NA,NA,NA,NA,NA,NA,NA,NA,NA,NA,NA,NA,NA,NA,NA,NA
"chr1.137",NA,NA,NA,NA,NA,NA,NA,NA,NA,NA,NA,NA,NA,NA,NA,NA,NA,NA,NA,NA,NA,NA,NA,NA,NA,NA,NA,NA,NA,NA,NA,NA,NA,NA,NA,NA,NA
"chr1.138",NA,NA,NA,NA,NA,NA,NA,NA,NA,NA,NA,NA,NA,NA,NA,NA,NA,NA,NA,NA,NA,NA,NA,NA,NA,NA,NA,NA,NA,NA,NA,NA,NA,NA,NA,NA,NA
"chr1.139",NA,NA,NA,NA,NA,NA,NA,NA,NA,NA,NA,NA,NA,NA,NA,NA,NA,NA,NA,NA,NA,NA,NA,NA,NA,NA,NA,NA,NA,NA,NA,NA,NA,NA,NA,NA,NA
"chr1.140",NA,NA,NA,NA,NA,NA,NA,NA,NA,NA,NA,NA,NA,NA,NA,NA,NA,NA,NA,NA,NA,NA,NA,NA,NA,NA,NA,NA,NA,NA,NA,NA,NA,NA,NA,NA,NA
"chr1.141",NA,NA,NA,NA,NA,NA,NA,NA,NA,NA,NA,NA,NA,NA,NA,NA,NA,NA,NA,NA,NA,NA,NA,NA,NA,NA,NA,NA,NA,NA,NA,NA,NA,NA,NA,NA,NA
"chr1.142",NA,NA,NA,NA,NA,NA,NA,NA,NA,NA,NA,NA,NA,NA,NA,NA,NA,NA,NA,NA,NA,NA,NA,NA,NA,NA,NA,NA,NA,NA,NA,NA,NA,NA,NA,NA,NA
"chr1.143",NA,NA,NA,NA,NA,NA,NA,NA,NA,NA,NA,NA,NA,NA,NA,NA,NA,NA,NA,NA,NA,NA,NA,NA,NA,NA,NA,NA,NA,NA,NA,NA,NA,NA,NA,NA,NA
"chr1.144",NA,NA,NA,NA,NA,NA,NA,NA,NA,NA,NA,NA,NA,NA,NA,NA,NA,NA,NA,NA,NA,NA,NA,NA,NA,NA,NA,NA,NA,NA,NA,NA,NA,NA,NA,NA,NA
"chr1.145",NA,NA,NA,NA,NA,NA,NA,NA,NA,NA,NA,NA,NA,NA,NA,NA,NA,NA,NA,NA,NA,NA,NA,NA,NA,NA,NA,NA,NA,NA,NA,NA,NA,NA,NA,NA,NA
"chr1.146",NA,NA,NA,NA,NA,NA,NA,NA,NA,NA,NA,NA,NA,NA,NA,NA,NA,NA,NA,NA,NA,NA,NA,NA,NA,NA,NA,NA,NA,NA,NA,NA,NA,NA,NA,NA,NA
"chr1.147",NA,NA,NA,NA,NA,NA,NA,NA,NA,NA,NA,NA,NA,NA,NA,NA,NA,NA,NA,NA,NA,NA,NA,NA,NA,NA,NA,NA,NA,NA,NA,NA,NA,NA,NA,NA,NA
"chr1.148",NA,NA,NA,NA,NA,NA,NA,NA,NA,NA,NA,NA,NA,NA,NA,NA,NA,NA,NA,NA,NA,NA,NA,NA,NA,NA,NA,NA,NA,NA,NA,NA,NA,NA,NA,NA,NA
"chr1.149",389,7,1166,15,64,263,207,15,2411,253,258,624,383,435,549,230,62,207,27,34,3787,41,51,20,432,429,125,5,154,50,2,55,2,8,1,3,5
"chr1.150",478,11,1636,21,87,375,393,31,2998,320,332,772,582,627,890,188,83,206,38,30,6979,53,45,29,573,563,149,4,211,52,3,94,3,16,2,2,13
"chr1.151",NA,NA,NA,NA,NA,NA,NA,NA,NA,NA,NA,NA,NA,NA,NA,NA,NA,NA,NA,NA,NA,NA,NA,NA,NA,NA,NA,NA,NA,NA,NA,NA,NA,NA,NA,NA,NA
"chr1.152",341,9,943,10,55,279,170,14,1886,203,305,606,256,418,340,216,61,140,23,53,2163,29,36,17,339,428,200,3,150,62,0,34,1,7,0,3,3
"chr1.153",NA,NA,NA,NA,NA,NA,NA,NA,NA,NA,NA,NA,NA,NA,NA,NA,NA,NA,NA,NA,NA,NA,NA,NA,NA,NA,NA,NA,NA,NA,NA,NA,NA,NA,NA,NA,NA
"chr1.154",334,7,1168,15,75,287,212,24,2315,226,272,623,349,448,442,263,57,183,37,41,3806,41,57,11,339,665,170,3,103,44,2,46,3,8,2,2,5
"chr1.155",444,10,2268,24,111,371,430,29,3590,258,321,868,695,858,1919,346,95,208,50,49,5823,34,89,19,801,1209,235,4,244,68,2,92,8,11,0,4,9
"chr1.156",530,15,1828,15,125,353,463,39,4149,316,429,950,810,941,2221,332,88,229,46,40,7079,48,94,29,923,1100,283,3,228,61,3,86,6,3,1,7,19
"chr1.157",337,2,982,7,66,275,235,24,2435,244,312,627,369,398,486,252,59,145,26,35,4394,33,62,19,384,546,190,3,137,55,1,53,5,7,1,3,9
"chr1.158",NA,NA,NA,NA,NA,NA,NA,NA,NA,NA,NA,NA,NA,NA,NA,NA,NA,NA,NA,NA,NA,NA,NA,NA,NA,NA,NA,NA,NA,NA,NA,NA,NA,NA,NA,NA,NA
"chr1.159",NA,NA,NA,NA,NA,NA,NA,NA,NA,NA,NA,NA,NA,NA,NA,NA,NA,NA,NA,NA,NA,NA,NA,NA,NA,NA,NA,NA,NA,NA,NA,NA,NA,NA,NA,NA,NA
"chr1.160",398,5,1462,14,68,308,176,25,3397,420,331,661,635,437,553,281,62,155,20,34,4009,53,80,23,465,903,171,6,129,46,3,46,2,15,0,4,4
"chr1.161",495,7,2697,18,80,401,228,29,3935,853,383,748,997,566,1041,406,83,174,35,44,12074,140,96,28,666,1250,208,6,215,64,4,74,1,13,0,6,7
"chr1.162",363,7,1557,12,77,343,181,26,3179,535,307,581,655,560,916,320,64,183,40,53,6563,95,72,17,567,804,213,3,160,34,2,73,0,9,0,2,6
"chr1.163",NA,NA,NA,NA,NA,NA,NA,NA,NA,NA,NA,NA,NA,NA,NA,NA,NA,NA,NA,NA,NA,NA,NA,NA,NA,NA,NA,NA,NA,NA,NA,NA,NA,NA,NA,NA,NA
"chr1.164",391,1,1350,14,72,285,222,23,2692,293,294,653,541,480,574,290,54,173,28,52,5655,53,131,22,393,849,160,2,131,53,2,71,5,3,2,0,11
"chr1.165",305,7,1011,16,58,278,167,20,2514,280,232,531,308,398,317,204,55,168,22,41,2641,39,58,15,319,422,161,2,109,56,5,28,2,2,0,4,2
"chr1.166",298,5,1049,19,48,265,178,16,2423,342,236,533,292,343,312,218,72,191,31,54,2493,55,78,10,284,514,178,4,109,30,0,40,4,8,2,1,7
"chr1.167",394,4,1320,20,79,258,256,24,3225,331,295,607,443,490,901,294,79,166,24,38,3648,55,86,17,490,821,201,3,161,49,0,31,2,11,2,5,7
"chr1.168",421,3,1243,24,106,342,301,25,3516,410,293,739,502,547,827,309,74,139,25,32,4881,61,81,31,507,627,215,7,157,49,1,41,3,11,1,1,5
"chr1.169",247,3,1073,14,53,212,152,13,2806,272,220,542,258,387,341,230,69,130,16,29,3554,40,123,18,330,463,151,4,121,36,1,33,2,3,1,4,8
"chr1.170",301,12,1100,17,73,273,217,27,3445,207,262,629,381,392,421,247,98,171,25,22,5208,28,41,15,361,546,145,3,123,58,1,34,3,6,1,2,10
"chr1.171",NA,NA,NA,NA,NA,NA,NA,NA,NA,NA,NA,NA,NA,NA,NA,NA,NA,NA,NA,NA,NA,NA,NA,NA,NA,NA,NA,NA,NA,NA,NA,NA,NA,NA,NA,NA,NA
"chr1.172",341,7,1255,13,56,321,195,20,2933,292,331,571,629,567,760,285,63,122,33,40,4260,46,40,20,465,982,173,0,171,53,2,50,0,7,0,3,13
"chr1.173",381,5,1262,15,64,305,238,28,3334,326,305,637,811,631,1297,415,68,121,28,45,6415,59,65,23,595,1376,205,7,199,55,0,77,0,6,0,1,18
"chr1.174",367,2,1830,10,82,324,268,30,4188,478,308,723,849,838,2127,509,58,170,33,42,10579,106,42,21,843,1468,214,5,236,50,2,74,5,23,1,2,18
"chr1.175",293,5,1094,18,48,254,150,17,2495,358,286,519,420,419,551,279,47,142,24,47,3540,57,27,14,356,663,130,3,127,52,1,47,1,8,0,4,9
"chr1.176",NA,NA,NA,NA,NA,NA,NA,NA,NA,NA,NA,NA,NA,NA,NA,NA,NA,NA,NA,NA,NA,NA,NA,NA,NA,NA,NA,NA,NA,NA,NA,NA,NA,NA,NA,NA,NA
"chr1.177",236,6,1066,11,59,281,155,15,2442,186,251,545,306,332,325,231,46,112,28,32,2969,44,41,13,277,478,144,3,131,46,0,41,4,11,0,1,5
"chr1.178",287,2,1131,10,71,238,178,20,2648,216,239,630,377,357,402,198,46,149,27,34,4105,45,23,19,338,474,150,5,130,43,1,52,1,10,0,3,11
"chr1.179",372,7,1292,14,102,308,284,21,3165,298,267,682,569,531,716,231,81,162,35,46,6010,65,52,26,484,664,158,4,198,51,2,67,2,23,0,5,12
"chr1.180",328,3,1168,15,62,292,183,19,2735,255,256,642,285,357,322,221,46,139,23,31,2812,40,34,7,314,453,150,3,136,51,0,37,2,8,0,0,8
"chr1.181",314,8,1155,6,61,305,142,10,2833,264,217,529,295,358,420,222,70,156,21,36,1901,44,18,19,298,456,151,0,144,35,1,35,4,7,0,1,8
"chr1.182",310,8,1211,6,56,272,138,13,3046,203,231,565,331,382,314,215,62,131,17,32,1958,44,39,14,284,465,167,2,146,71,1,28,2,8,1,2,5
"chr1.183",362,9,1572,24,77,235,293,16,3401,347,277,711,387,524,802,225,68,172,33,37,2116,54,58,12,484,458,185,3,182,53,1,31,2,11,0,4,8
"chr1.184",469,8,2701,15,104,464,195,28,4207,921,317,769,669,773,1416,355,81,167,44,36,4359,125,33,36,706,1032,179,4,238,64,3,68,4,13,1,4,11
"chr1.185",706,16,2739,18,123,454,214,32,6586,1252,449,857,901,1277,2905,700,108,232,58,73,4511,177,36,20,1266,1818,228,6,280,59,8,101,7,18,2,5,15
"chr1.186",767,14,3389,15,123,538,396,33,6661,1355,427,850,806,1299,2511,841,138,240,66,84,7708,211,61,36,1216,2179,235,10,330,69,9,111,1,11,0,11,24
"chr1.187",676,4,3669,14,142,681,351,44,6474,1224,399,797,994,1320,2545,870,117,162,57,62,9763,201,65,46,1260,2456,278,5,368,48,6,107,2,23,2,7,21
"chr1.188",678,11,3697,32,163,548,516,44,6002,1012,496,751,1139,1468,2762,859,121,195,56,70,9828,163,78,37,1222,2405,304,4,381,42,3,103,2,9,0,8,21
"chr1.189",543,9,2974,28,128,520,401,40,5152,529,412,743,925,988,1928,615,122,240,34,59,5714,99,38,19,1021,1603,265,7,271,52,3,66,3,10,0,3,7
"chr1.190",333,1,1132,10,63,282,155,16,3181,315,306,644,399,367,375,287,93,143,22,34,3444,43,23,19,325,573,172,5,147,54,3,37,4,8,0,3,7
"chr1.191",553,8,1646,25,89,385,343,26,3794,585,424,869,760,728,1828,523,116,126,44,51,9066,87,66,42,769,1297,268,5,196,65,2,66,3,11,3,5,7
"chr1.192",726,16,2750,30,127,701,611,29,4626,1025,469,885,1136,1449,2904,619,145,209,72,74,11105,168,63,31,1233,2131,296,5,329,66,4,105,4,15,0,8,13
"chr1.193",616,11,1649,16,118,464,555,28,4208,896,340,835,967,1090,2467,425,112,190,39,43,8723,152,52,20,1125,1387,192,6,267,57,4,72,3,13,0,6,8
"chr1.194",NA,NA,NA,NA,NA,NA,NA,NA,NA,NA,NA,NA,NA,NA,NA,NA,NA,NA,NA,NA,NA,NA,NA,NA,NA,NA,NA,NA,NA,NA,NA,NA,NA,NA,NA,NA,NA
"chr1.195",366,4,1204,12,58,325,214,24,3318,271,272,565,349,405,558,254,84,167,44,33,4520,48,24,19,411,661,155,4,100,39,0,48,2,8,0,2,4
"chr1.196",449,11,2103,18,100,428,383,28,4135,291,262,711,530,658,1759,521,79,163,32,54,4298,38,52,22,1005,907,220,0,203,54,1,38,0,8,1,3,15
"chr1.197",389,3,1049,9,67,366,208,20,3047,247,272,635,393,471,665,321,80,182,28,34,5523,55,37,35,471,788,166,1,130,59,1,48,3,10,1,5,10
"chr1.198",312,7,990,22,73,284,146,18,2159,225,251,510,318,349,326,215,54,160,30,31,2703,41,19,15,304,383,128,4,100,59,3,24,5,8,1,3,3
"chr1.199",NA,NA,NA,NA,NA,NA,NA,NA,NA,NA,NA,NA,NA,NA,NA,NA,NA,NA,NA,NA,NA,NA,NA,NA,NA,NA,NA,NA,NA,NA,NA,NA,NA,NA,NA,NA,NA
"chr1.200",300,2,1006,12,72,268,173,28,2185,559,201,568,303,421,322,251,56,167,19,36,2490,42,23,16,343,473,172,6,121,29,1,68,3,9,4,2,7
"chr1.201",259,7,933,6,61,316,145,20,2009,252,260,504,276,354,324,194,59,155,15,23,1937,30,26,18,302,418,142,2,108,39,1,44,1,7,0,1,5
"chr1.202",265,6,981,9,41,295,163,22,2221,211,244,562,343,400,390,197,66,139,18,40,2977,46,36,22,367,456,157,2,124,52,2,32,5,12,0,1,7
"chr1.203",NA,NA,NA,NA,NA,NA,NA,NA,NA,NA,NA,NA,NA,NA,NA,NA,NA,NA,NA,NA,NA,NA,NA,NA,NA,NA,NA,NA,NA,NA,NA,NA,NA,NA,NA,NA,NA
"chr1.204",274,6,930,16,53,271,165,17,2198,220,228,545,208,330,307,196,75,171,22,30,2362,39,30,13,300,337,160,4,117,44,0,34,0,9,0,2,8
"chr1.205",NA,NA,NA,NA,NA,NA,NA,NA,NA,NA,NA,NA,NA,NA,NA,NA,NA,NA,NA,NA,NA,NA,NA,NA,NA,NA,NA,NA,NA,NA,NA,NA,NA,NA,NA,NA,NA
"chr1.206",450,14,1527,10,85,403,299,18,4018,523,309,699,618,792,1857,273,60,188,44,36,10585,93,36,24,778,708,209,11,217,56,1,49,2,12,0,4,9
"chr1.207",378,5,1285,18,56,309,195,9,3258,349,240,626,434,461,623,196,53,185,25,28,4355,61,36,23,494,520,164,1,145,51,1,55,3,9,2,8,5
"chr1.208",377,3,1156,11,67,333,219,24,3230,361,271,623,513,605,1131,253,38,156,23,29,3333,38,41,23,593,645,153,2,152,40,0,58,1,11,1,3,11
"chr1.209",220,5,842,7,45,273,130,15,2113,173,244,538,248,372,274,201,58,132,19,25,1995,50,18,12,287,447,156,2,125,40,2,26,2,6,0,7,4
"chr1.210",264,3,935,11,79,263,153,21,2424,231,285,546,303,364,358,230,61,142,14,38,2120,34,17,17,292,468,140,3,117,77,2,40,4,10,0,3,4
"chr1.211",456,8,969,15,60,315,213,22,2830,456,325,691,567,671,804,387,70,164,42,38,5159,87,40,18,470,816,158,5,163,52,5,52,1,20,0,3,5
"chr1.212",331,3,1713,21,91,323,256,14,3764,624,274,571,542,576,1170,317,65,152,34,32,2693,109,26,13,567,678,174,7,153,47,3,31,1,14,2,2,4
"chr1.213",411,9,1420,25,82,356,293,15,4426,732,328,728,773,560,1221,464,58,212,56,54,4188,137,45,19,707,1180,186,7,193,47,0,91,1,18,1,3,9
"chr1.214",352,7,2362,19,86,325,196,17,3965,758,298,606,715,645,1750,522,70,191,50,50,4620,121,25,27,821,1282,210,6,216,61,2,91,2,18,2,7,12
"chr1.215",399,9,2099,19,81,323,200,18,3856,462,290,689,656,657,1260,396,65,158,37,44,3807,96,24,20,655,1106,188,6,216,53,3,54,0,10,1,5,7
"chr1.216",329,6,1376,11,96,345,173,18,4338,366,293,584,457,442,788,275,60,143,21,33,4225,63,9,18,564,615,219,4,137,48,3,21,5,11,0,4,6
"chr1.217",306,1,917,17,80,303,171,23,3173,247,234,487,599,522,830,257,62,138,24,40,2667,69,21,10,483,752,164,2,129,56,2,22,1,12,1,0,7
"chr1.218",352,7,1203,18,88,338,216,29,3532,274,254,623,704,609,1257,315,72,182,28,39,5737,59,46,26,621,957,194,2,160,65,1,33,2,10,0,3,12
"chr1.219",416,9,1108,27,84,324,221,20,3654,261,271,600,585,465,868,264,57,165,21,39,4026,48,39,18,557,944,150,6,139,47,1,38,1,9,1,3,7
"chr1.220",NA,NA,NA,NA,NA,NA,NA,NA,NA,NA,NA,NA,NA,NA,NA,NA,NA,NA,NA,NA,NA,NA,NA,NA,NA,NA,NA,NA,NA,NA,NA,NA,NA,NA,NA,NA,NA
"chr1.221",NA,NA,NA,NA,NA,NA,NA,NA,NA,NA,NA,NA,NA,NA,NA,NA,NA,NA,NA,NA,NA,NA,NA,NA,NA,NA,NA,NA,NA,NA,NA,NA,NA,NA,NA,NA,NA
"chr1.222",276,8,1006,10,66,270,167,20,2494,265,215,555,321,447,692,240,58,191,30,29,3214,42,38,17,388,527,148,2,126,49,2,36,0,7,1,2,6
"chr1.223",305,7,910,13,57,250,145,18,1916,187,248,593,260,339,291,203,67,129,19,43,2114,36,34,13,300,299,172,3,117,62,1,14,3,13,0,5,7
"chr1.224",305,1,1053,10,48,265,140,16,2336,327,234,548,302,376,321,233,44,144,22,41,1751,49,26,12,283,376,158,5,111,31,4,23,2,7,0,0,3
"chr1.225",298,7,1171,16,71,295,160,13,2567,255,269,582,405,449,490,221,69,182,28,45,3498,39,18,19,369,404,152,5,106,42,0,34,7,5,0,3,8
"chr1.226",NA,NA,NA,NA,NA,NA,NA,NA,NA,NA,NA,NA,NA,NA,NA,NA,NA,NA,NA,NA,NA,NA,NA,NA,NA,NA,NA,NA,NA,NA,NA,NA,NA,NA,NA,NA,NA
"chr1.227",325,9,958,17,70,269,147,21,2406,254,240,561,340,422,439,224,51,127,19,22,2953,53,29,15,360,491,148,2,123,41,2,41,2,14,0,6,4
"chr1.228",272,6,992,8,51,294,161,13,2492,254,270,575,358,404,372,210,66,152,25,28,2425,46,36,22,359,517,162,3,128,46,4,36,0,11,0,2,13
"chr1.229",322,2,1550,9,62,292,163,22,3252,357,254,584,408,446,663,213,72,142,18,30,2223,64,15,20,438,411,151,1,153,48,4,53,6,8,0,5,7
"chr1.230",334,1,1166,15,54,304,145,23,2531,301,236,586,352,340,384,235,68,124,19,48,4490,53,32,15,355,424,180,6,127,39,4,57,1,8,1,1,11
"chr1.231",358,3,1183,13,69,304,159,19,3130,329,242,694,446,513,605,254,37,211,36,52,10561,85,27,19,432,639,194,13,145,58,4,63,2,9,1,3,3
"chr1.232",NA,NA,NA,NA,NA,NA,NA,NA,NA,NA,NA,NA,NA,NA,NA,NA,NA,NA,NA,NA,NA,NA,NA,NA,NA,NA,NA,NA,NA,NA,NA,NA,NA,NA,NA,NA,NA
"chr1.233",343,3,977,8,68,264,132,17,2550,225,307,634,343,416,453,218,50,167,25,21,1658,32,26,8,371,383,128,2,126,46,6,20,0,8,1,2,10
"chr1.234",408,3,1595,23,73,291,252,16,3398,306,364,809,775,798,1242,350,70,234,33,38,2907,71,31,18,633,916,196,3,221,70,3,54,3,17,1,4,14
"chr1.235",509,11,2036,38,85,314,468,29,4750,853,358,1043,1344,805,1356,411,88,257,57,59,4034,171,60,26,746,1315,330,7,216,87,3,100,9,10,1,5,15
"chr1.236",525,6,2696,29,105,389,392,30,4182,1335,440,994,1201,666,1142,515,96,280,52,52,9376,219,79,23,663,1665,369,7,216,72,3,77,5,10,0,7,9
"chr1.237",522,10,2492,19,67,398,262,36,3174,964,362,955,765,769,1454,548,79,205,39,55,7060,161,49,33,688,1460,241,6,244,73,9,61,2,12,0,4,7
"chr1.238",672,3,1761,15,74,539,369,40,3710,558,358,1116,860,855,1269,795,53,151,44,67,10075,90,58,35,612,1972,278,6,230,94,4,81,4,19,5,6,12
"chr1.239",NA,NA,NA,NA,NA,NA,NA,NA,NA,NA,NA,NA,NA,NA,NA,NA,NA,NA,NA,NA,NA,NA,NA,NA,NA,NA,NA,NA,NA,NA,NA,NA,NA,NA,NA,NA,NA
"chr1.240",NA,NA,NA,NA,NA,NA,NA,NA,NA,NA,NA,NA,NA,NA,NA,NA,NA,NA,NA,NA,NA,NA,NA,NA,NA,NA,NA,NA,NA,NA,NA,NA,NA,NA,NA,NA,NA
"chr1.241",477,6,1163,12,54,268,180,17,3542,295,373,709,459,695,1027,285,56,158,30,41,2491,43,38,15,568,717,162,1,205,48,1,54,1,12,0,9,2
"chr1.242",291,9,1091,18,76,272,176,22,2741,265,286,605,294,402,469,227,57,170,31,50,2365,38,36,24,371,457,172,3,169,52,2,47,1,5,0,5,3
"chr1.243",318,7,1139,12,53,262,196,16,2758,257,264,642,324,481,648,316,62,159,24,46,2070,44,32,20,431,488,192,3,213,47,1,43,3,10,1,3,6
"chr1.244",NA,NA,NA,NA,NA,NA,NA,NA,NA,NA,NA,NA,NA,NA,NA,NA,NA,NA,NA,NA,NA,NA,NA,NA,NA,NA,NA,NA,NA,NA,NA,NA,NA,NA,NA,NA,NA
"chr1.245",NA,NA,NA,NA,NA,NA,NA,NA,NA,NA,NA,NA,NA,NA,NA,NA,NA,NA,NA,NA,NA,NA,NA,NA,NA,NA,NA,NA,NA,NA,NA,NA,NA,NA,NA,NA,NA
"chr10.1",NA,NA,NA,NA,NA,NA,NA,NA,NA,NA,NA,NA,NA,NA,NA,NA,NA,NA,NA,NA,NA,NA,NA,NA,NA,NA,NA,NA,NA,NA,NA,NA,NA,NA,NA,NA,NA
"chr10.2",495,4,1718,9,77,382,203,41,2927,339,333,613,579,664,993,248,59,158,26,39,3685,57,50,38,551,610,207,8,188,41,3,59,1,13,0,1,9
"chr10.3",673,7,2681,35,96,361,242,37,4466,638,480,793,911,755,1682,424,73,161,34,45,5467,108,62,31,787,1278,241,3,269,47,5,84,4,10,1,11,13
"chr10.4",371,9,1560,26,73,305,215,20,2629,299,284,492,503,476,457,239,63,134,16,30,2305,46,25,32,412,622,173,2,158,26,3,35,1,15,1,2,3
"chr10.5",424,12,1411,23,73,283,168,27,3135,417,295,527,385,377,420,224,53,158,17,27,1708,52,22,27,394,495,158,4,146,34,2,24,4,7,1,2,5
"chr10.6",NA,NA,NA,NA,NA,NA,NA,NA,NA,NA,NA,NA,NA,NA,NA,NA,NA,NA,NA,NA,NA,NA,NA,NA,NA,NA,NA,NA,NA,NA,NA,NA,NA,NA,NA,NA,NA
"chr10.7",342,8,1372,13,65,224,223,21,2824,223,267,539,283,388,831,207,94,123,15,31,2833,45,25,14,450,478,151,4,136,31,1,47,3,9,0,4,4
"chr10.8",394,6,1624,21,73,299,166,18,3528,233,335,537,466,582,1225,279,110,121,20,44,2156,58,22,32,632,834,175,3,162,31,1,69,4,2,0,3,4
"chr10.9",473,16,1913,19,90,446,253,23,4031,524,347,509,639,526,1437,353,164,142,43,41,8412,112,61,29,685,915,164,2,224,34,1,81,2,9,0,9,10
"chr10.10",600,10,2839,21,120,519,433,31,4810,658,441,610,504,719,1711,558,104,112,29,45,8370,98,47,33,890,1204,210,8,244,46,3,87,1,8,1,6,15
"chr10.11",515,6,2888,15,129,527,441,32,4196,491,436,745,449,913,2231,511,65,128,25,43,5040,91,30,29,965,1030,208,2,230,42,3,47,5,9,0,3,9
"chr10.12",265,3,1211,12,73,325,206,16,2212,259,212,604,236,518,803,248,63,104,18,28,1578,39,37,18,447,479,177,5,143,26,1,25,2,5,1,5,6
"chr10.13",NA,NA,NA,NA,NA,NA,NA,NA,NA,NA,NA,NA,NA,NA,NA,NA,NA,NA,NA,NA,NA,NA,NA,NA,NA,NA,NA,NA,NA,NA,NA,NA,NA,NA,NA,NA,NA
"chr10.14",293,1,895,11,67,267,158,26,2567,274,247,505,320,380,553,219,60,102,16,23,2010,46,20,7,388,406,162,4,133,31,1,24,0,5,1,2,6
"chr10.15",359,7,1035,20,69,255,175,24,2885,254,249,497,382,382,625,233,71,104,27,20,2992,52,21,21,357,510,182,5,143,26,1,18,1,14,0,1,7
"chr10.16",467,4,1370,10,88,296,150,26,2733,367,277,587,569,403,625,331,80,102,27,30,3913,78,17,16,423,867,215,4,146,41,1,42,2,11,0,1,4
"chr10.17",546,12,1714,14,67,304,206,24,3725,379,283,653,672,514,1153,363,86,138,33,38,4054,66,39,35,562,1083,211,4,207,44,3,53,1,15,2,6,6
"chr10.18",NA,NA,NA,NA,NA,NA,NA,NA,NA,NA,NA,NA,NA,NA,NA,NA,NA,NA,NA,NA,NA,NA,NA,NA,NA,NA,NA,NA,NA,NA,NA,NA,NA,NA,NA,NA,NA
"chr10.19",NA,NA,NA,NA,NA,NA,NA,NA,NA,NA,NA,NA,NA,NA,NA,NA,NA,NA,NA,NA,NA,NA,NA,NA,NA,NA,NA,NA,NA,NA,NA,NA,NA,NA,NA,NA,NA
"chr10.20",521,17,2107,34,84,450,373,30,4156,818,473,685,639,929,2509,504,86,167,33,50,9566,123,37,18,1101,1255,269,7,275,38,8,51,2,21,0,5,10
"chr10.21",425,13,1820,28,91,280,220,24,3588,863,330,582,610,831,2264,338,58,130,10,36,9420,120,18,27,1002,706,203,4,244,39,3,38,1,7,0,2,5
"chr10.22",359,4,1193,13,60,287,179,9,2510,356,270,495,286,437,520,217,68,114,20,32,4897,84,33,15,462,430,155,3,143,24,2,35,0,11,0,2,4
"chr10.23",376,3,1261,15,80,274,167,15,3156,217,239,430,350,334,428,249,46,102,25,27,2194,53,18,16,386,541,124,4,126,21,1,35,1,8,1,1,8
"chr10.24",386,6,1344,22,71,286,220,22,3608,248,254,527,569,409,716,274,57,142,34,31,3105,52,22,19,460,718,184,3,153,40,3,58,1,10,0,3,6
"chr10.25",308,8,1521,12,77,245,186,17,2902,358,189,467,301,350,574,222,61,122,31,30,5749,86,37,20,358,510,158,10,144,27,1,44,0,16,1,4,7
"chr10.26",461,5,1519,11,57,337,291,20,3141,477,320,584,593,441,566,262,59,91,71,12,3555,72,23,26,415,810,198,2,132,31,2,34,4,10,1,1,6
"chr10.27",552,9,1701,17,76,266,454,35,3814,259,459,720,670,632,930,332,98,180,42,35,5527,55,31,34,546,1012,243,3,142,43,3,71,2,13,1,4,5
"chr10.28",280,1,997,11,68,302,160,22,2723,210,286,455,288,396,417,186,55,88,17,29,2600,39,25,15,390,449,143,1,133,41,1,28,0,3,0,4,8
"chr10.29",317,5,1253,16,61,295,151,29,2855,372,286,494,292,377,750,236,83,138,24,30,5642,61,22,16,418,548,173,5,156,35,0,31,2,5,0,2,6
"chr10.30",356,5,944,15,58,268,164,14,2754,418,218,423,384,386,506,227,68,154,20,36,1739,82,22,20,423,498,136,3,141,35,1,30,0,4,1,2,4
"chr10.31",311,8,966,18,84,297,199,26,2915,290,275,448,383,376,421,220,67,134,12,24,3895,57,28,21,377,468,155,0,135,38,1,21,2,3,0,0,9
"chr10.32",420,2,1049,10,69,238,217,13,3266,209,268,473,463,389,557,332,51,86,10,21,2989,38,26,20,469,790,134,4,138,39,4,28,0,5,0,0,4
"chr10.33",NA,NA,NA,NA,NA,NA,NA,NA,NA,NA,NA,NA,NA,NA,NA,NA,NA,NA,NA,NA,NA,NA,NA,NA,NA,NA,NA,NA,NA,NA,NA,NA,NA,NA,NA,NA,NA
"chr10.34",390,3,894,18,51,280,172,13,3154,367,254,472,295,367,433,214,64,96,17,22,3689,59,24,20,411,492,153,5,132,28,2,27,2,15,0,5,3
"chr10.35",275,7,1028,13,50,259,191,13,2720,506,317,462,337,354,420,205,38,101,18,41,3320,83,17,14,426,459,144,5,116,33,3,24,2,7,2,4,2
"chr10.36",290,6,964,10,48,277,154,15,2475,286,262,470,287,343,426,193,59,104,27,34,1998,58,10,18,348,357,164,3,125,46,1,33,1,7,1,1,3
"chr10.37",583,8,2271,15,103,330,312,17,4671,679,359,653,737,722,1944,353,72,112,23,48,7378,120,25,31,1004,794,230,8,254,29,5,28,4,17,1,2,2
"chr10.38",NA,NA,NA,NA,NA,NA,NA,NA,NA,NA,NA,NA,NA,NA,NA,NA,NA,NA,NA,NA,NA,NA,NA,NA,NA,NA,NA,NA,NA,NA,NA,NA,NA,NA,NA,NA,NA
"chr10.39",NA,NA,NA,NA,NA,NA,NA,NA,NA,NA,NA,NA,NA,NA,NA,NA,NA,NA,NA,NA,NA,NA,NA,NA,NA,NA,NA,NA,NA,NA,NA,NA,NA,NA,NA,NA,NA
"chr10.40",NA,NA,NA,NA,NA,NA,NA,NA,NA,NA,NA,NA,NA,NA,NA,NA,NA,NA,NA,NA,NA,NA,NA,NA,NA,NA,NA,NA,NA,NA,NA,NA,NA,NA,NA,NA,NA
"chr10.41",382,6,1124,20,90,298,164,15,2387,267,258,469,467,461,500,263,73,134,16,36,3714,39,36,26,375,745,169,2,119,24,4,41,1,5,0,3,5
"chr10.42",398,8,1676,21,97,282,321,27,3297,373,335,484,745,462,949,423,70,157,21,36,7940,78,16,26,522,1174,185,11,168,28,1,42,1,7,1,2,12
"chr10.43",NA,NA,NA,NA,NA,NA,NA,NA,NA,NA,NA,NA,NA,NA,NA,NA,NA,NA,NA,NA,NA,NA,NA,NA,NA,NA,NA,NA,NA,NA,NA,NA,NA,NA,NA,NA,NA
"chr10.44",NA,NA,NA,NA,NA,NA,NA,NA,NA,NA,NA,NA,NA,NA,NA,NA,NA,NA,NA,NA,NA,NA,NA,NA,NA,NA,NA,NA,NA,NA,NA,NA,NA,NA,NA,NA,NA
"chr10.45",NA,NA,NA,NA,NA,NA,NA,NA,NA,NA,NA,NA,NA,NA,NA,NA,NA,NA,NA,NA,NA,NA,NA,NA,NA,NA,NA,NA,NA,NA,NA,NA,NA,NA,NA,NA,NA
"chr10.46",NA,NA,NA,NA,NA,NA,NA,NA,NA,NA,NA,NA,NA,NA,NA,NA,NA,NA,NA,NA,NA,NA,NA,NA,NA,NA,NA,NA,NA,NA,NA,NA,NA,NA,NA,NA,NA
"chr10.47",NA,NA,NA,NA,NA,NA,NA,NA,NA,NA,NA,NA,NA,NA,NA,NA,NA,NA,NA,NA,NA,NA,NA,NA,NA,NA,NA,NA,NA,NA,NA,NA,NA,NA,NA,NA,NA
"chr10.48",NA,NA,NA,NA,NA,NA,NA,NA,NA,NA,NA,NA,NA,NA,NA,NA,NA,NA,NA,NA,NA,NA,NA,NA,NA,NA,NA,NA,NA,NA,NA,NA,NA,NA,NA,NA,NA
"chr10.49",NA,NA,NA,NA,NA,NA,NA,NA,NA,NA,NA,NA,NA,NA,NA,NA,NA,NA,NA,NA,NA,NA,NA,NA,NA,NA,NA,NA,NA,NA,NA,NA,NA,NA,NA,NA,NA
"chr10.50",NA,NA,NA,NA,NA,NA,NA,NA,NA,NA,NA,NA,NA,NA,NA,NA,NA,NA,NA,NA,NA,NA,NA,NA,NA,NA,NA,NA,NA,NA,NA,NA,NA,NA,NA,NA,NA
"chr10.51",595,12,1953,24,120,444,407,16,4071,655,416,571,484,486,1314,350,84,102,25,38,3852,124,26,20,734,1088,173,5,193,39,1,49,4,11,0,4,15
"chr10.52",487,5,1423,20,117,401,303,15,3569,889,456,641,724,507,1160,483,133,145,31,43,9196,185,54,27,636,1054,136,6,186,32,3,59,1,10,0,9,11
"chr10.53",529,7,2207,15,104,488,468,22,4557,1241,561,668,806,1114,2518,606,132,156,41,53,7490,237,57,32,1041,1528,192,6,252,26,6,94,0,7,0,4,16
"chr10.54",NA,NA,NA,NA,NA,NA,NA,NA,NA,NA,NA,NA,NA,NA,NA,NA,NA,NA,NA,NA,NA,NA,NA,NA,NA,NA,NA,NA,NA,NA,NA,NA,NA,NA,NA,NA,NA
"chr10.55",645,8,2231,15,110,514,431,33,5903,1096,583,663,823,1280,2693,663,146,163,40,45,6026,176,52,41,1138,2057,273,6,302,36,8,88,3,18,1,7,9
"chr10.56",621,18,2565,29,140,442,464,34,5314,945,609,603,736,1171,2812,700,109,183,67,60,3488,127,55,27,1151,1981,232,7,276,41,9,90,2,24,1,9,22
"chr10.57",432,10,1276,21,69,271,286,20,3150,632,322,618,505,436,817,458,77,131,19,36,4620,102,31,20,387,1139,186,5,134,40,3,52,2,8,0,6,5
"chr10.58",310,3,908,9,73,251,179,19,3420,505,259,558,468,524,1360,378,53,76,13,24,3116,92,22,16,638,755,207,5,123,41,1,28,2,4,0,3,3
"chr10.59",231,0,1214,12,55,282,152,13,2403,261,213,390,268,328,393,221,58,70,17,21,5635,41,20,20,337,370,155,3,133,26,1,31,1,11,1,3,3
"chr10.60",287,6,1577,17,60,268,170,15,3115,351,226,406,310,312,418,263,58,86,19,30,3249,64,25,27,339,423,146,3,134,31,1,31,1,14,0,4,6
"chr10.61",331,5,1301,9,52,275,159,25,2807,356,257,433,277,339,445,230,84,107,18,24,2404,52,26,26,328,438,167,4,130,20,1,25,3,7,1,2,2
"chr10.62",360,9,1185,15,65,322,242,14,3089,228,281,439,392,460,722,263,70,88,15,29,1567,43,21,18,445,639,167,3,137,44,3,40,3,10,0,4,6
"chr10.63",357,3,970,9,72,285,180,24,3020,330,278,449,510,473,1050,406,50,103,33,39,3997,82,27,24,527,976,166,5,128,24,7,25,2,9,1,4,11
"chr10.64",597,8,1719,25,96,325,294,34,4179,836,394,552,620,599,1436,705,68,104,23,57,5407,153,40,44,739,1392,192,6,186,31,1,66,2,12,1,5,6
"chr10.65",554,11,1270,28,105,339,317,23,3972,980,404,508,578,644,1706,644,90,83,71,63,5441,172,56,40,931,1410,230,6,186,36,4,71,2,11,0,7,6
"chr10.66",NA,NA,NA,NA,NA,NA,NA,NA,NA,NA,NA,NA,NA,NA,NA,NA,NA,NA,NA,NA,NA,NA,NA,NA,NA,NA,NA,NA,NA,NA,NA,NA,NA,NA,NA,NA,NA
"chr10.67",NA,NA,NA,NA,NA,NA,NA,NA,NA,NA,NA,NA,NA,NA,NA,NA,NA,NA,NA,NA,NA,NA,NA,NA,NA,NA,NA,NA,NA,NA,NA,NA,NA,NA,NA,NA,NA
"chr10.68",NA,NA,NA,NA,NA,NA,NA,NA,NA,NA,NA,NA,NA,NA,NA,NA,NA,NA,NA,NA,NA,NA,NA,NA,NA,NA,NA,NA,NA,NA,NA,NA,NA,NA,NA,NA,NA
"chr10.69",282,4,846,15,61,276,153,13,2061,223,228,441,255,414,365,188,50,107,20,21,2697,53,12,12,321,443,132,5,115,25,5,35,1,8,1,5,4
"chr10.70",283,4,906,13,70,277,183,17,2215,219,226,382,391,427,380,193,47,115,16,25,2901,50,20,30,373,389,139,5,126,30,0,25,2,3,0,0,3
"chr10.71",269,7,785,8,49,255,180,9,1770,207,222,397,308,350,329,172,45,113,15,19,2046,36,19,18,284,289,140,7,106,29,0,25,0,6,0,2,7
"chr10.72",NA,NA,NA,NA,NA,NA,NA,NA,NA,NA,NA,NA,NA,NA,NA,NA,NA,NA,NA,NA,NA,NA,NA,NA,NA,NA,NA,NA,NA,NA,NA,NA,NA,NA,NA,NA,NA
"chr10.73",NA,NA,NA,NA,NA,NA,NA,NA,NA,NA,NA,NA,NA,NA,NA,NA,NA,NA,NA,NA,NA,NA,NA,NA,NA,NA,NA,NA,NA,NA,NA,NA,NA,NA,NA,NA,NA
"chr10.74",249,8,769,12,45,269,160,15,2183,228,274,409,208,313,293,205,43,98,15,31,1664,41,16,16,340,284,141,5,158,27,1,24,1,6,0,2,5
"chr10.75",256,4,813,13,42,248,137,18,3252,531,273,505,247,429,638,290,55,104,14,49,1340,88,12,26,448,444,151,3,131,25,4,18,0,2,1,3,4
"chr10.76",251,4,865,8,73,251,150,18,3380,441,271,398,359,469,927,270,50,118,18,37,2377,90,29,20,536,536,121,3,157,26,1,20,2,7,1,0,2
"chr10.77",298,3,839,16,60,268,158,18,2235,319,210,375,332,350,390,189,37,125,7,37,2414,52,17,23,337,332,157,4,121,25,2,11,1,11,0,3,5
"chr10.78",275,5,699,8,55,275,149,15,2123,230,224,434,302,315,348,199,48,117,16,23,2178,54,13,19,336,466,127,4,118,33,4,16,1,13,0,0,3
"chr10.79",NA,NA,NA,NA,NA,NA,NA,NA,NA,NA,NA,NA,NA,NA,NA,NA,NA,NA,NA,NA,NA,NA,NA,NA,NA,NA,NA,NA,NA,NA,NA,NA,NA,NA,NA,NA,NA
"chr10.80",337,11,1530,31,101,346,203,22,3842,566,340,435,760,757,2021,362,57,106,33,32,5832,109,56,33,841,1017,162,3,190,33,2,72,1,17,0,7,4
"chr10.81",412,7,2423,26,137,263,460,34,5586,887,499,524,817,867,2832,682,82,116,33,52,6291,177,64,33,1106,1812,212,4,309,42,2,75,4,22,1,7,8
"chr10.82",433,6,2849,19,121,353,237,33,5160,816,514,418,996,913,2818,486,62,104,24,43,8700,147,45,28,1071,1548,237,10,339,19,11,90,2,28,1,5,11
"chr10.83",355,7,1837,17,72,320,210,26,2938,356,312,432,587,617,1185,326,53,125,26,38,6360,72,19,18,631,852,142,9,206,27,8,65,0,15,2,5,5
"chr10.84",352,10,1435,22,83,377,221,26,3689,519,394,530,392,887,1633,357,66,140,24,24,3894,96,57,32,785,908,154,7,210,32,0,82,5,15,0,2,10
"chr10.85",335,2,1237,6,68,316,274,5,3028,320,339,566,500,501,937,359,56,118,15,30,3089,60,22,32,467,731,173,8,188,37,7,68,1,14,2,1,7
"chr10.86",NA,NA,NA,NA,NA,NA,NA,NA,NA,NA,NA,NA,NA,NA,NA,NA,NA,NA,NA,NA,NA,NA,NA,NA,NA,NA,NA,NA,NA,NA,NA,NA,NA,NA,NA,NA,NA
"chr10.87",224,4,757,15,56,259,137,13,2621,200,271,360,160,232,258,178,43,108,15,22,1538,38,15,18,226,248,116,1,124,26,2,21,0,8,0,3,1
"chr10.88",248,3,788,15,49,275,145,17,2654,211,264,389,227,265,293,193,57,103,6,25,2148,27,13,15,289,262,121,3,106,20,0,29,0,12,0,4,4
"chr10.89",320,11,1353,22,67,293,227,17,3368,312,266,468,399,583,1245,198,67,128,16,23,6624,46,30,16,602,482,149,3,160,20,3,41,2,12,0,1,2
"chr10.90",333,8,1107,17,66,284,213,23,3738,220,281,438,455,497,1014,229,48,113,16,27,3644,42,29,21,469,527,133,6,154,20,3,24,0,15,0,0,5
"chr10.91",NA,NA,NA,NA,NA,NA,NA,NA,NA,NA,NA,NA,NA,NA,NA,NA,NA,NA,NA,NA,NA,NA,NA,NA,NA,NA,NA,NA,NA,NA,NA,NA,NA,NA,NA,NA,NA
"chr10.92",272,5,771,12,65,240,141,18,2310,206,260,368,264,315,269,219,62,102,8,40,1791,37,22,16,280,283,133,1,118,18,1,27,1,10,0,2,4
"chr10.93",250,5,829,19,47,270,139,20,2279,287,227,350,228,281,287,207,44,96,20,34,2604,48,15,22,292,396,126,4,107,40,1,27,1,8,1,1,2
"chr10.94",NA,NA,NA,NA,NA,NA,NA,NA,NA,NA,NA,NA,NA,NA,NA,NA,NA,NA,NA,NA,NA,NA,NA,NA,NA,NA,NA,NA,NA,NA,NA,NA,NA,NA,NA,NA,NA
"chr10.95",288,2,785,11,52,231,160,27,2383,178,270,359,280,277,322,235,59,100,19,29,2582,32,31,18,301,373,103,2,95,29,3,46,0,5,0,1,5
"chr10.96",247,1,805,8,50,239,147,35,2018,205,281,373,304,297,282,209,54,100,17,31,1991,40,25,22,284,353,127,4,105,29,5,39,0,10,0,0,5
"chr10.97",237,8,853,11,58,276,160,20,2169,234,276,401,248,333,355,241,46,106,8,19,1593,34,19,10,327,286,130,5,125,26,2,20,2,10,0,4,1
"chr10.98",NA,NA,NA,NA,NA,NA,NA,NA,NA,NA,NA,NA,NA,NA,NA,NA,NA,NA,NA,NA,NA,NA,NA,NA,NA,NA,NA,NA,NA,NA,NA,NA,NA,NA,NA,NA,NA
"chr10.99",NA,NA,NA,NA,NA,NA,NA,NA,NA,NA,NA,NA,NA,NA,NA,NA,NA,NA,NA,NA,NA,NA,NA,NA,NA,NA,NA,NA,NA,NA,NA,NA,NA,NA,NA,NA,NA
"chr10.100",267,2,917,12,60,261,159,36,2133,179,219,406,361,356,395,205,46,119,12,33,2328,45,19,15,347,397,121,4,122,34,0,33,4,9,0,4,5
"chr10.101",214,5,745,12,43,264,125,23,1719,204,244,339,190,292,262,180,50,100,14,25,1373,35,17,16,295,239,140,3,123,27,2,21,3,9,0,4,4
"chr10.102",NA,NA,NA,NA,NA,NA,NA,NA,NA,NA,NA,NA,NA,NA,NA,NA,NA,NA,NA,NA,NA,NA,NA,NA,NA,NA,NA,NA,NA,NA,NA,NA,NA,NA,NA,NA,NA
"chr10.103",239,5,785,11,57,271,131,18,2075,197,249,375,233,324,317,181,54,94,13,18,2337,39,16,12,290,271,132,4,112,27,1,25,2,9,0,2,10
"chr10.104",494,7,2055,8,97,332,323,37,3919,537,463,560,834,931,2442,466,59,150,28,27,8739,107,40,38,1034,1028,216,11,225,34,5,73,2,21,1,5,4
"chr10.105",537,6,1468,16,98,433,529,29,4909,869,585,576,894,995,2714,553,71,136,22,58,9330,187,49,26,1078,1375,209,3,285,36,3,76,2,27,0,5,11
"chr10.106",472,11,1688,20,120,331,590,23,4643,866,558,565,928,960,2688,721,82,111,31,57,1863,144,43,39,1163,1785,256,6,296,30,9,91,1,13,1,10,10
"chr10.107",688,23,2408,30,100,351,506,31,4001,828,597,659,989,1059,3064,748,70,164,23,58,4969,154,38,45,1231,1530,253,10,302,39,1,83,6,22,0,5,4
"chr10.108",510,8,2147,25,106,361,426,26,4146,546,411,698,956,862,2674,599,60,145,29,64,5025,86,43,32,958,1337,175,6,239,20,1,57,4,14,0,4,12
"chr10.109",308,8,1100,16,53,255,194,16,2313,219,263,403,519,396,568,218,57,128,20,28,2356,32,26,25,382,529,156,7,117,32,0,38,2,8,0,2,2
"chr10.110",304,10,969,14,57,301,165,21,2642,265,227,390,412,368,465,274,57,92,14,28,2689,39,28,24,357,643,143,2,119,27,2,33,0,14,1,2,5
"chr10.111",279,9,814,17,81,346,174,19,2749,337,221,508,491,488,978,348,82,91,48,43,3480,72,40,18,467,843,167,4,131,28,1,58,1,14,2,2,5
"chr10.112",280,2,749,8,55,276,143,19,2256,270,257,429,214,328,348,218,52,105,10,24,1829,66,19,14,322,298,137,3,138,30,0,15,1,7,0,1,1
"chr10.113",262,4,814,16,52,279,120,16,2167,236,198,363,230,295,280,197,57,100,23,24,2603,52,17,21,284,303,123,2,106,22,0,41,3,12,0,3,1
"chr10.114",345,3,1023,21,62,275,184,15,2706,375,256,366,320,408,750,257,49,80,15,30,2665,55,23,16,460,557,121,1,160,15,2,35,2,12,0,3,8
"chr10.115",472,6,1050,20,70,332,289,36,4046,670,361,483,664,810,1957,462,60,106,25,48,3784,126,36,23,760,1113,187,4,170,31,3,48,0,12,1,4,4
"chr10.116",322,6,947,13,72,271,198,24,2831,386,252,428,417,463,606,262,55,140,23,26,2608,96,24,15,428,752,147,4,150,31,3,51,3,12,1,4,5
"chr10.117",272,7,1229,12,95,250,176,21,3292,397,225,444,462,473,778,324,67,110,25,23,2995,76,28,16,542,735,114,4,154,20,1,43,0,15,0,2,5
"chr10.118",249,8,815,19,54,261,159,14,2152,221,217,368,354,354,396,173,55,105,18,21,2121,38,16,15,375,365,135,5,112,26,0,33,1,9,1,3,2
"chr10.119",295,3,1237,8,69,275,155,30,2826,215,252,411,381,467,713,205,52,115,23,29,2796,37,46,24,430,453,107,3,129,28,3,52,0,14,1,0,1
"chr10.120",274,6,1364,14,73,293,148,16,3117,378,227,455,322,377,505,195,69,109,21,25,5718,84,28,18,389,412,121,14,132,38,4,38,2,14,1,2,6
"chr10.121",239,7,778,9,72,231,158,18,1790,293,272,394,209,258,262,179,53,97,16,25,2726,70,16,14,285,272,124,9,136,24,2,21,1,15,0,1,4
"chr10.122",350,8,974,14,93,237,167,27,2709,257,248,386,353,452,689,220,59,114,16,27,4889,55,22,25,436,487,138,5,161,34,1,38,1,11,1,1,3
"chr10.123",332,6,1165,13,104,297,261,23,2593,252,299,356,409,582,961,207,62,122,20,30,3904,49,23,15,495,386,114,7,146,19,4,28,3,9,0,2,2
"chr10.124",293,3,1025,23,62,276,142,23,2493,320,257,409,283,351,376,214,61,108,18,20,1615,43,17,16,344,416,110,6,120,21,0,33,2,6,0,5,2
"chr10.125",390,7,1544,15,75,278,173,17,3042,414,295,393,355,610,898,235,49,98,14,40,1594,58,20,12,523,561,132,2,163,33,6,24,2,11,0,0,5
"chr10.126",NA,NA,NA,NA,NA,NA,NA,NA,NA,NA,NA,NA,NA,NA,NA,NA,NA,NA,NA,NA,NA,NA,NA,NA,NA,NA,NA,NA,NA,NA,NA,NA,NA,NA,NA,NA,NA
"chr10.127",416,12,1506,12,81,292,212,28,2868,398,347,545,422,628,912,349,72,111,26,41,6240,54,34,25,493,683,154,4,150,41,4,55,2,14,2,3,10
"chr10.128",450,11,1707,24,119,369,181,42,3965,508,356,685,721,1032,2162,636,62,189,38,43,8545,90,24,23,839,1282,171,6,199,40,1,49,3,8,0,4,6
"chr10.129",351,11,1119,21,89,293,182,26,2914,364,320,502,550,742,1219,388,58,146,20,48,4489,58,27,23,650,739,154,2,193,33,4,45,2,12,0,4,7
"chr10.130",703,8,2024,23,121,422,275,31,4017,664,506,766,1011,1365,2345,445,75,192,46,46,5100,100,63,51,932,1173,200,10,262,37,6,76,6,14,1,9,6
"chr10.131",NA,NA,NA,NA,NA,NA,NA,NA,NA,NA,NA,NA,NA,NA,NA,NA,NA,NA,NA,NA,NA,NA,NA,NA,NA,NA,NA,NA,NA,NA,NA,NA,NA,NA,NA,NA,NA
"chr10.132",355,8,753,15,72,291,220,27,1667,292,252,445,441,509,404,266,72,138,8,36,2541,41,34,28,449,556,132,7,135,30,4,37,3,8,1,3,6
"chr11.1",NA,NA,NA,NA,NA,NA,NA,NA,NA,NA,NA,NA,NA,NA,NA,NA,NA,NA,NA,NA,NA,NA,NA,NA,NA,NA,NA,NA,NA,NA,NA,NA,NA,NA,NA,NA,NA
"chr11.2",NA,NA,NA,NA,NA,NA,NA,NA,NA,NA,NA,NA,NA,NA,NA,NA,NA,NA,NA,NA,NA,NA,NA,NA,NA,NA,NA,NA,NA,NA,NA,NA,NA,NA,NA,NA,NA
"chr11.3",224,16,858,11,59,342,169,15,1663,236,252,367,311,413,340,232,88,200,38,28,3203,55,33,34,338,358,129,4,116,31,2,39,3,8,0,1,7
"chr11.4",NA,NA,NA,NA,NA,NA,NA,NA,NA,NA,NA,NA,NA,NA,NA,NA,NA,NA,NA,NA,NA,NA,NA,NA,NA,NA,NA,NA,NA,NA,NA,NA,NA,NA,NA,NA,NA
"chr11.5",NA,NA,NA,NA,NA,NA,NA,NA,NA,NA,NA,NA,NA,NA,NA,NA,NA,NA,NA,NA,NA,NA,NA,NA,NA,NA,NA,NA,NA,NA,NA,NA,NA,NA,NA,NA,NA
"chr11.6",316,16,1471,15,80,293,267,20,4104,364,324,493,563,656,1512,360,97,206,39,44,8121,81,35,38,700,988,151,2,178,36,6,75,0,10,0,2,11
"chr11.7",277,3,945,15,48,259,208,12,2594,221,251,442,390,393,575,257,76,164,29,32,3255,44,15,22,402,654,134,5,118,26,2,49,2,8,0,2,6
"chr11.8",269,5,1037,9,55,260,254,17,3287,273,319,377,515,455,872,263,81,133,33,33,5359,47,24,30,506,496,108,3,117,26,0,41,1,9,0,6,4
"chr11.9",187,3,1084,11,55,275,176,15,2525,207,236,385,260,348,491,168,50,139,18,17,3191,52,21,20,345,378,121,4,145,31,3,39,1,8,0,3,8
"chr11.10",NA,NA,NA,NA,NA,NA,NA,NA,NA,NA,NA,NA,NA,NA,NA,NA,NA,NA,NA,NA,NA,NA,NA,NA,NA,NA,NA,NA,NA,NA,NA,NA,NA,NA,NA,NA,NA
"chr11.11",197,8,882,12,53,253,150,19,2505,210,226,363,209,326,358,187,56,150,14,17,2050,44,16,24,336,278,117,0,119,26,1,24,2,5,0,2,8
"chr11.12",203,9,839,20,52,296,138,14,2446,340,249,319,272,355,498,175,48,148,9,30,2245,60,24,27,347,314,105,2,118,49,3,38,0,9,0,2,5
"chr11.13",181,3,819,7,65,261,145,15,2004,458,185,351,159,279,257,162,57,160,13,12,1627,83,22,20,298,284,137,9,119,40,1,18,2,9,2,1,4
"chr11.14",214,6,1123,10,65,247,181,13,2697,299,192,400,306,326,341,189,48,163,17,30,2947,37,40,29,326,461,102,4,116,30,4,40,4,9,0,3,9
"chr11.15",NA,NA,NA,NA,NA,NA,NA,NA,NA,NA,NA,NA,NA,NA,NA,NA,NA,NA,NA,NA,NA,NA,NA,NA,NA,NA,NA,NA,NA,NA,NA,NA,NA,NA,NA,NA,NA
"chr11.16",241,6,993,23,76,286,172,22,3170,544,269,446,652,399,495,322,54,141,34,42,2899,77,39,26,387,831,137,7,115,28,1,28,3,4,3,5,4
"chr11.17",184,4,977,8,44,273,199,13,3007,435,199,369,245,315,387,220,62,124,18,30,1642,82,31,13,340,413,151,4,132,32,1,35,1,11,1,3,12
"chr11.18",265,5,867,11,44,286,161,13,2076,256,211,470,278,329,375,221,42,154,20,33,3089,40,23,27,292,432,114,3,114,35,0,40,3,8,0,5,5
"chr11.19",NA,NA,NA,NA,NA,NA,NA,NA,NA,NA,NA,NA,NA,NA,NA,NA,NA,NA,NA,NA,NA,NA,NA,NA,NA,NA,NA,NA,NA,NA,NA,NA,NA,NA,NA,NA,NA
"chr11.20",220,4,849,9,58,303,220,18,2579,300,233,401,247,351,394,219,54,149,18,17,3105,83,26,22,305,409,133,4,133,32,1,35,2,6,0,2,7
"chr11.21",330,3,1378,10,67,350,292,18,3098,370,287,553,593,607,1015,272,61,180,28,43,4901,81,71,22,486,835,151,4,181,38,5,38,5,9,2,4,10
"chr11.22",408,8,2241,21,87,355,492,24,5045,814,404,646,941,753,2151,454,61,164,44,40,4626,158,75,38,851,1577,143,8,245,26,3,65,2,10,0,6,17
"chr11.23",397,8,1241,16,67,353,310,22,4253,672,350,613,682,451,859,524,71,175,41,41,5253,89,44,30,549,1274,140,7,177,42,3,61,2,12,1,4,19
"chr11.24",437,17,2137,31,69,447,208,19,3767,988,317,643,795,434,1028,650,90,311,27,54,4696,157,28,35,629,1251,151,9,186,40,2,60,2,6,0,6,19
"chr11.25",417,4,2390,21,101,413,268,31,4522,1144,342,594,815,582,1153,504,82,284,37,60,6657,166,46,39,810,1202,156,16,189,25,2,61,1,10,1,8,10
"chr11.26",422,11,2458,23,83,369,246,22,5330,878,426,605,858,874,2378,505,103,285,31,38,7863,125,22,33,995,1212,129,9,245,49,3,73,1,21,0,7,11
"chr11.27",357,5,1726,16,79,297,245,17,4014,518,361,614,552,564,1415,333,89,196,28,34,3759,89,35,41,613,828,126,11,173,42,5,74,2,22,1,2,10
"chr11.28",268,7,1015,10,72,300,180,12,2721,369,259,528,490,372,452,205,52,140,17,30,3432,77,15,26,345,525,120,3,134,33,4,43,1,10,0,0,11
"chr11.29",328,6,1345,19,61,275,257,14,3582,503,314,474,465,500,838,279,88,207,22,40,5154,79,29,21,462,635,130,11,156,38,1,50,1,15,1,2,13
"chr11.30",476,9,1810,32,81,454,424,33,5220,809,382,763,920,892,2345,483,74,279,24,29,4019,157,48,38,956,1219,188,7,224,47,2,105,7,26,5,5,10
"chr11.31",293,4,1373,7,55,308,184,22,4633,640,299,549,991,769,1643,373,63,141,35,42,4634,86,49,27,747,880,140,3,233,45,6,60,1,11,0,6,7
"chr11.32",281,7,1311,13,61,285,266,16,3448,447,269,466,575,601,1144,346,40,151,25,36,4382,67,30,22,560,691,144,3,164,33,1,47,1,11,0,0,9
"chr11.33",253,9,1184,17,66,255,233,25,3170,289,310,519,555,551,691,302,67,170,25,27,4242,55,51,32,436,688,127,5,150,32,1,40,2,5,0,3,14
"chr11.34",260,3,971,3,38,279,196,19,2609,211,262,467,382,350,380,236,46,140,42,30,1750,40,23,18,316,381,125,2,107,41,2,39,1,5,1,0,12
"chr11.35",241,8,809,14,51,318,155,9,2031,180,203,430,215,373,283,172,54,182,22,22,2105,40,41,17,253,262,120,3,104,32,1,26,3,6,0,3,4
"chr11.36",229,2,1020,6,52,295,127,19,2590,254,238,401,338,363,435,181,45,160,10,27,2144,42,18,18,335,334,139,2,122,24,1,35,1,8,0,1,9
"chr11.37",251,4,1336,7,66,271,198,20,2468,375,220,450,502,512,1224,231,48,190,20,34,3957,65,25,17,540,566,152,6,194,24,3,39,1,9,2,3,6
"chr11.38",391,20,2471,32,123,542,395,50,4754,1041,427,595,928,941,2741,465,73,256,44,55,8993,198,52,34,1003,1424,226,4,252,26,5,111,0,12,0,10,14
"chr11.39",478,10,3061,29,126,606,553,26,5610,1335,457,552,764,652,2276,648,67,337,44,41,8582,230,45,42,948,1569,188,5,263,53,8,72,1,17,0,8,9
"chr11.40",401,14,2869,26,118,457,487,22,5816,1292,491,653,1344,629,1606,804,106,301,42,84,11259,207,48,41,926,2262,236,15,248,34,5,104,5,10,1,7,12
"chr11.41",549,6,1528,16,99,350,562,34,6082,1306,436,542,1080,962,2494,898,91,296,47,77,11200,208,37,49,1018,2219,242,5,240,34,14,92,2,16,2,7,10
"chr11.42",514,11,1932,26,108,396,342,34,5844,819,346,705,900,1208,2664,782,89,305,48,80,7801,202,52,48,1044,2133,252,12,314,33,4,120,4,24,0,6,15
"chr11.43",494,15,2629,32,96,534,297,51,5170,742,365,652,949,1266,3010,689,91,322,35,82,8404,137,42,46,1077,1734,227,7,295,35,3,127,3,22,0,9,13
"chr11.44",368,7,1449,12,70,333,238,34,3097,316,326,486,557,567,1041,342,66,171,37,23,4147,49,35,31,558,858,142,6,178,40,7,56,3,11,0,2,5
"chr11.45",261,4,1041,13,54,274,194,19,2460,217,275,493,431,376,425,211,55,176,19,36,2381,37,14,34,362,538,126,5,126,31,0,35,1,11,3,3,4
"chr11.46",264,7,894,11,57,321,218,28,2377,228,266,488,417,421,572,234,61,190,22,36,3173,43,18,29,333,506,109,2,120,29,5,31,1,10,0,4,2
"chr11.47",249,1,862,11,44,263,115,10,1697,183,203,363,230,310,314,221,48,162,7,28,1526,33,16,19,289,310,116,0,108,30,3,27,1,5,2,0,3
"chr11.48",NA,NA,NA,NA,NA,NA,NA,NA,NA,NA,NA,NA,NA,NA,NA,NA,NA,NA,NA,NA,NA,NA,NA,NA,NA,NA,NA,NA,NA,NA,NA,NA,NA,NA,NA,NA,NA
"chr11.49",NA,NA,NA,NA,NA,NA,NA,NA,NA,NA,NA,NA,NA,NA,NA,NA,NA,NA,NA,NA,NA,NA,NA,NA,NA,NA,NA,NA,NA,NA,NA,NA,NA,NA,NA,NA,NA
"chr11.50",NA,NA,NA,NA,NA,NA,NA,NA,NA,NA,NA,NA,NA,NA,NA,NA,NA,NA,NA,NA,NA,NA,NA,NA,NA,NA,NA,NA,NA,NA,NA,NA,NA,NA,NA,NA,NA
"chr11.51",NA,NA,NA,NA,NA,NA,NA,NA,NA,NA,NA,NA,NA,NA,NA,NA,NA,NA,NA,NA,NA,NA,NA,NA,NA,NA,NA,NA,NA,NA,NA,NA,NA,NA,NA,NA,NA
"chr11.52",NA,NA,NA,NA,NA,NA,NA,NA,NA,NA,NA,NA,NA,NA,NA,NA,NA,NA,NA,NA,NA,NA,NA,NA,NA,NA,NA,NA,NA,NA,NA,NA,NA,NA,NA,NA,NA
"chr11.53",645,19,2535,28,115,425,458,44,4094,733,460,725,979,895,2071,568,142,329,65,50,7312,120,53,48,859,1793,218,11,206,50,5,131,3,19,0,5,25
"chr11.54",298,10,914,17,70,339,197,13,2196,264,274,509,308,357,383,258,69,196,26,25,4307,54,12,33,359,589,187,4,112,33,5,52,4,11,0,4,9
"chr11.55",497,9,1247,17,83,276,278,33,2916,329,413,591,741,425,617,333,97,185,50,30,4829,49,28,36,365,1154,200,5,146,33,1,83,1,12,0,6,7
"chr11.56",384,8,840,27,66,287,219,22,2713,221,272,451,463,361,472,341,87,184,35,37,3449,44,29,21,340,851,169,3,119,33,0,68,3,5,0,8,8
"chr11.57",436,22,1538,20,72,328,257,24,2990,266,325,510,595,344,471,396,89,243,30,35,3558,36,45,33,387,951,155,5,144,24,0,93,2,7,0,8,6
"chr11.58",NA,NA,NA,NA,NA,NA,NA,NA,NA,NA,NA,NA,NA,NA,NA,NA,NA,NA,NA,NA,NA,NA,NA,NA,NA,NA,NA,NA,NA,NA,NA,NA,NA,NA,NA,NA,NA
"chr11.59",NA,NA,NA,NA,NA,NA,NA,NA,NA,NA,NA,NA,NA,NA,NA,NA,NA,NA,NA,NA,NA,NA,NA,NA,NA,NA,NA,NA,NA,NA,NA,NA,NA,NA,NA,NA,NA
"chr11.60",NA,NA,NA,NA,NA,NA,NA,NA,NA,NA,NA,NA,NA,NA,NA,NA,NA,NA,NA,NA,NA,NA,NA,NA,NA,NA,NA,NA,NA,NA,NA,NA,NA,NA,NA,NA,NA
"chr11.61",270,6,739,14,74,277,162,21,1331,219,204,472,316,396,323,252,49,202,24,58,2521,28,20,28,326,430,191,2,130,31,2,42,2,7,0,2,7
"chr11.62",252,9,780,17,68,308,151,41,1424,402,278,502,205,363,318,256,61,163,18,35,1814,37,17,19,317,332,205,6,137,36,3,28,5,4,0,2,5
"chr11.63",NA,NA,NA,NA,NA,NA,NA,NA,NA,NA,NA,NA,NA,NA,NA,NA,NA,NA,NA,NA,NA,NA,NA,NA,NA,NA,NA,NA,NA,NA,NA,NA,NA,NA,NA,NA,NA
"chr11.64",NA,NA,NA,NA,NA,NA,NA,NA,NA,NA,NA,NA,NA,NA,NA,NA,NA,NA,NA,NA,NA,NA,NA,NA,NA,NA,NA,NA,NA,NA,NA,NA,NA,NA,NA,NA,NA
"chr11.65",NA,NA,NA,NA,NA,NA,NA,NA,NA,NA,NA,NA,NA,NA,NA,NA,NA,NA,NA,NA,NA,NA,NA,NA,NA,NA,NA,NA,NA,NA,NA,NA,NA,NA,NA,NA,NA
"chr11.66",NA,NA,NA,NA,NA,NA,NA,NA,NA,NA,NA,NA,NA,NA,NA,NA,NA,NA,NA,NA,NA,NA,NA,NA,NA,NA,NA,NA,NA,NA,NA,NA,NA,NA,NA,NA,NA
"chr11.67",NA,NA,NA,NA,NA,NA,NA,NA,NA,NA,NA,NA,NA,NA,NA,NA,NA,NA,NA,NA,NA,NA,NA,NA,NA,NA,NA,NA,NA,NA,NA,NA,NA,NA,NA,NA,NA
"chr11.68",NA,NA,NA,NA,NA,NA,NA,NA,NA,NA,NA,NA,NA,NA,NA,NA,NA,NA,NA,NA,NA,NA,NA,NA,NA,NA,NA,NA,NA,NA,NA,NA,NA,NA,NA,NA,NA
"chr11.69",292,4,832,13,56,255,148,26,1891,194,208,410,279,356,323,219,28,138,17,27,2409,39,22,23,310,387,149,6,107,15,0,44,3,11,0,1,4
"chr11.70",266,3,766,8,57,272,154,12,1740,239,211,436,188,271,299,179,48,147,15,29,1810,39,15,23,261,358,161,1,115,20,2,21,1,3,0,2,6
"chr11.71",252,1,821,12,46,243,131,18,1846,202,217,362,174,269,286,200,52,132,14,37,1958,36,9,17,259,310,159,1,86,33,0,22,1,3,0,1,4
"chr11.72",336,10,797,16,48,295,161,21,1865,211,217,458,268,306,301,187,37,166,17,23,2196,39,22,26,300,455,144,2,105,24,1,30,1,6,0,1,2
"chr11.73",279,3,766,11,56,297,164,14,1847,213,214,469,278,346,311,161,48,146,14,32,2327,33,15,15,288,430,138,6,121,31,3,22,2,6,0,3,6
"chr11.74",257,2,700,10,42,234,149,10,1843,192,234,458,196,286,284,176,46,114,20,21,2192,39,11,19,236,358,122,3,141,38,0,26,1,7,1,2,2
"chr11.75",272,3,869,17,44,250,171,15,2160,234,234,539,228,359,492,217,42,139,26,42,2763,41,19,12,407,413,121,2,106,23,3,33,0,8,0,0,5
"chr11.76",354,5,1924,21,105,275,234,19,4019,526,354,665,517,609,1417,206,65,163,33,55,6792,95,27,26,854,609,138,8,186,23,1,59,2,7,0,3,9
"chr11.77",500,13,2899,12,113,299,209,45,4081,938,403,568,773,548,1015,397,66,152,55,53,11712,147,39,20,753,1035,212,10,204,29,3,82,1,18,0,5,10
"chr11.78",599,11,2905,14,109,405,264,51,4597,795,385,547,1026,842,1968,480,72,144,30,68,10302,122,60,35,973,1515,222,10,254,24,4,86,3,13,2,4,13
"chr11.79",509,4,1694,19,72,315,230,34,4016,424,319,477,829,706,1898,316,58,131,30,40,7951,82,42,19,847,921,219,3,194,15,4,62,4,13,1,4,13
"chr11.80",408,1,790,7,51,269,139,18,3304,285,275,448,397,465,1032,226,61,139,26,45,2732,41,29,20,533,664,158,3,138,30,4,27,0,8,1,1,8
"chr11.81",NA,NA,NA,NA,NA,NA,NA,NA,NA,NA,NA,NA,NA,NA,NA,NA,NA,NA,NA,NA,NA,NA,NA,NA,NA,NA,NA,NA,NA,NA,NA,NA,NA,NA,NA,NA,NA
"chr11.82",424,6,1131,11,54,257,251,17,3054,312,361,423,365,585,1235,299,59,145,20,53,5037,49,22,25,544,853,171,2,165,18,5,53,5,9,1,3,7
"chr11.83",239,2,831,6,35,253,160,14,2399,239,228,366,236,327,334,171,58,138,13,27,1743,48,12,18,297,393,115,3,114,20,2,22,1,7,0,9,0
"chr11.84",317,5,1243,12,58,262,296,26,3140,367,316,436,485,449,805,273,67,177,22,38,2222,58,15,22,495,712,152,3,123,27,3,53,0,11,0,1,6
"chr11.85",NA,NA,NA,NA,NA,NA,NA,NA,NA,NA,NA,NA,NA,NA,NA,NA,NA,NA,NA,NA,NA,NA,NA,NA,NA,NA,NA,NA,NA,NA,NA,NA,NA,NA,NA,NA,NA
"chr11.86",NA,NA,NA,NA,NA,NA,NA,NA,NA,NA,NA,NA,NA,NA,NA,NA,NA,NA,NA,NA,NA,NA,NA,NA,NA,NA,NA,NA,NA,NA,NA,NA,NA,NA,NA,NA,NA
"chr11.87",NA,NA,NA,NA,NA,NA,NA,NA,NA,NA,NA,NA,NA,NA,NA,NA,NA,NA,NA,NA,NA,NA,NA,NA,NA,NA,NA,NA,NA,NA,NA,NA,NA,NA,NA,NA,NA
"chr11.88",454,12,1979,39,99,512,408,28,4641,1128,432,583,852,698,1344,590,87,312,29,60,9394,185,47,40,690,1416,208,13,212,23,0,49,4,17,1,5,10
"chr11.89",435,12,1696,14,77,410,438,30,3953,845,364,594,792,657,1333,381,55,156,24,48,6064,143,26,35,723,908,213,12,193,24,0,38,1,23,0,1,7
"chr11.90",349,5,793,21,45,274,177,17,2790,360,277,407,430,328,488,227,62,171,22,29,3799,52,17,32,360,603,152,5,128,29,1,31,2,5,0,4,8
"chr11.91",285,4,1033,26,76,246,189,18,2891,316,231,383,337,314,416,132,63,165,16,24,3143,45,28,33,350,430,138,3,137,26,1,34,1,9,0,4,7
"chr11.92",275,6,983,13,48,230,126,10,2956,238,232,419,298,377,644,150,42,143,13,29,1461,36,14,24,412,345,138,1,129,23,3,25,1,12,0,1,6
"chr11.93",NA,NA,NA,NA,NA,NA,NA,NA,NA,NA,NA,NA,NA,NA,NA,NA,NA,NA,NA,NA,NA,NA,NA,NA,NA,NA,NA,NA,NA,NA,NA,NA,NA,NA,NA,NA,NA
"chr11.94",522,20,3007,29,124,444,499,35,4766,881,386,589,826,1201,2817,430,64,278,50,69,8309,153,38,45,1087,1151,222,8,306,34,1,61,5,14,0,4,11
"chr11.95",748,15,3055,44,115,483,456,39,6412,1207,466,596,990,1436,2957,581,89,337,50,74,6944,171,69,51,1215,1581,206,10,349,26,6,121,7,4,0,5,19
"chr11.96",596,14,1932,28,77,455,467,24,6331,1186,386,510,866,1247,2759,518,64,234,51,86,8890,223,50,56,1116,1366,224,6,257,22,1,105,0,17,1,14,20
"chr11.97",444,9,1744,9,93,303,318,23,4181,822,291,496,719,605,1582,409,79,140,29,40,7271,122,24,40,706,848,188,5,188,24,1,83,1,11,0,6,15
"chr11.98",321,10,1478,31,67,333,342,27,3365,550,218,392,457,565,1057,335,88,239,25,61,5892,77,23,22,539,612,158,4,143,18,3,54,0,17,1,4,6
"chr11.99",315,6,986,17,50,290,200,25,2517,468,268,346,275,352,374,184,105,156,33,52,2380,40,25,23,284,357,143,7,99,15,1,51,1,5,2,5,4
"chr11.100",313,3,1824,12,65,263,239,26,3455,278,257,445,423,349,1138,271,82,188,24,62,3354,58,28,24,497,508,132,4,111,19,2,39,0,7,0,5,6
"chr11.101",440,12,2770,18,76,349,526,25,4536,316,344,484,685,505,2040,318,87,191,41,73,3332,31,18,36,822,1007,211,2,191,32,5,76,6,9,1,4,12
"chr11.102",426,9,2485,14,86,336,415,32,3630,567,392,449,606,528,1265,277,75,166,49,39,2837,63,42,33,530,989,196,2,180,14,2,76,2,9,0,5,8
"chr11.103",405,5,2332,9,89,349,348,33,4532,618,404,462,706,598,1461,305,64,150,32,41,4407,82,30,32,706,1086,185,9,222,20,2,60,1,16,1,8,6
"chr11.104",335,4,1389,19,64,344,225,26,3702,379,318,450,562,625,1169,236,64,131,30,38,4652,77,17,37,603,805,195,3,168,33,4,53,3,15,0,2,10
"chr11.105",NA,NA,NA,NA,NA,NA,NA,NA,NA,NA,NA,NA,NA,NA,NA,NA,NA,NA,NA,NA,NA,NA,NA,NA,NA,NA,NA,NA,NA,NA,NA,NA,NA,NA,NA,NA,NA
"chr11.106",461,14,1576,19,80,304,332,28,3857,470,321,483,438,707,1801,159,50,155,23,34,1957,58,22,23,674,585,135,3,202,29,3,48,1,10,0,4,13
"chr11.107",324,3,948,6,59,273,220,15,3433,321,295,413,276,469,1107,137,50,111,18,20,1446,56,16,21,574,368,134,1,140,23,0,34,1,4,0,4,6
"chr11.108",348,8,1051,11,63,277,176,14,3084,296,286,377,280,343,575,156,48,148,22,22,2430,30,11,31,399,303,151,4,149,22,1,40,2,10,0,4,8
"chr11.109",300,4,926,8,60,246,173,22,2445,292,245,383,303,379,504,126,54,143,25,32,2175,38,12,20,325,397,132,3,99,22,2,30,0,8,0,3,4
"chr11.110",285,4,1299,15,54,341,176,22,3057,376,252,367,557,584,1040,172,44,155,14,25,3557,67,15,31,436,576,136,2,139,17,2,43,2,12,0,0,2
"chr11.111",291,10,910,17,53,288,151,28,2636,279,246,347,326,525,1044,208,48,152,22,24,3472,50,43,22,560,586,137,8,168,23,4,37,1,9,0,2,6
"chr11.112",312,7,1125,12,69,313,176,17,3435,444,281,465,457,911,2093,299,36,170,32,49,3957,81,25,41,805,882,134,6,183,25,1,61,3,20,0,5,13
"chr11.113",385,8,880,14,83,279,192,22,2948,353,269,421,427,660,1372,241,47,189,36,36,4060,77,30,35,567,828,139,1,146,31,3,46,0,13,2,7,5
"chr11.114",245,7,871,7,59,217,160,16,2094,191,229,296,297,365,438,125,45,162,16,29,2122,37,14,16,342,353,118,1,130,19,4,46,2,8,0,3,10
"chr11.115",247,6,845,10,55,289,167,16,1905,213,239,336,226,317,311,120,82,153,19,29,2161,39,22,17,317,281,117,4,105,30,2,60,2,9,0,4,1
"chr11.116",288,3,687,11,56,262,149,16,1930,258,243,353,312,369,281,145,49,185,18,20,2241,41,16,17,340,360,126,3,108,30,3,29,4,12,1,3,11
"chr11.117",282,2,970,12,55,299,182,23,2264,273,269,392,464,390,467,148,64,181,25,34,3200,58,23,19,337,345,148,5,125,20,2,43,2,10,2,2,3
"chr11.118",355,6,860,13,64,296,181,22,2598,260,249,366,399,445,778,164,46,149,19,22,4038,48,17,18,429,441,131,7,128,21,0,43,0,13,0,4,4
"chr11.119",235,3,1009,5,78,316,289,16,3992,309,307,514,544,683,1944,219,53,137,17,36,4647,57,9,27,746,776,142,1,185,25,5,36,7,6,0,2,3
"chr11.120",348,7,1479,21,63,309,236,12,3039,264,297,453,500,479,838,236,53,149,26,28,3131,34,24,31,509,872,156,3,150,27,1,43,3,9,0,2,8
"chr11.121",410,11,1593,25,65,365,399,23,3378,375,365,475,522,619,1255,296,77,231,33,34,6542,67,32,27,677,1130,206,1,196,23,1,56,2,4,0,2,12
"chr11.122",264,3,882,11,57,304,179,22,2679,256,263,413,402,505,648,175,53,138,16,26,1645,47,27,23,416,578,129,3,130,19,3,43,6,15,0,5,7
"chr11.123",325,3,848,13,61,280,157,21,2475,272,210,409,458,448,684,173,53,170,22,21,1954,64,12,29,401,641,134,6,144,23,0,41,3,12,1,2,5
"chr11.124",403,10,1397,21,95,428,385,17,4185,499,333,655,708,836,2689,363,70,207,37,37,6402,99,32,38,988,1154,189,6,211,34,4,105,3,18,0,8,6
"chr11.125",383,5,1125,21,71,318,233,20,3437,340,283,540,602,552,1106,287,70,237,32,28,3401,39,34,39,581,839,146,3,144,39,2,53,5,12,0,4,5
"chr11.126",286,6,978,13,57,264,167,28,2390,312,223,310,304,297,320,172,57,201,26,19,3939,69,34,20,294,360,119,7,113,15,0,60,3,11,0,6,4
"chr11.127",219,7,909,13,58,277,150,16,2211,222,203,335,262,373,345,179,67,203,15,31,2648,46,8,23,320,306,119,2,118,23,0,32,1,8,0,2,7
"chr11.128",399,2,2039,10,86,326,319,16,3584,549,348,517,856,822,1841,274,66,168,28,32,6474,68,27,37,683,679,184,2,223,25,6,79,3,8,0,3,12
"chr11.129",668,4,2253,19,95,336,420,22,5451,849,534,703,947,1260,3039,410,59,165,36,45,4281,156,16,52,1146,1374,260,5,308,39,2,105,3,17,0,5,10
"chr11.130",491,0,2203,6,107,390,374,38,4876,697,542,746,893,908,2435,366,65,161,41,57,5646,125,38,70,840,1316,279,7,259,50,4,106,6,11,3,6,16
"chr11.131",376,11,1336,8,82,357,190,22,2917,385,344,477,573,612,753,253,56,158,28,38,3566,80,28,42,524,897,153,4,183,38,6,84,3,13,0,6,12
"chr12.1",NA,NA,NA,NA,NA,NA,NA,NA,NA,NA,NA,NA,NA,NA,NA,NA,NA,NA,NA,NA,NA,NA,NA,NA,NA,NA,NA,NA,NA,NA,NA,NA,NA,NA,NA,NA,NA
"chr12.2",273,6,716,8,87,283,129,18,2048,187,244,435,216,306,295,240,40,141,31,33,1557,32,25,20,296,385,167,5,122,38,2,31,2,6,0,1,7
"chr12.3",439,3,1114,13,86,294,129,17,2447,236,279,522,541,458,549,299,55,164,20,35,3984,64,28,25,397,651,193,3,145,40,6,31,3,8,0,3,7
"chr12.4",414,3,855,13,82,307,143,29,2136,270,250,487,286,430,396,191,43,167,17,34,2546,62,33,31,367,367,171,2,154,30,2,44,2,7,0,5,8
"chr12.5",448,5,1063,17,104,367,216,27,2868,242,321,583,471,722,673,282,69,139,51,29,4491,43,32,35,443,623,161,3,144,22,2,63,3,3,1,4,7
"chr12.6",391,6,1370,15,133,464,220,36,3135,287,309,557,502,696,845,200,61,190,52,32,5072,80,42,48,451,492,168,3,162,45,4,71,3,12,0,3,11
"chr12.7",309,4,710,11,92,286,162,17,1622,236,259,495,221,367,292,230,64,148,26,25,2080,53,25,22,354,328,167,4,129,38,4,41,2,5,1,5,4
"chr12.8",NA,NA,NA,NA,NA,NA,NA,NA,NA,NA,NA,NA,NA,NA,NA,NA,NA,NA,NA,NA,NA,NA,NA,NA,NA,NA,NA,NA,NA,NA,NA,NA,NA,NA,NA,NA,NA
"chr12.9",NA,NA,NA,NA,NA,NA,NA,NA,NA,NA,NA,NA,NA,NA,NA,NA,NA,NA,NA,NA,NA,NA,NA,NA,NA,NA,NA,NA,NA,NA,NA,NA,NA,NA,NA,NA,NA
"chr12.10",NA,NA,NA,NA,NA,NA,NA,NA,NA,NA,NA,NA,NA,NA,NA,NA,NA,NA,NA,NA,NA,NA,NA,NA,NA,NA,NA,NA,NA,NA,NA,NA,NA,NA,NA,NA,NA
"chr12.11",408,5,1197,12,95,307,208,19,3508,259,332,431,280,503,690,245,85,228,16,18,3252,47,39,28,477,526,162,3,136,25,2,62,2,4,1,5,10
"chr12.12",312,8,913,10,84,274,133,13,2605,240,273,418,188,302,456,279,64,123,19,28,2124,37,22,14,346,452,141,1,126,32,12,46,4,3,0,1,7
"chr12.13",289,0,724,10,85,269,127,17,1915,186,240,442,163,270,240,190,46,138,16,38,1595,45,25,17,268,331,169,5,109,25,2,28,0,5,0,2,4
"chr12.14",363,3,971,13,124,353,209,23,2186,346,251,431,317,407,315,263,70,160,38,24,5046,58,24,23,321,655,172,5,103,27,0,48,2,8,1,2,10
"chr12.15",341,3,1196,14,99,277,193,26,2366,255,281,448,326,375,292,286,74,180,52,36,4165,32,37,29,306,746,165,5,132,33,2,55,1,6,0,1,11
"chr12.16",336,5,1178,14,83,255,178,21,2811,331,259,419,275,333,457,300,51,126,23,28,3720,63,24,32,359,649,163,6,118,27,2,39,0,11,1,1,10
"chr12.17",433,7,875,19,115,302,249,14,2961,579,340,444,212,395,656,351,74,164,36,41,4290,95,25,28,532,551,136,8,140,45,1,54,1,18,2,8,5
"chr12.18",485,21,2015,45,192,421,444,28,4874,1029,349,566,550,886,1785,551,114,320,46,56,7893,153,53,44,851,1298,200,7,214,38,5,85,4,21,1,9,11
"chr12.19",474,22,1087,46,136,333,401,26,4123,951,276,530,427,449,584,355,98,289,36,50,7591,166,44,28,445,855,195,10,115,28,4,82,2,12,1,8,10
"chr12.20",390,5,949,17,83,272,178,23,2998,581,276,472,291,406,515,241,92,160,20,19,3483,99,41,24,356,540,171,5,135,35,4,36,4,8,1,2,8
"chr12.21",390,21,1170,25,103,350,183,27,3347,807,302,630,546,866,1610,461,98,143,28,54,4771,151,27,44,777,1177,237,5,215,41,8,58,4,9,0,6,13
"chr12.22",424,5,838,35,113,403,223,29,3259,513,315,552,371,700,1248,343,89,201,36,40,5631,100,47,32,673,924,205,1,179,41,1,83,0,9,1,2,11
"chr12.23",394,9,945,13,78,371,180,14,3045,326,282,439,364,501,643,223,76,170,22,34,1975,62,49,34,448,630,154,4,156,27,5,46,1,8,0,4,6
"chr12.24",427,4,1091,18,123,451,338,33,4480,452,297,566,436,905,1885,350,75,178,29,42,2558,94,28,37,789,719,232,7,219,28,8,102,4,13,0,2,9
"chr12.25",344,6,1012,15,118,388,362,19,4956,353,289,601,355,1098,2153,338,77,142,26,52,1237,44,23,30,961,556,243,3,262,34,2,81,3,9,0,4,11
"chr12.26",363,13,1165,23,81,294,186,18,3467,445,361,460,321,798,836,223,75,155,27,36,3064,77,33,30,615,598,123,5,166,25,1,51,1,9,0,1,7
"chr12.27",260,5,1015,6,77,279,155,16,2654,198,239,460,226,336,359,200,51,124,13,34,1475,49,18,24,342,482,158,3,119,19,0,37,0,2,1,3,5
"chr12.28",259,8,729,12,74,270,132,17,2383,188,243,437,237,310,260,192,60,119,17,29,1675,43,10,36,299,360,143,2,127,27,1,24,0,2,0,0,7
"chr12.29",330,7,1097,10,99,309,218,23,3137,305,305,446,482,450,503,216,55,122,18,25,2181,73,27,24,385,609,195,2,136,25,6,51,2,12,1,1,9
"chr12.30",360,9,1224,25,150,379,199,23,3332,509,308,526,839,500,665,231,88,177,23,40,2239,84,21,22,466,682,171,5,174,22,5,50,3,13,1,3,7
"chr12.31",343,9,1253,23,161,383,198,29,3906,507,297,590,921,732,1023,280,75,244,37,35,3584,96,30,34,617,756,194,5,185,25,3,39,4,20,1,2,12
"chr12.32",NA,NA,NA,NA,NA,NA,NA,NA,NA,NA,NA,NA,NA,NA,NA,NA,NA,NA,NA,NA,NA,NA,NA,NA,NA,NA,NA,NA,NA,NA,NA,NA,NA,NA,NA,NA,NA
"chr12.33",NA,NA,NA,NA,NA,NA,NA,NA,NA,NA,NA,NA,NA,NA,NA,NA,NA,NA,NA,NA,NA,NA,NA,NA,NA,NA,NA,NA,NA,NA,NA,NA,NA,NA,NA,NA,NA
"chr12.34",484,19,1795,43,166,440,385,36,3532,605,351,638,823,754,1324,407,133,283,64,44,11482,96,65,35,623,1089,167,7,200,42,3,116,3,18,1,6,17
"chr12.35",NA,NA,NA,NA,NA,NA,NA,NA,NA,NA,NA,NA,NA,NA,NA,NA,NA,NA,NA,NA,NA,NA,NA,NA,NA,NA,NA,NA,NA,NA,NA,NA,NA,NA,NA,NA,NA
"chr12.36",386,5,1495,17,117,314,239,19,3973,614,375,641,434,602,1116,299,91,170,36,36,3405,111,44,33,797,747,231,6,176,57,3,65,7,9,0,6,13
"chr12.37",422,2,1056,13,100,263,276,25,3565,305,360,511,358,502,813,369,67,109,21,39,2777,32,46,25,569,940,193,1,142,31,0,57,1,6,1,2,12
"chr12.38",453,6,2351,12,84,408,350,33,4756,511,365,591,614,828,2137,362,62,137,34,33,3504,89,36,48,884,1110,246,5,246,46,4,69,1,7,1,2,8
"chr12.39",287,6,1517,11,105,267,251,26,3461,344,337,449,482,558,954,293,57,159,31,38,2915,49,38,32,618,906,170,2,180,24,1,68,4,6,0,2,14
"chr12.40",346,7,2251,25,128,337,225,19,4529,396,318,491,634,479,964,283,80,227,24,31,5104,77,20,26,612,883,189,4,166,38,1,53,6,16,1,1,7
"chr12.41",291,3,1237,9,94,303,230,22,2978,337,293,488,536,448,640,261,64,144,30,44,3020,50,49,21,492,768,158,5,126,27,1,49,7,15,0,4,13
"chr12.42",329,5,1394,22,102,326,275,23,3826,358,311,492,513,490,863,310,64,126,39,45,3258,62,41,27,526,753,195,4,159,32,2,68,0,10,0,4,15
"chr12.43",264,5,944,11,86,276,202,10,2936,267,277,384,319,317,324,209,54,170,16,22,3760,44,26,10,348,473,183,5,96,29,2,39,1,7,0,2,7
"chr12.44",278,10,779,18,86,255,191,19,3273,270,248,423,308,350,502,222,89,149,23,28,7005,25,52,18,379,389,208,4,124,23,2,36,6,5,0,0,8
"chr12.45",272,9,860,11,64,277,199,17,2234,251,264,403,210,335,330,194,53,159,22,39,3283,30,80,24,285,382,198,4,108,29,3,44,2,6,0,10,7
"chr12.46",NA,NA,NA,NA,NA,NA,NA,NA,NA,NA,NA,NA,NA,NA,NA,NA,NA,NA,NA,NA,NA,NA,NA,NA,NA,NA,NA,NA,NA,NA,NA,NA,NA,NA,NA,NA,NA
"chr12.47",238,3,764,10,70,275,150,17,1751,197,251,380,216,313,273,176,52,106,24,38,1749,32,81,22,312,333,192,1,115,28,0,18,0,12,3,6,5
"chr12.48",NA,NA,NA,NA,NA,NA,NA,NA,NA,NA,NA,NA,NA,NA,NA,NA,NA,NA,NA,NA,NA,NA,NA,NA,NA,NA,NA,NA,NA,NA,NA,NA,NA,NA,NA,NA,NA
"chr12.49",294,5,852,10,84,278,151,21,1908,227,217,389,259,307,277,231,53,188,21,43,2650,46,77,22,267,414,167,5,112,44,2,32,2,5,1,2,6
"chr12.50",294,8,951,17,72,293,178,15,1740,234,228,460,275,390,309,195,72,172,23,34,2970,68,64,33,308,357,189,9,136,30,4,53,0,15,0,1,7
"chr12.51",267,5,810,13,92,304,157,14,2146,201,299,365,298,313,263,199,40,144,6,48,2475,35,60,25,301,440,187,3,100,36,1,32,2,11,1,5,5
"chr12.52",NA,NA,NA,NA,NA,NA,NA,NA,NA,NA,NA,NA,NA,NA,NA,NA,NA,NA,NA,NA,NA,NA,NA,NA,NA,NA,NA,NA,NA,NA,NA,NA,NA,NA,NA,NA,NA
"chr12.53",NA,NA,NA,NA,NA,NA,NA,NA,NA,NA,NA,NA,NA,NA,NA,NA,NA,NA,NA,NA,NA,NA,NA,NA,NA,NA,NA,NA,NA,NA,NA,NA,NA,NA,NA,NA,NA
"chr12.54",NA,NA,NA,NA,NA,NA,NA,NA,NA,NA,NA,NA,NA,NA,NA,NA,NA,NA,NA,NA,NA,NA,NA,NA,NA,NA,NA,NA,NA,NA,NA,NA,NA,NA,NA,NA,NA
"chr12.55",269,6,1191,22,87,303,170,16,2383,282,252,421,393,414,457,208,58,388,28,32,3946,60,334,25,398,456,143,7,115,29,2,51,1,5,1,5,4
"chr12.56",355,11,1398,23,73,298,238,22,3139,678,352,432,472,477,601,235,52,376,32,44,5054,103,101,33,424,581,210,1,144,41,2,64,5,12,0,4,5
"chr12.57",656,12,1929,28,141,552,369,32,4554,746,475,485,684,467,998,356,92,266,38,40,6774,99,129,30,633,1069,199,5,144,41,3,111,3,8,0,1,9
"chr12.58",648,12,2000,22,161,671,359,42,5633,965,571,530,1002,1003,2370,601,81,282,44,50,9645,169,192,56,999,1794,223,5,216,24,5,139,4,14,1,6,21
"chr12.59",432,5,1427,18,112,414,255,22,3757,622,353,460,694,556,1290,464,74,201,29,43,7049,80,219,37,672,1232,201,9,191,34,3,78,2,6,0,3,9
"chr12.60",338,8,1164,8,91,295,224,21,2811,410,252,476,448,347,373,296,69,192,24,43,2222,76,125,23,343,885,181,1,139,26,1,36,1,7,0,3,10
"chr12.61",NA,NA,NA,NA,NA,NA,NA,NA,NA,NA,NA,NA,NA,NA,NA,NA,NA,NA,NA,NA,NA,NA,NA,NA,NA,NA,NA,NA,NA,NA,NA,NA,NA,NA,NA,NA,NA
"chr12.62",313,2,1161,20,119,266,184,16,2829,295,254,498,270,330,322,230,59,125,23,40,2699,53,191,21,325,574,154,5,143,27,1,43,2,9,2,1,4
"chr12.63",229,4,1718,24,124,314,208,15,3069,408,297,571,406,379,423,191,85,188,27,18,3378,80,247,33,419,536,212,4,126,48,1,106,2,8,0,6,10
"chr12.64",233,8,2051,26,91,263,182,20,3259,353,229,511,336,411,918,217,58,194,22,34,2644,59,163,15,552,562,177,3,156,32,3,94,0,7,0,2,6
"chr12.65",258,6,1376,19,111,287,216,20,2969,248,311,585,450,317,449,310,77,189,18,39,3955,33,244,24,399,807,189,1,109,27,3,43,2,11,0,3,5
"chr12.66",251,7,820,12,75,273,165,16,2523,212,212,497,256,341,416,189,73,190,28,31,2634,42,528,21,368,434,156,5,106,41,1,91,1,9,0,1,8
"chr12.67",286,5,1037,12,82,266,165,16,2807,244,272,415,339,353,353,229,52,139,22,20,5334,44,315,25,304,566,161,3,94,32,2,78,2,10,0,4,6
"chr12.68",337,6,1659,15,125,306,220,29,2895,402,270,604,498,343,331,322,60,245,26,37,7099,89,231,32,305,834,194,6,106,37,3,126,3,12,0,9,14
"chr12.69",330,8,1364,19,96,270,182,22,3028,414,315,581,627,449,799,290,73,210,41,28,4309,69,230,22,511,891,195,9,103,37,3,90,4,6,1,2,6
"chr12.70",502,20,1496,37,132,367,248,38,5443,992,392,647,667,808,2325,634,71,371,46,68,10082,151,260,35,923,1878,222,6,183,38,6,136,4,9,0,3,22
"chr12.71",515,19,2007,37,178,476,292,47,5667,977,357,476,850,726,1577,657,92,378,57,45,7083,168,246,51,792,2068,204,6,191,38,4,117,2,14,1,8,17
"chr12.72",362,8,1638,27,115,425,183,27,3685,637,387,484,609,390,537,406,73,194,35,31,4429,95,210,42,426,1220,188,6,147,34,1,91,1,14,1,3,14
"chr12.73",308,3,926,7,92,273,192,22,2570,287,257,411,380,309,308,206,60,138,26,17,1670,54,153,15,293,566,173,6,128,22,3,30,3,7,2,6,6
"chr12.74",352,5,1315,18,97,336,207,15,3509,345,355,439,605,406,572,245,41,122,20,28,2131,60,139,27,422,840,157,3,147,33,2,30,2,4,0,2,7
"chr12.75",371,6,1899,12,126,423,198,35,4209,715,366,510,878,541,1203,517,71,152,32,47,2446,117,111,43,819,1528,157,3,201,32,1,50,2,9,0,4,15
"chr12.76",378,10,2052,24,121,383,222,27,3541,723,353,510,473,723,1377,446,55,186,43,66,6425,130,223,35,748,1151,198,4,188,31,1,106,4,17,0,6,14
"chr12.77",261,4,1277,11,88,302,185,20,3172,358,303,408,378,371,498,235,71,127,19,32,3913,59,128,31,408,557,153,5,143,34,0,47,0,7,0,3,8
"chr12.78",327,4,1316,19,153,318,212,19,4377,618,341,484,473,709,1623,511,71,156,22,43,7790,136,85,26,923,924,165,6,190,27,5,54,5,12,0,4,11
"chr12.79",438,6,2102,19,118,324,309,32,4470,771,393,532,597,470,1197,530,69,137,40,57,4288,135,146,42,707,1158,256,6,147,51,1,50,0,15,3,3,11
"chr12.80",283,7,1713,11,112,293,206,22,3262,912,331,442,431,379,595,326,80,152,37,48,2736,153,131,38,471,676,171,8,156,22,2,60,2,11,0,6,16
"chr12.81",416,27,2565,35,150,528,387,27,5280,1195,423,508,862,701,1913,372,96,223,45,48,6247,237,127,67,1023,890,211,11,220,44,2,79,4,21,3,2,24
"chr12.82",433,12,2769,25,142,430,338,20,4673,996,444,607,608,645,1586,322,72,276,42,47,2968,164,228,47,805,906,219,7,215,32,1,67,4,11,0,4,17
"chr12.83",376,13,2588,30,130,510,342,19,4762,1103,363,559,636,539,1245,314,73,230,42,39,4853,177,99,48,677,868,204,5,161,36,1,126,1,14,1,8,17
"chr12.84",456,22,2211,30,148,547,442,18,4729,957,387,477,641,640,1843,403,85,257,37,44,9503,146,153,31,920,940,179,6,176,37,2,177,4,28,0,4,22
"chr12.85",335,17,1208,22,119,356,294,16,3477,589,319,403,480,351,682,249,82,213,15,37,7172,105,123,34,509,641,162,4,124,25,3,73,2,18,1,3,9
"chr12.86",291,3,1063,20,105,261,210,22,2839,451,226,402,275,292,231,201,64,165,20,29,4807,77,167,23,277,415,146,6,113,25,2,41,2,8,1,4,12
"chr12.87",312,4,1441,18,91,332,159,19,3034,301,293,458,475,302,554,240,72,133,27,28,4835,44,46,31,422,670,143,4,115,35,1,92,0,8,0,2,14
"chr12.88",327,15,1841,22,119,409,181,28,3937,464,390,519,626,346,780,237,88,188,24,33,6822,86,73,41,538,679,152,8,166,33,2,53,1,19,0,3,8
"chr12.89",337,5,1187,11,121,298,178,20,3155,376,296,411,429,283,339,201,56,169,20,45,2288,37,66,33,378,553,176,5,123,22,5,68,2,10,0,5,7
"chr12.90",276,5,849,11,90,252,149,12,2269,209,234,385,255,299,330,202,51,137,20,40,1966,36,61,23,296,406,158,5,103,18,2,54,2,10,1,2,3
"chr12.91",254,3,851,13,94,291,159,15,2639,217,236,383,227,276,326,212,41,147,20,24,1710,44,54,14,318,438,145,3,123,27,2,31,3,6,1,4,2
"chr12.92",273,2,835,14,77,283,171,14,2462,211,247,389,298,264,334,194,51,151,21,41,2649,27,45,18,302,430,158,2,120,27,2,30,1,6,1,2,8
"chr12.93",230,6,829,11,92,276,160,10,2414,187,216,366,213,267,251,187,39,150,18,21,2342,38,138,25,291,367,159,5,106,30,1,42,2,8,0,5,5
"chr12.94",271,4,1799,14,124,308,201,16,4118,371,325,413,465,548,997,382,49,170,37,34,7287,82,70,36,582,813,196,6,146,29,2,100,1,14,0,4,10
"chr12.95",291,11,1509,6,102,313,211,14,3825,443,332,418,475,407,820,396,57,185,43,37,10517,97,90,37,472,831,166,5,161,32,1,106,1,5,0,5,12
"chr12.96",236,4,1411,13,103,289,185,22,3349,362,303,409,437,540,1144,325,49,148,19,40,2906,74,53,34,593,955,200,6,143,45,3,53,3,11,1,2,6
"chr12.97",266,2,1227,6,82,278,208,19,3476,379,296,398,372,520,1002,345,38,150,19,47,4263,67,46,32,652,910,193,6,155,32,2,55,0,9,1,6,8
"chr12.98",391,8,1286,18,95,265,191,16,2939,483,337,460,517,381,643,354,59,184,20,30,4917,69,124,34,435,1121,200,6,146,33,1,54,3,10,1,1,7
"chr12.99",284,4,930,16,97,266,160,19,2604,275,342,465,237,314,440,254,78,175,17,28,2851,42,144,27,357,545,191,0,104,42,5,24,2,8,0,3,2
"chr12.100",471,4,1015,24,123,349,206,26,3820,441,315,520,452,570,981,433,92,182,49,52,5330,63,96,34,633,1091,231,7,142,35,2,82,6,14,1,3,8
"chr12.101",296,6,973,7,79,288,156,26,2717,251,246,369,284,343,372,221,53,158,20,38,3305,45,54,27,356,531,162,3,128,22,2,44,0,12,0,0,4
"chr12.102",242,6,953,9,64,266,201,18,2577,193,274,382,269,295,311,222,57,149,18,28,1860,28,79,31,353,413,159,1,101,25,2,27,1,10,0,1,7
"chr12.103",273,6,978,15,73,321,182,26,2846,292,229,466,413,433,659,201,61,159,14,16,3401,61,63,25,436,434,177,2,134,40,3,23,2,7,0,1,4
"chr12.104",291,6,975,7,75,293,171,21,2822,333,237,362,424,432,520,213,47,192,63,35,3441,66,25,29,425,519,186,2,133,27,2,30,2,8,0,4,4
"chr12.105",379,3,1248,11,99,320,208,21,3207,255,290,534,606,544,1098,234,50,196,29,32,4413,49,22,21,548,728,160,2,167,49,5,39,2,9,1,3,6
"chr12.106",NA,NA,NA,NA,NA,NA,NA,NA,NA,NA,NA,NA,NA,NA,NA,NA,NA,NA,NA,NA,NA,NA,NA,NA,NA,NA,NA,NA,NA,NA,NA,NA,NA,NA,NA,NA,NA
"chr12.107",258,2,744,7,77,293,137,16,1815,183,232,361,202,237,252,190,46,150,18,47,1570,32,43,28,291,303,174,4,114,22,2,36,2,10,2,0,4
"chr12.108",331,8,890,17,99,324,178,15,2408,218,276,423,384,436,478,239,56,185,21,47,3232,49,39,29,357,544,166,2,123,24,2,39,2,8,2,9,7
"chr12.109",NA,NA,NA,NA,NA,NA,NA,NA,NA,NA,NA,NA,NA,NA,NA,NA,NA,NA,NA,NA,NA,NA,NA,NA,NA,NA,NA,NA,NA,NA,NA,NA,NA,NA,NA,NA,NA
"chr12.110",323,3,854,9,104,313,202,24,2049,517,258,370,324,368,350,193,53,158,32,42,3578,48,46,27,342,485,172,4,111,30,1,54,1,5,0,1,10
"chr12.111",471,2,1201,21,137,408,220,30,2878,330,351,508,733,635,1077,322,70,259,29,45,5366,71,66,46,556,974,200,12,165,36,1,70,1,19,0,3,11
"chr12.112",617,9,991,16,174,470,200,20,2778,606,368,424,838,810,708,298,89,284,35,46,4957,85,36,62,416,996,224,5,186,35,6,47,4,19,1,5,13
"chr12.113",397,6,1196,19,124,376,145,23,2477,372,288,383,410,514,434,236,65,215,16,30,3737,62,24,24,350,583,161,8,137,29,2,64,3,10,1,1,9
"chr12.114",278,4,1016,11,111,299,155,20,2217,221,246,415,297,428,425,200,61,189,26,37,3392,31,26,36,349,540,176,8,113,16,2,43,1,10,0,3,9
"chr12.115",249,7,1014,11,70,381,170,22,2104,293,258,396,268,417,707,236,58,217,36,47,5191,51,43,33,449,533,188,2,134,30,1,37,2,8,0,7,7
"chr12.116",452,9,1456,14,108,411,286,18,3495,433,289,580,489,725,1648,325,51,250,54,39,6765,82,65,30,637,1003,193,6,147,50,5,102,4,13,1,4,11
"chr12.117",280,6,923,13,96,293,188,18,2119,269,242,422,242,350,470,221,61,174,23,40,3398,62,27,27,389,438,190,3,132,33,1,43,1,13,0,6,3
"chr12.118",NA,NA,NA,NA,NA,NA,NA,NA,NA,NA,NA,NA,NA,NA,NA,NA,NA,NA,NA,NA,NA,NA,NA,NA,NA,NA,NA,NA,NA,NA,NA,NA,NA,NA,NA,NA,NA
"chr12.119",NA,NA,NA,NA,NA,NA,NA,NA,NA,NA,NA,NA,NA,NA,NA,NA,NA,NA,NA,NA,NA,NA,NA,NA,NA,NA,NA,NA,NA,NA,NA,NA,NA,NA,NA,NA,NA
"chr12.120",NA,NA,NA,NA,NA,NA,NA,NA,NA,NA,NA,NA,NA,NA,NA,NA,NA,NA,NA,NA,NA,NA,NA,NA,NA,NA,NA,NA,NA,NA,NA,NA,NA,NA,NA,NA,NA
"chr12.121",228,8,787,17,71,267,155,18,2039,225,229,407,231,295,271,207,49,142,11,36,2139,31,38,21,314,336,182,3,103,29,3,40,1,7,0,2,3
"chr12.122",291,7,768,16,72,297,180,18,1629,226,238,443,295,336,339,237,67,153,12,33,2802,50,29,26,324,443,203,7,115,40,3,45,2,7,0,0,8
"chr12.123",385,7,1534,16,128,361,341,38,3459,548,394,596,716,643,1061,411,93,158,34,58,8186,127,93,53,632,1137,275,7,168,44,3,99,5,13,2,3,14
"chr12.124",542,5,1564,16,113,435,550,43,4040,822,501,861,873,929,2162,435,86,194,51,86,9126,121,74,57,951,1620,288,6,212,49,8,113,8,17,1,8,15
"chr12.125",489,14,2280,29,142,543,534,46,3985,812,501,882,1344,1069,2091,551,89,415,51,66,11504,112,58,57,945,2267,264,11,280,56,4,124,7,11,0,4,13
"chr12.126",449,5,1593,25,127,392,417,42,3692,476,494,897,937,853,1768,588,78,384,63,69,7515,79,63,50,825,1849,359,2,222,65,4,127,5,20,0,7,13
"chr12.127",484,6,2084,31,110,515,298,28,4005,707,358,864,710,975,1612,414,108,361,50,52,4414,98,79,65,817,1395,306,8,249,73,7,109,6,23,1,4,16
"chr12.128",312,5,1240,31,105,446,319,23,2932,441,295,645,535,943,1062,253,102,271,29,42,4129,78,35,70,583,907,223,4,196,36,2,84,4,15,0,3,6
"chr12.129",NA,NA,NA,NA,NA,NA,NA,NA,NA,NA,NA,NA,NA,NA,NA,NA,NA,NA,NA,NA,NA,NA,NA,NA,NA,NA,NA,NA,NA,NA,NA,NA,NA,NA,NA,NA,NA
"chr13.1",NA,NA,NA,NA,NA,NA,NA,NA,NA,NA,NA,NA,NA,NA,NA,NA,NA,NA,NA,NA,NA,NA,NA,NA,NA,NA,NA,NA,NA,NA,NA,NA,NA,NA,NA,NA,NA
"chr13.2",NA,NA,NA,NA,NA,NA,NA,NA,NA,NA,NA,NA,NA,NA,NA,NA,NA,NA,NA,NA,NA,NA,NA,NA,NA,NA,NA,NA,NA,NA,NA,NA,NA,NA,NA,NA,NA
"chr13.3",NA,NA,NA,NA,NA,NA,NA,NA,NA,NA,NA,NA,NA,NA,NA,NA,NA,NA,NA,NA,NA,NA,NA,NA,NA,NA,NA,NA,NA,NA,NA,NA,NA,NA,NA,NA,NA
"chr13.4",NA,NA,NA,NA,NA,NA,NA,NA,NA,NA,NA,NA,NA,NA,NA,NA,NA,NA,NA,NA,NA,NA,NA,NA,NA,NA,NA,NA,NA,NA,NA,NA,NA,NA,NA,NA,NA
"chr13.5",NA,NA,NA,NA,NA,NA,NA,NA,NA,NA,NA,NA,NA,NA,NA,NA,NA,NA,NA,NA,NA,NA,NA,NA,NA,NA,NA,NA,NA,NA,NA,NA,NA,NA,NA,NA,NA
"chr13.6",NA,NA,NA,NA,NA,NA,NA,NA,NA,NA,NA,NA,NA,NA,NA,NA,NA,NA,NA,NA,NA,NA,NA,NA,NA,NA,NA,NA,NA,NA,NA,NA,NA,NA,NA,NA,NA
"chr13.7",NA,NA,NA,NA,NA,NA,NA,NA,NA,NA,NA,NA,NA,NA,NA,NA,NA,NA,NA,NA,NA,NA,NA,NA,NA,NA,NA,NA,NA,NA,NA,NA,NA,NA,NA,NA,NA
"chr13.8",NA,NA,NA,NA,NA,NA,NA,NA,NA,NA,NA,NA,NA,NA,NA,NA,NA,NA,NA,NA,NA,NA,NA,NA,NA,NA,NA,NA,NA,NA,NA,NA,NA,NA,NA,NA,NA
"chr13.9",NA,NA,NA,NA,NA,NA,NA,NA,NA,NA,NA,NA,NA,NA,NA,NA,NA,NA,NA,NA,NA,NA,NA,NA,NA,NA,NA,NA,NA,NA,NA,NA,NA,NA,NA,NA,NA
"chr13.10",NA,NA,NA,NA,NA,NA,NA,NA,NA,NA,NA,NA,NA,NA,NA,NA,NA,NA,NA,NA,NA,NA,NA,NA,NA,NA,NA,NA,NA,NA,NA,NA,NA,NA,NA,NA,NA
"chr13.11",NA,NA,NA,NA,NA,NA,NA,NA,NA,NA,NA,NA,NA,NA,NA,NA,NA,NA,NA,NA,NA,NA,NA,NA,NA,NA,NA,NA,NA,NA,NA,NA,NA,NA,NA,NA,NA
"chr13.12",NA,NA,NA,NA,NA,NA,NA,NA,NA,NA,NA,NA,NA,NA,NA,NA,NA,NA,NA,NA,NA,NA,NA,NA,NA,NA,NA,NA,NA,NA,NA,NA,NA,NA,NA,NA,NA
"chr13.13",NA,NA,NA,NA,NA,NA,NA,NA,NA,NA,NA,NA,NA,NA,NA,NA,NA,NA,NA,NA,NA,NA,NA,NA,NA,NA,NA,NA,NA,NA,NA,NA,NA,NA,NA,NA,NA
"chr13.14",NA,NA,NA,NA,NA,NA,NA,NA,NA,NA,NA,NA,NA,NA,NA,NA,NA,NA,NA,NA,NA,NA,NA,NA,NA,NA,NA,NA,NA,NA,NA,NA,NA,NA,NA,NA,NA
"chr13.15",NA,NA,NA,NA,NA,NA,NA,NA,NA,NA,NA,NA,NA,NA,NA,NA,NA,NA,NA,NA,NA,NA,NA,NA,NA,NA,NA,NA,NA,NA,NA,NA,NA,NA,NA,NA,NA
"chr13.16",NA,NA,NA,NA,NA,NA,NA,NA,NA,NA,NA,NA,NA,NA,NA,NA,NA,NA,NA,NA,NA,NA,NA,NA,NA,NA,NA,NA,NA,NA,NA,NA,NA,NA,NA,NA,NA
"chr13.17",NA,NA,NA,NA,NA,NA,NA,NA,NA,NA,NA,NA,NA,NA,NA,NA,NA,NA,NA,NA,NA,NA,NA,NA,NA,NA,NA,NA,NA,NA,NA,NA,NA,NA,NA,NA,NA
"chr13.18",230,3,760,18,74,278,174,21,2435,235,231,488,275,354,350,184,69,143,14,24,1624,39,16,7,326,318,164,1,129,22,1,30,0,9,1,1,4
"chr13.19",269,16,1779,25,90,349,296,20,3341,457,272,482,367,589,1018,263,73,222,45,43,5541,66,19,19,548,518,218,6,152,45,4,52,2,21,1,5,11
"chr13.20",254,10,2035,21,88,328,317,33,3901,580,253,461,431,915,1532,277,75,260,22,28,6930,105,25,35,720,517,238,4,225,40,3,65,3,12,2,5,18
"chr13.21",202,5,1000,16,77,256,167,18,2461,288,203,336,248,359,428,196,68,148,17,31,2054,36,22,12,339,283,167,1,120,29,2,31,1,16,2,0,3
"chr13.22",NA,NA,NA,NA,NA,NA,NA,NA,NA,NA,NA,NA,NA,NA,NA,NA,NA,NA,NA,NA,NA,NA,NA,NA,NA,NA,NA,NA,NA,NA,NA,NA,NA,NA,NA,NA,NA
"chr13.23",410,7,1475,15,89,346,195,19,3450,341,394,385,338,520,749,245,58,201,34,28,2755,74,38,18,488,556,164,6,177,37,2,42,1,9,0,0,3
"chr13.24",302,3,987,13,80,317,174,29,2564,251,309,399,317,447,614,271,58,172,21,34,3620,55,23,19,458,519,188,5,120,51,2,64,0,13,1,4,2
"chr13.25",302,8,984,11,82,335,211,18,2709,190,322,414,357,370,430,241,83,203,31,34,2833,46,48,28,327,541,187,6,132,34,5,46,1,12,2,5,3
"chr13.26",354,13,981,21,92,418,254,18,3514,239,330,475,622,723,1180,277,109,268,35,32,5466,59,42,20,595,826,199,7,178,36,4,75,3,13,2,3,2
"chr13.27",225,6,788,15,54,230,180,15,2852,188,240,339,343,341,441,147,62,161,13,27,2020,38,21,19,352,330,152,2,111,41,3,40,1,11,0,3,2
"chr13.28",264,9,916,10,87,290,199,23,2834,177,266,331,310,360,466,147,63,137,15,19,2639,51,18,13,391,323,136,3,95,32,1,25,1,11,0,2,4
"chr13.29",299,4,868,13,98,329,183,31,3248,243,297,354,349,406,611,261,63,152,19,31,3803,47,33,11,387,586,164,3,151,34,4,30,2,13,1,3,4
"chr13.30",218,8,886,14,86,253,155,8,2764,228,259,317,246,356,488,240,43,130,9,26,3143,44,16,16,372,381,165,3,91,36,0,32,3,5,1,4,4
"chr13.31",221,5,949,12,68,289,155,11,3001,315,255,358,375,400,644,227,59,144,22,28,3073,78,17,24,424,491,179,4,98,33,1,31,0,17,3,0,5
"chr13.32",308,6,1985,14,79,264,166,15,3624,565,366,329,369,511,1321,347,53,123,9,47,4419,86,19,32,735,656,208,4,140,31,3,47,1,16,2,5,9
"chr13.33",238,7,2078,4,75,266,123,15,4337,568,269,339,362,895,2373,352,44,136,19,45,3122,81,7,22,990,529,207,3,248,45,1,19,1,8,0,4,7
"chr13.34",207,2,1536,19,84,330,169,19,3475,425,246,401,517,782,1781,290,66,148,12,34,4262,71,22,25,752,569,166,2,172,34,3,31,2,14,1,3,4
"chr13.35",260,10,1815,16,73,351,207,18,4380,588,258,408,507,693,1979,356,64,196,25,35,5044,86,21,31,848,681,179,5,208,48,1,45,0,18,1,4,9
"chr13.36",266,5,1710,11,102,286,285,27,3879,412,288,422,345,501,937,247,69,133,25,35,3473,66,26,16,578,450,192,6,152,47,1,48,1,12,0,2,11
"chr13.37",220,3,1128,11,79,302,185,18,3530,205,267,424,435,486,750,208,64,133,18,23,2449,43,21,28,506,403,134,3,144,43,7,29,3,15,0,0,1
"chr13.38",NA,NA,NA,NA,NA,NA,NA,NA,NA,NA,NA,NA,NA,NA,NA,NA,NA,NA,NA,NA,NA,NA,NA,NA,NA,NA,NA,NA,NA,NA,NA,NA,NA,NA,NA,NA,NA
"chr13.39",165,8,740,8,89,295,131,15,2444,172,217,281,243,332,339,186,55,128,12,26,2076,29,16,23,314,316,139,2,109,35,0,18,2,2,0,4,3
"chr13.40",219,5,889,8,74,291,145,22,3122,216,258,385,475,374,554,203,65,154,12,31,2872,45,23,21,441,385,138,3,137,22,1,34,4,9,0,4,3
"chr13.41",191,2,835,13,75,244,115,20,2893,273,233,359,312,320,470,174,52,133,14,23,2417,60,19,23,351,313,135,6,105,29,2,34,2,5,1,1,6
"chr13.42",187,6,853,12,58,256,122,16,2226,226,228,303,184,318,317,189,54,146,13,26,1933,41,14,27,277,274,119,2,104,18,4,28,2,10,1,3,2
"chr13.43",210,7,846,14,79,333,156,13,2885,288,224,292,346,458,701,188,74,150,11,24,2434,47,23,15,416,470,110,3,98,37,2,26,2,7,0,5,3
"chr13.44",249,9,797,22,95,311,232,26,3410,338,275,309,382,439,867,227,64,183,14,29,3554,46,14,24,534,531,169,3,110,24,3,43,3,10,1,2,7
"chr13.45",216,5,748,17,80,234,231,19,3239,286,249,316,353,399,702,198,75,213,21,36,3169,63,20,28,423,374,148,1,108,29,2,41,2,10,1,3,8
"chr13.46",187,5,744,10,86,237,156,15,2819,220,268,335,325,282,345,162,52,155,17,33,1821,32,16,24,311,325,106,1,78,38,1,18,2,6,0,1,5
"chr13.47",177,6,744,8,87,266,123,15,2316,177,262,297,205,328,355,149,48,123,18,29,1824,31,18,22,305,276,161,3,116,34,3,15,3,6,1,3,4
"chr13.48",225,3,768,12,77,251,107,16,2970,171,247,294,341,314,390,175,38,105,10,17,2030,30,20,18,336,284,135,4,112,32,4,18,2,7,1,4,4
"chr13.49",NA,NA,NA,NA,NA,NA,NA,NA,NA,NA,NA,NA,NA,NA,NA,NA,NA,NA,NA,NA,NA,NA,NA,NA,NA,NA,NA,NA,NA,NA,NA,NA,NA,NA,NA,NA,NA
"chr13.50",NA,NA,NA,NA,NA,NA,NA,NA,NA,NA,NA,NA,NA,NA,NA,NA,NA,NA,NA,NA,NA,NA,NA,NA,NA,NA,NA,NA,NA,NA,NA,NA,NA,NA,NA,NA,NA
"chr13.51",419,13,2780,17,164,570,263,29,5295,999,388,424,1191,997,2674,598,84,214,43,68,8752,199,47,40,1026,1383,325,6,302,56,6,99,0,30,1,5,17
"chr13.52",601,17,2645,33,179,699,374,42,7090,1264,494,512,1056,1050,2695,496,93,299,47,71,9658,229,42,42,1143,1415,291,7,262,39,12,72,0,26,1,6,19
"chr13.53",584,21,1954,32,211,533,512,47,6672,1391,667,531,1249,1334,3000,586,94,306,60,65,10749,229,54,55,1371,1504,395,17,262,45,7,102,1,27,3,6,17
"chr13.54",583,16,1668,23,192,489,487,54,6262,1234,625,461,1205,1356,2725,462,100,278,48,67,8884,223,31,62,1220,963,320,10,264,37,6,82,3,24,2,7,13
"chr13.55",516,4,2101,17,154,538,552,55,6360,1150,502,521,957,1077,2730,688,106,146,43,74,8219,194,52,34,1170,1434,266,9,268,46,5,92,4,9,0,5,16
"chr13.56",448,5,2350,23,142,363,482,49,5184,821,402,490,964,837,1820,641,108,148,33,64,6039,144,46,49,952,1315,319,11,210,41,7,53,6,11,2,5,9
"chr13.57",201,8,1295,15,90,260,178,21,3168,343,250,337,390,376,470,297,68,141,20,28,3341,69,22,27,436,687,179,1,130,24,1,40,5,9,0,0,7
"chr13.58",372,6,1811,21,143,397,246,28,4466,565,385,406,635,662,1910,375,91,189,22,34,4124,116,35,22,943,629,206,2,202,20,3,47,2,15,2,4,10
"chr13.59",551,7,1963,23,155,500,339,38,6877,892,519,480,824,1061,2826,655,107,260,37,62,7598,183,28,30,1196,1360,340,8,288,39,10,65,5,31,1,5,15
"chr13.60",529,9,3015,34,150,581,244,32,7807,1211,658,442,969,1021,2829,812,91,289,33,87,6786,212,55,28,1315,1741,273,18,305,45,6,55,2,17,1,4,13
"chr13.61",NA,NA,NA,NA,NA,NA,NA,NA,NA,NA,NA,NA,NA,NA,NA,NA,NA,NA,NA,NA,NA,NA,NA,NA,NA,NA,NA,NA,NA,NA,NA,NA,NA,NA,NA,NA,NA
"chr13.62",531,9,2978,33,145,630,447,44,7868,1204,628,514,1040,1490,2859,882,108,271,45,79,9274,215,46,41,1266,1699,321,11,343,37,8,85,3,10,0,4,9
"chr13.63",474,2,2848,18,137,517,331,54,7202,880,578,489,712,1447,2930,742,68,162,24,87,4913,143,26,37,1328,1584,385,11,337,40,6,42,2,14,1,4,7
"chr13.64",421,8,2047,13,134,375,250,26,7083,698,628,502,503,1036,2553,660,96,120,37,70,3598,100,20,28,1197,1057,303,7,292,48,4,52,4,9,0,4,9
"chr13.65",505,17,2271,20,144,540,434,41,7013,1066,619,492,1040,1117,2838,845,112,173,47,76,4920,188,30,24,1330,1781,312,7,290,34,6,52,6,12,1,8,11
"chr13.66",496,19,2525,38,155,528,269,63,7044,1162,552,447,1034,1215,2817,852,84,183,63,83,7061,223,65,27,1314,1806,309,9,309,45,4,86,2,19,2,10,10
"chr13.67",390,12,1572,33,149,332,222,41,4933,1125,387,434,974,751,1567,782,57,274,53,67,5440,225,51,26,925,1607,264,9,216,36,5,97,2,12,5,9,13
"chr13.68",323,18,2029,36,99,473,296,65,4296,1086,288,392,796,597,1035,667,56,254,51,57,9394,180,45,32,745,1187,242,4,197,51,3,87,1,6,0,8,17
"chr13.69",290,11,2139,22,117,379,172,29,3278,897,276,340,737,466,981,370,55,239,40,36,9157,153,20,33,720,687,200,3,187,24,0,73,1,9,0,10,6
"chr13.70",229,4,1150,24,95,321,154,23,2460,366,226,374,371,336,470,228,55,181,16,26,4558,61,28,21,424,367,181,2,120,32,0,47,3,6,0,4,6
"chr13.71",196,5,981,16,73,282,136,18,2934,342,270,302,398,443,592,228,50,143,22,36,2927,46,22,22,423,403,160,5,124,45,2,22,0,7,0,3,9
"chr13.72",274,4,1268,10,109,302,165,20,3799,404,333,398,504,634,1521,300,58,151,24,38,3694,73,23,27,807,651,187,8,174,36,5,34,1,9,0,6,5
"chr13.73",257,8,1439,21,74,327,264,19,3305,401,329,395,326,440,823,233,56,129,12,30,2777,72,9,16,496,413,198,2,135,43,3,36,1,8,0,2,4
"chr13.74",208,10,1378,5,78,283,186,22,3458,247,297,363,370,376,649,194,65,111,18,26,3304,55,22,19,532,399,139,4,151,29,3,23,2,8,0,6,6
"chr13.75",368,7,1684,9,117,420,281,26,4204,315,333,523,452,632,1326,363,70,140,37,50,3534,68,29,36,680,890,201,1,193,55,4,61,4,9,0,2,11
"chr13.76",337,9,1341,23,123,431,327,33,3501,339,366,481,481,626,1255,314,81,205,36,33,7157,54,31,25,647,766,187,4,168,36,3,72,4,11,1,6,6
"chr13.77",233,6,1128,12,112,317,238,20,2721,514,263,358,363,316,404,186,72,131,25,31,2844,55,18,25,368,345,151,4,131,31,2,58,2,10,0,2,7
"chr13.78",343,4,1571,23,134,313,397,31,4044,1019,490,424,702,534,1441,376,91,196,35,44,7430,119,33,29,846,603,222,5,152,42,4,59,3,6,0,7,14
"chr13.79",388,28,2606,33,123,373,309,61,5280,1217,549,364,753,689,2026,576,129,286,32,64,8636,205,29,34,1081,966,281,7,221,44,3,79,2,8,0,6,6
"chr13.80",416,18,2952,42,159,433,427,48,6767,1420,587,385,913,1188,3103,580,140,290,46,77,9651,224,31,46,1425,1283,232,4,294,40,12,59,1,5,0,8,6
"chr13.81",459,11,3310,26,141,646,384,40,7031,1366,628,391,1143,1339,2975,454,141,205,33,69,10590,259,71,39,1389,1056,259,9,275,25,6,71,2,17,1,6,4
"chr13.82",411,13,3086,34,121,596,288,16,4880,1268,476,434,833,786,1911,362,99,233,38,37,7220,233,62,39,1141,853,206,3,242,33,7,64,2,7,0,0,16
"chr13.83",NA,NA,NA,NA,NA,NA,NA,NA,NA,NA,NA,NA,NA,NA,NA,NA,NA,NA,NA,NA,NA,NA,NA,NA,NA,NA,NA,NA,NA,NA,NA,NA,NA,NA,NA,NA,NA
"chr13.84",450,26,2184,31,186,448,532,30,6440,1347,484,439,908,1378,2750,596,123,231,47,64,8714,254,35,31,1312,1136,280,7,335,40,7,87,0,10,1,3,19
"chr13.85",395,6,2794,34,204,380,409,32,6262,1392,428,510,671,1179,2907,661,109,187,59,62,5919,239,55,41,1331,1104,313,9,271,43,3,98,4,12,1,14,11
"chr13.86",372,20,2668,33,136,483,271,23,5432,1345,411,478,725,827,2197,619,129,229,47,81,6628,223,38,31,1036,955,260,5,225,48,4,83,0,7,0,8,19
"chr13.87",313,19,2069,30,159,335,253,24,5190,1210,359,466,742,718,1767,662,121,177,55,62,6634,198,35,32,958,1073,251,8,214,42,7,96,6,12,0,8,10
"chr13.88",341,9,2368,32,168,392,214,35,4233,694,328,467,716,588,1335,633,81,174,28,64,6628,140,58,40,843,1362,282,10,212,41,3,78,2,14,0,5,7
"chr13.89",387,11,1309,14,111,479,241,37,4354,689,445,585,576,649,2101,578,75,156,56,65,9505,140,40,44,992,1220,348,5,197,48,2,85,3,7,0,5,10
"chr13.90",311,8,1357,23,64,322,226,44,5118,1049,390,646,695,671,2138,593,80,178,33,73,10556,156,21,25,1110,1071,377,7,218,45,9,82,3,16,2,2,8
"chr13.91",NA,NA,NA,NA,NA,NA,NA,NA,NA,NA,NA,NA,NA,NA,NA,NA,NA,NA,NA,NA,NA,NA,NA,NA,NA,NA,NA,NA,NA,NA,NA,NA,NA,NA,NA,NA,NA
"chr13.92",217,5,998,11,85,242,169,23,3174,309,280,490,315,399,610,194,72,157,20,30,3113,53,25,19,436,343,174,1,121,54,2,40,1,5,0,0,5
"chr13.93",228,4,1155,12,67,312,152,18,3057,402,272,331,351,359,588,204,66,129,22,39,4070,66,42,18,463,448,164,4,128,35,3,52,0,6,0,3,6
"chr13.94",258,7,1453,13,74,365,236,25,3481,476,320,428,574,386,726,334,73,141,29,32,6856,82,22,20,451,708,166,7,158,34,2,71,1,20,1,5,11
"chr13.95",222,7,912,18,95,261,194,15,2844,286,302,380,326,334,496,276,64,152,16,35,2273,51,12,20,408,388,149,3,135,33,2,36,3,24,1,4,12
"chr13.96",200,4,746,13,85,286,134,15,2065,211,247,413,239,257,308,196,61,167,19,26,1841,32,17,18,316,247,210,7,112,32,1,26,2,8,1,3,3
"chr13.97",232,8,811,16,87,278,151,18,2297,245,265,350,296,327,383,177,54,148,19,30,2548,48,27,13,419,310,187,1,130,28,1,27,0,10,2,2,4
"chr13.98",283,7,1108,17,93,372,244,19,3211,378,333,413,576,627,1308,297,59,155,23,31,4772,77,30,19,652,548,233,4,159,29,5,48,1,7,0,1,7
"chr13.99",357,7,1127,17,75,290,385,16,4895,582,363,544,751,709,2276,380,52,132,28,59,5134,115,24,33,1000,843,198,8,193,49,1,71,2,19,0,3,10
"chr13.100",319,9,1234,11,112,269,306,27,3683,323,386,514,726,447,1044,327,80,209,30,43,6532,65,21,27,516,718,173,2,139,46,2,66,2,7,2,6,9
"chr13.101",324,14,1911,20,169,358,273,32,5239,589,435,594,1124,582,1648,552,112,220,44,45,7754,112,25,27,866,1266,228,6,162,50,11,70,4,13,0,6,8
"chr13.102",327,11,2656,28,167,471,236,24,4977,947,342,546,837,676,1984,464,133,156,36,60,4389,139,26,33,897,1035,212,1,196,48,3,93,1,7,1,3,14
"chr13.103",256,3,2845,29,152,427,187,17,3310,812,306,421,613,409,639,233,99,169,38,43,4339,141,33,43,488,592,195,9,155,50,2,67,1,11,1,3,15
"chr13.104",287,10,2454,17,125,526,264,25,3337,608,300,510,573,409,885,355,96,191,24,34,8222,121,34,31,506,795,179,3,155,29,1,64,6,12,0,7,10
"chr13.105",479,4,2353,19,122,579,409,35,4014,662,371,583,508,525,1194,588,68,192,44,68,8985,127,50,41,550,1314,248,6,155,28,5,91,3,22,0,2,14
"chr13.106",450,4,1368,7,113,501,243,31,4043,569,425,496,481,592,1431,347,56,145,47,42,2845,76,42,18,713,951,231,7,137,44,5,95,2,20,1,3,15
"chr13.107",281,6,963,17,96,363,235,17,3033,554,248,488,476,520,934,313,60,145,41,39,2405,84,31,19,547,570,182,5,139,31,1,64,1,12,0,0,6
"chr13.108",238,5,927,22,94,277,156,26,2327,206,242,415,311,372,380,231,68,157,13,35,2369,46,20,13,401,423,187,2,168,25,4,53,1,12,0,2,5
"chr13.109",NA,NA,NA,NA,NA,NA,NA,NA,NA,NA,NA,NA,NA,NA,NA,NA,NA,NA,NA,NA,NA,NA,NA,NA,NA,NA,NA,NA,NA,NA,NA,NA,NA,NA,NA,NA,NA
"chr13.110",261,5,717,14,95,314,172,20,2070,264,281,417,307,356,371,237,71,169,19,33,2223,32,26,23,401,351,185,4,123,41,1,42,2,2,0,4,3
"chr13.111",NA,NA,NA,NA,NA,NA,NA,NA,NA,NA,NA,NA,NA,NA,NA,NA,NA,NA,NA,NA,NA,NA,NA,NA,NA,NA,NA,NA,NA,NA,NA,NA,NA,NA,NA,NA,NA
"chr14.1",NA,NA,NA,NA,NA,NA,NA,NA,NA,NA,NA,NA,NA,NA,NA,NA,NA,NA,NA,NA,NA,NA,NA,NA,NA,NA,NA,NA,NA,NA,NA,NA,NA,NA,NA,NA,NA
"chr14.2",NA,NA,NA,NA,NA,NA,NA,NA,NA,NA,NA,NA,NA,NA,NA,NA,NA,NA,NA,NA,NA,NA,NA,NA,NA,NA,NA,NA,NA,NA,NA,NA,NA,NA,NA,NA,NA
"chr14.3",NA,NA,NA,NA,NA,NA,NA,NA,NA,NA,NA,NA,NA,NA,NA,NA,NA,NA,NA,NA,NA,NA,NA,NA,NA,NA,NA,NA,NA,NA,NA,NA,NA,NA,NA,NA,NA
"chr14.4",NA,NA,NA,NA,NA,NA,NA,NA,NA,NA,NA,NA,NA,NA,NA,NA,NA,NA,NA,NA,NA,NA,NA,NA,NA,NA,NA,NA,NA,NA,NA,NA,NA,NA,NA,NA,NA
"chr14.5",NA,NA,NA,NA,NA,NA,NA,NA,NA,NA,NA,NA,NA,NA,NA,NA,NA,NA,NA,NA,NA,NA,NA,NA,NA,NA,NA,NA,NA,NA,NA,NA,NA,NA,NA,NA,NA
"chr14.6",NA,NA,NA,NA,NA,NA,NA,NA,NA,NA,NA,NA,NA,NA,NA,NA,NA,NA,NA,NA,NA,NA,NA,NA,NA,NA,NA,NA,NA,NA,NA,NA,NA,NA,NA,NA,NA
"chr14.7",NA,NA,NA,NA,NA,NA,NA,NA,NA,NA,NA,NA,NA,NA,NA,NA,NA,NA,NA,NA,NA,NA,NA,NA,NA,NA,NA,NA,NA,NA,NA,NA,NA,NA,NA,NA,NA
"chr14.8",NA,NA,NA,NA,NA,NA,NA,NA,NA,NA,NA,NA,NA,NA,NA,NA,NA,NA,NA,NA,NA,NA,NA,NA,NA,NA,NA,NA,NA,NA,NA,NA,NA,NA,NA,NA,NA
"chr14.9",NA,NA,NA,NA,NA,NA,NA,NA,NA,NA,NA,NA,NA,NA,NA,NA,NA,NA,NA,NA,NA,NA,NA,NA,NA,NA,NA,NA,NA,NA,NA,NA,NA,NA,NA,NA,NA
"chr14.10",NA,NA,NA,NA,NA,NA,NA,NA,NA,NA,NA,NA,NA,NA,NA,NA,NA,NA,NA,NA,NA,NA,NA,NA,NA,NA,NA,NA,NA,NA,NA,NA,NA,NA,NA,NA,NA
"chr14.11",NA,NA,NA,NA,NA,NA,NA,NA,NA,NA,NA,NA,NA,NA,NA,NA,NA,NA,NA,NA,NA,NA,NA,NA,NA,NA,NA,NA,NA,NA,NA,NA,NA,NA,NA,NA,NA
"chr14.12",NA,NA,NA,NA,NA,NA,NA,NA,NA,NA,NA,NA,NA,NA,NA,NA,NA,NA,NA,NA,NA,NA,NA,NA,NA,NA,NA,NA,NA,NA,NA,NA,NA,NA,NA,NA,NA
"chr14.13",NA,NA,NA,NA,NA,NA,NA,NA,NA,NA,NA,NA,NA,NA,NA,NA,NA,NA,NA,NA,NA,NA,NA,NA,NA,NA,NA,NA,NA,NA,NA,NA,NA,NA,NA,NA,NA
"chr14.14",NA,NA,NA,NA,NA,NA,NA,NA,NA,NA,NA,NA,NA,NA,NA,NA,NA,NA,NA,NA,NA,NA,NA,NA,NA,NA,NA,NA,NA,NA,NA,NA,NA,NA,NA,NA,NA
"chr14.15",NA,NA,NA,NA,NA,NA,NA,NA,NA,NA,NA,NA,NA,NA,NA,NA,NA,NA,NA,NA,NA,NA,NA,NA,NA,NA,NA,NA,NA,NA,NA,NA,NA,NA,NA,NA,NA
"chr14.16",NA,NA,NA,NA,NA,NA,NA,NA,NA,NA,NA,NA,NA,NA,NA,NA,NA,NA,NA,NA,NA,NA,NA,NA,NA,NA,NA,NA,NA,NA,NA,NA,NA,NA,NA,NA,NA
"chr14.17",NA,NA,NA,NA,NA,NA,NA,NA,NA,NA,NA,NA,NA,NA,NA,NA,NA,NA,NA,NA,NA,NA,NA,NA,NA,NA,NA,NA,NA,NA,NA,NA,NA,NA,NA,NA,NA
"chr14.18",284,6,923,17,89,271,168,19,2164,232,215,424,282,329,282,250,70,155,27,36,2121,33,45,25,301,484,138,9,118,31,2,48,1,7,0,3,5
"chr14.19",324,8,1522,17,126,290,183,19,3389,270,266,558,384,431,603,255,60,189,33,34,7116,43,31,31,340,664,181,5,145,37,1,60,3,5,1,3,8
"chr14.20",NA,NA,NA,NA,NA,NA,NA,NA,NA,NA,NA,NA,NA,NA,NA,NA,NA,NA,NA,NA,NA,NA,NA,NA,NA,NA,NA,NA,NA,NA,NA,NA,NA,NA,NA,NA,NA
"chr14.21",NA,NA,NA,NA,NA,NA,NA,NA,NA,NA,NA,NA,NA,NA,NA,NA,NA,NA,NA,NA,NA,NA,NA,NA,NA,NA,NA,NA,NA,NA,NA,NA,NA,NA,NA,NA,NA
"chr14.22",323,5,1290,15,95,307,211,18,2941,423,238,505,684,498,699,328,77,142,48,38,2766,58,25,20,438,716,217,2,122,27,2,39,0,9,0,3,11
"chr14.23",407,6,2663,9,134,419,278,36,4638,913,342,571,1044,1006,2500,526,73,128,59,58,8580,126,33,33,1073,1274,323,2,284,41,6,98,3,15,0,2,5
"chr14.24",483,4,2590,14,167,255,462,44,4890,947,441,545,819,782,2223,615,72,130,48,86,9065,182,28,25,1014,1451,310,10,301,42,7,136,3,17,1,11,5
"chr14.25",484,9,2315,15,183,466,517,45,5832,962,429,614,962,1025,2283,557,103,167,58,77,10821,173,46,43,1060,1638,302,8,300,37,4,130,3,17,0,6,12
"chr14.26",618,14,2610,19,175,389,369,44,5706,783,410,662,846,1175,2460,669,87,127,30,76,6985,163,60,57,1092,1500,252,7,275,40,14,135,6,14,0,8,13
"chr14.27",388,6,1891,15,100,279,218,28,4282,614,258,564,536,678,1640,445,63,141,35,44,4102,102,22,28,714,787,165,6,187,47,3,73,2,7,0,2,5
"chr14.28",237,8,858,12,59,241,140,15,2280,222,256,378,241,321,264,180,44,137,23,27,1990,32,12,22,303,356,151,2,110,30,0,37,0,7,0,2,2
"chr14.29",223,2,836,9,71,228,154,17,2696,278,243,388,307,310,322,186,41,124,20,39,1775,35,24,19,310,355,135,4,99,31,1,29,1,3,1,2,3
"chr14.30",229,6,1733,13,90,244,201,11,3830,548,244,423,534,575,1144,351,55,112,26,39,2906,100,22,17,598,689,169,4,201,30,3,47,0,14,0,2,4
"chr14.31",238,2,1474,11,88,247,158,17,2539,399,264,415,435,354,357,241,59,143,21,34,2049,80,27,26,352,560,144,6,154,34,3,41,2,7,0,3,4
"chr14.32",NA,NA,NA,NA,NA,NA,NA,NA,NA,NA,NA,NA,NA,NA,NA,NA,NA,NA,NA,NA,NA,NA,NA,NA,NA,NA,NA,NA,NA,NA,NA,NA,NA,NA,NA,NA,NA
"chr14.33",298,5,1103,13,87,230,205,10,2700,277,239,408,174,373,468,211,53,132,20,26,2696,61,29,27,349,357,131,5,116,22,3,67,0,12,1,4,3
"chr14.34",296,7,1101,12,105,265,189,20,3189,610,254,429,249,399,500,207,55,285,33,32,4321,123,20,26,434,257,255,5,143,31,1,63,0,7,1,4,9
"chr14.35",442,8,980,18,110,336,225,30,3566,599,305,479,353,468,670,373,80,311,31,39,9263,119,44,35,469,551,162,4,134,31,4,79,1,12,0,5,7
"chr14.36",NA,NA,NA,NA,NA,NA,NA,NA,NA,NA,NA,NA,NA,NA,NA,NA,NA,NA,NA,NA,NA,NA,NA,NA,NA,NA,NA,NA,NA,NA,NA,NA,NA,NA,NA,NA,NA
"chr14.37",288,10,1678,30,135,248,260,17,4913,566,277,502,616,831,2281,468,94,297,35,43,10155,92,30,28,902,1100,155,5,176,37,6,56,1,17,1,1,2
"chr14.38",451,8,2517,27,196,373,415,46,6136,814,441,609,958,1170,2561,656,109,351,47,72,8803,142,42,46,1039,1544,241,7,269,38,8,100,2,20,2,5,19
"chr14.39",534,15,2903,34,158,512,479,42,6078,538,533,532,1035,1145,2561,702,103,352,38,77,5622,113,24,33,1060,1958,239,7,283,44,5,85,2,17,2,7,10
"chr14.40",616,20,2406,43,181,492,482,43,4882,682,537,545,1011,988,2140,712,119,345,42,62,4676,150,45,31,986,1786,210,1,248,25,5,86,0,13,1,6,9
"chr14.41",471,14,1579,36,167,437,301,29,4307,538,414,525,867,774,1875,642,107,355,39,85,3321,132,26,29,841,1414,232,5,173,29,3,87,2,16,1,5,11
"chr14.42",NA,NA,NA,NA,NA,NA,NA,NA,NA,NA,NA,NA,NA,NA,NA,NA,NA,NA,NA,NA,NA,NA,NA,NA,NA,NA,NA,NA,NA,NA,NA,NA,NA,NA,NA,NA,NA
"chr14.43",251,15,2132,44,154,379,496,31,3891,744,317,488,550,862,1635,520,91,336,42,60,3209,137,36,44,822,948,195,4,202,42,2,113,3,20,0,7,7
"chr14.44",329,5,2135,8,220,439,568,45,5003,900,422,603,730,1047,2263,792,97,180,46,91,2114,137,47,43,1061,1497,280,4,207,48,7,92,3,8,1,4,20
"chr14.45",449,3,2631,21,226,502,570,28,5281,886,437,546,853,1173,2624,736,84,234,50,68,3701,165,53,35,1129,1669,297,6,259,64,3,120,2,19,0,5,12
"chr14.46",419,11,1677,18,124,286,337,18,3787,472,348,433,643,808,2092,481,66,218,41,60,4484,85,42,33,803,1105,240,2,246,40,5,95,4,16,0,2,7
"chr14.47",208,3,775,12,62,236,136,17,1768,249,233,390,193,272,263,196,56,129,9,32,1315,27,8,19,281,245,148,2,133,31,1,27,2,3,0,3,4
"chr14.48",230,2,904,13,92,217,171,21,3004,235,252,397,342,341,594,168,50,138,18,34,1864,53,11,24,468,332,123,1,110,39,5,24,2,10,1,2,2
"chr14.49",295,7,1118,21,104,256,158,23,2763,212,269,471,486,346,666,277,51,155,17,28,2737,51,16,34,404,574,166,3,140,26,1,31,1,3,2,2,4
"chr14.50",223,6,802,11,93,241,177,27,2848,226,244,376,246,346,565,238,55,121,12,28,2048,48,21,28,361,401,158,2,121,34,3,29,1,8,0,1,2
"chr14.51",266,10,984,14,95,232,262,24,2684,304,323,480,335,341,362,248,66,199,21,37,4079,52,14,36,333,410,139,6,114,40,0,25,3,9,0,0,5
"chr14.52",183,4,788,13,75,219,145,11,2073,234,220,390,226,277,294,168,63,132,15,34,1482,38,17,16,291,269,131,0,114,46,3,34,2,3,0,4,4
"chr14.53",210,5,1288,12,87,228,170,17,2926,314,244,441,246,302,383,205,49,151,19,31,1890,45,19,22,296,389,139,4,120,24,2,49,2,7,0,3,5
"chr14.54",302,6,1117,15,75,243,184,17,3472,387,253,413,397,398,596,292,51,174,14,26,4724,75,39,27,437,544,159,4,132,35,2,53,4,10,1,4,7
"chr14.55",276,4,1114,13,82,249,205,18,3236,343,275,485,354,386,727,254,54,149,17,38,4209,67,20,16,442,602,151,4,120,36,3,33,2,15,0,6,7
"chr14.56",284,4,1037,8,75,263,164,22,3015,263,277,422,406,338,448,288,48,140,23,31,2451,61,18,30,335,573,152,1,120,20,3,28,2,9,0,2,2
"chr14.57",269,4,1043,16,73,263,189,15,3415,279,260,374,391,406,641,303,57,143,19,43,3839,56,18,25,437,543,146,2,127,31,3,57,2,12,0,0,3
"chr14.58",183,5,873,14,80,225,141,22,2680,231,242,331,218,308,318,183,70,143,13,26,1902,55,17,21,356,263,172,9,103,28,3,26,1,3,0,1,6
"chr14.59",321,4,1438,14,97,292,183,34,3313,335,270,441,427,320,542,319,76,173,32,23,7025,41,32,26,397,434,162,5,134,24,2,67,3,13,2,1,3
"chr14.60",396,8,1660,16,113,349,175,12,3676,461,289,450,459,449,830,277,67,173,30,35,6694,76,25,40,486,606,140,5,129,42,3,70,2,15,2,1,4
"chr14.61",187,7,781,15,70,250,141,19,2006,230,245,387,184,260,287,232,57,125,13,26,1454,42,10,22,261,291,163,3,116,24,2,25,0,8,0,1,6
"chr14.62",220,5,938,11,85,248,167,19,1920,207,199,317,215,273,242,193,55,143,16,34,2218,56,22,28,295,311,141,2,100,27,3,36,0,8,0,2,7
"chr14.63",254,2,1057,7,111,251,202,14,2643,279,271,375,322,337,352,314,56,127,15,29,3374,47,25,20,350,533,168,3,104,27,2,31,1,11,0,7,5
"chr14.64",195,2,914,11,87,235,153,18,2299,313,220,288,211,272,287,233,55,99,15,32,1533,53,16,17,328,348,158,2,120,42,0,39,1,5,0,3,10
"chr14.65",166,1,666,10,65,215,127,18,2006,180,189,354,168,243,236,204,40,132,4,22,1357,22,11,24,238,277,158,1,105,30,2,35,0,6,0,1,3
"chr14.66",212,6,671,19,78,236,132,15,1936,383,216,297,205,242,257,208,50,148,14,29,2071,42,30,15,324,260,141,5,106,26,1,25,3,8,0,1,3
"chr14.67",281,6,727,14,59,273,181,20,2696,243,251,372,385,319,394,210,57,167,17,38,5524,42,34,19,349,455,129,3,110,30,1,62,2,4,0,1,2
"chr14.68",189,4,789,10,72,232,151,11,2272,161,203,343,260,268,258,234,63,137,14,29,3322,32,18,27,300,363,120,3,104,33,1,34,1,11,0,3,2
"chr14.69",232,4,1258,24,113,285,313,19,3220,288,259,342,464,569,811,296,58,154,33,37,7910,50,40,43,504,671,160,3,154,34,2,62,1,8,0,8,6
"chr14.70",204,3,772,13,73,269,197,19,1950,183,255,350,312,354,478,214,64,141,11,40,2130,31,36,32,366,468,136,1,112,29,3,43,3,7,1,2,6
"chr14.71",NA,NA,NA,NA,NA,NA,NA,NA,NA,NA,NA,NA,NA,NA,NA,NA,NA,NA,NA,NA,NA,NA,NA,NA,NA,NA,NA,NA,NA,NA,NA,NA,NA,NA,NA,NA,NA
"chr14.72",177,6,724,13,91,239,183,19,1834,175,214,348,216,265,237,228,50,166,23,30,1875,38,12,26,287,285,160,4,100,32,3,26,1,4,0,3,2
"chr14.73",235,2,830,11,68,226,147,23,2242,219,224,324,281,360,429,231,39,140,24,26,2200,37,20,24,348,355,140,3,128,24,5,42,0,7,0,1,4
"chr14.74",261,2,785,12,79,227,172,19,2064,226,184,354,297,360,437,206,46,120,19,31,2480,48,13,25,337,337,138,2,117,27,3,47,1,9,0,0,5
"chr14.75",336,6,1413,6,87,316,167,24,2618,301,235,418,466,446,976,306,49,154,31,41,4620,54,29,27,474,627,157,8,130,28,2,57,2,10,2,3,4
"chr14.76",NA,NA,NA,NA,NA,NA,NA,NA,NA,NA,NA,NA,NA,NA,NA,NA,NA,NA,NA,NA,NA,NA,NA,NA,NA,NA,NA,NA,NA,NA,NA,NA,NA,NA,NA,NA,NA
"chr14.77",297,8,1728,14,110,304,194,15,3388,650,329,482,534,805,1920,372,64,132,31,41,4330,106,27,28,804,740,176,7,197,47,2,47,3,19,0,7,5
"chr14.78",219,1,820,15,82,235,156,12,2908,282,266,310,347,409,527,209,53,106,22,41,2596,52,12,26,421,438,129,1,140,37,0,25,2,9,0,2,4
"chr14.79",328,6,1648,10,132,386,225,13,4883,761,339,421,908,1018,2414,386,69,177,36,49,8627,124,30,50,989,982,233,7,256,34,2,95,1,15,1,2,15
"chr14.80",367,9,2892,21,186,576,375,26,6472,1062,446,519,580,1171,2716,452,80,206,23,52,10799,192,36,41,1126,852,236,8,334,38,8,112,2,16,0,9,13
"chr14.81",367,12,3087,23,169,535,321,16,6955,1147,352,595,749,659,1516,642,80,202,26,51,5314,213,33,33,928,1387,239,7,309,43,9,80,6,16,0,4,3
"chr14.82",355,16,2725,29,159,504,315,24,6482,1106,369,624,636,606,1747,528,83,257,27,70,7005,190,16,53,961,1091,179,7,271,43,7,63,4,10,0,6,5
"chr14.83",498,12,1861,27,166,523,366,35,5917,1025,337,654,756,820,2197,567,89,198,17,59,5669,175,23,48,952,1471,227,6,204,53,4,62,1,10,0,3,3
"chr14.84",597,15,1983,14,165,418,470,31,5609,943,405,703,1110,811,2017,750,65,234,29,67,9272,165,29,46,927,1928,273,5,197,44,5,87,4,16,1,4,5
"chr14.85",494,6,1160,17,110,314,244,22,3137,418,306,481,641,534,926,388,72,185,29,41,4788,67,28,39,479,1264,200,9,143,48,2,67,3,13,1,4,7
"chr14.86",245,4,833,13,86,263,155,14,2504,266,247,340,308,306,377,214,47,131,26,32,2744,39,20,26,346,472,144,2,134,28,3,43,2,5,0,3,5
"chr14.87",262,5,798,21,69,231,166,18,2524,235,247,355,306,315,301,209,65,128,20,33,3362,39,15,26,296,449,134,2,112,43,2,43,3,7,0,6,7
"chr14.88",203,5,784,11,67,252,147,17,1802,266,187,310,166,292,267,180,53,151,10,31,1678,33,18,17,314,262,157,0,109,34,0,29,2,4,1,6,2
"chr14.89",288,8,911,17,83,235,172,24,2216,222,224,369,229,360,321,309,63,121,24,27,3482,36,16,28,306,467,140,2,103,34,3,50,3,9,3,7,4
"chr14.90",258,8,772,13,76,229,170,27,2050,193,209,373,252,332,331,209,43,161,20,25,2144,37,20,24,336,414,131,6,108,22,0,56,0,8,0,8,3
"chr14.91",284,6,880,9,85,269,200,30,2959,298,235,357,391,385,538,271,58,197,25,33,4259,72,27,31,352,561,176,6,123,27,2,58,1,14,0,4,5
"chr14.92",276,8,780,18,119,278,158,13,2386,277,206,361,404,362,396,243,56,201,19,45,3885,55,31,27,317,551,181,1,130,30,3,43,1,17,0,5,7
"chr14.93",269,11,920,16,102,291,207,17,2585,325,218,398,403,397,669,240,95,202,31,27,5380,71,35,32,372,605,146,5,119,38,4,60,2,12,1,6,4
"chr14.94",428,11,1434,15,140,326,370,33,3479,370,325,433,689,769,1334,280,67,235,45,44,5328,84,47,46,580,658,165,4,150,25,3,65,1,9,0,7,4
"chr14.95",472,7,2398,22,212,310,391,28,4362,704,466,539,745,854,2007,258,87,246,46,38,7490,122,85,63,833,683,166,12,223,33,3,86,2,10,0,7,4
"chr14.96",358,6,1569,23,145,312,247,18,2694,522,334,425,539,421,603,241,57,234,38,45,4077,88,65,34,430,457,162,3,145,38,5,67,7,17,2,3,9
"chr14.97",227,4,715,13,83,216,127,16,2146,243,225,394,170,328,372,190,43,149,13,29,1994,40,42,22,302,302,127,4,100,35,4,44,2,10,1,3,4
"chr14.98",412,6,1045,14,143,378,227,33,2718,323,310,458,493,519,698,317,65,250,30,48,5364,85,29,42,464,616,176,5,134,21,5,60,4,4,0,3,7
"chr14.99",236,6,727,18,88,249,150,21,1655,236,236,334,180,314,316,205,55,162,16,27,1791,43,18,26,345,326,140,3,99,30,2,30,6,6,0,4,3
"chr14.100",239,1,702,7,92,249,183,19,1560,221,212,360,207,315,260,183,58,156,20,48,1909,43,30,29,300,317,168,2,152,30,2,39,1,9,1,2,4
"chr14.101",304,8,755,12,136,259,188,26,1808,257,216,425,311,388,328,222,47,192,35,39,2941,49,40,29,309,417,177,4,112,35,3,59,1,12,0,3,1
"chr14.102",278,7,581,12,95,225,154,21,1326,221,244,373,233,375,306,210,49,183,17,42,1931,37,19,36,319,317,131,2,115,42,5,39,5,10,0,6,3
"chr14.103",NA,NA,NA,NA,NA,NA,NA,NA,NA,NA,NA,NA,NA,NA,NA,NA,NA,NA,NA,NA,NA,NA,NA,NA,NA,NA,NA,NA,NA,NA,NA,NA,NA,NA,NA,NA,NA
"chr15.1",NA,NA,NA,NA,NA,NA,NA,NA,NA,NA,NA,NA,NA,NA,NA,NA,NA,NA,NA,NA,NA,NA,NA,NA,NA,NA,NA,NA,NA,NA,NA,NA,NA,NA,NA,NA,NA
"chr15.2",NA,NA,NA,NA,NA,NA,NA,NA,NA,NA,NA,NA,NA,NA,NA,NA,NA,NA,NA,NA,NA,NA,NA,NA,NA,NA,NA,NA,NA,NA,NA,NA,NA,NA,NA,NA,NA
"chr15.3",NA,NA,NA,NA,NA,NA,NA,NA,NA,NA,NA,NA,NA,NA,NA,NA,NA,NA,NA,NA,NA,NA,NA,NA,NA,NA,NA,NA,NA,NA,NA,NA,NA,NA,NA,NA,NA
"chr15.4",NA,NA,NA,NA,NA,NA,NA,NA,NA,NA,NA,NA,NA,NA,NA,NA,NA,NA,NA,NA,NA,NA,NA,NA,NA,NA,NA,NA,NA,NA,NA,NA,NA,NA,NA,NA,NA
"chr15.5",NA,NA,NA,NA,NA,NA,NA,NA,NA,NA,NA,NA,NA,NA,NA,NA,NA,NA,NA,NA,NA,NA,NA,NA,NA,NA,NA,NA,NA,NA,NA,NA,NA,NA,NA,NA,NA
"chr15.6",NA,NA,NA,NA,NA,NA,NA,NA,NA,NA,NA,NA,NA,NA,NA,NA,NA,NA,NA,NA,NA,NA,NA,NA,NA,NA,NA,NA,NA,NA,NA,NA,NA,NA,NA,NA,NA
"chr15.7",NA,NA,NA,NA,NA,NA,NA,NA,NA,NA,NA,NA,NA,NA,NA,NA,NA,NA,NA,NA,NA,NA,NA,NA,NA,NA,NA,NA,NA,NA,NA,NA,NA,NA,NA,NA,NA
"chr15.8",NA,NA,NA,NA,NA,NA,NA,NA,NA,NA,NA,NA,NA,NA,NA,NA,NA,NA,NA,NA,NA,NA,NA,NA,NA,NA,NA,NA,NA,NA,NA,NA,NA,NA,NA,NA,NA
"chr15.9",NA,NA,NA,NA,NA,NA,NA,NA,NA,NA,NA,NA,NA,NA,NA,NA,NA,NA,NA,NA,NA,NA,NA,NA,NA,NA,NA,NA,NA,NA,NA,NA,NA,NA,NA,NA,NA
"chr15.10",NA,NA,NA,NA,NA,NA,NA,NA,NA,NA,NA,NA,NA,NA,NA,NA,NA,NA,NA,NA,NA,NA,NA,NA,NA,NA,NA,NA,NA,NA,NA,NA,NA,NA,NA,NA,NA
"chr15.11",NA,NA,NA,NA,NA,NA,NA,NA,NA,NA,NA,NA,NA,NA,NA,NA,NA,NA,NA,NA,NA,NA,NA,NA,NA,NA,NA,NA,NA,NA,NA,NA,NA,NA,NA,NA,NA
"chr15.12",NA,NA,NA,NA,NA,NA,NA,NA,NA,NA,NA,NA,NA,NA,NA,NA,NA,NA,NA,NA,NA,NA,NA,NA,NA,NA,NA,NA,NA,NA,NA,NA,NA,NA,NA,NA,NA
"chr15.13",NA,NA,NA,NA,NA,NA,NA,NA,NA,NA,NA,NA,NA,NA,NA,NA,NA,NA,NA,NA,NA,NA,NA,NA,NA,NA,NA,NA,NA,NA,NA,NA,NA,NA,NA,NA,NA
"chr15.14",NA,NA,NA,NA,NA,NA,NA,NA,NA,NA,NA,NA,NA,NA,NA,NA,NA,NA,NA,NA,NA,NA,NA,NA,NA,NA,NA,NA,NA,NA,NA,NA,NA,NA,NA,NA,NA
"chr15.15",NA,NA,NA,NA,NA,NA,NA,NA,NA,NA,NA,NA,NA,NA,NA,NA,NA,NA,NA,NA,NA,NA,NA,NA,NA,NA,NA,NA,NA,NA,NA,NA,NA,NA,NA,NA,NA
"chr15.16",NA,NA,NA,NA,NA,NA,NA,NA,NA,NA,NA,NA,NA,NA,NA,NA,NA,NA,NA,NA,NA,NA,NA,NA,NA,NA,NA,NA,NA,NA,NA,NA,NA,NA,NA,NA,NA
"chr15.17",NA,NA,NA,NA,NA,NA,NA,NA,NA,NA,NA,NA,NA,NA,NA,NA,NA,NA,NA,NA,NA,NA,NA,NA,NA,NA,NA,NA,NA,NA,NA,NA,NA,NA,NA,NA,NA
"chr15.18",NA,NA,NA,NA,NA,NA,NA,NA,NA,NA,NA,NA,NA,NA,NA,NA,NA,NA,NA,NA,NA,NA,NA,NA,NA,NA,NA,NA,NA,NA,NA,NA,NA,NA,NA,NA,NA
"chr15.19",NA,NA,NA,NA,NA,NA,NA,NA,NA,NA,NA,NA,NA,NA,NA,NA,NA,NA,NA,NA,NA,NA,NA,NA,NA,NA,NA,NA,NA,NA,NA,NA,NA,NA,NA,NA,NA
"chr15.20",NA,NA,NA,NA,NA,NA,NA,NA,NA,NA,NA,NA,NA,NA,NA,NA,NA,NA,NA,NA,NA,NA,NA,NA,NA,NA,NA,NA,NA,NA,NA,NA,NA,NA,NA,NA,NA
"chr15.21",NA,NA,NA,NA,NA,NA,NA,NA,NA,NA,NA,NA,NA,NA,NA,NA,NA,NA,NA,NA,NA,NA,NA,NA,NA,NA,NA,NA,NA,NA,NA,NA,NA,NA,NA,NA,NA
"chr15.22",392,8,1731,34,118,367,306,22,3996,518,349,535,556,1074,1828,509,93,229,47,66,5806,83,38,34,866,1468,221,2,258,46,3,69,4,17,0,5,20
"chr15.23",460,7,2788,25,98,391,316,25,5062,734,408,702,747,1169,2180,626,71,274,45,75,6053,146,47,81,1008,1754,278,2,256,67,5,96,2,26,2,4,8
"chr15.24",334,8,2659,29,133,336,201,25,5233,675,409,525,1061,1211,2260,406,75,228,45,55,4144,132,64,63,1072,1158,197,12,265,39,1,99,6,20,0,12,11
"chr15.25",NA,NA,NA,NA,NA,NA,NA,NA,NA,NA,NA,NA,NA,NA,NA,NA,NA,NA,NA,NA,NA,NA,NA,NA,NA,NA,NA,NA,NA,NA,NA,NA,NA,NA,NA,NA,NA
"chr15.26",NA,NA,NA,NA,NA,NA,NA,NA,NA,NA,NA,NA,NA,NA,NA,NA,NA,NA,NA,NA,NA,NA,NA,NA,NA,NA,NA,NA,NA,NA,NA,NA,NA,NA,NA,NA,NA
"chr15.27",NA,NA,NA,NA,NA,NA,NA,NA,NA,NA,NA,NA,NA,NA,NA,NA,NA,NA,NA,NA,NA,NA,NA,NA,NA,NA,NA,NA,NA,NA,NA,NA,NA,NA,NA,NA,NA
"chr15.28",NA,NA,NA,NA,NA,NA,NA,NA,NA,NA,NA,NA,NA,NA,NA,NA,NA,NA,NA,NA,NA,NA,NA,NA,NA,NA,NA,NA,NA,NA,NA,NA,NA,NA,NA,NA,NA
"chr15.29",NA,NA,NA,NA,NA,NA,NA,NA,NA,NA,NA,NA,NA,NA,NA,NA,NA,NA,NA,NA,NA,NA,NA,NA,NA,NA,NA,NA,NA,NA,NA,NA,NA,NA,NA,NA,NA
"chr15.30",258,7,1551,23,74,261,224,11,2684,316,243,421,349,528,708,265,86,210,26,29,2329,67,47,36,423,746,213,5,157,30,1,36,1,10,0,2,14
"chr15.31",NA,NA,NA,NA,NA,NA,NA,NA,NA,NA,NA,NA,NA,NA,NA,NA,NA,NA,NA,NA,NA,NA,NA,NA,NA,NA,NA,NA,NA,NA,NA,NA,NA,NA,NA,NA,NA
"chr15.32",228,4,953,8,48,253,157,21,2939,323,278,380,322,321,552,199,42,113,13,31,2557,50,19,28,419,503,152,7,152,33,2,45,2,4,0,3,11
"chr15.33",289,6,1213,16,60,269,238,25,4030,537,322,426,460,376,892,274,58,149,28,51,7084,84,25,40,516,607,147,11,132,33,2,46,3,12,1,3,8
"chr15.34",265,8,1054,9,77,323,304,27,4214,403,290,463,494,390,726,291,72,152,27,40,6339,96,31,48,469,687,187,4,123,40,2,65,3,15,0,5,10
"chr15.35",280,2,1342,8,91,263,230,19,3174,225,245,374,237,285,404,248,50,117,27,34,3462,61,32,30,351,433,170,8,110,20,3,30,1,5,0,1,4
"chr15.36",229,5,998,16,59,200,146,19,2950,335,231,316,191,330,492,211,54,177,29,36,4974,52,14,32,325,360,131,2,116,37,1,27,2,4,1,2,6
"chr15.37",206,3,762,5,65,259,151,10,1810,174,257,307,157,266,274,193,51,148,26,27,1939,31,29,20,310,261,150,5,104,36,0,20,2,4,1,2,3
"chr15.38",NA,NA,NA,NA,NA,NA,NA,NA,NA,NA,NA,NA,NA,NA,NA,NA,NA,NA,NA,NA,NA,NA,NA,NA,NA,NA,NA,NA,NA,NA,NA,NA,NA,NA,NA,NA,NA
"chr15.39",187,3,785,6,62,230,123,17,1651,151,201,350,139,298,304,156,53,136,15,35,1561,34,20,22,247,258,140,2,112,27,2,24,0,7,1,3,3
"chr15.40",NA,NA,NA,NA,NA,NA,NA,NA,NA,NA,NA,NA,NA,NA,NA,NA,NA,NA,NA,NA,NA,NA,NA,NA,NA,NA,NA,NA,NA,NA,NA,NA,NA,NA,NA,NA,NA
"chr15.41",NA,NA,NA,NA,NA,NA,NA,NA,NA,NA,NA,NA,NA,NA,NA,NA,NA,NA,NA,NA,NA,NA,NA,NA,NA,NA,NA,NA,NA,NA,NA,NA,NA,NA,NA,NA,NA
"chr15.42",NA,NA,NA,NA,NA,NA,NA,NA,NA,NA,NA,NA,NA,NA,NA,NA,NA,NA,NA,NA,NA,NA,NA,NA,NA,NA,NA,NA,NA,NA,NA,NA,NA,NA,NA,NA,NA
"chr15.43",443,15,1679,17,96,326,198,33,3109,519,324,415,443,683,1568,411,42,184,28,47,7320,90,53,23,631,855,221,5,155,20,3,79,1,11,0,3,12
"chr15.44",363,6,1960,20,101,481,258,26,3945,700,472,427,569,758,2190,388,45,136,38,32,2566,100,33,19,739,723,208,4,212,28,1,44,2,12,0,5,16
"chr15.45",246,4,1636,13,71,279,182,18,3502,367,312,397,454,527,1352,295,60,145,28,45,1856,68,19,32,540,584,186,4,172,33,5,25,1,10,1,2,6
"chr15.46",220,8,885,13,61,253,152,19,2955,199,233,315,216,326,436,225,67,118,15,36,2215,34,9,45,376,411,137,2,137,30,3,33,0,9,1,2,7
"chr15.47",221,9,868,13,67,279,162,12,2490,278,260,328,318,370,445,262,61,189,16,25,3631,55,17,20,324,494,156,1,119,20,3,23,0,11,1,1,5
"chr15.48",202,5,809,13,56,270,160,22,2411,225,260,335,230,336,309,193,52,160,17,25,2854,36,23,32,296,347,164,3,117,31,2,28,3,10,0,1,7
"chr15.49",183,7,811,14,52,272,141,22,2187,187,234,318,161,308,276,160,39,140,11,20,1599,37,23,27,311,275,131,2,127,20,1,46,1,5,0,2,5
"chr15.50",332,5,724,12,99,325,368,21,3480,404,304,464,431,424,1276,350,55,155,48,36,4737,52,71,36,530,925,160,5,123,35,2,71,4,12,0,2,11
"chr15.51",350,6,1834,16,146,301,379,11,4246,618,334,548,409,603,1607,445,72,190,59,42,8519,117,57,32,681,1124,218,6,176,28,1,93,1,8,0,6,17
"chr15.52",NA,NA,NA,NA,NA,NA,NA,NA,NA,NA,NA,NA,NA,NA,NA,NA,NA,NA,NA,NA,NA,NA,NA,NA,NA,NA,NA,NA,NA,NA,NA,NA,NA,NA,NA,NA,NA
"chr15.53",194,10,852,11,62,250,169,12,2900,217,257,301,201,301,288,190,53,125,25,32,2420,58,12,27,283,422,150,3,100,21,5,20,3,7,0,1,7
"chr15.54",192,5,868,6,67,312,135,13,2346,203,209,303,177,245,256,176,56,143,43,32,2666,40,21,23,263,350,152,8,107,22,0,31,0,9,0,0,8
"chr15.55",214,4,825,11,69,281,157,23,2524,288,258,322,275,308,309,212,65,167,22,25,3240,54,20,20,262,457,195,3,124,31,1,50,1,7,0,1,6
"chr15.56",189,8,770,17,64,261,142,17,1910,244,216,369,161,261,249,182,53,132,17,23,1706,32,18,23,246,297,178,4,114,41,1,28,2,7,0,1,0
"chr15.57",258,5,1021,9,66,281,170,24,2654,249,230,391,276,373,444,198,58,201,31,27,3207,67,26,38,361,369,163,3,132,32,1,44,2,11,0,2,10
"chr15.58",269,2,829,10,59,280,150,16,3502,372,300,380,350,507,1136,275,68,126,21,38,6260,69,19,18,558,540,172,3,140,30,4,34,2,8,0,2,9
"chr15.59",225,5,925,8,55,272,143,17,2346,267,258,337,254,296,369,225,65,136,28,26,3528,56,21,34,316,467,148,2,119,26,1,28,2,13,1,3,7
"chr15.60",195,5,794,9,66,275,131,13,1850,227,200,311,195,273,195,194,41,133,14,23,2161,44,16,29,266,312,146,3,103,23,2,15,0,10,0,3,5
"chr15.61",195,2,833,8,58,259,117,13,1721,211,238,331,160,272,230,180,48,125,20,28,1634,27,13,19,275,317,175,1,113,32,2,22,2,8,0,1,6
"chr15.62",210,6,780,6,57,268,152,18,1916,212,232,366,197,324,303,239,54,135,13,37,1756,21,14,21,320,325,191,3,136,29,2,20,2,6,0,5,4
"chr15.63",208,2,785,8,66,268,178,18,1966,225,222,381,227,320,306,189,40,145,25,28,2558,49,13,48,301,378,162,8,124,30,1,37,1,10,0,2,5
"chr15.64",177,3,740,14,67,253,143,18,2003,167,252,353,186,232,268,195,49,135,12,56,1986,37,12,15,265,260,146,4,117,30,4,25,2,8,1,1,5
"chr15.65",195,8,940,12,55,282,161,10,2455,200,251,357,238,321,361,210,44,158,11,31,2330,47,12,12,328,360,152,5,117,22,2,24,3,10,0,1,5
"chr15.66",251,4,870,5,67,289,173,12,2216,241,246,349,232,347,367,202,52,163,22,25,2645,48,21,22,316,363,146,2,131,37,2,40,3,7,1,4,2
"chr15.67",264,5,839,13,60,287,153,20,2482,199,250,379,313,364,340,223,57,160,26,37,2841,37,27,19,314,408,181,2,135,31,0,38,2,13,1,3,4
"chr15.68",161,5,776,11,52,266,159,14,2214,313,222,387,200,259,365,202,67,173,14,32,4139,79,9,20,305,307,139,4,92,39,4,36,1,9,0,1,4
"chr15.69",NA,NA,NA,NA,NA,NA,NA,NA,NA,NA,NA,NA,NA,NA,NA,NA,NA,NA,NA,NA,NA,NA,NA,NA,NA,NA,NA,NA,NA,NA,NA,NA,NA,NA,NA,NA,NA
"chr15.70",232,8,967,13,67,286,146,16,2769,229,258,407,253,343,353,185,45,153,21,28,2389,46,18,31,311,448,185,1,119,24,3,24,2,13,1,2,7
"chr15.71",NA,NA,NA,NA,NA,NA,NA,NA,NA,NA,NA,NA,NA,NA,NA,NA,NA,NA,NA,NA,NA,NA,NA,NA,NA,NA,NA,NA,NA,NA,NA,NA,NA,NA,NA,NA,NA
"chr15.72",NA,NA,NA,NA,NA,NA,NA,NA,NA,NA,NA,NA,NA,NA,NA,NA,NA,NA,NA,NA,NA,NA,NA,NA,NA,NA,NA,NA,NA,NA,NA,NA,NA,NA,NA,NA,NA
"chr15.73",214,1,879,7,69,277,176,23,2220,194,234,389,220,318,347,187,46,156,27,32,2351,43,17,22,322,410,149,4,116,19,2,36,2,13,0,2,6
"chr15.74",199,3,883,10,45,277,153,16,1989,173,227,384,242,335,363,197,53,118,19,33,1701,26,14,13,257,383,156,2,122,33,0,32,2,6,0,0,2
"chr15.75",269,3,858,11,66,284,157,16,1782,193,213,400,339,337,320,192,54,165,29,32,2358,32,23,28,315,427,133,4,102,23,4,27,0,7,3,3,3
"chr15.76",297,5,990,13,65,302,164,25,2683,219,250,432,282,380,498,283,68,175,38,45,3028,39,33,32,335,563,158,6,124,22,2,42,3,8,1,4,8
"chr15.77",247,2,941,13,60,295,159,22,2404,313,245,399,270,365,365,231,69,143,44,41,1887,42,25,21,316,430,154,4,116,26,3,52,2,13,0,0,8
"chr15.78",246,6,816,18,77,316,160,19,2435,261,228,387,346,489,636,243,47,171,18,34,2417,50,12,29,387,419,168,5,128,28,3,29,3,6,0,3,6
"chr15.79",NA,NA,NA,NA,NA,NA,NA,NA,NA,NA,NA,NA,NA,NA,NA,NA,NA,NA,NA,NA,NA,NA,NA,NA,NA,NA,NA,NA,NA,NA,NA,NA,NA,NA,NA,NA,NA
"chr15.80",NA,NA,NA,NA,NA,NA,NA,NA,NA,NA,NA,NA,NA,NA,NA,NA,NA,NA,NA,NA,NA,NA,NA,NA,NA,NA,NA,NA,NA,NA,NA,NA,NA,NA,NA,NA,NA
"chr15.81",NA,NA,NA,NA,NA,NA,NA,NA,NA,NA,NA,NA,NA,NA,NA,NA,NA,NA,NA,NA,NA,NA,NA,NA,NA,NA,NA,NA,NA,NA,NA,NA,NA,NA,NA,NA,NA
"chr15.82",NA,NA,NA,NA,NA,NA,NA,NA,NA,NA,NA,NA,NA,NA,NA,NA,NA,NA,NA,NA,NA,NA,NA,NA,NA,NA,NA,NA,NA,NA,NA,NA,NA,NA,NA,NA,NA
"chr15.83",282,5,1310,11,75,355,169,23,2558,411,288,455,386,479,925,289,47,164,24,36,3322,52,45,26,507,607,201,4,127,37,4,54,1,10,0,2,11
"chr15.84",389,9,2507,7,93,454,311,30,4333,665,350,488,849,1007,2526,452,61,153,62,46,8387,122,48,41,935,1248,302,7,268,35,1,104,1,14,1,5,9
"chr15.85",441,5,2186,15,94,410,284,25,3847,506,324,521,1030,959,2437,436,50,158,33,57,7093,98,32,50,899,1137,231,6,229,30,3,62,3,9,1,5,11
"chr15.86",260,3,953,6,73,316,196,14,2198,197,239,416,337,367,410,221,51,164,30,35,2506,35,14,32,334,480,181,7,139,29,2,27,2,8,0,0,5
"chr15.87",NA,NA,NA,NA,NA,NA,NA,NA,NA,NA,NA,NA,NA,NA,NA,NA,NA,NA,NA,NA,NA,NA,NA,NA,NA,NA,NA,NA,NA,NA,NA,NA,NA,NA,NA,NA,NA
"chr15.88",237,3,870,16,68,290,156,22,2008,251,219,397,235,345,377,230,47,171,30,32,2957,39,35,40,340,358,179,1,117,36,1,35,1,9,0,3,5
"chr15.89",258,10,1061,17,87,332,272,24,2782,338,295,485,343,417,619,230,53,214,31,34,4740,75,29,39,434,473,181,1,124,23,3,68,4,9,2,4,8
"chr15.90",298,7,1194,12,80,305,173,15,2094,270,233,482,243,437,599,230,43,167,33,39,4557,69,17,42,426,363,184,4,158,39,0,35,2,9,0,3,7
"chr15.91",331,8,2370,15,89,402,223,27,3140,346,330,603,307,628,1308,199,72,171,39,32,7192,60,29,35,659,392,170,5,173,39,2,66,2,13,1,0,11
"chr15.92",467,13,2441,25,110,419,356,41,4171,526,469,681,683,974,2042,358,84,310,48,35,11222,113,53,57,982,831,184,6,226,51,5,106,2,13,1,6,8
"chr15.93",384,9,1122,38,130,336,185,54,4530,666,305,562,492,718,1604,425,82,336,34,57,5594,174,58,38,877,752,170,4,180,30,2,67,2,19,0,2,6
"chr15.94",547,9,2105,52,147,337,448,45,4033,873,359,790,927,815,1938,528,108,325,51,52,11029,149,59,52,976,1022,242,14,208,45,1,97,3,20,1,3,19
"chr15.95",452,7,1667,28,99,344,404,27,3021,598,299,644,799,755,1665,304,80,246,34,34,7525,121,40,56,922,922,224,4,203,50,1,82,1,10,0,3,6
"chr15.96",235,7,1240,17,84,309,164,17,2377,327,243,445,266,408,466,235,77,168,27,23,2128,52,19,24,392,376,140,2,134,28,2,32,3,5,0,3,5
"chr15.97",256,7,889,11,81,260,138,19,2661,236,273,436,349,387,468,198,56,173,28,28,2068,61,14,27,447,378,169,6,131,30,0,42,4,10,1,3,5
"chr15.98",290,6,1041,18,93,255,141,25,2070,233,281,426,235,396,357,209,51,209,27,30,2307,36,22,30,374,310,172,5,125,28,1,34,0,7,0,2,6
"chr16.1",NA,NA,NA,NA,NA,NA,NA,NA,NA,NA,NA,NA,NA,NA,NA,NA,NA,NA,NA,NA,NA,NA,NA,NA,NA,NA,NA,NA,NA,NA,NA,NA,NA,NA,NA,NA,NA
"chr16.2",268,4,568,12,88,273,183,27,1316,204,256,505,328,459,378,263,63,189,20,96,2372,37,31,25,372,429,186,1,124,29,5,35,4,9,1,2,7
"chr16.3",NA,NA,NA,NA,NA,NA,NA,NA,NA,NA,NA,NA,NA,NA,NA,NA,NA,NA,NA,NA,NA,NA,NA,NA,NA,NA,NA,NA,NA,NA,NA,NA,NA,NA,NA,NA,NA
"chr16.4",241,6,700,14,47,269,173,14,1899,259,260,464,238,361,335,237,65,190,14,32,2181,41,11,22,361,404,159,3,117,35,2,31,2,7,1,2,9
"chr16.5",216,3,651,17,49,303,171,21,1438,200,246,441,208,382,283,200,55,143,20,27,1812,39,13,28,288,296,142,1,131,17,1,24,3,11,0,2,5
"chr16.6",417,10,1427,15,115,380,338,23,2687,440,354,661,628,874,1282,310,50,247,44,47,5236,108,51,50,585,647,191,3,152,41,6,77,2,18,0,7,15
"chr16.7",NA,NA,NA,NA,NA,NA,NA,NA,NA,NA,NA,NA,NA,NA,NA,NA,NA,NA,NA,NA,NA,NA,NA,NA,NA,NA,NA,NA,NA,NA,NA,NA,NA,NA,NA,NA,NA
"chr16.8",438,9,2334,21,126,497,535,26,4630,734,562,904,943,1200,2497,448,52,241,57,75,10577,100,90,82,940,1064,286,6,280,58,9,104,6,17,2,7,18
"chr16.9",NA,NA,NA,NA,NA,NA,NA,NA,NA,NA,NA,NA,NA,NA,NA,NA,NA,NA,NA,NA,NA,NA,NA,NA,NA,NA,NA,NA,NA,NA,NA,NA,NA,NA,NA,NA,NA
"chr16.10",272,7,862,13,63,260,306,20,2505,304,259,542,441,392,448,316,50,189,33,41,7718,50,26,40,371,721,173,5,130,34,6,48,3,18,0,3,7
"chr16.11",255,5,842,16,80,342,310,7,2252,715,271,521,298,365,337,248,59,212,22,43,6185,62,42,25,332,514,150,5,135,29,2,58,5,11,0,2,10
"chr16.12",233,4,657,9,63,257,169,16,1576,418,240,471,211,324,281,225,51,148,14,30,1992,38,28,17,294,292,128,2,103,36,0,31,2,5,0,3,3
"chr16.13",270,7,681,10,66,341,174,21,2053,251,265,432,343,391,505,214,64,194,20,36,2555,42,30,17,378,488,135,2,164,33,3,39,1,12,1,2,7
"chr16.14",348,4,926,13,94,278,344,27,3663,328,265,629,960,875,1870,350,52,200,43,46,10847,76,51,21,756,809,200,5,192,37,5,74,1,13,1,2,13
"chr16.15",NA,NA,NA,NA,NA,NA,NA,NA,NA,NA,NA,NA,NA,NA,NA,NA,NA,NA,NA,NA,NA,NA,NA,NA,NA,NA,NA,NA,NA,NA,NA,NA,NA,NA,NA,NA,NA
"chr16.16",NA,NA,NA,NA,NA,NA,NA,NA,NA,NA,NA,NA,NA,NA,NA,NA,NA,NA,NA,NA,NA,NA,NA,NA,NA,NA,NA,NA,NA,NA,NA,NA,NA,NA,NA,NA,NA
"chr16.17",NA,NA,NA,NA,NA,NA,NA,NA,NA,NA,NA,NA,NA,NA,NA,NA,NA,NA,NA,NA,NA,NA,NA,NA,NA,NA,NA,NA,NA,NA,NA,NA,NA,NA,NA,NA,NA
"chr16.18",527,9,1610,13,97,492,236,31,2724,267,472,628,836,628,886,323,41,199,29,33,6434,55,33,56,516,857,158,9,192,50,6,50,3,5,1,6,13
"chr16.19",NA,NA,NA,NA,NA,NA,NA,NA,NA,NA,NA,NA,NA,NA,NA,NA,NA,NA,NA,NA,NA,NA,NA,NA,NA,NA,NA,NA,NA,NA,NA,NA,NA,NA,NA,NA,NA
"chr16.20",232,4,819,8,57,304,144,15,1913,254,254,430,223,334,313,196,45,159,27,27,3617,47,32,23,324,379,131,5,123,33,5,46,1,11,0,1,8
"chr16.21",NA,NA,NA,NA,NA,NA,NA,NA,NA,NA,NA,NA,NA,NA,NA,NA,NA,NA,NA,NA,NA,NA,NA,NA,NA,NA,NA,NA,NA,NA,NA,NA,NA,NA,NA,NA,NA
"chr16.22",NA,NA,NA,NA,NA,NA,NA,NA,NA,NA,NA,NA,NA,NA,NA,NA,NA,NA,NA,NA,NA,NA,NA,NA,NA,NA,NA,NA,NA,NA,NA,NA,NA,NA,NA,NA,NA
"chr16.23",NA,NA,NA,NA,NA,NA,NA,NA,NA,NA,NA,NA,NA,NA,NA,NA,NA,NA,NA,NA,NA,NA,NA,NA,NA,NA,NA,NA,NA,NA,NA,NA,NA,NA,NA,NA,NA
"chr16.24",284,5,1102,14,70,337,239,21,2218,191,259,525,318,444,531,269,60,191,29,27,3899,39,29,25,354,445,171,2,160,49,3,49,3,13,0,4,11
"chr16.25",388,5,1245,13,78,344,322,25,2712,217,300,636,503,636,847,310,57,182,30,36,5266,38,33,37,459,766,201,4,151,45,4,61,1,10,2,3,7
"chr16.26",483,10,1452,26,92,393,254,36,3332,322,363,585,759,825,1583,344,56,257,40,44,8222,59,41,34,638,1143,204,4,216,39,7,74,7,13,0,4,9
"chr16.27",566,9,1680,38,134,471,351,28,4308,418,486,832,1198,1035,2309,458,111,368,54,57,12592,78,55,69,896,1664,254,4,259,57,6,114,3,13,1,4,24
"chr16.28",398,8,948,22,82,301,186,20,2213,316,290,494,560,460,512,227,59,199,28,35,3468,46,27,29,372,638,185,1,165,46,5,35,4,9,2,2,4
"chr16.29",NA,NA,NA,NA,NA,NA,NA,NA,NA,NA,NA,NA,NA,NA,NA,NA,NA,NA,NA,NA,NA,NA,NA,NA,NA,NA,NA,NA,NA,NA,NA,NA,NA,NA,NA,NA,NA
"chr16.30",NA,NA,NA,NA,NA,NA,NA,NA,NA,NA,NA,NA,NA,NA,NA,NA,NA,NA,NA,NA,NA,NA,NA,NA,NA,NA,NA,NA,NA,NA,NA,NA,NA,NA,NA,NA,NA
"chr16.31",NA,NA,NA,NA,NA,NA,NA,NA,NA,NA,NA,NA,NA,NA,NA,NA,NA,NA,NA,NA,NA,NA,NA,NA,NA,NA,NA,NA,NA,NA,NA,NA,NA,NA,NA,NA,NA
"chr16.32",NA,NA,NA,NA,NA,NA,NA,NA,NA,NA,NA,NA,NA,NA,NA,NA,NA,NA,NA,NA,NA,NA,NA,NA,NA,NA,NA,NA,NA,NA,NA,NA,NA,NA,NA,NA,NA
"chr16.33",NA,NA,NA,NA,NA,NA,NA,NA,NA,NA,NA,NA,NA,NA,NA,NA,NA,NA,NA,NA,NA,NA,NA,NA,NA,NA,NA,NA,NA,NA,NA,NA,NA,NA,NA,NA,NA
"chr16.34",NA,NA,NA,NA,NA,NA,NA,NA,NA,NA,NA,NA,NA,NA,NA,NA,NA,NA,NA,NA,NA,NA,NA,NA,NA,NA,NA,NA,NA,NA,NA,NA,NA,NA,NA,NA,NA
"chr16.35",NA,NA,NA,NA,NA,NA,NA,NA,NA,NA,NA,NA,NA,NA,NA,NA,NA,NA,NA,NA,NA,NA,NA,NA,NA,NA,NA,NA,NA,NA,NA,NA,NA,NA,NA,NA,NA
"chr16.36",NA,NA,NA,NA,NA,NA,NA,NA,NA,NA,NA,NA,NA,NA,NA,NA,NA,NA,NA,NA,NA,NA,NA,NA,NA,NA,NA,NA,NA,NA,NA,NA,NA,NA,NA,NA,NA
"chr16.37",NA,NA,NA,NA,NA,NA,NA,NA,NA,NA,NA,NA,NA,NA,NA,NA,NA,NA,NA,NA,NA,NA,NA,NA,NA,NA,NA,NA,NA,NA,NA,NA,NA,NA,NA,NA,NA
"chr16.38",NA,NA,NA,NA,NA,NA,NA,NA,NA,NA,NA,NA,NA,NA,NA,NA,NA,NA,NA,NA,NA,NA,NA,NA,NA,NA,NA,NA,NA,NA,NA,NA,NA,NA,NA,NA,NA
"chr16.39",NA,NA,NA,NA,NA,NA,NA,NA,NA,NA,NA,NA,NA,NA,NA,NA,NA,NA,NA,NA,NA,NA,NA,NA,NA,NA,NA,NA,NA,NA,NA,NA,NA,NA,NA,NA,NA
"chr16.40",NA,NA,NA,NA,NA,NA,NA,NA,NA,NA,NA,NA,NA,NA,NA,NA,NA,NA,NA,NA,NA,NA,NA,NA,NA,NA,NA,NA,NA,NA,NA,NA,NA,NA,NA,NA,NA
"chr16.41",NA,NA,NA,NA,NA,NA,NA,NA,NA,NA,NA,NA,NA,NA,NA,NA,NA,NA,NA,NA,NA,NA,NA,NA,NA,NA,NA,NA,NA,NA,NA,NA,NA,NA,NA,NA,NA
"chr16.42",NA,NA,NA,NA,NA,NA,NA,NA,NA,NA,NA,NA,NA,NA,NA,NA,NA,NA,NA,NA,NA,NA,NA,NA,NA,NA,NA,NA,NA,NA,NA,NA,NA,NA,NA,NA,NA
"chr16.43",NA,NA,NA,NA,NA,NA,NA,NA,NA,NA,NA,NA,NA,NA,NA,NA,NA,NA,NA,NA,NA,NA,NA,NA,NA,NA,NA,NA,NA,NA,NA,NA,NA,NA,NA,NA,NA
"chr16.44",NA,NA,NA,NA,NA,NA,NA,NA,NA,NA,NA,NA,NA,NA,NA,NA,NA,NA,NA,NA,NA,NA,NA,NA,NA,NA,NA,NA,NA,NA,NA,NA,NA,NA,NA,NA,NA
"chr16.45",286,9,965,14,66,305,198,28,2575,265,247,391,326,387,500,293,55,160,31,29,2628,69,29,28,364,654,193,4,149,66,1,39,1,15,1,2,7
"chr16.46",357,10,1115,18,67,379,293,21,3140,261,245,490,729,560,1153,311,51,200,32,30,6225,58,47,39,519,972,217,8,156,76,1,53,0,10,1,4,16
"chr16.47",259,3,990,6,86,353,220,18,2300,201,180,433,476,618,851,314,45,150,17,39,4081,67,19,40,469,679,205,5,151,108,1,42,1,8,0,5,11
"chr16.48",271,6,628,8,69,312,261,22,2815,267,191,486,460,650,1051,322,63,157,29,38,6137,59,28,32,487,626,190,7,135,16,2,47,0,10,0,4,6
"chr16.49",334,4,873,15,84,313,289,23,3755,533,232,601,573,609,1226,454,58,137,47,32,8593,82,38,40,553,850,200,5,142,22,2,86,4,15,2,4,16
"chr16.50",292,6,813,3,60,250,152,23,2509,397,232,425,304,330,295,316,56,146,26,48,3842,65,26,29,313,547,152,4,123,13,4,53,0,14,1,6,13
"chr16.51",213,6,756,14,63,315,181,19,2402,259,222,305,193,400,391,213,45,147,24,30,1733,49,11,22,368,349,174,7,128,14,4,28,3,14,0,4,8
"chr16.52",319,6,1245,23,81,334,213,27,3674,468,270,384,300,590,922,279,59,210,30,38,2662,89,20,45,512,543,199,6,156,16,5,45,1,15,1,7,5
"chr16.53",265,6,863,12,66,381,242,14,3290,327,232,393,458,625,1166,221,54,131,23,30,2950,66,23,33,509,497,167,1,152,8,2,52,2,13,0,2,4
"chr16.54",183,7,686,10,71,269,141,8,1713,229,202,320,224,307,270,213,40,150,11,36,1716,26,14,24,289,247,151,1,83,11,1,22,1,10,0,1,7
"chr16.55",217,5,609,10,44,255,149,16,1895,188,208,348,246,361,315,188,61,187,11,35,2221,35,16,25,305,344,190,7,114,16,2,23,0,8,1,1,7
"chr16.56",233,5,851,6,66,286,245,19,2874,273,293,417,505,587,1056,292,48,174,23,41,3775,56,24,38,508,607,181,7,152,26,2,76,1,8,0,3,16
"chr16.57",370,10,2197,20,143,585,510,49,5449,667,502,599,878,977,1771,512,69,219,35,62,2942,169,33,57,903,1351,266,7,235,33,3,89,4,18,1,4,15
"chr16.58",472,17,2778,25,141,706,486,53,6803,939,541,611,909,1360,2887,727,99,260,56,71,5581,185,55,35,1187,2002,331,6,336,30,5,133,4,18,1,12,32
"chr16.59",576,6,2713,16,125,752,476,42,7304,944,530,743,902,1499,2811,576,105,200,51,70,8209,225,50,45,1323,1699,304,13,367,25,7,108,3,24,0,4,10
"chr16.60",429,9,2361,14,100,600,380,42,6509,938,376,641,1200,1204,2291,561,97,178,46,82,8996,182,65,41,1171,1769,312,7,349,29,7,83,7,27,1,7,14
"chr16.61",545,13,2469,15,72,428,290,30,5455,765,318,488,666,869,1868,479,76,130,27,54,3223,173,37,27,1046,997,241,11,259,28,10,57,2,31,1,2,12
"chr16.62",491,4,2452,21,109,379,298,37,4795,676,320,467,595,917,2175,505,58,141,11,47,4083,141,26,65,1040,932,315,13,277,17,5,41,2,22,0,3,13
"chr16.63",285,4,1516,24,115,434,204,29,3405,517,244,463,529,862,1605,333,59,179,15,49,10089,87,37,50,738,648,228,10,200,19,3,41,1,11,2,5,7
"chr16.64",213,6,683,14,50,291,130,20,1563,159,220,373,189,329,252,177,50,155,12,35,1787,43,22,21,306,315,164,3,113,23,0,36,0,8,0,4,6
"chr16.65",NA,NA,NA,NA,NA,NA,NA,NA,NA,NA,NA,NA,NA,NA,NA,NA,NA,NA,NA,NA,NA,NA,NA,NA,NA,NA,NA,NA,NA,NA,NA,NA,NA,NA,NA,NA,NA
"chr16.66",NA,NA,NA,NA,NA,NA,NA,NA,NA,NA,NA,NA,NA,NA,NA,NA,NA,NA,NA,NA,NA,NA,NA,NA,NA,NA,NA,NA,NA,NA,NA,NA,NA,NA,NA,NA,NA
"chr16.67",NA,NA,NA,NA,NA,NA,NA,NA,NA,NA,NA,NA,NA,NA,NA,NA,NA,NA,NA,NA,NA,NA,NA,NA,NA,NA,NA,NA,NA,NA,NA,NA,NA,NA,NA,NA,NA
"chr16.68",NA,NA,NA,NA,NA,NA,NA,NA,NA,NA,NA,NA,NA,NA,NA,NA,NA,NA,NA,NA,NA,NA,NA,NA,NA,NA,NA,NA,NA,NA,NA,NA,NA,NA,NA,NA,NA
"chr16.69",180,0,740,17,49,277,139,25,2136,236,196,365,274,407,412,230,55,146,16,36,4009,48,24,17,350,455,153,4,112,23,2,41,0,11,1,4,7
"chr16.70",187,4,821,14,61,254,157,17,2236,278,226,390,307,423,436,247,53,125,18,40,3753,54,22,35,373,501,190,7,161,19,2,26,0,6,1,3,16
"chr16.71",284,9,1273,18,99,340,173,20,3590,399,218,587,647,754,1082,323,80,183,36,35,7179,91,53,30,583,655,243,3,159,24,6,34,2,13,0,2,12
"chr16.72",NA,NA,NA,NA,NA,NA,NA,NA,NA,NA,NA,NA,NA,NA,NA,NA,NA,NA,NA,NA,NA,NA,NA,NA,NA,NA,NA,NA,NA,NA,NA,NA,NA,NA,NA,NA,NA
"chr16.73",269,5,1103,20,64,375,208,20,2686,281,309,441,431,528,768,328,56,145,15,39,3899,65,27,19,454,731,195,5,135,25,0,51,3,18,1,7,9
"chr16.74",378,9,1332,24,76,379,225,30,4471,451,286,488,761,833,1978,527,74,228,41,59,6905,88,42,34,807,1241,253,5,175,21,1,85,5,16,4,2,8
"chr16.75",314,7,1051,19,67,384,176,17,3435,386,277,469,493,751,1449,351,53,195,26,36,7674,68,37,29,618,851,208,9,240,26,3,53,2,7,1,4,11
"chr16.76",210,5,834,14,66,253,200,17,3891,823,293,416,392,896,1326,303,54,148,39,40,2432,73,18,36,821,536,219,1,414,21,6,55,3,5,0,1,5
"chr16.77",322,1,840,23,71,274,139,15,3701,413,331,435,593,561,1253,208,61,195,20,38,4447,76,13,46,537,581,180,9,156,14,5,38,2,11,0,0,6
"chr16.78",248,8,698,14,55,291,130,20,2674,215,227,368,367,508,788,230,70,168,26,43,4134,51,26,29,417,557,182,2,133,24,1,42,1,12,1,3,6
"chr16.79",206,10,698,18,65,280,133,26,2206,238,217,321,251,338,327,183,59,190,24,23,3101,49,28,16,310,315,163,4,119,14,1,54,1,9,1,2,7
"chr16.80",432,6,1556,15,80,358,277,40,3477,434,373,546,599,888,1987,288,53,204,27,36,5764,98,59,45,710,557,224,8,198,22,7,100,4,21,0,7,13
"chr16.81",318,2,1151,9,53,315,172,16,2699,280,278,426,382,672,978,238,49,193,20,36,4207,67,36,24,532,460,177,4,145,17,3,74,3,18,0,7,2
"chr16.82",201,6,707,15,57,275,124,19,1565,225,201,358,216,386,282,215,43,144,13,32,2124,46,22,36,297,285,178,4,116,15,1,53,0,12,1,3,3
"chr16.83",243,9,642,15,59,303,165,26,1653,355,216,447,356,462,375,225,64,207,18,31,2682,70,22,33,316,417,199,2,131,13,4,41,3,10,0,3,3
"chr16.84",307,9,1039,20,92,315,261,50,2730,307,285,474,650,697,630,230,58,225,21,31,3340,63,11,37,441,663,201,3,159,34,6,46,5,13,0,1,8
"chr16.85",NA,NA,NA,NA,NA,NA,NA,NA,NA,NA,NA,NA,NA,NA,NA,NA,NA,NA,NA,NA,NA,NA,NA,NA,NA,NA,NA,NA,NA,NA,NA,NA,NA,NA,NA,NA,NA
"chr16.86",NA,NA,NA,NA,NA,NA,NA,NA,NA,NA,NA,NA,NA,NA,NA,NA,NA,NA,NA,NA,NA,NA,NA,NA,NA,NA,NA,NA,NA,NA,NA,NA,NA,NA,NA,NA,NA
"chr16.87",NA,NA,NA,NA,NA,NA,NA,NA,NA,NA,NA,NA,NA,NA,NA,NA,NA,NA,NA,NA,NA,NA,NA,NA,NA,NA,NA,NA,NA,NA,NA,NA,NA,NA,NA,NA,NA
"chr17.1",NA,NA,NA,NA,NA,NA,NA,NA,NA,NA,NA,NA,NA,NA,NA,NA,NA,NA,NA,NA,NA,NA,NA,NA,NA,NA,NA,NA,NA,NA,NA,NA,NA,NA,NA,NA,NA
"chr17.2",NA,NA,NA,NA,NA,NA,NA,NA,NA,NA,NA,NA,NA,NA,NA,NA,NA,NA,NA,NA,NA,NA,NA,NA,NA,NA,NA,NA,NA,NA,NA,NA,NA,NA,NA,NA,NA
"chr17.3",NA,NA,NA,NA,NA,NA,NA,NA,NA,NA,NA,NA,NA,NA,NA,NA,NA,NA,NA,NA,NA,NA,NA,NA,NA,NA,NA,NA,NA,NA,NA,NA,NA,NA,NA,NA,NA
"chr17.4",NA,NA,NA,NA,NA,NA,NA,NA,NA,NA,NA,NA,NA,NA,NA,NA,NA,NA,NA,NA,NA,NA,NA,NA,NA,NA,NA,NA,NA,NA,NA,NA,NA,NA,NA,NA,NA
"chr17.5",NA,NA,NA,NA,NA,NA,NA,NA,NA,NA,NA,NA,NA,NA,NA,NA,NA,NA,NA,NA,NA,NA,NA,NA,NA,NA,NA,NA,NA,NA,NA,NA,NA,NA,NA,NA,NA
"chr17.6",230,7,827,8,83,289,198,21,2408,250,216,370,353,352,553,198,54,155,43,37,3198,50,59,22,403,334,102,6,117,20,4,42,0,13,0,4,5
"chr17.7",197,3,659,10,70,332,172,24,2284,230,251,342,266,308,429,223,63,142,28,25,3072,55,63,17,375,306,115,3,126,31,3,42,1,12,0,4,6
"chr17.8",NA,NA,NA,NA,NA,NA,NA,NA,NA,NA,NA,NA,NA,NA,NA,NA,NA,NA,NA,NA,NA,NA,NA,NA,NA,NA,NA,NA,NA,NA,NA,NA,NA,NA,NA,NA,NA
"chr17.9",201,0,561,13,104,280,207,17,2357,198,215,327,227,302,443,180,50,181,30,30,2159,34,37,22,365,287,136,5,131,28,4,46,0,6,0,2,8
"chr17.10",NA,NA,NA,NA,NA,NA,NA,NA,NA,NA,NA,NA,NA,NA,NA,NA,NA,NA,NA,NA,NA,NA,NA,NA,NA,NA,NA,NA,NA,NA,NA,NA,NA,NA,NA,NA,NA
"chr17.11",318,13,1029,23,147,356,169,23,2469,388,250,438,469,394,625,277,71,210,28,33,4074,76,38,35,368,587,145,0,148,32,4,72,0,17,0,7,6
"chr17.12",300,4,1148,19,76,302,143,22,2737,503,279,488,438,497,717,251,58,149,33,36,4782,97,34,25,435,495,157,12,156,42,1,78,2,17,3,6,9
"chr17.13",249,8,1284,35,113,408,167,15,2783,283,261,402,377,362,589,394,61,302,33,41,8278,53,52,33,392,557,175,8,141,37,2,97,3,16,1,3,11
"chr17.14",241,12,881,25,123,449,213,19,3473,415,302,381,377,415,702,302,69,228,34,28,4912,60,42,28,487,630,160,8,163,37,1,57,3,16,1,4,6
"chr17.15",290,9,761,16,134,334,180,24,3561,372,265,370,393,345,914,256,73,185,27,47,4345,49,46,23,572,475,153,5,128,16,2,74,1,12,1,4,9
"chr17.16",NA,NA,NA,NA,NA,NA,NA,NA,NA,NA,NA,NA,NA,NA,NA,NA,NA,NA,NA,NA,NA,NA,NA,NA,NA,NA,NA,NA,NA,NA,NA,NA,NA,NA,NA,NA,NA
"chr17.17",NA,NA,NA,NA,NA,NA,NA,NA,NA,NA,NA,NA,NA,NA,NA,NA,NA,NA,NA,NA,NA,NA,NA,NA,NA,NA,NA,NA,NA,NA,NA,NA,NA,NA,NA,NA,NA
"chr17.18",159,5,557,12,73,282,125,18,1322,194,205,319,159,228,239,185,38,169,16,32,1566,31,16,15,289,176,139,2,120,27,2,42,1,11,0,0,10
"chr17.19",NA,NA,NA,NA,NA,NA,NA,NA,NA,NA,NA,NA,NA,NA,NA,NA,NA,NA,NA,NA,NA,NA,NA,NA,NA,NA,NA,NA,NA,NA,NA,NA,NA,NA,NA,NA,NA
"chr17.20",NA,NA,NA,NA,NA,NA,NA,NA,NA,NA,NA,NA,NA,NA,NA,NA,NA,NA,NA,NA,NA,NA,NA,NA,NA,NA,NA,NA,NA,NA,NA,NA,NA,NA,NA,NA,NA
"chr17.21",NA,NA,NA,NA,NA,NA,NA,NA,NA,NA,NA,NA,NA,NA,NA,NA,NA,NA,NA,NA,NA,NA,NA,NA,NA,NA,NA,NA,NA,NA,NA,NA,NA,NA,NA,NA,NA
"chr17.22",NA,NA,NA,NA,NA,NA,NA,NA,NA,NA,NA,NA,NA,NA,NA,NA,NA,NA,NA,NA,NA,NA,NA,NA,NA,NA,NA,NA,NA,NA,NA,NA,NA,NA,NA,NA,NA
"chr17.23",NA,NA,NA,NA,NA,NA,NA,NA,NA,NA,NA,NA,NA,NA,NA,NA,NA,NA,NA,NA,NA,NA,NA,NA,NA,NA,NA,NA,NA,NA,NA,NA,NA,NA,NA,NA,NA
"chr17.24",202,6,807,12,72,269,142,20,1630,221,259,384,218,357,331,200,68,142,26,41,1805,46,29,13,285,334,166,1,127,38,0,35,1,9,0,4,3
"chr17.25",155,4,824,9,57,264,139,22,1797,226,279,401,208,326,287,191,44,153,12,35,1521,27,26,13,319,313,213,0,132,42,1,29,3,12,0,4,7
"chr17.26",NA,NA,NA,NA,NA,NA,NA,NA,NA,NA,NA,NA,NA,NA,NA,NA,NA,NA,NA,NA,NA,NA,NA,NA,NA,NA,NA,NA,NA,NA,NA,NA,NA,NA,NA,NA,NA
"chr17.27",NA,NA,NA,NA,NA,NA,NA,NA,NA,NA,NA,NA,NA,NA,NA,NA,NA,NA,NA,NA,NA,NA,NA,NA,NA,NA,NA,NA,NA,NA,NA,NA,NA,NA,NA,NA,NA
"chr17.28",NA,NA,NA,NA,NA,NA,NA,NA,NA,NA,NA,NA,NA,NA,NA,NA,NA,NA,NA,NA,NA,NA,NA,NA,NA,NA,NA,NA,NA,NA,NA,NA,NA,NA,NA,NA,NA
"chr17.29",281,7,1818,19,104,376,278,26,2909,303,289,532,562,651,1170,360,56,213,29,38,5895,65,39,24,549,683,203,8,169,40,1,59,7,16,2,8,8
"chr17.30",244,5,1493,12,105,346,267,31,3540,283,290,528,485,669,1230,263,73,195,43,35,4518,58,41,22,584,686,191,7,197,42,3,62,1,9,0,5,11
"chr17.31",153,5,931,11,73,254,175,11,2301,205,222,436,265,396,326,194,71,152,24,21,2499,37,19,14,310,353,141,3,143,30,0,40,3,3,0,0,7
"chr17.32",NA,NA,NA,NA,NA,NA,NA,NA,NA,NA,NA,NA,NA,NA,NA,NA,NA,NA,NA,NA,NA,NA,NA,NA,NA,NA,NA,NA,NA,NA,NA,NA,NA,NA,NA,NA,NA
"chr17.33",157,2,857,11,91,280,134,9,1794,194,247,453,219,333,292,186,64,143,32,25,1908,38,26,11,341,338,156,2,112,29,1,31,1,9,0,2,9
"chr17.34",NA,NA,NA,NA,NA,NA,NA,NA,NA,NA,NA,NA,NA,NA,NA,NA,NA,NA,NA,NA,NA,NA,NA,NA,NA,NA,NA,NA,NA,NA,NA,NA,NA,NA,NA,NA,NA
"chr17.35",NA,NA,NA,NA,NA,NA,NA,NA,NA,NA,NA,NA,NA,NA,NA,NA,NA,NA,NA,NA,NA,NA,NA,NA,NA,NA,NA,NA,NA,NA,NA,NA,NA,NA,NA,NA,NA
"chr17.36",186,8,869,15,81,321,160,19,2071,232,279,452,186,369,439,217,69,163,23,32,2448,49,23,18,362,286,149,1,113,35,1,44,1,7,0,3,4
"chr17.37",180,6,1002,12,100,289,169,22,1878,233,249,403,240,369,481,194,74,157,21,39,3055,48,46,16,366,286,183,5,161,25,0,47,4,11,0,5,4
"chr17.38",NA,NA,NA,NA,NA,NA,NA,NA,NA,NA,NA,NA,NA,NA,NA,NA,NA,NA,NA,NA,NA,NA,NA,NA,NA,NA,NA,NA,NA,NA,NA,NA,NA,NA,NA,NA,NA
"chr17.39",NA,NA,NA,NA,NA,NA,NA,NA,NA,NA,NA,NA,NA,NA,NA,NA,NA,NA,NA,NA,NA,NA,NA,NA,NA,NA,NA,NA,NA,NA,NA,NA,NA,NA,NA,NA,NA
"chr17.40",NA,NA,NA,NA,NA,NA,NA,NA,NA,NA,NA,NA,NA,NA,NA,NA,NA,NA,NA,NA,NA,NA,NA,NA,NA,NA,NA,NA,NA,NA,NA,NA,NA,NA,NA,NA,NA
"chr17.41",NA,NA,NA,NA,NA,NA,NA,NA,NA,NA,NA,NA,NA,NA,NA,NA,NA,NA,NA,NA,NA,NA,NA,NA,NA,NA,NA,NA,NA,NA,NA,NA,NA,NA,NA,NA,NA
"chr17.42",NA,NA,NA,NA,NA,NA,NA,NA,NA,NA,NA,NA,NA,NA,NA,NA,NA,NA,NA,NA,NA,NA,NA,NA,NA,NA,NA,NA,NA,NA,NA,NA,NA,NA,NA,NA,NA
"chr17.43",NA,NA,NA,NA,NA,NA,NA,NA,NA,NA,NA,NA,NA,NA,NA,NA,NA,NA,NA,NA,NA,NA,NA,NA,NA,NA,NA,NA,NA,NA,NA,NA,NA,NA,NA,NA,NA
"chr17.44",196,10,1046,11,85,296,173,22,2053,231,247,487,381,406,300,192,99,197,18,49,3303,38,28,22,316,537,182,5,135,36,1,39,1,13,0,3,4
"chr17.45",193,6,898,9,86,297,184,17,2086,204,227,502,253,355,302,182,67,171,16,29,2188,27,28,12,322,324,149,2,128,36,2,28,3,6,0,4,3
"chr17.46",181,6,825,11,65,328,133,11,1589,172,228,455,221,356,294,212,64,146,18,24,2411,32,14,11,327,308,129,4,131,29,3,29,1,8,0,4,4
"chr17.47",322,4,1285,13,102,337,213,25,3066,455,285,576,582,646,1318,329,61,177,42,53,6552,91,39,19,683,912,181,8,163,37,1,63,3,17,0,5,10
"chr17.48",374,9,1892,16,130,526,311,24,4115,846,429,628,936,943,2060,602,70,194,60,65,8728,115,67,40,949,1606,296,10,263,51,4,87,0,27,1,10,16
"chr17.49",423,9,2147,28,194,377,442,25,5539,879,477,726,1096,1160,2267,583,109,289,50,55,8686,149,85,31,1045,1678,328,14,287,37,1,113,5,24,2,5,27
"chr17.50",329,15,1250,27,110,324,225,18,3817,536,319,526,616,739,1376,359,80,198,45,49,7656,96,48,22,712,901,236,6,209,42,5,104,1,19,0,4,9
"chr17.51",262,0,923,12,87,320,193,21,2927,230,247,527,413,415,617,300,73,142,36,46,7053,62,24,17,420,787,196,1,159,26,3,50,5,9,0,2,4
"chr17.52",220,2,1087,13,97,284,153,22,2638,262,209,461,293,376,498,294,60,143,41,35,5486,58,39,22,366,602,170,2,124,33,1,29,2,8,1,1,12
"chr17.53",217,2,877,12,79,262,146,20,1918,183,211,507,210,318,306,196,65,145,15,35,2070,50,36,14,320,306,210,4,126,35,1,44,3,5,0,2,11
"chr17.54",201,4,821,7,84,265,130,16,2505,367,251,448,230,368,336,225,71,145,21,45,2148,35,32,12,347,420,167,4,124,34,2,43,3,10,1,2,4
"chr17.55",NA,NA,NA,NA,NA,NA,NA,NA,NA,NA,NA,NA,NA,NA,NA,NA,NA,NA,NA,NA,NA,NA,NA,NA,NA,NA,NA,NA,NA,NA,NA,NA,NA,NA,NA,NA,NA
"chr17.56",NA,NA,NA,NA,NA,NA,NA,NA,NA,NA,NA,NA,NA,NA,NA,NA,NA,NA,NA,NA,NA,NA,NA,NA,NA,NA,NA,NA,NA,NA,NA,NA,NA,NA,NA,NA,NA
"chr17.57",205,3,897,14,88,291,150,20,2362,242,271,474,271,417,332,221,70,163,23,59,2392,49,51,22,303,414,143,3,112,34,1,38,3,6,0,2,7
"chr17.58",NA,NA,NA,NA,NA,NA,NA,NA,NA,NA,NA,NA,NA,NA,NA,NA,NA,NA,NA,NA,NA,NA,NA,NA,NA,NA,NA,NA,NA,NA,NA,NA,NA,NA,NA,NA,NA
"chr17.59",171,2,947,12,66,247,164,19,1906,248,228,499,209,341,312,200,49,155,28,26,1994,41,19,8,309,338,166,4,129,42,3,33,2,3,0,4,1
"chr17.60",NA,NA,NA,NA,NA,NA,NA,NA,NA,NA,NA,NA,NA,NA,NA,NA,NA,NA,NA,NA,NA,NA,NA,NA,NA,NA,NA,NA,NA,NA,NA,NA,NA,NA,NA,NA,NA
"chr17.61",208,6,990,12,71,261,158,12,2296,298,266,490,216,315,347,262,72,121,20,41,2503,71,21,13,319,485,184,3,121,46,0,25,3,12,0,3,6
"chr17.62",181,3,916,4,75,312,169,17,2090,269,222,598,267,322,356,237,62,137,28,40,2097,59,18,11,301,390,186,4,140,27,3,37,1,14,1,2,2
"chr17.63",NA,NA,NA,NA,NA,NA,NA,NA,NA,NA,NA,NA,NA,NA,NA,NA,NA,NA,NA,NA,NA,NA,NA,NA,NA,NA,NA,NA,NA,NA,NA,NA,NA,NA,NA,NA,NA
"chr17.64",216,5,810,22,92,272,205,10,3090,207,259,503,244,370,421,252,82,131,27,30,2185,34,38,17,385,375,159,5,148,40,2,36,2,13,0,0,6
"chr17.65",258,4,1476,22,83,313,199,10,2928,365,297,586,489,555,862,258,70,114,35,33,2544,49,33,24,537,452,199,6,176,43,2,50,3,9,1,5,5
"chr17.66",269,4,1363,12,109,334,206,18,3678,664,380,589,506,511,717,274,73,93,27,41,4668,86,43,33,502,680,221,8,131,43,3,52,4,8,1,1,10
"chr17.67",281,3,1568,11,100,255,207,24,2957,538,292,534,451,377,417,275,86,115,53,35,3097,121,35,26,333,634,194,11,152,48,2,40,4,13,1,2,11
"chr17.68",219,5,1062,15,77,280,148,24,1691,286,234,426,213,308,271,189,47,142,29,51,1936,54,40,22,288,309,202,4,132,24,1,36,0,8,0,3,6
"chr17.69",269,5,1222,12,78,371,184,37,2236,319,259,530,413,402,429,238,57,138,38,35,3494,61,33,28,374,499,189,3,143,42,5,50,4,10,1,2,3
"chr17.70",280,5,894,20,91,302,186,18,1701,227,257,545,264,373,341,219,69,168,22,50,3226,40,35,15,321,454,186,1,144,45,3,45,1,11,1,5,6
"chr17.71",NA,NA,NA,NA,NA,NA,NA,NA,NA,NA,NA,NA,NA,NA,NA,NA,NA,NA,NA,NA,NA,NA,NA,NA,NA,NA,NA,NA,NA,NA,NA,NA,NA,NA,NA,NA,NA
"chr17.72",NA,NA,NA,NA,NA,NA,NA,NA,NA,NA,NA,NA,NA,NA,NA,NA,NA,NA,NA,NA,NA,NA,NA,NA,NA,NA,NA,NA,NA,NA,NA,NA,NA,NA,NA,NA,NA
"chr17.73",216,5,995,17,93,305,168,18,1903,253,235,494,269,421,360,249,61,178,20,36,2595,36,37,22,380,396,184,1,149,40,5,36,2,8,1,1,1
"chr17.74",230,3,1037,17,83,327,189,24,1687,270,252,489,286,413,357,185,75,194,30,37,2818,53,73,11,358,371,191,4,133,35,1,23,3,9,0,2,7
"chr17.75",NA,NA,NA,NA,NA,NA,NA,NA,NA,NA,NA,NA,NA,NA,NA,NA,NA,NA,NA,NA,NA,NA,NA,NA,NA,NA,NA,NA,NA,NA,NA,NA,NA,NA,NA,NA,NA
"chr17.76",211,4,690,13,84,313,175,18,1406,194,235,465,207,362,330,210,72,190,16,32,1726,35,11,19,384,314,172,3,145,32,2,30,2,7,0,2,3
"chr17.77",NA,NA,NA,NA,NA,NA,NA,NA,NA,NA,NA,NA,NA,NA,NA,NA,NA,NA,NA,NA,NA,NA,NA,NA,NA,NA,NA,NA,NA,NA,NA,NA,NA,NA,NA,NA,NA
"chr18.1",NA,NA,NA,NA,NA,NA,NA,NA,NA,NA,NA,NA,NA,NA,NA,NA,NA,NA,NA,NA,NA,NA,NA,NA,NA,NA,NA,NA,NA,NA,NA,NA,NA,NA,NA,NA,NA
"chr18.2",413,12,1316,18,131,398,294,40,4438,658,439,538,500,708,1805,396,81,305,48,35,10554,111,50,37,733,1405,199,5,157,34,3,85,2,9,0,8,12
"chr18.3",232,7,1253,26,86,325,245,30,2654,263,324,477,349,391,511,256,66,207,24,29,6357,58,29,28,342,719,139,8,143,33,2,58,3,15,1,6,11
"chr18.4",245,8,1079,10,86,236,149,18,2279,266,257,408,256,368,309,243,58,128,27,30,2355,52,32,19,303,547,135,4,134,30,0,79,3,8,0,3,4
"chr18.5",536,4,2448,12,138,508,349,45,4113,590,396,609,636,772,1880,438,72,216,50,76,4379,95,47,25,820,1141,217,7,192,36,5,124,4,10,2,7,11
"chr18.6",506,3,1644,16,113,304,435,25,3771,433,379,635,440,782,2085,603,76,250,33,72,4079,81,25,25,890,1235,227,10,204,33,4,83,3,8,1,7,10
"chr18.7",300,4,1296,19,143,272,218,13,3491,654,262,636,303,731,2152,423,62,201,25,63,4859,104,12,16,793,647,188,4,156,52,3,51,2,9,0,2,6
"chr18.8",294,3,1491,25,104,274,148,21,3895,700,299,709,345,780,1787,460,84,189,21,46,1964,111,18,27,776,807,159,5,204,46,6,53,2,11,0,5,10
"chr18.9",288,6,1028,11,99,267,153,12,3088,299,308,515,321,482,734,287,56,152,23,39,2021,56,18,30,519,567,151,9,122,28,2,36,2,8,1,3,6
"chr18.10",218,3,949,13,70,245,150,10,2602,181,225,390,178,359,296,251,50,127,21,27,2083,32,18,22,308,374,153,6,111,21,1,29,1,9,0,5,4
"chr18.11",362,6,1239,18,110,329,265,23,2992,311,332,434,418,505,683,224,74,196,59,29,2576,53,20,26,492,544,172,3,142,37,6,33,1,7,0,0,6
"chr18.12",506,7,1091,23,129,288,313,28,3405,396,400,600,499,644,1028,277,60,238,36,33,2373,83,16,40,587,732,158,3,139,37,2,52,1,6,0,2,9
"chr18.13",NA,NA,NA,NA,NA,NA,NA,NA,NA,NA,NA,NA,NA,NA,NA,NA,NA,NA,NA,NA,NA,NA,NA,NA,NA,NA,NA,NA,NA,NA,NA,NA,NA,NA,NA,NA,NA
"chr18.14",333,2,891,8,90,280,204,12,2457,217,276,412,511,530,567,320,45,182,17,39,3307,36,33,26,477,755,180,4,136,22,3,59,0,12,0,2,7
"chr18.15",NA,NA,NA,NA,NA,NA,NA,NA,NA,NA,NA,NA,NA,NA,NA,NA,NA,NA,NA,NA,NA,NA,NA,NA,NA,NA,NA,NA,NA,NA,NA,NA,NA,NA,NA,NA,NA
"chr18.16",NA,NA,NA,NA,NA,NA,NA,NA,NA,NA,NA,NA,NA,NA,NA,NA,NA,NA,NA,NA,NA,NA,NA,NA,NA,NA,NA,NA,NA,NA,NA,NA,NA,NA,NA,NA,NA
"chr18.17",231,9,726,16,76,267,185,19,2319,383,275,433,317,503,332,228,72,293,24,28,4656,68,28,33,338,473,182,4,123,28,1,82,4,8,0,4,4
"chr18.18",214,8,775,13,78,260,147,10,1922,267,247,390,159,386,281,194,70,153,15,37,1927,32,18,20,301,266,162,1,134,29,0,49,2,7,0,2,7
"chr18.19",275,8,1132,11,103,286,168,22,2511,381,274,386,379,611,703,229,67,125,21,38,3296,61,19,28,382,542,160,2,154,31,6,52,2,7,1,2,7
"chr18.20",304,10,2454,18,150,334,218,25,3922,529,332,526,796,1088,1886,433,67,164,41,52,3525,80,19,39,797,1218,242,5,236,41,5,60,2,6,0,4,7
"chr18.21",288,4,1268,12,98,289,125,17,3244,244,273,405,330,449,501,210,82,139,74,34,2169,55,32,19,378,531,198,5,131,33,1,59,0,9,2,4,3
"chr18.22",316,3,1194,11,99,301,228,31,4887,622,300,481,677,641,1829,443,93,144,46,44,3294,125,57,37,808,722,260,6,153,25,3,91,0,12,0,5,5
"chr18.23",299,9,1850,15,155,372,398,34,6279,1085,400,629,869,725,2240,562,94,157,35,60,5220,191,47,57,1053,1185,266,5,208,56,5,80,4,10,0,5,18
"chr18.24",437,12,2778,20,198,534,573,43,6661,1320,470,683,861,717,2254,539,104,197,38,58,8367,212,39,48,1049,1687,266,3,183,46,8,92,1,9,0,4,9
"chr18.25",519,7,2670,34,128,546,466,41,4656,1196,450,562,894,804,2007,481,123,253,55,75,5753,208,50,59,914,1512,210,7,179,28,8,91,3,23,0,11,15
"chr18.26",294,12,925,24,82,261,154,19,2741,544,291,419,429,299,310,207,80,223,47,33,6576,111,57,29,341,459,142,2,124,23,3,69,1,8,0,4,5
"chr18.27",224,4,1062,16,65,269,144,16,2741,327,232,449,366,323,380,267,70,153,42,39,2658,59,38,21,351,644,151,5,146,29,0,47,4,9,0,2,8
"chr18.28",288,5,1714,11,79,266,231,23,4068,457,329,531,724,446,1137,484,54,141,33,50,5827,89,27,35,623,989,208,5,193,32,4,127,2,19,1,5,10
"chr18.29",417,7,1344,7,89,305,207,20,3493,534,469,471,588,424,1234,469,59,123,49,48,5765,98,46,31,648,1053,173,5,191,25,1,57,1,14,1,7,5
"chr18.30",260,2,877,11,64,242,141,19,2667,208,270,414,269,255,262,201,48,155,16,34,2254,24,32,13,318,454,144,0,103,26,5,31,2,6,1,2,4
"chr18.31",216,5,1144,10,58,259,166,21,2593,275,213,379,380,302,531,201,52,146,20,40,1517,50,20,25,382,369,156,4,132,27,1,25,1,9,1,2,5
"chr18.32",267,11,1558,12,81,270,272,23,3104,445,340,487,518,478,1196,333,53,195,45,43,5165,86,38,33,541,818,184,8,184,36,3,48,6,15,1,5,10
"chr18.33",357,15,2820,27,111,362,340,27,5788,946,446,556,887,641,2266,405,65,238,69,51,13294,198,70,48,977,1071,269,3,255,41,3,72,0,7,2,7,8
"chr18.34",252,9,2410,29,94,330,237,28,4603,1173,282,412,701,365,1021,315,72,157,42,62,11789,207,48,35,588,841,224,0,201,28,1,58,1,2,1,6,14
"chr18.35",382,5,2984,18,111,413,301,22,5571,1186,423,577,722,603,2039,406,76,143,47,53,12714,189,68,29,900,967,255,8,239,36,0,96,2,12,0,3,13
"chr18.36",430,17,2061,26,135,386,253,27,4859,960,425,517,927,680,2059,366,86,182,51,68,12612,174,65,38,909,912,230,12,232,47,5,107,2,17,0,3,11
"chr18.37",293,6,1319,22,74,256,181,24,4216,680,267,472,784,360,813,436,67,151,37,48,4851,104,38,35,544,997,265,4,159,44,2,72,3,22,0,3,12
"chr18.38",421,6,2003,27,91,353,164,32,5509,779,370,518,863,518,1894,488,70,210,47,59,8610,128,36,41,853,1308,287,6,196,39,3,63,2,15,0,2,8
"chr18.39",334,8,1736,28,96,328,225,20,4651,306,361,469,749,396,1706,315,65,221,24,42,6534,53,20,23,762,702,219,4,180,27,4,44,0,5,0,3,5
"chr18.40",249,9,916,12,80,222,143,15,3200,270,248,425,648,311,1051,220,68,174,20,34,4772,33,27,12,446,482,170,1,114,20,0,38,1,13,0,0,9
"chr18.41",213,6,879,12,84,320,137,29,2511,231,236,416,332,336,503,182,61,156,28,31,3384,39,15,14,400,400,150,1,134,24,3,41,4,9,0,4,5
"chr18.42",275,9,1106,7,107,274,160,13,2736,290,252,442,339,330,627,234,54,161,28,41,5729,54,35,28,419,606,140,2,140,33,1,50,2,18,0,4,4
"chr18.43",171,7,770,6,81,310,128,20,1967,276,212,377,253,201,222,174,51,154,21,31,3223,57,21,27,285,329,161,3,121,21,2,33,6,12,0,4,4
"chr18.44",173,4,723,7,70,263,143,14,1776,240,204,365,220,171,178,177,52,114,16,32,2266,38,14,19,254,328,138,3,103,31,0,35,2,8,1,4,1
"chr18.45",224,5,828,11,70,239,139,23,2295,268,233,414,313,220,292,229,57,156,31,37,6420,57,30,16,314,448,161,5,112,37,0,47,1,9,0,4,6
"chr18.46",292,5,1332,15,97,288,232,32,3024,339,301,471,496,474,742,309,75,162,54,34,5191,47,36,33,434,867,177,6,146,34,2,80,2,12,1,2,7
"chr18.47",430,6,2368,14,116,327,338,30,4410,757,491,673,710,382,1424,441,76,190,69,44,10075,112,63,37,760,1511,289,9,229,55,3,90,3,27,3,4,11
"chr18.48",502,5,2344,14,94,315,328,30,3978,717,427,570,463,640,1947,383,78,181,52,41,11355,104,38,58,734,1133,209,7,230,50,0,66,4,19,1,2,11
"chr18.49",NA,NA,NA,NA,NA,NA,NA,NA,NA,NA,NA,NA,NA,NA,NA,NA,NA,NA,NA,NA,NA,NA,NA,NA,NA,NA,NA,NA,NA,NA,NA,NA,NA,NA,NA,NA,NA
"chr18.50",254,4,1622,10,129,380,191,22,3611,315,276,498,440,354,642,186,76,156,36,34,8707,52,23,33,473,386,193,4,159,37,2,37,3,4,1,0,7
"chr18.51",242,10,1254,6,118,352,274,18,3871,349,296,529,714,380,822,178,78,146,26,49,7201,38,24,32,549,488,199,7,145,39,2,57,2,7,0,2,7
"chr18.52",222,8,761,29,101,275,172,19,2469,241,224,467,463,199,265,220,57,174,26,44,5848,53,34,29,292,587,180,5,108,22,0,49,3,8,2,3,8
"chr18.53",183,8,793,6,85,294,171,16,2112,213,198,374,280,200,236,166,45,144,26,39,2313,37,18,24,262,324,193,4,123,20,1,33,1,9,0,3,2
"chr18.54",222,7,1375,20,109,318,185,21,2848,267,267,469,364,294,543,242,61,204,29,28,5055,59,38,17,358,521,150,3,155,21,1,40,2,9,0,4,5
"chr18.55",260,4,2442,34,133,467,370,20,4222,534,306,482,415,402,1175,293,90,275,47,35,4887,71,41,30,584,789,167,5,180,38,0,82,3,10,0,8,9
"chr18.56",303,7,1617,16,115,304,303,35,4020,761,273,502,633,419,938,306,72,191,35,42,10012,131,41,25,582,845,160,9,152,36,2,101,2,12,3,5,10
"chr18.57",200,1,823,14,76,299,132,15,2169,311,230,350,302,195,238,178,53,164,24,35,3207,49,12,22,261,429,171,4,113,21,2,48,0,8,0,1,7
"chr18.58",261,11,1021,13,92,284,177,23,2485,1644,239,402,374,222,333,165,81,194,28,24,3631,87,21,30,303,327,154,4,108,25,2,56,4,14,0,2,9
"chr18.59",347,6,1214,26,137,396,326,43,3848,585,355,531,751,554,1573,286,89,326,42,33,9071,74,36,43,758,975,194,6,196,38,0,100,5,12,0,6,16
"chr18.60",450,12,2624,34,183,537,344,52,4759,1174,571,606,885,766,2075,587,90,368,57,52,10123,173,61,50,1004,1509,252,10,249,50,6,97,2,18,0,9,17
"chr18.61",503,7,2590,34,180,575,309,29,4093,1409,640,594,688,482,1427,619,80,313,60,50,6134,197,56,61,791,1239,221,8,195,36,5,102,3,9,1,6,16
"chr18.62",349,8,1454,21,138,374,252,29,5613,1278,599,612,571,507,1650,514,77,142,44,46,7246,193,44,47,813,1219,263,9,158,38,1,62,4,15,0,9,8
"chr18.63",430,9,2112,21,144,383,232,32,5720,1041,558,667,679,665,1944,476,73,136,38,57,8060,132,27,39,917,1431,236,8,218,51,5,77,3,16,0,4,6
"chr18.64",385,10,1294,35,94,252,272,27,4413,726,428,511,689,599,1603,439,63,202,25,51,8242,109,45,38,801,1285,234,7,212,28,1,64,2,10,0,13,4
"chr18.65",303,5,1010,24,72,275,197,22,2654,434,242,439,529,314,488,247,76,142,25,15,3650,71,30,30,364,827,150,3,112,31,1,72,2,7,0,7,10
"chr18.66",477,15,2452,38,151,313,477,49,5128,829,374,621,1162,607,2061,532,97,342,55,59,8157,175,70,52,977,1833,259,7,230,33,3,76,5,14,0,11,10
"chr18.67",508,10,2447,39,147,424,235,42,6064,703,493,619,1036,712,2179,476,96,351,77,48,8296,134,56,64,1109,1753,278,6,210,32,2,86,6,17,1,12,10
"chr18.68",571,10,1897,14,137,378,199,40,4928,900,461,579,601,466,1308,491,87,342,51,60,8603,117,75,43,799,1158,201,5,158,35,4,110,3,23,0,5,14
"chr18.69",293,11,873,23,90,263,161,27,2567,379,242,400,314,310,462,209,81,186,39,31,3062,49,27,27,356,480,184,3,111,22,4,52,3,10,0,8,9
"chr18.70",284,4,1223,12,99,318,214,15,3210,412,272,443,429,395,745,256,67,236,27,35,3108,63,34,26,477,693,193,5,178,21,6,41,1,6,0,2,8
"chr18.71",299,2,1512,13,83,351,321,32,3419,508,225,489,467,575,1169,271,85,249,33,36,3901,88,35,44,644,707,164,9,181,34,3,57,0,17,1,3,10
"chr18.72",309,5,1484,18,76,358,239,29,3019,329,268,585,501,539,945,264,76,198,59,41,4998,65,21,34,556,827,189,5,155,40,1,65,3,14,0,6,8
"chr18.73",507,8,2284,12,160,424,291,49,3998,637,470,802,663,929,1718,278,126,219,59,44,7080,98,51,49,892,760,252,4,275,62,2,103,10,19,2,4,8
"chr18.74",339,8,1260,19,144,329,176,17,2625,346,387,497,495,488,683,199,90,175,38,43,3509,57,54,32,536,571,164,6,177,29,3,58,4,10,1,4,4
"chr19.1",NA,NA,NA,NA,NA,NA,NA,NA,NA,NA,NA,NA,NA,NA,NA,NA,NA,NA,NA,NA,NA,NA,NA,NA,NA,NA,NA,NA,NA,NA,NA,NA,NA,NA,NA,NA,NA
"chr19.2",NA,NA,NA,NA,NA,NA,NA,NA,NA,NA,NA,NA,NA,NA,NA,NA,NA,NA,NA,NA,NA,NA,NA,NA,NA,NA,NA,NA,NA,NA,NA,NA,NA,NA,NA,NA,NA
"chr19.3",NA,NA,NA,NA,NA,NA,NA,NA,NA,NA,NA,NA,NA,NA,NA,NA,NA,NA,NA,NA,NA,NA,NA,NA,NA,NA,NA,NA,NA,NA,NA,NA,NA,NA,NA,NA,NA
"chr19.4",NA,NA,NA,NA,NA,NA,NA,NA,NA,NA,NA,NA,NA,NA,NA,NA,NA,NA,NA,NA,NA,NA,NA,NA,NA,NA,NA,NA,NA,NA,NA,NA,NA,NA,NA,NA,NA
"chr19.5",NA,NA,NA,NA,NA,NA,NA,NA,NA,NA,NA,NA,NA,NA,NA,NA,NA,NA,NA,NA,NA,NA,NA,NA,NA,NA,NA,NA,NA,NA,NA,NA,NA,NA,NA,NA,NA
"chr19.6",NA,NA,NA,NA,NA,NA,NA,NA,NA,NA,NA,NA,NA,NA,NA,NA,NA,NA,NA,NA,NA,NA,NA,NA,NA,NA,NA,NA,NA,NA,NA,NA,NA,NA,NA,NA,NA
"chr19.7",NA,NA,NA,NA,NA,NA,NA,NA,NA,NA,NA,NA,NA,NA,NA,NA,NA,NA,NA,NA,NA,NA,NA,NA,NA,NA,NA,NA,NA,NA,NA,NA,NA,NA,NA,NA,NA
"chr19.8",NA,NA,NA,NA,NA,NA,NA,NA,NA,NA,NA,NA,NA,NA,NA,NA,NA,NA,NA,NA,NA,NA,NA,NA,NA,NA,NA,NA,NA,NA,NA,NA,NA,NA,NA,NA,NA
"chr19.9",NA,NA,NA,NA,NA,NA,NA,NA,NA,NA,NA,NA,NA,NA,NA,NA,NA,NA,NA,NA,NA,NA,NA,NA,NA,NA,NA,NA,NA,NA,NA,NA,NA,NA,NA,NA,NA
"chr19.10",NA,NA,NA,NA,NA,NA,NA,NA,NA,NA,NA,NA,NA,NA,NA,NA,NA,NA,NA,NA,NA,NA,NA,NA,NA,NA,NA,NA,NA,NA,NA,NA,NA,NA,NA,NA,NA
"chr19.11",NA,NA,NA,NA,NA,NA,NA,NA,NA,NA,NA,NA,NA,NA,NA,NA,NA,NA,NA,NA,NA,NA,NA,NA,NA,NA,NA,NA,NA,NA,NA,NA,NA,NA,NA,NA,NA
"chr19.12",NA,NA,NA,NA,NA,NA,NA,NA,NA,NA,NA,NA,NA,NA,NA,NA,NA,NA,NA,NA,NA,NA,NA,NA,NA,NA,NA,NA,NA,NA,NA,NA,NA,NA,NA,NA,NA
"chr19.13",NA,NA,NA,NA,NA,NA,NA,NA,NA,NA,NA,NA,NA,NA,NA,NA,NA,NA,NA,NA,NA,NA,NA,NA,NA,NA,NA,NA,NA,NA,NA,NA,NA,NA,NA,NA,NA
"chr19.14",NA,NA,NA,NA,NA,NA,NA,NA,NA,NA,NA,NA,NA,NA,NA,NA,NA,NA,NA,NA,NA,NA,NA,NA,NA,NA,NA,NA,NA,NA,NA,NA,NA,NA,NA,NA,NA
"chr19.15",NA,NA,NA,NA,NA,NA,NA,NA,NA,NA,NA,NA,NA,NA,NA,NA,NA,NA,NA,NA,NA,NA,NA,NA,NA,NA,NA,NA,NA,NA,NA,NA,NA,NA,NA,NA,NA
"chr19.16",NA,NA,NA,NA,NA,NA,NA,NA,NA,NA,NA,NA,NA,NA,NA,NA,NA,NA,NA,NA,NA,NA,NA,NA,NA,NA,NA,NA,NA,NA,NA,NA,NA,NA,NA,NA,NA
"chr19.17",NA,NA,NA,NA,NA,NA,NA,NA,NA,NA,NA,NA,NA,NA,NA,NA,NA,NA,NA,NA,NA,NA,NA,NA,NA,NA,NA,NA,NA,NA,NA,NA,NA,NA,NA,NA,NA
"chr19.18",NA,NA,NA,NA,NA,NA,NA,NA,NA,NA,NA,NA,NA,NA,NA,NA,NA,NA,NA,NA,NA,NA,NA,NA,NA,NA,NA,NA,NA,NA,NA,NA,NA,NA,NA,NA,NA
"chr19.19",NA,NA,NA,NA,NA,NA,NA,NA,NA,NA,NA,NA,NA,NA,NA,NA,NA,NA,NA,NA,NA,NA,NA,NA,NA,NA,NA,NA,NA,NA,NA,NA,NA,NA,NA,NA,NA
"chr19.20",NA,NA,NA,NA,NA,NA,NA,NA,NA,NA,NA,NA,NA,NA,NA,NA,NA,NA,NA,NA,NA,NA,NA,NA,NA,NA,NA,NA,NA,NA,NA,NA,NA,NA,NA,NA,NA
"chr19.21",NA,NA,NA,NA,NA,NA,NA,NA,NA,NA,NA,NA,NA,NA,NA,NA,NA,NA,NA,NA,NA,NA,NA,NA,NA,NA,NA,NA,NA,NA,NA,NA,NA,NA,NA,NA,NA
"chr19.22",NA,NA,NA,NA,NA,NA,NA,NA,NA,NA,NA,NA,NA,NA,NA,NA,NA,NA,NA,NA,NA,NA,NA,NA,NA,NA,NA,NA,NA,NA,NA,NA,NA,NA,NA,NA,NA
"chr19.23",NA,NA,NA,NA,NA,NA,NA,NA,NA,NA,NA,NA,NA,NA,NA,NA,NA,NA,NA,NA,NA,NA,NA,NA,NA,NA,NA,NA,NA,NA,NA,NA,NA,NA,NA,NA,NA
"chr19.24",NA,NA,NA,NA,NA,NA,NA,NA,NA,NA,NA,NA,NA,NA,NA,NA,NA,NA,NA,NA,NA,NA,NA,NA,NA,NA,NA,NA,NA,NA,NA,NA,NA,NA,NA,NA,NA
"chr19.25",NA,NA,NA,NA,NA,NA,NA,NA,NA,NA,NA,NA,NA,NA,NA,NA,NA,NA,NA,NA,NA,NA,NA,NA,NA,NA,NA,NA,NA,NA,NA,NA,NA,NA,NA,NA,NA
"chr19.26",570,11,1894,20,211,343,507,36,3420,499,408,961,1091,1316,2814,641,114,266,53,76,4245,85,86,51,1183,1911,265,7,318,63,6,142,4,18,2,5,14
"chr19.27",581,7,1270,10,159,369,292,17,2773,306,329,614,790,987,1410,343,78,255,36,53,4082,46,39,29,729,1238,220,5,246,43,6,106,3,12,0,1,9
"chr19.28",795,10,2077,12,193,505,274,27,4167,480,535,883,1385,1497,2662,440,52,230,37,68,8189,83,59,38,1113,1450,253,11,337,53,3,140,2,11,0,4,11
"chr19.29",633,9,2300,16,182,501,209,20,4178,580,588,838,1160,1480,2635,438,71,270,40,71,9637,92,52,64,1030,1301,262,6,287,38,6,117,6,16,2,5,6
"chr19.30",NA,NA,NA,NA,NA,NA,NA,NA,NA,NA,NA,NA,NA,NA,NA,NA,NA,NA,NA,NA,NA,NA,NA,NA,NA,NA,NA,NA,NA,NA,NA,NA,NA,NA,NA,NA,NA
"chr19.31",470,5,1005,17,126,352,163,21,2376,298,291,514,476,612,663,239,70,211,39,48,3419,58,42,41,414,601,181,5,144,26,1,62,1,14,1,1,10
"chr19.32",353,8,852,6,82,290,138,15,2073,202,290,467,274,418,505,220,66,171,19,52,3238,41,34,35,378,453,162,4,133,30,5,35,0,11,2,3,7
"chr19.33",NA,NA,NA,NA,NA,NA,NA,NA,NA,NA,NA,NA,NA,NA,NA,NA,NA,NA,NA,NA,NA,NA,NA,NA,NA,NA,NA,NA,NA,NA,NA,NA,NA,NA,NA,NA,NA
"chr19.34",NA,NA,NA,NA,NA,NA,NA,NA,NA,NA,NA,NA,NA,NA,NA,NA,NA,NA,NA,NA,NA,NA,NA,NA,NA,NA,NA,NA,NA,NA,NA,NA,NA,NA,NA,NA,NA
"chr19.35",NA,NA,NA,NA,NA,NA,NA,NA,NA,NA,NA,NA,NA,NA,NA,NA,NA,NA,NA,NA,NA,NA,NA,NA,NA,NA,NA,NA,NA,NA,NA,NA,NA,NA,NA,NA,NA
"chr19.36",NA,NA,NA,NA,NA,NA,NA,NA,NA,NA,NA,NA,NA,NA,NA,NA,NA,NA,NA,NA,NA,NA,NA,NA,NA,NA,NA,NA,NA,NA,NA,NA,NA,NA,NA,NA,NA
"chr19.37",NA,NA,NA,NA,NA,NA,NA,NA,NA,NA,NA,NA,NA,NA,NA,NA,NA,NA,NA,NA,NA,NA,NA,NA,NA,NA,NA,NA,NA,NA,NA,NA,NA,NA,NA,NA,NA
"chr19.38",NA,NA,NA,NA,NA,NA,NA,NA,NA,NA,NA,NA,NA,NA,NA,NA,NA,NA,NA,NA,NA,NA,NA,NA,NA,NA,NA,NA,NA,NA,NA,NA,NA,NA,NA,NA,NA
"chr19.39",341,6,1055,12,87,316,167,30,1874,233,253,438,235,399,372,209,78,199,28,40,3688,43,51,26,338,418,194,5,144,33,2,39,2,8,0,3,13
"chr19.40",NA,NA,NA,NA,NA,NA,NA,NA,NA,NA,NA,NA,NA,NA,NA,NA,NA,NA,NA,NA,NA,NA,NA,NA,NA,NA,NA,NA,NA,NA,NA,NA,NA,NA,NA,NA,NA
"chr19.41",NA,NA,NA,NA,NA,NA,NA,NA,NA,NA,NA,NA,NA,NA,NA,NA,NA,NA,NA,NA,NA,NA,NA,NA,NA,NA,NA,NA,NA,NA,NA,NA,NA,NA,NA,NA,NA
"chr19.42",NA,NA,NA,NA,NA,NA,NA,NA,NA,NA,NA,NA,NA,NA,NA,NA,NA,NA,NA,NA,NA,NA,NA,NA,NA,NA,NA,NA,NA,NA,NA,NA,NA,NA,NA,NA,NA
"chr19.43",NA,NA,NA,NA,NA,NA,NA,NA,NA,NA,NA,NA,NA,NA,NA,NA,NA,NA,NA,NA,NA,NA,NA,NA,NA,NA,NA,NA,NA,NA,NA,NA,NA,NA,NA,NA,NA
"chr19.44",NA,NA,NA,NA,NA,NA,NA,NA,NA,NA,NA,NA,NA,NA,NA,NA,NA,NA,NA,NA,NA,NA,NA,NA,NA,NA,NA,NA,NA,NA,NA,NA,NA,NA,NA,NA,NA
"chr19.45",NA,NA,NA,NA,NA,NA,NA,NA,NA,NA,NA,NA,NA,NA,NA,NA,NA,NA,NA,NA,NA,NA,NA,NA,NA,NA,NA,NA,NA,NA,NA,NA,NA,NA,NA,NA,NA
"chr19.46",NA,NA,NA,NA,NA,NA,NA,NA,NA,NA,NA,NA,NA,NA,NA,NA,NA,NA,NA,NA,NA,NA,NA,NA,NA,NA,NA,NA,NA,NA,NA,NA,NA,NA,NA,NA,NA
"chr19.47",NA,NA,NA,NA,NA,NA,NA,NA,NA,NA,NA,NA,NA,NA,NA,NA,NA,NA,NA,NA,NA,NA,NA,NA,NA,NA,NA,NA,NA,NA,NA,NA,NA,NA,NA,NA,NA
"chr19.48",293,6,1148,14,85,341,200,19,1997,249,241,545,304,519,502,267,90,198,21,58,3920,54,38,24,433,518,212,6,172,32,1,50,1,17,0,6,8
"chr19.49",329,12,1321,11,125,339,227,23,3159,251,292,531,415,581,886,279,89,185,38,35,4827,56,24,27,501,724,170,4,165,32,1,54,2,5,0,6,7
"chr19.50",NA,NA,NA,NA,NA,NA,NA,NA,NA,NA,NA,NA,NA,NA,NA,NA,NA,NA,NA,NA,NA,NA,NA,NA,NA,NA,NA,NA,NA,NA,NA,NA,NA,NA,NA,NA,NA
"chr19.51",NA,NA,NA,NA,NA,NA,NA,NA,NA,NA,NA,NA,NA,NA,NA,NA,NA,NA,NA,NA,NA,NA,NA,NA,NA,NA,NA,NA,NA,NA,NA,NA,NA,NA,NA,NA,NA
"chr19.52",NA,NA,NA,NA,NA,NA,NA,NA,NA,NA,NA,NA,NA,NA,NA,NA,NA,NA,NA,NA,NA,NA,NA,NA,NA,NA,NA,NA,NA,NA,NA,NA,NA,NA,NA,NA,NA
"chr19.53",NA,NA,NA,NA,NA,NA,NA,NA,NA,NA,NA,NA,NA,NA,NA,NA,NA,NA,NA,NA,NA,NA,NA,NA,NA,NA,NA,NA,NA,NA,NA,NA,NA,NA,NA,NA,NA
"chr19.54",350,9,1331,12,111,403,266,22,3473,392,363,539,542,880,1673,450,69,191,39,61,5630,56,42,34,712,990,206,12,187,44,3,61,2,9,3,3,19
"chr19.55",NA,NA,NA,NA,NA,NA,NA,NA,NA,NA,NA,NA,NA,NA,NA,NA,NA,NA,NA,NA,NA,NA,NA,NA,NA,NA,NA,NA,NA,NA,NA,NA,NA,NA,NA,NA,NA
"chr2.1",NA,NA,NA,NA,NA,NA,NA,NA,NA,NA,NA,NA,NA,NA,NA,NA,NA,NA,NA,NA,NA,NA,NA,NA,NA,NA,NA,NA,NA,NA,NA,NA,NA,NA,NA,NA,NA
"chr2.2",518,9,2453,20,100,342,213,29,3142,608,430,630,762,1366,2422,364,81,226,25,40,7117,128,44,46,988,952,309,4,337,27,3,98,7,17,1,3,10
"chr2.3",644,6,2319,20,112,336,280,16,4142,529,465,780,1078,1238,2515,343,56,178,51,64,8364,101,65,41,946,1460,300,10,300,35,4,124,4,12,0,4,8
"chr2.4",NA,NA,NA,NA,NA,NA,NA,NA,NA,NA,NA,NA,NA,NA,NA,NA,NA,NA,NA,NA,NA,NA,NA,NA,NA,NA,NA,NA,NA,NA,NA,NA,NA,NA,NA,NA,NA
"chr2.5",662,13,2884,27,107,553,204,18,5456,736,422,708,927,973,2592,641,68,351,46,70,7565,142,67,46,1216,1810,302,8,285,42,4,121,6,13,3,7,17
"chr2.6",NA,NA,NA,NA,NA,NA,NA,NA,NA,NA,NA,NA,NA,NA,NA,NA,NA,NA,NA,NA,NA,NA,NA,NA,NA,NA,NA,NA,NA,NA,NA,NA,NA,NA,NA,NA,NA
"chr2.7",615,11,2484,13,120,587,207,25,4176,503,405,585,642,651,1405,689,56,237,43,71,9151,103,62,37,706,2091,254,7,231,30,4,104,4,10,1,6,10
"chr2.8",362,7,1433,19,64,335,170,10,3790,342,337,457,488,567,1298,392,70,159,33,35,2791,105,37,33,594,1016,214,2,181,25,3,63,2,7,2,3,5
"chr2.9",333,7,789,9,81,291,184,16,2313,234,295,426,428,320,424,276,67,150,25,28,3180,75,31,26,386,752,147,0,124,30,4,40,0,9,0,4,5
"chr2.10",223,5,962,11,57,277,155,16,1955,230,271,347,227,313,285,168,47,133,22,28,1732,44,15,18,273,383,197,0,116,26,1,30,2,5,1,2,7
"chr2.11",269,5,802,14,72,296,159,28,1779,189,243,465,241,331,281,174,50,142,19,37,2143,40,19,19,329,376,187,3,109,31,1,32,2,11,2,3,8
"chr2.12",269,6,921,15,55,297,160,16,2180,235,242,464,306,364,424,204,51,177,14,34,2247,54,31,11,286,435,156,2,142,25,1,44,0,9,0,1,8
"chr2.13",350,5,1445,15,79,293,176,23,3441,278,275,473,565,454,658,214,59,157,28,25,2078,42,30,22,419,681,184,5,147,23,2,35,0,11,0,3,5
"chr2.14",520,12,2511,23,95,432,209,36,4689,565,471,554,985,614,1222,408,73,227,37,54,8394,121,56,32,662,1126,209,8,225,33,1,73,2,18,0,1,8
"chr2.15",551,8,2452,23,74,434,173,25,3216,717,412,505,1032,649,1506,352,59,182,33,47,9217,114,54,15,646,896,200,9,233,46,4,89,2,32,2,3,9
"chr2.16",312,7,1214,13,100,295,160,12,2688,287,297,435,517,526,738,267,85,173,22,37,4297,48,34,20,469,726,173,2,170,29,0,62,5,7,0,5,8
"chr2.17",NA,NA,NA,NA,NA,NA,NA,NA,NA,NA,NA,NA,NA,NA,NA,NA,NA,NA,NA,NA,NA,NA,NA,NA,NA,NA,NA,NA,NA,NA,NA,NA,NA,NA,NA,NA,NA
"chr2.18",417,7,1074,16,68,381,180,22,3431,274,351,476,721,679,1344,225,62,191,21,30,7559,46,42,43,645,604,174,5,168,51,3,72,1,11,0,3,6
"chr2.19",426,8,1221,16,68,289,156,18,3506,437,300,483,318,513,884,214,99,203,22,32,6011,73,13,25,549,461,155,5,158,44,4,44,1,6,1,3,2
"chr2.20",305,8,789,18,71,218,149,14,3090,473,249,405,320,355,529,201,55,189,18,33,6511,70,17,17,376,415,192,2,138,29,4,40,2,12,2,1,3
"chr2.21",294,4,745,8,47,268,148,18,2010,180,241,418,223,336,325,177,52,120,13,23,2257,35,17,15,303,345,154,2,122,25,0,33,0,10,0,3,5
"chr2.22",530,11,970,27,88,284,226,28,3884,521,366,571,569,735,1969,426,69,176,35,46,5273,73,39,31,784,1015,217,4,181,24,3,74,2,19,1,1,7
"chr2.23",627,7,1680,29,122,342,314,39,5183,806,491,770,784,802,2576,577,50,184,31,58,6703,119,44,40,1071,1580,299,8,189,56,3,105,3,30,0,7,18
"chr2.24",370,5,842,20,79,266,213,23,2762,352,361,667,532,450,935,300,53,157,34,47,2982,43,21,25,488,788,196,8,163,45,2,60,3,8,1,2,8
"chr2.25",251,5,833,14,67,287,149,7,2461,230,238,414,184,302,295,193,44,112,17,34,1441,29,30,16,301,341,178,3,111,25,2,28,0,8,0,3,3
"chr2.26",249,5,878,13,49,272,152,16,2111,194,235,473,210,362,351,196,47,115,16,37,1564,37,21,17,315,365,166,9,111,33,2,30,1,9,1,4,8
"chr2.27",287,5,905,13,63,295,162,11,2015,195,285,405,304,318,307,219,55,156,35,39,2073,41,25,18,314,395,174,6,112,28,1,38,1,10,1,7,6
"chr2.28",321,7,776,16,50,275,154,8,2156,193,259,467,296,335,335,181,49,157,25,65,2205,39,28,18,309,471,187,4,109,27,3,30,1,6,2,1,4
"chr2.29",258,3,806,13,54,266,125,16,2040,207,257,431,199,300,278,200,68,133,17,36,1961,25,16,19,251,363,200,3,109,27,2,23,0,7,1,3,8
"chr2.30",330,2,1122,7,55,322,181,21,3291,274,255,540,380,350,772,234,44,137,24,30,2811,39,28,23,455,569,159,3,131,28,9,57,2,12,0,1,6
"chr2.31",303,13,1306,8,71,276,170,21,3106,221,297,473,389,428,571,244,62,169,16,42,3410,36,38,23,377,519,159,4,151,27,4,44,6,14,2,1,8
"chr2.32",347,10,1055,22,85,338,202,29,3275,206,348,482,429,490,871,219,81,237,37,37,6535,50,55,20,423,575,157,3,133,28,2,73,0,6,2,3,7
"chr2.33",NA,NA,NA,NA,NA,NA,NA,NA,NA,NA,NA,NA,NA,NA,NA,NA,NA,NA,NA,NA,NA,NA,NA,NA,NA,NA,NA,NA,NA,NA,NA,NA,NA,NA,NA,NA,NA
"chr2.34",346,8,1001,17,69,285,153,25,2933,259,271,450,514,459,713,244,69,148,23,38,2841,37,22,22,487,674,175,3,148,32,0,39,4,12,1,2,4
"chr2.35",402,22,2277,29,124,313,318,41,4551,547,363,690,813,829,2743,570,96,236,44,59,2333,113,81,21,1058,1485,296,9,209,29,4,92,5,20,0,2,14
"chr2.36",465,23,2753,21,114,376,377,32,5175,809,404,601,881,790,2618,477,98,198,41,57,4829,159,69,36,1082,1325,233,8,199,28,3,104,2,17,0,2,24
"chr2.37",307,7,1916,19,72,342,226,28,3105,524,303,503,533,556,1084,300,68,165,30,33,2973,106,36,28,524,720,163,7,162,29,1,61,1,11,1,1,5
"chr2.38",291,2,841,13,45,290,143,20,2484,219,245,405,234,326,412,201,37,122,8,28,1445,43,17,17,349,393,191,1,130,23,1,21,1,2,0,1,3
"chr2.39",306,6,773,18,66,280,156,10,2494,217,289,422,197,323,336,159,53,159,22,23,1734,34,17,15,329,309,190,4,114,22,5,23,1,6,0,1,6
"chr2.40",234,4,815,9,40,244,125,15,2659,204,237,396,247,312,327,197,51,123,20,42,1743,42,16,19,287,348,185,0,112,30,2,36,2,12,0,2,8
"chr2.41",329,3,2220,15,69,322,260,19,4297,390,297,570,756,583,1435,363,56,154,23,55,5239,81,28,18,642,1145,198,6,212,24,2,42,1,11,1,4,9
"chr2.42",300,10,1835,18,86,291,211,15,4303,559,354,544,638,732,1682,396,76,175,29,63,3901,83,20,33,695,1187,223,5,185,45,2,78,1,10,0,8,8
"chr2.43",316,6,942,10,64,265,152,16,2037,227,258,478,244,282,307,180,64,144,11,26,2097,41,14,15,306,422,157,5,115,28,1,35,2,11,0,4,4
"chr2.44",290,4,776,4,54,266,175,19,1870,220,246,483,206,290,262,155,46,133,23,33,1933,33,16,14,262,337,193,3,129,35,2,22,0,6,0,2,6
"chr2.45",263,3,836,9,67,304,159,11,2374,190,253,455,285,272,311,219,50,165,16,45,1756,43,15,11,266,541,134,2,116,33,1,35,4,7,0,4,7
"chr2.46",338,3,936,14,60,277,167,19,2921,235,253,449,356,339,382,241,61,176,22,33,2775,41,17,18,354,524,152,3,145,29,2,27,0,4,0,3,5
"chr2.47",286,3,793,7,53,281,140,14,2276,187,236,446,223,272,274,153,51,131,20,31,1495,35,8,13,277,315,165,1,105,27,0,32,2,7,1,0,4
"chr2.48",294,7,772,7,63,235,128,22,1960,283,222,466,232,327,322,216,41,155,24,33,2817,29,24,12,304,449,166,1,122,20,3,27,2,3,0,2,4
"chr2.49",303,6,1018,13,57,316,185,24,3070,240,306,545,402,479,692,223,45,158,18,34,3165,43,23,17,475,865,181,5,140,27,3,61,1,5,0,3,7
"chr2.50",635,7,2363,16,107,461,278,32,4331,597,534,631,893,1198,2803,530,65,215,35,66,6869,87,41,36,1130,1979,314,9,289,25,3,81,0,19,0,1,13
"chr2.51",587,9,2613,6,84,458,264,44,5489,866,660,562,985,1077,2301,431,57,119,39,71,5989,140,46,32,1035,1363,285,7,303,31,3,94,4,9,1,7,11
"chr2.52",608,5,1984,12,114,481,337,38,5794,1101,567,582,951,1220,2985,588,57,142,55,38,10427,185,39,45,1252,1316,332,19,290,34,3,77,0,11,0,5,19
"chr2.53",534,7,1912,18,106,588,512,24,5232,875,509,583,920,859,2635,684,90,131,79,66,4710,150,64,53,1090,1488,289,8,268,30,2,81,1,12,1,3,12
"chr2.54",373,9,1699,11,96,379,306,19,3578,535,407,531,542,460,1254,398,67,151,34,37,3006,74,28,21,634,1113,222,8,169,30,1,58,3,12,0,2,11
"chr2.55",281,2,874,7,56,250,131,24,2356,233,270,448,219,350,439,144,59,110,15,38,1438,31,21,17,326,404,157,2,132,28,1,36,0,8,1,2,3
"chr2.56",269,6,868,8,61,287,172,13,2572,196,260,430,225,313,330,207,54,114,22,31,1942,34,18,12,321,416,151,1,127,25,3,52,1,11,1,3,5
"chr2.57",437,10,1734,17,80,281,440,18,4309,467,390,575,439,688,1837,373,48,231,32,40,5473,105,24,24,830,964,249,6,214,27,1,60,2,9,1,2,8
"chr2.58",643,10,1877,25,84,376,536,17,5034,670,530,569,786,731,2111,549,79,289,48,45,4889,96,40,20,937,1699,280,5,199,33,6,113,3,8,0,5,12
"chr2.59",371,3,1703,22,77,400,303,18,3995,374,393,499,519,498,977,318,65,201,29,35,4104,49,40,20,570,1003,196,4,181,29,1,70,3,3,0,7,14
"chr2.60",456,10,2415,24,104,427,256,23,4365,446,424,593,820,754,1787,395,78,253,55,45,7044,64,55,40,780,1101,248,1,218,33,6,97,0,8,1,5,10
"chr2.61",400,2,1509,23,83,352,203,23,2947,297,349,508,525,476,694,201,69,225,50,33,3767,34,69,28,430,690,183,2,191,29,4,84,4,7,0,2,10
"chr2.62",266,8,961,10,61,260,167,18,2478,292,277,469,215,284,324,176,55,146,19,28,1649,39,15,13,299,443,171,3,137,32,1,35,0,12,0,3,9
"chr2.63",306,4,725,10,69,249,145,19,2618,247,285,527,254,313,314,196,53,153,16,30,1582,40,21,10,325,441,138,5,134,36,0,32,2,1,0,4,7
"chr2.64",274,3,862,13,61,275,153,18,2951,230,241,385,293,382,445,194,49,125,18,29,1851,41,14,18,410,443,184,2,131,25,2,28,1,7,0,0,5
"chr2.65",257,5,887,8,39,252,147,14,2503,240,246,434,236,332,289,179,43,143,13,32,1661,32,14,17,290,412,181,4,113,25,2,22,2,8,0,2,7
"chr2.66",277,1,879,14,65,263,126,14,2247,300,243,454,218,328,343,164,46,138,15,37,2367,40,18,21,342,355,187,6,107,29,2,39,1,9,0,2,6
"chr2.67",304,9,1443,10,88,360,199,34,4120,501,328,501,511,365,792,204,64,172,20,31,4256,82,22,23,485,547,197,3,148,30,0,69,2,8,0,2,8
"chr2.68",306,9,1589,22,91,326,205,20,4137,559,306,573,418,340,744,251,50,221,17,25,4698,89,16,30,495,619,164,7,156,35,1,99,5,12,0,4,9
"chr2.69",303,3,1015,10,68,288,194,15,3354,245,298,491,315,407,556,180,55,156,22,33,2463,47,26,15,407,532,157,1,133,25,2,34,1,5,0,3,12
"chr2.70",243,2,881,10,62,280,139,13,2509,212,261,449,236,330,374,166,49,124,20,32,1890,40,23,16,341,355,171,5,141,40,1,27,1,8,0,1,2
"chr2.71",286,9,929,12,58,280,168,20,2266,240,282,437,270,372,341,193,61,172,28,40,2627,30,29,21,335,383,170,3,146,36,0,48,1,7,0,1,14
"chr2.72",335,9,956,19,55,269,157,11,2804,281,258,439,375,482,555,201,47,173,22,32,2915,55,21,13,354,598,182,4,161,23,4,34,4,7,0,2,5
"chr2.73",347,2,928,13,72,295,164,25,2930,461,288,423,384,459,594,207,60,153,24,38,2562,49,20,15,386,597,170,5,129,34,6,30,2,7,1,3,7
"chr2.74",289,5,848,8,55,266,175,22,2596,211,263,417,304,336,396,185,42,153,15,30,2229,34,19,16,323,456,199,1,103,28,3,46,1,8,1,5,7
"chr2.75",249,5,823,12,45,291,125,13,2028,175,259,412,218,313,311,163,60,142,22,31,1930,33,21,9,294,419,148,0,118,33,1,32,1,5,0,3,8
"chr2.76",254,4,995,28,47,285,183,19,3236,291,217,436,237,423,756,259,57,215,28,27,4061,39,22,15,420,660,144,2,152,41,3,46,0,7,0,2,9
"chr2.77",497,3,1982,16,86,387,330,35,4935,717,387,640,761,994,2120,610,76,229,55,56,8179,165,55,34,928,1744,277,8,271,35,6,96,2,23,0,1,13
"chr2.78",496,6,2367,12,105,399,318,46,5330,1032,518,663,832,1165,1863,708,85,218,59,77,4733,209,50,34,899,2097,302,9,354,47,7,101,6,27,3,5,15
"chr2.79",503,9,3165,16,123,538,517,57,5250,1250,462,752,1187,1370,2499,877,130,248,56,108,3678,235,68,38,1103,2898,356,14,370,47,4,107,7,21,0,7,14
"chr2.80",391,6,2898,21,99,543,335,49,4200,963,331,884,1281,1183,2619,905,72,145,54,90,4521,214,55,42,828,2874,390,7,336,51,5,153,2,12,1,9,18
"chr2.81",359,9,2925,11,118,504,524,24,3804,927,279,914,1064,1208,2929,925,96,151,58,90,5336,194,42,19,1084,2508,355,7,315,46,4,105,5,14,0,0,9
"chr2.82",485,22,3336,25,169,564,391,42,5469,1364,410,875,1133,890,2806,831,135,285,65,78,11824,226,86,32,1150,2453,287,8,283,56,1,116,7,18,0,7,12
"chr2.83",554,16,2567,26,121,662,236,46,4464,1314,440,756,998,701,2218,835,120,347,39,76,12267,236,55,33,963,2894,326,11,247,40,2,91,2,12,0,8,20
"chr2.84",546,8,1591,26,97,623,289,38,4793,1045,441,715,950,904,2618,662,85,322,38,72,9031,199,56,33,1080,2337,308,11,226,47,6,73,2,11,1,4,18
"chr2.85",367,5,1386,19,81,369,306,26,2880,445,313,586,632,558,1083,372,53,192,39,40,6726,72,33,32,512,1186,218,7,153,30,0,65,1,9,0,4,9
"chr2.86",288,1,757,12,56,281,135,18,1785,195,230,437,197,340,312,186,62,158,18,46,2048,35,24,18,320,379,169,7,136,25,0,31,3,7,0,2,6
"chr2.87",253,5,765,7,59,240,148,21,2240,167,249,414,208,279,289,164,47,140,20,34,2011,27,18,12,262,395,166,1,113,26,2,23,3,5,0,2,4
"chr2.88",NA,NA,NA,NA,NA,NA,NA,NA,NA,NA,NA,NA,NA,NA,NA,NA,NA,NA,NA,NA,NA,NA,NA,NA,NA,NA,NA,NA,NA,NA,NA,NA,NA,NA,NA,NA,NA
"chr2.89",NA,NA,NA,NA,NA,NA,NA,NA,NA,NA,NA,NA,NA,NA,NA,NA,NA,NA,NA,NA,NA,NA,NA,NA,NA,NA,NA,NA,NA,NA,NA,NA,NA,NA,NA,NA,NA
"chr2.90",NA,NA,NA,NA,NA,NA,NA,NA,NA,NA,NA,NA,NA,NA,NA,NA,NA,NA,NA,NA,NA,NA,NA,NA,NA,NA,NA,NA,NA,NA,NA,NA,NA,NA,NA,NA,NA
"chr2.91",NA,NA,NA,NA,NA,NA,NA,NA,NA,NA,NA,NA,NA,NA,NA,NA,NA,NA,NA,NA,NA,NA,NA,NA,NA,NA,NA,NA,NA,NA,NA,NA,NA,NA,NA,NA,NA
"chr2.92",NA,NA,NA,NA,NA,NA,NA,NA,NA,NA,NA,NA,NA,NA,NA,NA,NA,NA,NA,NA,NA,NA,NA,NA,NA,NA,NA,NA,NA,NA,NA,NA,NA,NA,NA,NA,NA
"chr2.93",NA,NA,NA,NA,NA,NA,NA,NA,NA,NA,NA,NA,NA,NA,NA,NA,NA,NA,NA,NA,NA,NA,NA,NA,NA,NA,NA,NA,NA,NA,NA,NA,NA,NA,NA,NA,NA
"chr2.94",NA,NA,NA,NA,NA,NA,NA,NA,NA,NA,NA,NA,NA,NA,NA,NA,NA,NA,NA,NA,NA,NA,NA,NA,NA,NA,NA,NA,NA,NA,NA,NA,NA,NA,NA,NA,NA
"chr2.95",NA,NA,NA,NA,NA,NA,NA,NA,NA,NA,NA,NA,NA,NA,NA,NA,NA,NA,NA,NA,NA,NA,NA,NA,NA,NA,NA,NA,NA,NA,NA,NA,NA,NA,NA,NA,NA
"chr2.96",295,3,1041,9,64,282,166,21,2455,237,210,428,267,357,352,254,45,126,24,29,2617,41,21,17,345,549,154,6,116,31,2,53,2,11,0,4,14
"chr2.97",266,4,902,20,68,272,151,24,2676,201,264,425,207,413,514,270,56,147,22,35,2358,33,29,13,356,478,166,3,156,23,1,44,1,5,0,4,5
"chr2.98",345,7,933,19,73,263,148,11,3401,312,267,555,338,495,795,304,77,160,25,40,3260,41,27,23,447,739,176,2,147,35,4,54,1,10,0,4,5
"chr2.99",288,8,898,15,78,268,146,10,2349,241,246,444,309,322,266,229,66,179,20,32,2555,49,16,27,296,413,168,2,106,36,1,42,0,10,0,4,9
"chr2.100",327,9,1022,19,76,280,148,19,2720,311,219,449,318,298,351,165,80,236,39,19,5654,43,28,9,304,455,157,1,129,30,4,50,2,13,0,5,9
"chr2.101",426,6,2045,12,98,362,337,32,4023,658,332,686,951,745,1737,514,94,189,57,49,10111,86,65,25,726,1354,229,7,223,50,6,65,4,12,1,6,15
"chr2.102",529,6,1922,15,138,323,431,38,4825,539,554,664,935,850,1540,633,89,158,68,56,6969,90,66,25,730,1831,269,3,238,35,4,96,2,15,0,2,14
"chr2.103",366,4,1379,12,87,277,201,18,2557,309,305,505,581,473,642,291,73,173,32,30,3575,42,26,28,363,759,159,3,135,35,5,65,1,10,2,4,6
"chr2.104",NA,NA,NA,NA,NA,NA,NA,NA,NA,NA,NA,NA,NA,NA,NA,NA,NA,NA,NA,NA,NA,NA,NA,NA,NA,NA,NA,NA,NA,NA,NA,NA,NA,NA,NA,NA,NA
"chr2.105",479,8,2440,21,137,316,305,17,4315,700,392,791,872,984,2514,399,73,198,30,48,9062,105,30,23,949,989,194,10,225,59,3,74,1,4,0,4,6
"chr2.106",NA,NA,NA,NA,NA,NA,NA,NA,NA,NA,NA,NA,NA,NA,NA,NA,NA,NA,NA,NA,NA,NA,NA,NA,NA,NA,NA,NA,NA,NA,NA,NA,NA,NA,NA,NA,NA
"chr2.107",NA,NA,NA,NA,NA,NA,NA,NA,NA,NA,NA,NA,NA,NA,NA,NA,NA,NA,NA,NA,NA,NA,NA,NA,NA,NA,NA,NA,NA,NA,NA,NA,NA,NA,NA,NA,NA
"chr2.108",NA,NA,NA,NA,NA,NA,NA,NA,NA,NA,NA,NA,NA,NA,NA,NA,NA,NA,NA,NA,NA,NA,NA,NA,NA,NA,NA,NA,NA,NA,NA,NA,NA,NA,NA,NA,NA
"chr2.109",NA,NA,NA,NA,NA,NA,NA,NA,NA,NA,NA,NA,NA,NA,NA,NA,NA,NA,NA,NA,NA,NA,NA,NA,NA,NA,NA,NA,NA,NA,NA,NA,NA,NA,NA,NA,NA
"chr2.110",NA,NA,NA,NA,NA,NA,NA,NA,NA,NA,NA,NA,NA,NA,NA,NA,NA,NA,NA,NA,NA,NA,NA,NA,NA,NA,NA,NA,NA,NA,NA,NA,NA,NA,NA,NA,NA
"chr2.111",NA,NA,NA,NA,NA,NA,NA,NA,NA,NA,NA,NA,NA,NA,NA,NA,NA,NA,NA,NA,NA,NA,NA,NA,NA,NA,NA,NA,NA,NA,NA,NA,NA,NA,NA,NA,NA
"chr2.112",NA,NA,NA,NA,NA,NA,NA,NA,NA,NA,NA,NA,NA,NA,NA,NA,NA,NA,NA,NA,NA,NA,NA,NA,NA,NA,NA,NA,NA,NA,NA,NA,NA,NA,NA,NA,NA
"chr2.113",NA,NA,NA,NA,NA,NA,NA,NA,NA,NA,NA,NA,NA,NA,NA,NA,NA,NA,NA,NA,NA,NA,NA,NA,NA,NA,NA,NA,NA,NA,NA,NA,NA,NA,NA,NA,NA
"chr2.114",638,4,2835,32,122,655,643,50,5287,1034,538,908,1108,966,3096,833,110,346,70,65,7004,187,66,27,1118,2472,356,15,239,47,8,148,2,18,4,10,18
"chr2.115",616,12,2666,23,143,534,507,39,3785,865,414,811,1259,522,1097,672,99,360,60,76,5916,143,86,29,641,2176,291,11,203,64,3,137,3,24,4,10,16
"chr2.116",463,10,1202,19,96,329,298,24,3246,297,333,530,707,429,742,323,60,219,50,42,5892,63,19,22,436,922,168,3,148,40,3,44,2,20,1,5,10
"chr2.117",423,7,1166,13,98,314,270,32,3013,331,296,446,548,475,850,322,68,200,42,34,7117,56,35,27,445,949,177,3,157,40,3,62,1,14,3,3,2
"chr2.118",267,4,799,13,57,281,169,16,2378,227,264,374,257,333,321,190,46,149,27,30,2657,59,12,19,308,503,152,4,93,28,1,41,2,7,2,3,6
"chr2.119",231,6,1152,16,74,337,152,21,2226,339,237,411,346,353,327,186,70,177,22,26,3191,74,30,26,332,429,133,7,134,32,0,52,1,14,1,7,4
"chr2.120",353,7,1560,13,82,276,197,27,3198,334,303,481,581,729,1441,347,60,223,38,35,2420,81,26,30,581,931,188,4,184,29,2,74,4,4,0,3,8
"chr2.121",491,5,2334,38,128,371,311,37,5676,912,507,613,933,1185,2873,705,67,254,45,56,3634,170,41,23,1166,1872,240,3,288,44,8,111,2,9,0,12,12
"chr2.122",621,6,2918,26,125,411,390,40,5515,1039,550,714,1267,1262,2907,794,66,302,59,63,6107,187,52,34,1128,2006,263,6,301,35,6,138,2,17,2,11,16
"chr2.123",792,7,2574,32,129,477,523,56,4016,1027,528,674,1301,1208,2471,731,87,232,49,71,7512,157,57,35,1034,2292,279,12,312,51,7,121,2,13,0,7,18
"chr2.124",593,12,2162,26,102,425,439,53,3792,668,541,513,1205,1285,2932,595,91,347,61,58,4364,130,44,39,1162,1905,250,8,251,29,6,118,0,19,2,10,9
"chr2.125",307,5,1023,23,98,313,289,22,2270,232,302,469,561,554,855,289,62,230,19,37,3521,41,17,23,424,891,176,2,142,31,4,55,3,15,0,1,8
"chr2.126",258,6,815,11,66,287,147,19,2012,212,285,456,400,450,385,195,69,188,22,36,2537,46,18,25,372,442,144,4,141,34,0,43,1,9,0,1,7
"chr2.127",367,11,2090,30,84,481,203,27,4244,408,383,442,1265,892,1872,261,76,244,46,27,9236,94,54,38,716,802,164,1,220,39,1,98,0,9,0,6,12
"chr2.128",NA,NA,NA,NA,NA,NA,NA,NA,NA,NA,NA,NA,NA,NA,NA,NA,NA,NA,NA,NA,NA,NA,NA,NA,NA,NA,NA,NA,NA,NA,NA,NA,NA,NA,NA,NA,NA
"chr2.129",NA,NA,NA,NA,NA,NA,NA,NA,NA,NA,NA,NA,NA,NA,NA,NA,NA,NA,NA,NA,NA,NA,NA,NA,NA,NA,NA,NA,NA,NA,NA,NA,NA,NA,NA,NA,NA
"chr2.130",NA,NA,NA,NA,NA,NA,NA,NA,NA,NA,NA,NA,NA,NA,NA,NA,NA,NA,NA,NA,NA,NA,NA,NA,NA,NA,NA,NA,NA,NA,NA,NA,NA,NA,NA,NA,NA
"chr2.131",299,2,910,11,80,262,167,26,3590,509,319,398,563,589,955,269,54,121,40,34,2611,96,37,20,634,637,197,7,173,30,6,38,2,18,1,4,10
"chr2.132",292,7,1078,14,60,281,179,26,2910,245,266,403,427,377,443,255,52,168,21,33,3158,34,33,21,395,757,176,6,139,20,2,37,0,14,0,4,4
"chr2.133",NA,NA,NA,NA,NA,NA,NA,NA,NA,NA,NA,NA,NA,NA,NA,NA,NA,NA,NA,NA,NA,NA,NA,NA,NA,NA,NA,NA,NA,NA,NA,NA,NA,NA,NA,NA,NA
"chr2.134",274,5,1358,24,76,300,201,21,2859,409,244,405,517,493,622,260,53,138,44,31,4299,59,29,24,412,887,175,4,153,24,5,50,2,9,0,4,6
"chr2.135",456,10,2405,27,137,492,443,32,4387,444,352,552,709,1092,2650,382,67,240,45,46,12339,84,47,30,917,1481,218,12,266,38,4,123,3,16,0,4,17
"chr2.136",362,4,1066,19,78,331,172,18,2820,495,298,426,376,423,855,310,53,185,21,35,4894,79,25,21,448,835,139,5,132,29,0,62,0,17,0,4,10
"chr2.137",552,5,2165,22,115,351,310,20,4742,822,509,520,936,985,2479,536,63,285,51,71,9835,117,40,37,949,1901,181,11,226,32,2,87,2,13,0,5,4
"chr2.138",518,11,2761,16,95,465,517,26,5553,1095,457,582,1196,1372,3024,690,104,150,49,67,9658,202,38,47,1173,2296,207,15,352,43,7,99,4,9,1,5,19
"chr2.139",NA,NA,NA,NA,NA,NA,NA,NA,NA,NA,NA,NA,NA,NA,NA,NA,NA,NA,NA,NA,NA,NA,NA,NA,NA,NA,NA,NA,NA,NA,NA,NA,NA,NA,NA,NA,NA
"chr2.140",531,10,1773,14,127,503,362,35,5287,640,434,534,860,811,2260,498,82,186,52,55,4686,109,47,27,970,1295,178,5,279,25,0,118,5,7,2,8,19
"chr2.141",489,8,1438,29,123,380,325,31,4715,242,345,379,538,592,1343,356,62,204,53,47,3809,40,33,34,703,1080,134,3,182,39,5,59,2,6,0,7,16
"chr2.142",431,6,1736,15,103,317,237,19,3763,235,310,515,535,617,1083,374,59,132,31,40,1813,26,18,25,661,1050,177,3,196,37,1,38,6,1,0,2,5
"chr2.143",630,5,2305,10,122,341,276,25,4909,221,424,562,754,703,2228,437,59,144,21,39,2001,62,24,39,1000,1197,186,4,256,38,4,25,2,10,1,3,7
"chr2.144",611,4,1792,17,117,431,482,29,5285,334,410,576,698,560,1696,401,73,163,34,47,4022,105,45,42,917,994,219,4,215,30,0,52,2,8,0,3,11
"chr2.145",537,12,1896,22,101,307,241,32,3752,409,376,586,620,426,731,362,65,228,32,38,6780,123,32,30,480,786,171,5,142,29,5,74,1,8,1,4,16
"chr2.146",298,3,1094,12,65,286,180,12,2617,286,283,392,311,357,474,244,40,191,19,30,3225,49,31,21,379,578,147,2,148,25,5,45,5,9,0,1,9
"chr2.147",NA,NA,NA,NA,NA,NA,NA,NA,NA,NA,NA,NA,NA,NA,NA,NA,NA,NA,NA,NA,NA,NA,NA,NA,NA,NA,NA,NA,NA,NA,NA,NA,NA,NA,NA,NA,NA
"chr2.148",346,11,870,4,75,300,177,28,3325,673,326,394,482,350,541,216,61,136,25,32,2474,96,18,20,414,575,150,7,124,26,3,34,2,21,0,3,5
"chr2.149",329,6,1155,12,83,307,185,21,3716,512,340,453,510,480,829,242,59,165,28,31,2358,78,20,22,509,649,146,5,166,33,1,33,0,10,1,5,6
"chr2.150",NA,NA,NA,NA,NA,NA,NA,NA,NA,NA,NA,NA,NA,NA,NA,NA,NA,NA,NA,NA,NA,NA,NA,NA,NA,NA,NA,NA,NA,NA,NA,NA,NA,NA,NA,NA,NA
"chr2.151",387,4,2130,10,99,400,292,29,3379,423,361,444,601,707,1572,283,51,126,29,48,6129,86,26,41,704,914,134,6,224,31,1,63,4,14,0,2,12
"chr2.152",589,3,2380,9,98,437,398,39,4768,796,585,577,870,932,2028,464,65,167,33,66,10917,164,28,52,997,1729,205,2,260,45,3,128,6,9,0,7,16
"chr2.153",555,12,1427,14,66,367,277,29,4423,701,492,479,852,614,1131,590,77,241,44,59,6510,166,64,30,773,1752,193,3,184,30,2,106,0,12,0,10,17
"chr2.154",395,7,1607,34,92,456,263,21,3430,552,363,445,524,466,637,335,85,259,38,45,2801,100,47,27,459,867,174,7,175,29,4,75,4,12,0,2,14
"chr2.155",363,9,1483,15,65,333,220,18,3006,402,317,429,409,368,441,228,76,201,39,26,3917,66,36,31,322,713,175,6,144,33,8,51,2,9,0,4,5
"chr2.156",268,7,902,9,51,274,195,16,2833,389,220,372,277,288,283,212,39,150,22,28,2844,62,25,16,314,419,131,6,116,25,2,35,0,11,0,2,14
"chr2.157",251,2,914,13,61,270,149,16,2294,284,235,374,208,282,266,169,41,145,14,26,1532,79,19,15,290,279,161,2,118,26,0,25,1,3,0,1,7
"chr2.158",239,2,1066,10,62,246,172,20,2406,217,212,401,195,321,358,157,61,162,24,23,2143,53,26,12,327,336,164,3,117,20,0,26,2,12,1,2,6
"chr2.159",268,2,1332,17,80,309,197,8,3285,254,279,431,282,339,525,226,51,165,20,31,2726,39,18,19,394,435,124,5,128,27,0,35,3,6,0,4,7
"chr2.160",455,5,1364,19,74,324,217,22,3262,347,338,507,418,562,863,324,58,191,32,35,5184,57,37,21,503,1091,187,3,152,32,3,39,1,6,0,2,16
"chr2.161",490,5,1683,24,99,372,291,17,4389,726,345,525,585,689,1515,492,64,190,43,59,6688,128,56,27,772,1412,179,10,212,32,5,83,4,15,1,3,19
"chr2.162",369,7,1507,24,91,284,236,18,4835,730,337,461,552,815,1921,430,77,171,29,49,3533,142,27,22,834,1034,159,6,214,35,4,70,3,17,2,4,4
"chr2.163",408,4,997,16,49,300,170,20,3398,347,365,494,319,426,456,245,66,145,30,50,3432,56,30,16,400,615,139,3,138,21,0,52,1,10,0,2,8
"chr2.164",334,3,1282,12,57,314,226,26,3515,379,307,446,300,468,851,290,49,140,46,34,3529,74,31,17,506,591,168,4,151,30,2,68,2,4,0,3,5
"chr2.165",393,5,2214,23,99,383,310,32,3958,667,352,558,814,609,1371,522,69,161,44,54,6646,113,43,31,761,1328,252,5,207,31,3,58,3,6,2,3,15
"chr2.166",338,6,1392,7,63,291,195,19,2617,364,232,429,434,363,451,275,62,122,23,32,3607,49,29,23,363,707,174,4,143,28,1,51,0,6,1,3,6
"chr2.167",260,6,907,15,78,325,176,18,2726,243,271,436,301,361,340,206,60,161,21,32,2968,51,30,18,307,483,151,1,118,28,2,36,3,5,0,2,8
"chr2.168",279,4,1018,11,65,247,139,14,2740,228,274,376,281,320,304,203,27,135,23,26,2413,49,21,23,298,432,150,3,122,37,2,27,2,7,1,1,7
"chr2.169",241,5,882,10,73,293,149,18,2702,264,257,436,268,338,365,187,57,124,24,32,2634,42,29,21,330,391,123,2,118,32,0,37,2,13,1,2,10
"chr2.170",312,7,906,11,47,275,130,14,2387,187,281,408,323,375,278,177,51,139,16,32,2235,40,26,20,294,390,169,3,119,29,1,37,2,6,0,3,1
"chr2.171",260,6,829,17,71,278,119,25,2480,237,261,370,326,341,322,180,50,125,29,25,2435,63,15,26,305,368,150,4,125,21,2,36,1,9,2,0,8
"chr2.172",287,4,993,12,89,271,154,10,2690,248,258,372,306,331,315,203,62,156,25,30,2910,43,20,18,336,391,141,4,124,34,0,41,1,2,0,2,9
"chr2.173",325,9,1158,12,75,330,163,17,3258,238,269,450,454,460,829,304,46,173,23,31,2389,61,25,19,521,609,143,7,179,39,1,30,1,10,0,3,7
"chr2.174",423,6,1285,20,94,300,181,32,3357,358,276,508,555,664,1119,304,62,173,28,36,3307,60,24,24,607,796,160,1,179,28,4,30,1,7,0,5,12
"chr2.175",373,3,1100,10,67,290,156,32,3101,227,309,476,375,467,687,245,55,195,17,25,3590,56,25,25,503,583,159,7,144,38,1,30,0,9,0,2,6
"chr2.176",346,6,807,8,53,273,145,23,3148,250,283,385,378,371,597,208,77,159,37,32,2793,69,15,16,428,603,158,5,110,24,2,40,3,6,2,3,4
"chr2.177",404,13,1143,18,67,306,146,20,3374,173,270,469,314,421,784,361,48,174,27,31,5203,39,30,15,491,878,197,2,138,37,10,64,0,8,0,3,6
"chr2.178",404,8,1235,24,66,328,174,31,4068,352,314,511,468,455,931,368,60,187,37,45,5914,57,35,23,563,993,165,5,161,25,0,83,1,8,0,3,5
"chr2.179",413,14,1733,14,70,380,220,22,3958,355,270,528,630,435,735,315,68,210,36,27,5151,48,22,23,462,948,158,2,175,29,2,64,0,18,1,2,14
"chr2.180",327,9,1378,17,63,322,203,19,3236,271,246,501,435,425,505,227,48,154,24,34,5421,72,27,12,348,603,169,3,134,28,3,54,3,5,1,4,15
"chr2.181",288,6,1099,15,61,299,205,12,3103,288,297,452,457,441,780,295,51,145,25,46,3476,58,26,16,461,738,170,5,159,30,2,41,1,11,1,3,6
"chr2.182",526,13,2058,21,107,466,433,22,4133,388,374,514,899,971,2235,523,78,228,42,51,6964,97,44,29,940,1827,206,5,212,26,7,74,1,17,0,8,13
"chr2.183",544,10,2378,16,130,466,472,27,4545,427,457,613,970,854,1958,582,69,273,51,66,8734,96,54,47,833,2020,218,3,233,29,3,116,3,13,0,7,16
"chr2.184",308,7,1339,15,68,279,239,18,3015,517,299,460,519,448,738,322,77,167,30,41,4101,78,20,21,471,809,149,3,155,31,2,53,1,12,0,3,8
"chr2.185",377,5,1609,14,90,299,274,30,3700,534,345,431,542,469,805,239,72,207,26,46,6916,101,23,16,467,783,138,0,170,31,4,41,3,9,1,5,13
"chr2.186",429,4,1574,33,63,306,205,36,4099,857,384,524,502,414,598,402,74,174,27,32,4705,134,21,21,420,926,179,2,145,31,4,55,2,12,1,2,14
"chr2.187",354,12,1509,21,59,338,209,21,3846,706,331,495,438,457,720,300,62,179,21,38,4696,89,16,19,508,648,179,9,151,31,2,33,1,16,1,3,5
"chr2.188",280,4,841,9,53,282,114,14,2685,217,251,433,295,342,301,186,70,117,21,25,2271,31,17,15,327,403,155,3,117,41,2,26,3,7,0,2,5
"chr2.189",275,12,859,13,59,249,159,17,2586,231,259,413,164,297,278,175,64,185,21,26,1677,44,15,16,310,317,133,1,112,30,3,16,1,8,0,2,7
"chr2.190",409,6,1306,18,79,325,184,24,3389,427,313,547,396,466,821,286,69,277,31,32,5191,68,29,14,537,654,163,6,153,37,1,73,2,10,0,4,9
"chr2.191",650,18,1937,26,100,391,238,42,4386,834,488,659,807,570,1159,549,90,390,44,51,10927,103,49,26,614,1262,316,8,190,53,1,114,3,14,0,12,15
"chr2.192",540,18,2458,36,101,521,296,49,4829,757,611,647,1065,861,1741,646,97,360,48,49,10308,95,49,33,894,1773,320,3,262,41,2,120,2,15,0,9,20
"chr2.193",449,26,2759,29,111,412,208,20,3562,536,509,567,811,789,1365,575,74,309,47,49,10784,88,44,25,691,1498,241,5,226,50,6,99,4,13,1,7,7
"chr2.194",300,8,1523,16,69,292,158,13,2799,278,327,457,344,437,608,249,59,199,33,45,5098,46,15,20,405,694,156,3,170,28,4,37,2,6,0,1,8
"chr2.195",255,6,934,7,50,300,192,24,2540,233,302,398,282,403,484,240,38,136,19,29,2212,60,17,15,344,527,137,5,144,22,4,22,2,4,0,3,9
"chr2.196",392,7,1785,9,86,309,264,23,3237,349,367,508,545,620,1315,290,54,121,35,39,2614,49,26,17,586,828,197,7,179,33,4,37,1,10,2,2,8
"chr2.197",559,7,1916,21,99,262,398,32,2853,648,500,721,914,892,2033,456,66,170,32,40,6323,153,48,37,873,1622,230,8,214,30,5,39,2,25,0,4,9
"chr2.198",318,8,865,13,79,317,230,22,2934,353,283,429,398,465,692,270,56,153,26,50,2063,68,26,12,419,607,114,3,161,34,1,35,3,15,0,3,7
"chr2.199",NA,NA,NA,NA,NA,NA,NA,NA,NA,NA,NA,NA,NA,NA,NA,NA,NA,NA,NA,NA,NA,NA,NA,NA,NA,NA,NA,NA,NA,NA,NA,NA,NA,NA,NA,NA,NA
"chr2.200",298,4,867,14,63,298,180,17,2702,193,292,426,317,355,373,179,50,144,16,34,2046,33,20,10,292,464,138,1,120,20,2,27,1,8,1,2,11
"chr2.201",NA,NA,NA,NA,NA,NA,NA,NA,NA,NA,NA,NA,NA,NA,NA,NA,NA,NA,NA,NA,NA,NA,NA,NA,NA,NA,NA,NA,NA,NA,NA,NA,NA,NA,NA,NA,NA
"chr2.202",365,5,1102,11,78,320,167,17,3025,357,303,459,422,384,435,206,61,125,14,29,2912,63,18,17,358,606,168,3,120,29,2,39,2,10,1,5,9
"chr2.203",256,3,1051,15,64,273,185,11,2506,632,272,438,297,423,612,256,60,135,19,34,2177,93,10,19,416,527,164,4,166,27,10,28,4,3,0,4,12
"chr2.204",314,5,1063,13,58,269,181,19,2393,291,291,485,376,434,517,170,61,148,11,30,3034,53,36,16,400,497,156,4,126,30,0,37,1,9,0,1,10
"chr2.205",355,5,1221,17,56,312,193,15,3372,278,287,518,389,484,956,204,49,131,25,27,3061,53,30,18,484,532,163,2,131,31,4,44,1,7,1,3,6
"chr2.206",251,3,984,23,58,245,158,21,2244,226,252,443,314,326,396,183,65,157,20,37,2258,44,27,11,288,433,147,5,137,30,1,39,3,9,2,6,8
"chr2.207",NA,NA,NA,NA,NA,NA,NA,NA,NA,NA,NA,NA,NA,NA,NA,NA,NA,NA,NA,NA,NA,NA,NA,NA,NA,NA,NA,NA,NA,NA,NA,NA,NA,NA,NA,NA,NA
"chr2.208",379,3,1346,7,50,270,173,19,3710,391,282,458,365,511,885,281,46,137,38,27,2863,56,41,17,552,644,158,3,169,32,5,60,4,6,1,8,9
"chr2.209",315,8,1308,15,75,409,353,24,4169,611,336,478,673,729,1670,526,61,143,65,40,6267,135,39,17,832,1362,140,11,186,31,1,52,1,17,1,3,6
"chr2.210",NA,NA,NA,NA,NA,NA,NA,NA,NA,NA,NA,NA,NA,NA,NA,NA,NA,NA,NA,NA,NA,NA,NA,NA,NA,NA,NA,NA,NA,NA,NA,NA,NA,NA,NA,NA,NA
"chr2.211",310,4,1609,13,74,326,233,18,3863,333,265,406,404,511,957,243,70,111,31,45,7879,55,29,17,667,487,166,4,193,30,2,57,2,10,0,4,15
"chr2.212",NA,NA,NA,NA,NA,NA,NA,NA,NA,NA,NA,NA,NA,NA,NA,NA,NA,NA,NA,NA,NA,NA,NA,NA,NA,NA,NA,NA,NA,NA,NA,NA,NA,NA,NA,NA,NA
"chr2.213",310,8,1424,30,69,301,197,20,3758,322,293,370,392,570,1070,227,48,132,22,29,3317,45,25,25,608,606,140,6,191,28,5,41,2,8,0,3,8
"chr2.214",284,2,845,23,69,322,175,20,2733,226,241,399,314,391,665,230,52,137,29,22,2254,58,16,20,407,551,111,5,172,29,2,25,0,13,0,3,5
"chr2.215",293,3,1082,14,66,282,180,22,3423,338,275,412,478,615,1380,161,51,166,15,26,3150,94,17,9,534,413,144,7,188,22,2,33,1,5,0,2,6
"chr2.216",254,5,825,8,76,313,145,20,2461,272,213,389,253,408,743,184,56,171,25,25,2827,48,28,16,417,333,132,6,131,43,2,27,0,5,1,4,6
"chr2.217",276,6,830,11,55,273,159,17,2019,170,223,401,281,335,301,164,51,134,23,33,2087,44,29,17,322,373,150,9,109,33,0,28,3,5,0,0,6
"chr2.218",311,9,1891,18,70,309,189,17,3393,391,270,458,538,622,1139,218,53,175,26,26,7971,72,26,35,665,483,141,5,194,28,6,41,2,17,1,4,12
"chr2.219",348,7,2774,21,87,388,196,17,3772,601,315,453,587,802,1978,240,74,154,32,34,5240,117,27,29,1003,660,125,5,264,33,4,68,0,15,0,2,16
"chr2.220",342,6,2052,21,69,322,184,16,3495,378,302,473,404,587,856,228,60,193,26,29,4188,64,28,36,584,618,141,3,212,42,1,52,3,18,2,6,10
"chr2.221",364,3,1320,13,55,273,185,15,2693,315,221,381,310,394,567,213,59,161,23,29,2267,66,21,21,410,448,117,3,165,30,1,41,0,10,2,4,14
"chr2.222",352,9,1150,13,59,232,153,17,2814,240,264,413,436,376,529,204,66,147,20,26,1867,45,26,22,460,471,147,4,157,22,4,29,0,11,0,5,4
"chr2.223",431,5,1482,18,61,365,213,19,3290,310,287,432,420,578,1230,297,85,188,25,34,3057,34,27,16,682,718,141,9,193,40,6,23,1,8,0,6,5
"chr2.224",391,6,1366,23,84,347,211,18,4367,437,312,412,478,522,1107,353,61,200,33,29,2919,87,25,19,606,816,113,3,158,27,2,44,0,13,2,2,9
"chr2.225",319,2,930,12,62,243,184,16,2832,258,247,432,284,371,416,206,66,130,21,40,2539,49,20,22,368,521,133,7,143,21,1,29,1,10,1,6,2
"chr2.226",464,6,1539,18,102,346,311,19,2890,528,310,497,390,518,954,317,88,180,38,28,5596,81,22,22,456,872,162,5,166,31,3,62,1,14,0,7,12
"chr2.227",656,3,1266,11,105,397,304,39,3641,563,466,590,383,867,1905,385,78,163,36,33,8425,104,20,35,803,899,193,6,226,52,2,47,4,23,1,6,16
"chr2.228",315,6,1080,18,58,285,147,24,2967,231,333,399,366,503,657,213,75,124,29,27,5105,49,14,12,393,520,156,5,181,38,2,49,1,9,0,1,6
"chr2.229",272,8,901,20,59,293,161,16,2101,215,249,393,291,370,301,168,70,165,18,19,2410,33,44,18,303,436,124,2,122,24,1,38,2,7,1,1,8
"chr2.230",NA,NA,NA,NA,NA,NA,NA,NA,NA,NA,NA,NA,NA,NA,NA,NA,NA,NA,NA,NA,NA,NA,NA,NA,NA,NA,NA,NA,NA,NA,NA,NA,NA,NA,NA,NA,NA
"chr2.231",NA,NA,NA,NA,NA,NA,NA,NA,NA,NA,NA,NA,NA,NA,NA,NA,NA,NA,NA,NA,NA,NA,NA,NA,NA,NA,NA,NA,NA,NA,NA,NA,NA,NA,NA,NA,NA
"chr2.232",320,3,831,17,77,299,203,24,2633,254,274,430,281,355,369,182,86,185,30,21,2990,36,31,17,318,404,147,3,148,41,0,35,5,12,0,2,5
"chr2.233",286,3,944,15,75,264,176,21,2694,485,267,423,322,382,349,155,62,172,34,20,2230,67,23,15,360,412,130,7,132,29,3,41,1,10,0,4,4
"chr2.234",263,6,967,10,72,288,173,20,2324,621,241,362,278,435,460,167,54,179,17,24,1831,84,18,12,413,410,138,6,149,22,0,28,2,7,1,3,11
"chr2.235",314,7,1035,11,81,320,170,20,3202,331,234,408,340,493,734,186,45,190,23,36,3007,65,21,24,479,409,106,2,173,30,2,25,1,11,1,1,5
"chr2.236",241,6,710,9,49,254,134,14,2029,215,249,376,217,336,293,148,59,166,17,35,1698,37,17,18,339,347,127,3,101,19,3,24,1,8,0,4,3
"chr2.237",290,9,919,22,65,328,150,24,2212,264,263,420,372,474,487,211,69,177,26,28,2333,42,11,28,426,502,148,0,149,20,1,25,4,11,1,0,7
"chr2.238",324,7,1123,15,90,370,199,24,3022,311,302,480,499,686,705,218,87,198,25,31,3195,64,31,28,459,670,170,2,193,28,5,32,1,10,0,3,10
"chr2.239",278,9,686,6,67,259,153,16,1817,249,204,403,338,394,359,221,76,175,26,26,2089,28,18,17,361,438,127,4,129,32,2,26,2,11,0,4,5
"chr20.1",NA,NA,NA,NA,NA,NA,NA,NA,NA,NA,NA,NA,NA,NA,NA,NA,NA,NA,NA,NA,NA,NA,NA,NA,NA,NA,NA,NA,NA,NA,NA,NA,NA,NA,NA,NA,NA
"chr20.2",338,4,917,15,77,290,183,22,2741,171,285,482,390,383,596,234,73,162,28,33,3633,38,21,28,390,591,156,4,115,24,4,37,3,3,1,1,6
"chr20.3",368,4,904,7,98,288,163,18,2526,201,272,452,353,415,469,204,48,181,26,34,3186,46,28,29,427,532,162,3,117,48,2,35,2,6,1,0,5
"chr20.4",NA,NA,NA,NA,NA,NA,NA,NA,NA,NA,NA,NA,NA,NA,NA,NA,NA,NA,NA,NA,NA,NA,NA,NA,NA,NA,NA,NA,NA,NA,NA,NA,NA,NA,NA,NA,NA
"chr20.5",365,5,1152,18,94,329,205,25,2774,212,295,532,349,395,594,218,58,175,19,51,4245,47,10,23,486,518,177,2,129,45,2,23,2,8,1,1,3
"chr20.6",334,2,1039,11,74,304,171,22,2163,226,276,495,278,391,520,264,55,147,37,29,3695,50,29,23,396,573,180,1,133,45,2,43,4,8,0,2,10
"chr20.7",566,2,1247,10,95,279,340,20,3088,483,382,728,400,417,762,285,59,169,49,43,9133,90,48,34,472,810,194,4,148,64,3,49,1,12,1,7,6
"chr20.8",564,7,1170,12,107,315,389,26,4681,695,361,721,606,582,1707,430,55,177,47,38,7956,122,32,34,869,1178,230,8,148,52,3,49,5,7,1,4,16
"chr20.9",291,3,1610,13,94,256,134,14,3478,614,221,572,554,400,624,419,44,152,47,54,6910,100,33,34,506,886,207,1,130,51,2,44,1,6,1,5,7
"chr20.10",299,9,2119,8,76,338,203,23,2977,671,286,570,702,364,527,334,58,222,45,39,9008,128,39,31,423,696,207,8,117,47,1,62,1,11,1,3,16
"chr20.11",336,5,972,13,71,295,195,17,2664,452,279,497,435,302,451,225,56,160,33,29,3954,71,13,23,393,520,195,5,117,40,1,31,3,7,0,6,7
"chr20.12",372,7,1904,18,121,301,265,16,3309,904,276,582,630,360,589,278,62,173,41,35,4054,156,33,48,433,744,178,11,155,55,3,40,3,7,1,3,5
"chr20.13",382,7,1555,24,117,325,278,34,3649,847,329,628,668,516,1348,453,69,203,36,34,5665,169,33,45,798,1209,187,8,165,50,2,68,3,12,2,4,12
"chr20.14",305,3,921,12,99,244,172,18,2977,352,281,495,307,414,638,290,63,213,21,37,2652,54,15,20,497,607,175,5,146,46,2,30,0,6,1,1,8
"chr20.15",NA,NA,NA,NA,NA,NA,NA,NA,NA,NA,NA,NA,NA,NA,NA,NA,NA,NA,NA,NA,NA,NA,NA,NA,NA,NA,NA,NA,NA,NA,NA,NA,NA,NA,NA,NA,NA
"chr20.16",NA,NA,NA,NA,NA,NA,NA,NA,NA,NA,NA,NA,NA,NA,NA,NA,NA,NA,NA,NA,NA,NA,NA,NA,NA,NA,NA,NA,NA,NA,NA,NA,NA,NA,NA,NA,NA
"chr20.17",365,6,1334,12,95,318,199,19,2921,330,361,529,347,434,981,388,49,229,29,39,3136,48,31,35,528,789,177,7,154,30,3,44,1,16,0,0,7
"chr20.18",406,5,1164,14,77,299,186,13,2514,332,297,489,279,392,627,288,49,253,27,33,2219,54,30,30,409,702,175,4,147,34,2,41,3,5,1,3,4
"chr20.19",303,5,1110,12,86,284,182,18,2607,220,256,423,324,342,421,220,58,176,22,37,4253,43,23,25,390,636,193,4,135,33,8,36,0,8,0,3,9
"chr20.20",289,5,1445,12,86,320,165,16,2589,266,300,421,308,351,565,274,62,149,24,42,5539,53,23,41,410,623,189,3,135,34,3,41,0,10,0,2,8
"chr20.21",391,9,1115,16,90,316,180,14,2697,235,276,525,378,434,585,277,56,161,32,27,3373,64,42,30,450,667,197,2,117,49,2,39,0,13,2,2,8
"chr20.22",515,2,1234,12,102,341,207,33,3474,436,343,618,609,645,1081,401,87,204,43,35,5832,72,50,37,635,1052,194,3,186,55,5,82,3,12,1,4,9
"chr20.23",581,11,1276,21,95,473,242,28,3097,554,303,764,471,433,575,333,118,237,38,36,8213,117,48,47,483,829,204,8,136,52,2,87,2,15,0,7,14
"chr20.24",449,10,1526,19,120,352,197,28,3171,449,282,632,504,507,943,262,91,205,35,39,4000,102,38,38,544,773,183,4,167,33,1,49,2,6,1,7,9
"chr20.25",385,7,1340,26,122,342,241,17,3251,358,347,707,558,565,1117,308,65,233,42,39,7805,77,42,36,640,866,164,5,151,63,8,86,3,8,2,3,12
"chr20.26",NA,NA,NA,NA,NA,NA,NA,NA,NA,NA,NA,NA,NA,NA,NA,NA,NA,NA,NA,NA,NA,NA,NA,NA,NA,NA,NA,NA,NA,NA,NA,NA,NA,NA,NA,NA,NA
"chr20.27",NA,NA,NA,NA,NA,NA,NA,NA,NA,NA,NA,NA,NA,NA,NA,NA,NA,NA,NA,NA,NA,NA,NA,NA,NA,NA,NA,NA,NA,NA,NA,NA,NA,NA,NA,NA,NA
"chr20.28",334,3,890,13,85,289,177,21,1841,189,258,503,352,407,427,245,39,174,31,31,2521,40,16,28,398,462,187,3,142,45,3,40,3,12,1,0,9
"chr20.29",323,6,859,14,79,336,178,16,2024,229,248,507,257,414,464,230,57,177,22,37,3016,49,16,27,372,435,200,2,133,44,0,48,4,8,1,4,2
"chr20.30",NA,NA,NA,NA,NA,NA,NA,NA,NA,NA,NA,NA,NA,NA,NA,NA,NA,NA,NA,NA,NA,NA,NA,NA,NA,NA,NA,NA,NA,NA,NA,NA,NA,NA,NA,NA,NA
"chr20.31",NA,NA,NA,NA,NA,NA,NA,NA,NA,NA,NA,NA,NA,NA,NA,NA,NA,NA,NA,NA,NA,NA,NA,NA,NA,NA,NA,NA,NA,NA,NA,NA,NA,NA,NA,NA,NA
"chr20.32",NA,NA,NA,NA,NA,NA,NA,NA,NA,NA,NA,NA,NA,NA,NA,NA,NA,NA,NA,NA,NA,NA,NA,NA,NA,NA,NA,NA,NA,NA,NA,NA,NA,NA,NA,NA,NA
"chr20.33",291,3,894,8,69,273,120,8,1865,189,244,513,247,339,387,259,55,157,22,19,2574,40,19,19,398,363,190,7,134,37,1,38,0,5,2,1,6
"chr20.34",319,6,854,11,82,294,175,23,2353,187,270,471,283,369,430,241,44,188,22,38,2747,40,16,30,384,477,147,5,116,38,1,40,2,7,0,2,9
"chr20.35",346,6,1375,12,110,363,241,26,3598,347,317,581,668,833,1892,291,57,235,20,51,4485,50,33,36,808,728,194,4,178,32,3,52,0,11,1,1,9
"chr20.36",338,10,1272,18,87,357,200,30,3925,321,335,522,532,846,2133,236,68,234,32,37,6917,72,34,42,904,563,195,4,205,41,5,53,2,15,0,3,6
"chr20.37",267,6,1022,12,86,280,176,28,2462,189,271,441,261,399,506,225,49,168,21,38,3491,47,18,21,428,385,175,5,125,35,1,23,1,5,0,4,4
"chr20.38",503,6,1754,14,87,411,228,40,4088,433,339,559,753,766,2594,390,62,206,46,61,13853,79,28,35,1035,775,248,7,218,39,2,86,2,17,1,3,18
"chr20.39",452,9,1357,6,82,381,220,37,3020,351,430,630,583,663,1756,335,60,192,33,41,10167,67,30,29,827,675,232,10,169,41,3,81,4,14,0,3,11
"chr20.40",343,4,956,16,82,325,168,15,2051,217,300,524,451,436,527,241,59,194,15,37,5059,33,23,23,411,570,195,5,107,43,4,40,4,10,1,4,5
"chr20.41",326,9,890,14,94,325,185,23,2394,215,263,484,294,361,436,246,57,222,24,40,3695,42,34,19,390,432,172,6,102,34,0,33,2,11,1,5,10
"chr20.42",348,2,955,8,74,300,144,22,2544,216,256,540,335,494,571,262,61,192,23,35,3087,35,31,25,470,449,194,2,133,49,2,42,4,7,0,1,6
"chr20.43",322,5,947,12,103,297,161,18,2311,320,292,502,334,359,393,231,54,161,18,44,4150,47,15,21,404,357,193,4,132,36,1,26,2,18,0,1,6
"chr20.44",374,9,1305,17,95,358,242,28,2749,270,269,577,647,549,719,262,71,210,30,44,4615,45,15,32,565,628,228,5,159,44,3,60,1,9,0,3,15
"chr20.45",307,4,900,8,82,310,161,20,2148,216,261,563,320,379,424,238,37,141,22,40,2308,35,27,15,405,403,194,9,158,51,4,37,6,7,1,3,6
"chr20.46",313,5,740,7,82,315,155,21,1536,230,232,591,209,358,344,216,63,210,19,31,2315,40,25,24,373,321,178,4,110,47,4,26,4,11,1,4,8
"chr20.47",354,4,968,16,94,316,150,28,2393,236,257,630,392,391,441,239,68,176,22,50,2942,41,48,31,455,463,187,4,127,43,3,44,2,9,0,0,5
"chr20.48",360,3,1140,19,98,338,182,35,3048,359,319,686,525,590,981,276,68,222,29,20,6305,76,30,42,705,538,262,2,180,42,2,56,3,16,0,3,6
"chr20.49",342,6,914,20,106,345,179,20,3038,293,280,677,561,534,673,257,69,220,31,44,8105,50,14,35,591,500,149,13,164,52,4,73,6,14,1,2,10
"chr20.50",367,10,1420,16,126,325,260,31,3146,381,308,640,445,457,865,250,74,182,24,29,4191,59,30,36,660,500,186,5,158,35,3,49,4,14,0,1,5
"chr20.51",480,8,1960,23,171,455,374,39,3579,680,426,980,976,1083,2208,456,84,204,44,49,10756,96,37,51,1496,943,223,9,277,53,4,73,6,14,0,7,19
"chr20.52",438,9,1297,24,135,401,291,30,3232,399,379,788,658,847,1651,284,77,221,39,37,5945,82,40,44,879,701,193,4,189,48,1,66,4,13,0,5,15
"chr20.53",355,5,1120,15,140,370,188,25,2245,321,322,625,528,688,809,230,81,194,26,33,4145,62,33,48,575,466,176,5,169,49,6,55,7,13,1,3,8
"chr20.54",423,10,1169,8,111,327,150,29,2466,211,356,640,496,464,688,264,53,194,29,30,3788,53,16,35,528,569,180,8,146,45,3,38,1,17,2,4,1
"chr20.55",599,10,1635,16,114,403,236,30,3031,270,356,737,682,639,1043,324,70,165,26,40,4316,48,61,47,657,746,209,4,162,46,5,62,7,19,0,1,10
"chr20.56",533,4,2293,14,116,418,273,23,4297,566,435,769,519,1064,2031,429,64,159,35,47,6269,100,38,37,1015,696,235,5,229,77,3,83,3,16,1,6,4
"chr20.57",667,7,2281,16,132,397,462,36,3800,581,582,1014,945,1355,2327,423,71,193,33,69,7054,117,32,68,1164,887,260,9,298,78,7,80,2,9,1,4,12
"chr20.58",NA,NA,NA,NA,NA,NA,NA,NA,NA,NA,NA,NA,NA,NA,NA,NA,NA,NA,NA,NA,NA,NA,NA,NA,NA,NA,NA,NA,NA,NA,NA,NA,NA,NA,NA,NA,NA
"chr20.59",437,5,870,13,98,348,216,32,1612,247,283,594,536,548,563,288,55,241,33,42,3275,42,48,29,514,660,231,4,138,45,6,52,0,20,1,5,9
"chr21.1",NA,NA,NA,NA,NA,NA,NA,NA,NA,NA,NA,NA,NA,NA,NA,NA,NA,NA,NA,NA,NA,NA,NA,NA,NA,NA,NA,NA,NA,NA,NA,NA,NA,NA,NA,NA,NA
"chr21.2",NA,NA,NA,NA,NA,NA,NA,NA,NA,NA,NA,NA,NA,NA,NA,NA,NA,NA,NA,NA,NA,NA,NA,NA,NA,NA,NA,NA,NA,NA,NA,NA,NA,NA,NA,NA,NA
"chr21.3",NA,NA,NA,NA,NA,NA,NA,NA,NA,NA,NA,NA,NA,NA,NA,NA,NA,NA,NA,NA,NA,NA,NA,NA,NA,NA,NA,NA,NA,NA,NA,NA,NA,NA,NA,NA,NA
"chr21.4",NA,NA,NA,NA,NA,NA,NA,NA,NA,NA,NA,NA,NA,NA,NA,NA,NA,NA,NA,NA,NA,NA,NA,NA,NA,NA,NA,NA,NA,NA,NA,NA,NA,NA,NA,NA,NA
"chr21.5",NA,NA,NA,NA,NA,NA,NA,NA,NA,NA,NA,NA,NA,NA,NA,NA,NA,NA,NA,NA,NA,NA,NA,NA,NA,NA,NA,NA,NA,NA,NA,NA,NA,NA,NA,NA,NA
"chr21.6",NA,NA,NA,NA,NA,NA,NA,NA,NA,NA,NA,NA,NA,NA,NA,NA,NA,NA,NA,NA,NA,NA,NA,NA,NA,NA,NA,NA,NA,NA,NA,NA,NA,NA,NA,NA,NA
"chr21.7",NA,NA,NA,NA,NA,NA,NA,NA,NA,NA,NA,NA,NA,NA,NA,NA,NA,NA,NA,NA,NA,NA,NA,NA,NA,NA,NA,NA,NA,NA,NA,NA,NA,NA,NA,NA,NA
"chr21.8",NA,NA,NA,NA,NA,NA,NA,NA,NA,NA,NA,NA,NA,NA,NA,NA,NA,NA,NA,NA,NA,NA,NA,NA,NA,NA,NA,NA,NA,NA,NA,NA,NA,NA,NA,NA,NA
"chr21.9",NA,NA,NA,NA,NA,NA,NA,NA,NA,NA,NA,NA,NA,NA,NA,NA,NA,NA,NA,NA,NA,NA,NA,NA,NA,NA,NA,NA,NA,NA,NA,NA,NA,NA,NA,NA,NA
"chr21.10",NA,NA,NA,NA,NA,NA,NA,NA,NA,NA,NA,NA,NA,NA,NA,NA,NA,NA,NA,NA,NA,NA,NA,NA,NA,NA,NA,NA,NA,NA,NA,NA,NA,NA,NA,NA,NA
"chr21.11",NA,NA,NA,NA,NA,NA,NA,NA,NA,NA,NA,NA,NA,NA,NA,NA,NA,NA,NA,NA,NA,NA,NA,NA,NA,NA,NA,NA,NA,NA,NA,NA,NA,NA,NA,NA,NA
"chr21.12",NA,NA,NA,NA,NA,NA,NA,NA,NA,NA,NA,NA,NA,NA,NA,NA,NA,NA,NA,NA,NA,NA,NA,NA,NA,NA,NA,NA,NA,NA,NA,NA,NA,NA,NA,NA,NA
"chr21.13",NA,NA,NA,NA,NA,NA,NA,NA,NA,NA,NA,NA,NA,NA,NA,NA,NA,NA,NA,NA,NA,NA,NA,NA,NA,NA,NA,NA,NA,NA,NA,NA,NA,NA,NA,NA,NA
"chr21.14",281,7,939,21,75,286,180,20,2943,355,256,473,305,356,323,239,55,152,20,26,3454,62,15,11,310,562,163,5,126,26,2,58,2,8,1,1,7
"chr21.15",240,4,1098,13,127,311,196,16,4159,715,333,540,341,780,1541,260,60,146,22,37,6804,111,14,21,653,502,220,1,188,34,4,41,0,8,0,1,13
"chr21.16",NA,NA,NA,NA,NA,NA,NA,NA,NA,NA,NA,NA,NA,NA,NA,NA,NA,NA,NA,NA,NA,NA,NA,NA,NA,NA,NA,NA,NA,NA,NA,NA,NA,NA,NA,NA,NA
"chr21.17",352,9,2181,36,141,507,420,44,4666,587,424,591,644,752,1537,428,83,318,49,63,4762,101,55,26,689,1154,273,5,219,32,3,73,2,6,0,8,10
"chr21.18",402,18,2980,29,155,675,451,58,6273,939,442,679,882,950,1971,745,94,357,64,84,6020,176,50,41,926,1899,349,4,239,35,4,95,0,5,1,4,9
"chr21.19",492,27,2929,26,175,668,418,62,6333,1055,551,648,620,1210,2337,685,123,233,52,61,9363,177,67,42,1042,1901,385,4,345,35,9,95,0,8,0,5,30
"chr21.20",570,3,2090,22,170,643,343,62,6155,909,643,573,681,1342,2486,813,137,164,56,65,4346,151,38,34,1142,1877,308,10,326,30,5,104,0,15,0,3,23
"chr21.21",721,14,2015,43,174,697,323,63,5642,844,656,667,1013,1387,2426,774,117,346,46,56,9426,147,41,32,1125,1809,332,6,340,31,7,123,2,18,1,9,30
"chr21.22",668,34,2974,35,156,716,546,52,6618,857,688,741,978,1245,2429,779,114,337,54,70,10947,120,41,36,1196,1688,369,6,364,40,2,137,2,24,0,4,17
"chr21.23",398,26,2770,37,152,530,386,28,6169,608,617,662,866,1126,2283,643,96,280,46,64,10834,71,51,21,1145,1843,376,3,327,48,4,135,2,8,0,8,14
"chr21.24",330,7,1605,12,102,312,256,35,3901,294,398,598,557,854,1506,352,60,174,37,61,6941,41,17,7,799,988,282,4,203,42,4,70,3,14,2,5,10
"chr21.25",307,6,1509,14,83,306,278,26,3648,597,337,480,577,703,1142,211,72,148,25,46,4954,77,21,18,564,502,213,2,175,33,1,49,1,15,0,1,7
"chr21.26",308,12,1940,25,100,313,295,16,4703,788,304,553,538,724,1985,371,65,186,21,47,3015,103,18,19,891,713,213,10,177,37,4,38,2,17,1,5,7
"chr21.27",293,6,929,22,86,232,166,19,3850,458,305,445,418,452,1078,227,68,147,18,39,3844,67,25,19,539,432,199,2,125,24,2,41,0,8,3,4,4
"chr21.28",318,2,827,7,87,285,168,30,2869,231,284,430,391,350,608,221,58,140,23,29,2367,46,15,18,440,420,183,0,102,32,0,54,3,8,0,2,10
"chr21.29",504,9,2264,29,122,543,244,25,5086,622,475,547,810,948,1801,363,76,224,44,49,2839,91,38,38,886,855,253,14,232,32,0,99,0,25,0,5,8
"chr21.30",266,4,1119,9,82,298,183,17,2919,359,356,463,416,616,809,277,56,150,21,26,2410,57,20,35,488,404,205,6,155,23,2,53,4,12,0,0,5
"chr21.31",249,4,892,10,74,253,156,22,2403,263,335,396,230,395,450,182,39,137,12,31,2423,50,20,20,350,361,150,6,111,31,1,42,1,13,0,0,11
"chr21.32",285,4,850,12,67,277,147,27,2156,195,259,399,232,372,336,171,53,129,24,32,2110,39,20,13,339,320,203,1,103,38,0,47,3,6,0,3,3
"chr21.33",264,1,805,10,80,260,156,20,2478,173,269,412,268,312,261,228,60,209,21,27,2808,42,32,17,301,285,183,7,124,20,2,35,0,6,3,2,5
"chr21.34",NA,NA,NA,NA,NA,NA,NA,NA,NA,NA,NA,NA,NA,NA,NA,NA,NA,NA,NA,NA,NA,NA,NA,NA,NA,NA,NA,NA,NA,NA,NA,NA,NA,NA,NA,NA,NA
"chr21.35",273,10,784,8,63,284,143,18,1965,216,274,397,234,297,249,177,56,156,30,31,2046,41,14,16,321,314,195,1,108,23,1,37,3,12,1,2,6
"chr21.36",290,7,886,15,63,282,164,19,2579,241,250,469,213,305,348,167,49,136,19,28,3175,42,24,20,345,328,183,1,109,40,0,83,4,7,1,4,11
"chr21.37",311,9,1103,21,87,348,192,20,2783,434,234,472,206,461,594,210,65,225,26,49,5693,75,28,24,382,338,161,2,142,39,4,65,1,12,1,2,9
"chr21.38",259,2,972,18,56,260,168,16,2283,293,239,440,267,362,324,230,52,139,30,30,3824,57,20,22,331,329,166,3,98,46,3,60,3,7,0,2,7
"chr21.39",425,6,1880,6,66,364,181,39,3555,550,382,541,288,610,975,341,61,133,43,50,8772,95,31,29,475,704,214,4,178,34,2,91,2,15,0,7,13
"chr21.40",NA,NA,NA,NA,NA,NA,NA,NA,NA,NA,NA,NA,NA,NA,NA,NA,NA,NA,NA,NA,NA,NA,NA,NA,NA,NA,NA,NA,NA,NA,NA,NA,NA,NA,NA,NA,NA
"chr21.41",304,5,736,17,69,264,160,26,1621,227,214,412,202,302,286,181,58,188,26,23,2773,37,28,20,298,272,154,3,121,30,0,51,4,12,0,2,2
"chr21.42",NA,NA,NA,NA,NA,NA,NA,NA,NA,NA,NA,NA,NA,NA,NA,NA,NA,NA,NA,NA,NA,NA,NA,NA,NA,NA,NA,NA,NA,NA,NA,NA,NA,NA,NA,NA,NA
"chr21.43",290,8,719,23,82,316,161,25,1695,223,250,450,263,379,301,221,52,236,35,35,3216,44,15,22,364,408,181,2,136,43,2,52,1,11,1,7,9
"chr21.44",301,12,723,16,103,292,177,34,2583,214,244,466,256,521,438,214,62,219,28,35,2438,36,14,25,384,387,164,5,145,55,3,45,0,12,0,2,8
"chr22.1",NA,NA,NA,NA,NA,NA,NA,NA,NA,NA,NA,NA,NA,NA,NA,NA,NA,NA,NA,NA,NA,NA,NA,NA,NA,NA,NA,NA,NA,NA,NA,NA,NA,NA,NA,NA,NA
"chr22.2",NA,NA,NA,NA,NA,NA,NA,NA,NA,NA,NA,NA,NA,NA,NA,NA,NA,NA,NA,NA,NA,NA,NA,NA,NA,NA,NA,NA,NA,NA,NA,NA,NA,NA,NA,NA,NA
"chr22.3",NA,NA,NA,NA,NA,NA,NA,NA,NA,NA,NA,NA,NA,NA,NA,NA,NA,NA,NA,NA,NA,NA,NA,NA,NA,NA,NA,NA,NA,NA,NA,NA,NA,NA,NA,NA,NA
"chr22.4",NA,NA,NA,NA,NA,NA,NA,NA,NA,NA,NA,NA,NA,NA,NA,NA,NA,NA,NA,NA,NA,NA,NA,NA,NA,NA,NA,NA,NA,NA,NA,NA,NA,NA,NA,NA,NA
"chr22.5",NA,NA,NA,NA,NA,NA,NA,NA,NA,NA,NA,NA,NA,NA,NA,NA,NA,NA,NA,NA,NA,NA,NA,NA,NA,NA,NA,NA,NA,NA,NA,NA,NA,NA,NA,NA,NA
"chr22.6",NA,NA,NA,NA,NA,NA,NA,NA,NA,NA,NA,NA,NA,NA,NA,NA,NA,NA,NA,NA,NA,NA,NA,NA,NA,NA,NA,NA,NA,NA,NA,NA,NA,NA,NA,NA,NA
"chr22.7",NA,NA,NA,NA,NA,NA,NA,NA,NA,NA,NA,NA,NA,NA,NA,NA,NA,NA,NA,NA,NA,NA,NA,NA,NA,NA,NA,NA,NA,NA,NA,NA,NA,NA,NA,NA,NA
"chr22.8",NA,NA,NA,NA,NA,NA,NA,NA,NA,NA,NA,NA,NA,NA,NA,NA,NA,NA,NA,NA,NA,NA,NA,NA,NA,NA,NA,NA,NA,NA,NA,NA,NA,NA,NA,NA,NA
"chr22.9",NA,NA,NA,NA,NA,NA,NA,NA,NA,NA,NA,NA,NA,NA,NA,NA,NA,NA,NA,NA,NA,NA,NA,NA,NA,NA,NA,NA,NA,NA,NA,NA,NA,NA,NA,NA,NA
"chr22.10",NA,NA,NA,NA,NA,NA,NA,NA,NA,NA,NA,NA,NA,NA,NA,NA,NA,NA,NA,NA,NA,NA,NA,NA,NA,NA,NA,NA,NA,NA,NA,NA,NA,NA,NA,NA,NA
"chr22.11",NA,NA,NA,NA,NA,NA,NA,NA,NA,NA,NA,NA,NA,NA,NA,NA,NA,NA,NA,NA,NA,NA,NA,NA,NA,NA,NA,NA,NA,NA,NA,NA,NA,NA,NA,NA,NA
"chr22.12",NA,NA,NA,NA,NA,NA,NA,NA,NA,NA,NA,NA,NA,NA,NA,NA,NA,NA,NA,NA,NA,NA,NA,NA,NA,NA,NA,NA,NA,NA,NA,NA,NA,NA,NA,NA,NA
"chr22.13",NA,NA,NA,NA,NA,NA,NA,NA,NA,NA,NA,NA,NA,NA,NA,NA,NA,NA,NA,NA,NA,NA,NA,NA,NA,NA,NA,NA,NA,NA,NA,NA,NA,NA,NA,NA,NA
"chr22.14",NA,NA,NA,NA,NA,NA,NA,NA,NA,NA,NA,NA,NA,NA,NA,NA,NA,NA,NA,NA,NA,NA,NA,NA,NA,NA,NA,NA,NA,NA,NA,NA,NA,NA,NA,NA,NA
"chr22.15",NA,NA,NA,NA,NA,NA,NA,NA,NA,NA,NA,NA,NA,NA,NA,NA,NA,NA,NA,NA,NA,NA,NA,NA,NA,NA,NA,NA,NA,NA,NA,NA,NA,NA,NA,NA,NA
"chr22.16",237,6,693,12,47,288,181,14,1786,190,234,426,213,375,272,213,41,171,14,32,2108,34,25,34,321,357,178,5,131,27,2,41,2,10,1,2,3
"chr22.17",NA,NA,NA,NA,NA,NA,NA,NA,NA,NA,NA,NA,NA,NA,NA,NA,NA,NA,NA,NA,NA,NA,NA,NA,NA,NA,NA,NA,NA,NA,NA,NA,NA,NA,NA,NA,NA
"chr22.18",NA,NA,NA,NA,NA,NA,NA,NA,NA,NA,NA,NA,NA,NA,NA,NA,NA,NA,NA,NA,NA,NA,NA,NA,NA,NA,NA,NA,NA,NA,NA,NA,NA,NA,NA,NA,NA
"chr22.19",NA,NA,NA,NA,NA,NA,NA,NA,NA,NA,NA,NA,NA,NA,NA,NA,NA,NA,NA,NA,NA,NA,NA,NA,NA,NA,NA,NA,NA,NA,NA,NA,NA,NA,NA,NA,NA
"chr22.20",273,5,797,11,60,239,165,18,2005,4766,236,424,313,346,282,251,63,154,27,25,3577,596,32,23,353,503,118,2,112,42,2,56,2,7,0,5,5
"chr22.21",NA,NA,NA,NA,NA,NA,NA,NA,NA,NA,NA,NA,NA,NA,NA,NA,NA,NA,NA,NA,NA,NA,NA,NA,NA,NA,NA,NA,NA,NA,NA,NA,NA,NA,NA,NA,NA
"chr22.22",NA,NA,NA,NA,NA,NA,NA,NA,NA,NA,NA,NA,NA,NA,NA,NA,NA,NA,NA,NA,NA,NA,NA,NA,NA,NA,NA,NA,NA,NA,NA,NA,NA,NA,NA,NA,NA
"chr22.23",308,1,1221,9,68,360,205,26,2729,254,275,511,402,516,750,215,53,121,29,45,5471,58,27,30,436,585,166,3,138,31,0,53,1,13,1,5,7
"chr22.24",284,7,1012,12,68,359,181,14,2920,306,291,483,456,417,665,240,64,141,23,29,5496,57,13,26,401,573,174,2,148,38,2,34,0,6,0,6,8
"chr22.25",189,3,754,12,58,259,150,19,2611,243,202,364,233,342,390,269,44,105,30,24,2197,48,8,24,362,318,134,2,145,32,2,47,1,12,0,2,5
"chr22.26",NA,NA,NA,NA,NA,NA,NA,NA,NA,NA,NA,NA,NA,NA,NA,NA,NA,NA,NA,NA,NA,NA,NA,NA,NA,NA,NA,NA,NA,NA,NA,NA,NA,NA,NA,NA,NA
"chr22.27",209,10,774,16,53,274,144,21,1793,174,230,382,171,286,219,209,52,119,37,36,2377,36,21,24,269,301,187,4,110,30,2,33,0,4,1,0,5
"chr22.28",NA,NA,NA,NA,NA,NA,NA,NA,NA,NA,NA,NA,NA,NA,NA,NA,NA,NA,NA,NA,NA,NA,NA,NA,NA,NA,NA,NA,NA,NA,NA,NA,NA,NA,NA,NA,NA
"chr22.29",NA,NA,NA,NA,NA,NA,NA,NA,NA,NA,NA,NA,NA,NA,NA,NA,NA,NA,NA,NA,NA,NA,NA,NA,NA,NA,NA,NA,NA,NA,NA,NA,NA,NA,NA,NA,NA
"chr22.30",231,2,817,14,69,271,164,23,2719,302,314,438,318,512,652,295,48,121,26,43,2940,59,26,28,420,566,210,9,189,28,4,44,3,7,0,3,8
"chr22.31",293,5,1117,20,91,323,219,27,3347,459,360,480,572,551,988,329,70,165,31,42,6416,92,73,37,542,844,155,4,188,35,2,71,0,12,0,8,13
"chr22.32",251,8,1042,13,87,281,174,23,2248,276,259,431,449,503,882,234,53,158,20,27,5687,52,32,30,433,590,174,2,133,30,5,58,1,11,0,1,7
"chr22.33",184,8,831,11,59,250,116,18,1735,230,238,335,176,303,221,214,59,115,14,24,2284,48,19,30,272,354,185,4,130,30,4,17,2,5,0,3,8
"chr22.34",239,2,765,8,66,269,163,21,1749,203,248,453,303,394,346,202,61,154,26,38,3797,43,31,41,331,444,158,9,107,46,4,42,0,11,1,4,7
"chr22.35",NA,NA,NA,NA,NA,NA,NA,NA,NA,NA,NA,NA,NA,NA,NA,NA,NA,NA,NA,NA,NA,NA,NA,NA,NA,NA,NA,NA,NA,NA,NA,NA,NA,NA,NA,NA,NA
"chr22.36",217,5,771,11,64,289,162,20,1940,225,220,386,278,352,290,226,62,115,35,50,2421,42,25,28,319,369,180,4,149,38,1,40,0,7,0,1,2
"chr22.37",198,6,902,12,46,300,134,16,2146,253,210,380,250,320,295,200,51,122,24,30,2438,37,29,15,309,384,154,4,110,18,3,43,3,9,0,2,12
"chr22.38",NA,NA,NA,NA,NA,NA,NA,NA,NA,NA,NA,NA,NA,NA,NA,NA,NA,NA,NA,NA,NA,NA,NA,NA,NA,NA,NA,NA,NA,NA,NA,NA,NA,NA,NA,NA,NA
"chr22.39",NA,NA,NA,NA,NA,NA,NA,NA,NA,NA,NA,NA,NA,NA,NA,NA,NA,NA,NA,NA,NA,NA,NA,NA,NA,NA,NA,NA,NA,NA,NA,NA,NA,NA,NA,NA,NA
"chr22.40",212,8,730,14,58,283,131,24,1691,229,261,411,257,358,356,239,58,160,19,44,2515,50,32,25,336,360,154,7,119,24,5,38,1,9,1,2,7
"chr22.41",215,7,919,15,64,371,175,25,2391,244,237,428,338,403,410,238,60,174,21,31,2888,38,29,39,410,457,161,3,136,35,3,38,0,17,0,6,7
"chr22.42",199,5,896,16,64,308,135,19,1825,225,225,465,307,413,363,224,69,169,25,47,2738,52,18,34,360,399,157,5,161,33,3,52,0,11,0,0,8
"chr22.43",178,2,723,11,79,323,164,26,1447,220,244,385,133,347,245,226,61,136,19,35,2135,30,20,21,325,304,192,5,136,32,4,32,0,4,0,3,1
"chr22.44",211,4,958,18,96,296,221,17,2177,263,267,406,289,430,477,233,59,151,28,36,3331,48,40,26,407,472,154,3,119,36,3,54,0,10,0,1,7
"chr22.45",340,6,1882,29,101,549,287,32,3511,355,483,647,617,947,1425,410,73,185,35,61,5947,79,52,57,733,1072,233,14,267,49,7,80,4,19,2,2,13
"chr22.46",397,7,1463,24,110,465,324,43,2941,350,372,677,626,907,1082,410,67,152,38,66,3916,73,91,56,635,1031,218,6,213,45,4,91,3,17,2,5,6
"chr22.47",NA,NA,NA,NA,NA,NA,NA,NA,NA,NA,NA,NA,NA,NA,NA,NA,NA,NA,NA,NA,NA,NA,NA,NA,NA,NA,NA,NA,NA,NA,NA,NA,NA,NA,NA,NA,NA
"chr3.1",NA,NA,NA,NA,NA,NA,NA,NA,NA,NA,NA,NA,NA,NA,NA,NA,NA,NA,NA,NA,NA,NA,NA,NA,NA,NA,NA,NA,NA,NA,NA,NA,NA,NA,NA,NA,NA
"chr3.2",404,12,2964,19,149,298,494,24,5632,744,644,648,630,1224,2927,510,82,332,42,50,5078,149,61,49,1410,1235,286,8,299,59,5,64,3,8,0,7,7
"chr3.3",414,7,2149,30,94,234,315,12,5191,771,618,613,550,1236,2745,469,78,350,40,58,6586,123,26,29,1272,1029,272,6,238,49,6,64,2,5,3,5,8
"chr3.4",318,9,1415,15,84,165,193,13,4018,407,351,452,478,566,1304,320,75,153,37,32,7939,62,31,20,863,607,195,5,148,31,2,44,2,3,0,7,8
"chr3.5",255,3,836,16,60,148,184,23,2669,224,258,380,213,324,528,206,60,160,22,31,2691,40,26,25,473,295,161,2,140,27,3,36,2,7,1,2,4
"chr3.6",322,8,1570,21,102,198,242,31,3038,397,303,460,496,391,593,275,82,216,32,25,6589,51,47,39,586,684,195,5,140,35,1,50,2,10,0,7,7
"chr3.7",489,10,2246,32,123,188,278,40,3762,751,517,588,743,586,1597,387,104,281,45,46,6961,117,40,41,1005,976,230,4,197,37,4,88,2,11,1,6,7
"chr3.8",420,3,1855,11,107,179,194,33,4125,777,512,606,672,480,1405,412,60,163,35,29,8970,140,38,29,715,725,256,3,169,30,2,76,3,12,0,2,6
"chr3.9",228,2,1042,14,52,173,158,24,2934,344,242,429,302,343,631,205,64,166,29,22,3210,79,23,22,452,362,165,3,121,29,3,37,1,12,0,2,8
"chr3.10",224,3,839,8,66,190,172,20,1990,218,233,394,194,295,310,178,51,146,24,27,2666,32,26,20,381,238,174,8,113,28,3,27,2,9,1,4,6
"chr3.11",246,5,773,12,84,223,156,32,2325,239,266,377,350,366,519,175,50,160,26,28,3917,53,54,25,450,323,184,2,138,38,4,35,6,13,1,0,5
"chr3.12",222,2,940,13,55,196,166,19,2264,221,214,409,220,307,350,173,61,161,15,26,3004,49,31,29,411,227,184,3,124,35,1,26,3,7,0,1,8
"chr3.13",266,5,931,12,54,159,179,13,2080,227,259,441,283,291,308,168,47,176,20,24,3136,54,36,19,337,282,223,3,115,23,2,31,1,13,1,1,3
"chr3.14",297,5,862,10,69,177,170,23,2372,251,259,442,343,484,471,163,53,173,34,14,3553,54,35,26,462,318,161,3,150,25,2,32,1,12,1,3,6
"chr3.15",241,6,937,14,53,181,167,25,2047,204,188,401,242,322,318,161,60,248,14,25,3013,39,24,28,330,276,169,2,84,28,3,34,0,6,0,2,1
"chr3.16",194,4,800,10,50,148,133,20,2229,184,216,342,137,283,296,175,36,135,19,31,1642,26,25,23,349,206,145,3,118,23,2,28,0,7,0,2,7
"chr3.17",229,3,851,12,63,163,277,20,3474,323,264,459,314,368,720,178,42,157,27,27,3217,32,31,19,489,414,129,1,100,28,2,23,1,4,0,3,4
"chr3.18",246,6,974,11,65,176,188,12,2716,176,242,410,264,299,471,181,48,135,16,36,3222,36,28,21,425,412,154,6,100,34,3,24,0,2,0,2,7
"chr3.19",364,6,2054,17,77,284,230,34,3240,291,367,571,452,450,835,268,70,218,46,23,7363,58,76,25,551,556,202,5,159,37,1,63,4,4,0,1,10
"chr3.20",349,6,2079,19,90,247,251,27,3679,323,392,584,550,392,811,304,62,166,35,34,5561,48,54,34,619,685,167,4,151,42,2,62,4,5,1,4,11
"chr3.21",356,9,1072,10,66,218,214,17,4256,508,374,482,499,515,1340,310,66,137,28,35,7257,71,30,28,755,654,228,9,155,36,4,62,2,11,0,4,6
"chr3.22",423,10,1981,30,87,224,363,23,6184,792,397,564,739,680,2355,431,86,203,29,49,11235,115,33,39,1112,897,274,7,229,42,6,46,1,13,0,1,7
"chr3.23",411,11,1961,20,98,275,337,36,5123,566,385,513,578,876,2643,371,82,263,31,51,7128,84,33,39,1072,855,235,7,246,50,5,43,1,13,1,5,16
"chr3.24",230,3,1254,16,67,143,158,14,3344,233,293,372,259,447,794,182,71,129,25,30,2054,28,15,21,487,336,178,3,164,26,0,36,6,6,0,2,2
"chr3.25",230,2,931,19,75,165,162,16,3534,363,282,382,265,282,469,165,54,157,15,31,4797,77,22,22,377,246,161,3,116,29,2,37,1,5,1,4,3
"chr3.26",269,5,1380,9,87,203,176,15,3569,447,235,403,365,400,699,204,66,151,16,27,3119,89,29,21,501,303,172,7,158,34,3,25,3,10,0,1,5
"chr3.27",NA,NA,NA,NA,NA,NA,NA,NA,NA,NA,NA,NA,NA,NA,NA,NA,NA,NA,NA,NA,NA,NA,NA,NA,NA,NA,NA,NA,NA,NA,NA,NA,NA,NA,NA,NA,NA
"chr3.28",349,5,1362,28,54,182,198,24,3105,335,285,437,373,421,818,167,74,169,25,29,3215,78,37,21,449,353,173,2,156,37,1,46,1,17,0,3,8
"chr3.29",361,6,1542,13,70,172,231,26,3509,555,352,476,353,567,1333,222,65,157,18,29,4386,70,39,43,719,401,229,2,180,42,9,41,1,12,0,1,7
"chr3.30",320,3,1990,16,102,184,183,19,4192,743,324,528,259,591,1581,265,81,167,24,25,3108,90,26,74,824,294,229,5,183,51,0,30,4,15,0,2,5
"chr3.31",287,9,1197,28,69,189,170,30,2751,350,266,436,226,301,335,159,69,191,25,32,3658,45,20,95,361,264,170,2,82,49,1,25,4,6,1,3,4
"chr3.32",291,6,1341,14,60,209,162,19,2541,343,261,348,233,338,386,170,61,175,19,24,3079,41,30,22,385,246,140,2,88,36,2,31,0,10,0,2,11
"chr3.33",229,3,941,17,60,161,156,13,2199,246,203,338,153,273,289,175,44,203,16,25,2375,31,24,47,328,233,156,3,97,43,3,38,0,1,0,3,9
"chr3.34",199,3,1003,10,60,153,188,18,2460,230,214,356,192,297,324,155,60,153,27,36,2342,43,20,21,319,255,155,6,70,33,1,31,0,6,0,2,9
"chr3.35",461,17,2021,8,108,242,258,38,3478,455,384,410,536,553,1386,345,61,140,40,46,11692,106,40,28,842,734,253,5,163,42,3,78,1,6,1,0,8
"chr3.36",476,5,1229,13,93,192,344,29,5063,777,512,562,614,716,1943,390,68,152,47,35,6436,114,36,35,960,738,214,8,152,40,4,65,3,11,3,11,9
"chr3.37",308,5,1343,15,62,176,341,21,3801,390,286,506,388,578,1696,252,75,117,37,36,9292,75,32,30,812,459,205,3,131,43,6,55,2,8,1,5,9
"chr3.38",235,2,907,11,70,172,170,13,2134,225,235,366,161,291,341,151,33,118,9,17,1714,46,8,18,311,169,144,2,77,26,0,19,4,4,0,1,6
"chr3.39",258,2,918,11,64,202,221,30,2373,271,240,408,261,347,470,196,49,167,26,25,4903,55,25,21,437,337,138,3,102,33,2,44,1,5,2,1,7
"chr3.40",272,6,840,16,58,193,168,19,2600,261,222,417,286,337,499,171,51,157,34,28,4715,51,46,23,367,371,133,5,84,27,3,58,5,4,1,2,6
"chr3.41",232,5,868,17,63,147,176,16,2584,286,230,358,237,322,405,166,62,113,26,20,2680,45,27,23,374,328,139,5,91,36,1,33,6,11,0,4,6
"chr3.42",221,5,1008,21,55,168,179,19,2614,271,226,369,239,289,381,160,68,136,16,40,2089,40,18,18,376,279,142,5,116,38,2,30,1,8,1,2,8
"chr3.43",259,5,930,8,67,191,161,7,2223,223,236,365,209,249,297,141,65,139,28,22,2479,38,23,29,322,245,132,2,72,27,1,38,1,9,0,2,5
"chr3.44",243,5,855,8,62,147,202,20,2638,257,191,341,241,317,330,157,46,125,19,22,2335,52,26,31,342,357,127,3,79,33,1,32,2,7,1,1,5
"chr3.45",272,3,1021,13,64,161,169,24,2874,212,274,373,239,307,446,194,61,137,21,37,2377,36,31,24,391,340,146,8,98,28,4,31,2,8,1,2,6
"chr3.46",222,5,878,10,62,170,159,22,1932,220,230,315,181,261,268,138,43,145,18,21,2303,44,24,22,309,187,121,3,70,28,1,15,0,6,0,3,1
"chr3.47",260,13,777,13,67,174,198,15,2574,203,233,321,216,305,374,162,56,133,14,28,3327,47,24,24,372,261,142,6,68,16,1,38,2,11,0,7,3
"chr3.48",NA,NA,NA,NA,NA,NA,NA,NA,NA,NA,NA,NA,NA,NA,NA,NA,NA,NA,NA,NA,NA,NA,NA,NA,NA,NA,NA,NA,NA,NA,NA,NA,NA,NA,NA,NA,NA
"chr3.49",NA,NA,NA,NA,NA,NA,NA,NA,NA,NA,NA,NA,NA,NA,NA,NA,NA,NA,NA,NA,NA,NA,NA,NA,NA,NA,NA,NA,NA,NA,NA,NA,NA,NA,NA,NA,NA
"chr3.50",NA,NA,NA,NA,NA,NA,NA,NA,NA,NA,NA,NA,NA,NA,NA,NA,NA,NA,NA,NA,NA,NA,NA,NA,NA,NA,NA,NA,NA,NA,NA,NA,NA,NA,NA,NA,NA
"chr3.51",270,4,860,10,62,173,156,15,1796,247,251,338,151,311,393,177,54,108,18,22,4094,43,21,26,376,249,128,1,95,16,4,39,4,8,1,0,4
"chr3.52",NA,NA,NA,NA,NA,NA,NA,NA,NA,NA,NA,NA,NA,NA,NA,NA,NA,NA,NA,NA,NA,NA,NA,NA,NA,NA,NA,NA,NA,NA,NA,NA,NA,NA,NA,NA,NA
"chr3.53",226,5,828,5,50,210,141,14,1381,199,226,332,140,226,247,125,42,133,14,24,1807,32,17,23,339,173,153,5,75,23,1,20,1,11,1,2,8
"chr3.54",232,8,744,8,52,202,174,13,1800,204,251,359,166,256,294,180,47,126,19,27,2690,39,25,19,329,200,143,1,84,28,0,31,1,5,1,2,4
"chr3.55",283,5,1701,9,60,181,205,16,3329,435,242,422,434,679,1516,173,50,187,25,36,9921,92,25,41,719,269,146,3,139,29,2,47,2,14,1,2,5
"chr3.56",275,7,1396,15,73,237,171,22,3568,328,228,368,320,699,2161,150,63,133,30,34,8086,98,32,30,917,291,152,8,156,29,2,34,1,10,1,3,9
"chr3.57",246,3,1424,11,67,189,154,19,2900,296,206,361,232,352,800,151,55,123,31,20,5797,65,24,25,495,247,156,4,117,21,4,25,2,13,0,6,8
"chr3.58",NA,NA,NA,NA,NA,NA,NA,NA,NA,NA,NA,NA,NA,NA,NA,NA,NA,NA,NA,NA,NA,NA,NA,NA,NA,NA,NA,NA,NA,NA,NA,NA,NA,NA,NA,NA,NA
"chr3.59",NA,NA,NA,NA,NA,NA,NA,NA,NA,NA,NA,NA,NA,NA,NA,NA,NA,NA,NA,NA,NA,NA,NA,NA,NA,NA,NA,NA,NA,NA,NA,NA,NA,NA,NA,NA,NA
"chr3.60",314,1,1175,16,61,183,195,19,3272,303,298,359,368,361,751,187,49,185,18,20,3578,50,23,25,523,379,107,1,95,27,3,41,2,9,0,3,6
"chr3.61",NA,NA,NA,NA,NA,NA,NA,NA,NA,NA,NA,NA,NA,NA,NA,NA,NA,NA,NA,NA,NA,NA,NA,NA,NA,NA,NA,NA,NA,NA,NA,NA,NA,NA,NA,NA,NA
"chr3.62",283,9,943,3,70,204,173,15,2477,460,243,352,287,295,479,221,43,131,23,35,2190,75,21,37,447,311,194,4,108,27,0,29,0,16,2,2,3
"chr3.63",399,4,1636,14,59,229,224,25,2862,349,342,423,331,316,465,268,44,122,35,40,2124,86,47,19,496,442,181,4,102,33,4,49,1,11,1,3,5
"chr3.64",341,4,1754,17,65,263,204,19,2784,362,290,441,301,267,416,210,55,150,37,26,2979,79,40,27,355,335,172,7,106,38,2,45,1,13,0,9,6
"chr3.65",282,5,1491,9,54,211,163,11,3047,501,202,349,241,329,635,158,32,108,17,44,2488,84,24,21,448,255,162,5,80,34,2,24,2,9,1,2,5
"chr3.66",221,1,927,7,50,192,139,14,2593,666,200,348,251,271,388,196,45,115,13,31,5770,117,28,30,387,271,133,7,97,33,4,34,2,18,0,3,6
"chr3.67",NA,NA,NA,NA,NA,NA,NA,NA,NA,NA,NA,NA,NA,NA,NA,NA,NA,NA,NA,NA,NA,NA,NA,NA,NA,NA,NA,NA,NA,NA,NA,NA,NA,NA,NA,NA,NA
"chr3.68",290,9,996,13,54,203,190,18,2955,260,279,350,335,365,790,260,50,133,24,38,5543,30,39,24,503,445,183,7,118,37,6,48,2,8,1,4,5
"chr3.69",519,3,1491,24,77,185,183,30,4053,529,344,520,525,603,1845,371,66,211,42,31,11902,76,45,25,773,694,217,7,113,38,4,65,3,20,1,4,10
"chr3.70",314,5,1218,12,46,197,151,16,3004,382,193,346,251,337,472,162,30,140,12,31,1568,61,20,21,419,230,157,6,99,30,1,25,2,4,0,1,5
"chr3.71",350,14,1691,25,76,228,189,16,4251,470,283,391,457,481,957,246,77,198,34,23,4166,71,32,21,606,433,198,1,122,43,4,60,1,20,1,1,2
"chr3.72",249,6,1045,10,62,197,160,18,2421,313,209,339,256,320,449,194,54,146,18,21,3716,36,14,29,490,282,166,3,113,26,2,35,1,6,0,2,7
"chr3.73",272,1,834,9,65,222,141,29,2519,181,233,331,366,326,414,168,46,141,12,31,2791,44,27,26,414,340,139,1,93,46,1,26,0,6,1,0,3
"chr3.74",325,2,1588,10,67,241,174,27,2667,479,234,405,644,651,1334,283,53,131,25,39,3154,106,26,32,630,591,175,4,156,29,3,29,0,13,1,5,8
"chr3.75",338,6,1820,20,86,302,189,32,4033,948,328,516,674,520,2201,468,64,197,34,42,5904,158,50,29,948,834,175,8,223,42,6,73,2,17,0,2,12
"chr3.76",NA,NA,NA,NA,NA,NA,NA,NA,NA,NA,NA,NA,NA,NA,NA,NA,NA,NA,NA,NA,NA,NA,NA,NA,NA,NA,NA,NA,NA,NA,NA,NA,NA,NA,NA,NA,NA
"chr3.77",NA,NA,NA,NA,NA,NA,NA,NA,NA,NA,NA,NA,NA,NA,NA,NA,NA,NA,NA,NA,NA,NA,NA,NA,NA,NA,NA,NA,NA,NA,NA,NA,NA,NA,NA,NA,NA
"chr3.78",426,12,2339,16,103,320,357,21,4680,1264,291,534,510,827,1664,234,61,155,37,33,4961,213,41,35,896,483,264,7,244,36,0,49,0,19,1,4,11
"chr3.79",316,10,2014,17,95,297,240,26,5330,1132,263,505,375,881,1909,201,73,161,21,23,6058,238,28,44,963,395,162,6,286,32,1,40,1,14,0,4,7
"chr3.80",426,5,2137,15,114,387,280,26,5537,1259,445,546,744,844,2100,290,92,219,57,22,5343,241,67,30,1070,701,184,6,257,52,2,63,2,14,1,6,10
"chr3.81",548,15,2566,22,112,392,329,41,4223,1310,457,568,947,584,1351,487,126,309,57,41,9885,250,73,50,800,1147,192,1,204,45,3,119,0,22,1,2,20
"chr3.82",414,12,1191,16,94,218,288,29,3441,837,299,494,470,632,1326,314,92,157,40,38,6296,123,37,33,638,670,181,6,169,24,3,43,3,3,0,3,9
"chr3.83",585,13,2081,13,115,347,469,32,6105,1026,369,523,652,1035,2619,437,112,161,48,54,5423,176,63,41,1237,816,246,9,318,28,3,90,2,18,1,10,11
"chr3.84",693,11,2835,28,154,518,648,53,6612,1412,509,556,842,1193,2511,506,117,181,62,49,4407,250,68,51,1221,1402,282,5,371,37,2,87,2,19,2,7,12
"chr3.85",724,11,3010,17,193,567,560,49,6561,1507,660,560,846,1064,2452,513,136,159,56,49,5812,249,51,61,1238,1600,318,13,311,47,9,101,2,19,1,6,18
"chr3.86",NA,NA,NA,NA,NA,NA,NA,NA,NA,NA,NA,NA,NA,NA,NA,NA,NA,NA,NA,NA,NA,NA,NA,NA,NA,NA,NA,NA,NA,NA,NA,NA,NA,NA,NA,NA,NA
"chr3.87",548,13,2836,19,130,524,454,39,5042,1154,393,597,909,977,2240,546,132,155,39,43,10458,205,50,41,1075,1555,220,10,243,42,3,91,3,11,2,3,11
"chr3.88",439,12,2046,28,107,350,241,23,3411,546,335,516,589,567,961,395,123,237,37,33,7633,76,62,33,571,900,136,7,193,39,1,59,0,7,0,8,9
"chr3.89",565,14,2343,38,112,374,440,21,4068,573,432,666,561,752,1879,406,82,219,45,38,6174,106,30,40,828,1086,205,7,229,30,4,43,2,10,1,1,8
"chr3.90",582,27,3219,25,150,587,474,24,4895,802,588,619,744,660,1458,475,81,210,58,58,6413,170,36,33,852,1188,224,7,246,32,7,66,4,15,1,6,11
"chr3.91",372,21,1518,26,82,348,221,42,3671,699,341,682,577,604,1308,535,113,198,23,50,7267,98,46,38,751,1425,223,7,193,48,5,75,5,13,1,7,5
"chr3.92",450,17,2815,45,115,347,366,37,4575,1095,396,684,756,836,2102,816,120,295,46,67,7272,187,40,47,1009,2264,255,11,198,54,5,95,4,12,1,4,17
"chr3.93",546,20,3256,59,152,515,467,39,5932,1059,424,733,999,873,2639,748,141,367,48,81,9618,189,32,72,1098,2474,393,7,230,46,3,109,1,17,0,7,14
"chr3.94",398,24,2587,39,120,385,215,14,4751,847,440,555,712,901,2287,483,65,306,30,56,10634,131,36,36,1050,1426,213,11,254,38,5,97,6,11,2,16,8
"chr3.95",421,12,1253,23,84,321,238,17,3812,383,363,573,454,558,1000,323,78,209,42,41,4548,66,31,29,592,990,184,4,197,33,1,57,2,8,0,5,10
"chr3.96",359,11,1840,18,98,291,313,15,4221,509,326,618,396,680,2040,354,69,151,23,37,5883,69,18,24,783,977,233,8,188,42,3,26,4,15,1,9,4
"chr3.97",295,4,869,8,49,212,177,18,2492,248,244,398,267,323,322,220,56,144,18,58,1819,34,13,21,324,456,201,3,128,29,3,23,2,5,1,3,2
"chr3.98",268,5,1151,14,49,225,249,14,3063,279,236,456,300,330,698,288,63,147,20,33,2505,64,18,21,405,511,164,5,131,41,3,28,3,5,0,1,8
"chr3.99",409,5,1157,18,72,300,247,9,3057,337,320,490,466,434,806,307,131,241,28,47,6074,54,41,39,483,823,167,3,137,25,3,44,2,15,0,7,8
"chr3.100",518,24,2344,36,117,326,460,41,5085,742,418,577,731,712,2262,676,150,364,37,62,10065,109,58,47,978,1909,258,3,212,34,3,72,1,18,1,11,12
"chr3.101",518,17,1940,37,126,420,307,29,4796,480,391,491,710,1071,2386,677,182,322,46,54,6889,85,41,37,1130,1678,274,8,247,30,5,63,1,16,1,12,7
"chr3.102",377,6,1265,15,83,276,216,14,3751,365,349,516,344,562,1160,360,91,217,32,45,3933,51,31,23,705,838,207,1,178,32,4,55,1,7,0,0,8
"chr3.103",350,4,2058,17,92,351,197,18,3898,381,320,517,544,578,1114,332,77,169,37,37,5043,60,13,22,628,820,204,0,209,28,2,30,0,10,1,2,5
"chr3.104",302,9,1530,13,68,261,174,19,3647,320,261,447,381,519,1033,328,68,150,21,41,3949,49,24,19,621,748,187,3,165,37,2,30,1,9,0,3,3
"chr3.105",313,2,1360,12,63,251,173,20,2634,193,268,456,291,313,328,287,62,126,27,25,4740,37,19,24,339,750,176,2,104,40,3,28,1,8,0,5,4
"chr3.106",NA,NA,NA,NA,NA,NA,NA,NA,NA,NA,NA,NA,NA,NA,NA,NA,NA,NA,NA,NA,NA,NA,NA,NA,NA,NA,NA,NA,NA,NA,NA,NA,NA,NA,NA,NA,NA
"chr3.107",405,11,1482,37,106,311,266,23,3770,769,369,864,468,517,846,707,109,231,42,73,4841,156,43,32,582,1605,218,5,214,53,2,83,4,19,0,7,10
"chr3.108",300,6,1184,18,85,262,215,12,3236,430,275,658,406,390,415,397,76,182,31,31,5252,72,34,30,411,1017,157,7,116,35,1,37,2,6,1,3,5
"chr3.109",295,1,1465,15,50,237,166,16,2672,232,244,496,278,326,372,196,59,126,21,38,3087,40,17,28,376,579,163,4,128,31,3,34,2,8,0,9,1
"chr3.110",278,4,1223,10,62,268,161,15,2480,174,244,415,283,314,400,239,69,142,19,28,2376,28,17,18,414,543,173,1,120,35,5,18,3,8,0,4,2
"chr3.111",292,1,1033,11,61,318,175,21,2753,210,235,442,335,409,471,312,64,147,23,60,2390,33,28,22,488,750,163,5,142,25,4,32,1,5,0,2,1
"chr3.112",474,3,1316,12,56,242,237,21,3761,327,383,565,606,476,885,417,49,118,21,44,3427,51,17,27,638,1138,177,5,152,34,6,43,2,10,0,11,8
"chr3.113",682,2,2469,18,64,467,269,33,4185,582,564,806,963,622,1205,442,73,156,36,39,1989,114,24,28,841,1671,233,3,234,49,6,84,1,18,1,5,4
"chr3.114",NA,NA,NA,NA,NA,NA,NA,NA,NA,NA,NA,NA,NA,NA,NA,NA,NA,NA,NA,NA,NA,NA,NA,NA,NA,NA,NA,NA,NA,NA,NA,NA,NA,NA,NA,NA,NA
"chr3.115",612,5,2072,15,129,415,403,43,4547,638,473,878,1077,968,2851,590,72,158,51,69,8557,138,58,51,1150,2131,263,5,242,64,11,69,6,21,1,2,8
"chr3.116",366,3,1161,13,79,218,218,24,3116,210,291,560,431,404,672,329,49,138,25,40,2719,37,25,19,484,840,174,5,127,42,3,31,1,5,0,7,8
"chr3.117",296,6,896,11,59,248,151,17,2592,248,250,424,244,347,410,268,51,147,12,42,1965,52,19,21,409,542,163,1,133,15,4,18,0,9,0,1,4
"chr3.118",NA,NA,NA,NA,NA,NA,NA,NA,NA,NA,NA,NA,NA,NA,NA,NA,NA,NA,NA,NA,NA,NA,NA,NA,NA,NA,NA,NA,NA,NA,NA,NA,NA,NA,NA,NA,NA
"chr3.119",273,6,939,14,58,220,161,22,2640,221,230,435,234,268,297,233,73,143,30,47,5414,34,25,14,308,422,186,2,92,35,6,34,0,14,0,2,2
"chr3.120",275,2,800,7,55,237,144,15,2353,218,235,382,324,401,344,218,46,147,16,32,2488,47,22,21,379,536,160,4,118,41,2,20,0,8,1,0,2
"chr3.121",241,7,880,10,56,230,176,25,2649,322,215,439,322,349,427,266,42,157,22,43,3187,67,20,29,351,647,176,5,87,45,3,33,2,12,0,2,6
"chr3.122",233,2,776,9,50,273,144,11,1968,197,223,417,237,287,250,204,49,131,21,32,2160,32,9,23,310,388,144,7,111,27,5,26,1,6,0,3,7
"chr3.123",NA,NA,NA,NA,NA,NA,NA,NA,NA,NA,NA,NA,NA,NA,NA,NA,NA,NA,NA,NA,NA,NA,NA,NA,NA,NA,NA,NA,NA,NA,NA,NA,NA,NA,NA,NA,NA
"chr3.124",344,2,1016,12,72,278,185,27,2230,256,250,487,377,420,452,256,61,181,29,40,3586,61,25,28,400,624,172,7,126,38,4,41,3,10,1,1,10
"chr3.125",300,8,758,10,48,245,161,19,2201,177,212,382,256,346,328,264,60,135,18,47,2567,36,15,25,375,499,157,7,111,29,3,27,0,12,0,4,3
"chr3.126",286,6,792,13,49,263,159,16,1798,190,216,394,205,300,313,245,60,157,13,44,1875,32,13,27,346,443,201,2,98,31,11,34,3,9,0,4,1
"chr3.127",NA,NA,NA,NA,NA,NA,NA,NA,NA,NA,NA,NA,NA,NA,NA,NA,NA,NA,NA,NA,NA,NA,NA,NA,NA,NA,NA,NA,NA,NA,NA,NA,NA,NA,NA,NA,NA
"chr3.128",292,12,1422,14,64,234,163,17,3160,359,244,455,301,402,688,262,58,141,27,42,3539,61,20,24,445,542,158,1,163,28,4,47,0,11,2,2,6
"chr3.129",298,3,1421,6,58,312,175,11,2782,258,227,493,286,406,596,271,44,168,25,46,4511,64,28,29,433,610,150,3,130,35,2,37,1,16,0,4,9
"chr3.130",NA,NA,NA,NA,NA,NA,NA,NA,NA,NA,NA,NA,NA,NA,NA,NA,NA,NA,NA,NA,NA,NA,NA,NA,NA,NA,NA,NA,NA,NA,NA,NA,NA,NA,NA,NA,NA
"chr3.131",324,5,902,7,68,243,174,19,2390,240,229,438,290,400,399,256,50,184,18,29,2712,50,19,23,355,572,156,0,118,45,5,33,2,10,1,3,2
"chr3.132",444,7,1384,9,87,268,339,24,3489,354,378,612,672,773,1692,383,50,221,35,65,3811,81,44,25,669,1137,242,2,183,43,5,72,5,6,0,3,1
"chr3.133",NA,NA,NA,NA,NA,NA,NA,NA,NA,NA,NA,NA,NA,NA,NA,NA,NA,NA,NA,NA,NA,NA,NA,NA,NA,NA,NA,NA,NA,NA,NA,NA,NA,NA,NA,NA,NA
"chr3.134",NA,NA,NA,NA,NA,NA,NA,NA,NA,NA,NA,NA,NA,NA,NA,NA,NA,NA,NA,NA,NA,NA,NA,NA,NA,NA,NA,NA,NA,NA,NA,NA,NA,NA,NA,NA,NA
"chr3.135",353,3,1101,15,63,273,191,19,2635,272,278,453,298,359,398,246,76,141,22,41,2850,43,18,27,365,705,155,3,119,31,4,28,1,12,0,5,6
"chr3.136",320,10,892,11,61,261,179,16,2595,380,262,435,402,414,520,239,78,160,26,45,4907,59,27,40,394,758,173,2,156,16,1,63,0,9,0,1,7
"chr3.137",386,4,1577,10,79,271,201,24,3700,461,316,475,617,880,2229,426,42,169,27,61,5448,94,32,24,828,879,210,9,219,36,8,90,2,18,2,5,6
"chr3.138",318,3,1058,9,76,255,137,7,2286,248,245,401,266,357,483,239,59,152,23,41,2961,44,12,22,354,472,179,3,127,32,1,26,0,7,0,2,4
"chr3.139",259,6,893,10,54,267,163,15,2162,193,235,455,229,325,326,239,35,151,14,37,1859,31,14,17,342,504,168,3,102,43,1,20,3,7,1,1,4
"chr3.140",404,5,1249,11,69,249,186,15,3248,260,319,610,387,382,490,229,71,145,29,61,2908,40,16,21,401,813,173,7,130,45,6,24,8,9,0,3,2
"chr3.141",397,2,1541,21,85,351,231,13,4436,580,364,589,590,765,2139,353,57,134,18,69,5739,78,28,30,932,1036,185,2,179,43,6,41,0,12,0,2,7
"chr3.142",469,8,2244,38,121,429,425,29,5462,986,454,662,921,927,2208,489,74,229,27,73,9348,163,35,43,1135,1867,222,9,219,52,6,58,1,7,1,3,11
"chr3.143",435,6,1249,19,75,309,311,30,3209,628,369,484,503,537,1226,324,51,156,32,47,4166,117,18,22,706,1242,189,8,165,24,3,34,0,10,2,4,9
"chr3.144",634,14,2315,27,126,496,554,34,4799,893,581,711,997,1057,2628,750,46,225,34,81,5716,158,44,52,1169,2698,303,10,272,39,4,66,0,12,0,3,11
"chr3.145",549,13,1690,27,80,388,373,31,4277,753,431,565,696,666,1434,674,63,202,33,57,5470,135,27,30,760,1921,239,7,163,42,6,43,3,10,0,5,6
"chr3.146",367,4,864,19,67,287,165,16,2805,275,269,462,243,350,298,264,49,140,20,37,2397,65,20,21,342,585,170,0,116,25,3,35,1,9,2,2,12
"chr3.147",282,6,894,13,51,254,141,25,2640,274,261,447,252,339,343,264,52,146,9,35,1833,47,13,19,358,532,178,2,127,31,1,20,0,13,1,1,3
"chr3.148",375,7,916,13,68,305,176,12,3332,254,321,476,342,426,561,301,61,155,20,46,4535,51,20,35,459,609,172,3,129,11,2,29,2,9,0,3,2
"chr3.149",335,9,1131,20,65,354,198,26,2924,275,341,521,249,402,415,249,74,148,22,34,2830,49,18,27,383,585,175,3,145,35,1,27,2,3,0,3,5
"chr3.150",486,10,1653,21,75,374,190,15,3555,470,393,556,410,492,775,233,96,180,12,52,2831,84,26,18,535,766,172,4,155,27,5,51,2,8,0,5,4
"chr3.151",569,8,1554,15,79,429,175,21,3714,438,378,588,396,531,1290,354,87,180,30,39,4506,125,34,34,726,1103,178,4,175,43,4,45,6,7,0,6,12
"chr3.152",434,19,1383,22,67,265,184,21,3095,379,306,551,294,444,884,416,65,195,15,64,4706,80,27,17,564,1142,188,3,146,43,4,51,3,10,1,5,7
"chr3.153",371,6,1240,20,58,275,185,17,2956,236,291,524,301,390,363,319,71,147,17,35,4207,50,12,19,390,847,160,2,130,31,1,32,1,13,0,5,4
"chr3.154",366,7,1128,20,60,251,181,25,3261,288,285,509,278,443,615,393,64,124,26,48,2702,49,21,19,460,992,178,7,134,24,4,23,1,9,0,4,2
"chr3.155",NA,NA,NA,NA,NA,NA,NA,NA,NA,NA,NA,NA,NA,NA,NA,NA,NA,NA,NA,NA,NA,NA,NA,NA,NA,NA,NA,NA,NA,NA,NA,NA,NA,NA,NA,NA,NA
"chr3.156",429,5,1298,18,80,319,286,17,3561,422,357,477,460,631,1027,417,88,177,23,55,8117,97,39,39,692,1245,158,5,167,23,9,45,1,18,3,3,12
"chr3.157",348,1,963,11,56,287,182,13,3023,239,286,464,303,406,495,332,77,138,17,57,3649,52,29,30,372,916,164,2,120,40,2,39,2,5,0,8,4
"chr3.158",424,6,1186,14,65,287,195,23,3358,330,350,476,475,408,604,372,78,124,31,74,6245,88,29,25,457,969,187,1,136,25,3,61,0,10,0,5,7
"chr3.159",625,16,2777,14,104,464,434,33,4793,913,527,700,734,904,2198,715,89,172,37,90,11274,157,42,44,1031,2114,252,9,273,35,6,97,2,15,1,7,17
"chr3.160",749,17,2417,32,143,505,488,49,5345,1231,571,658,987,1287,2790,939,138,228,39,105,9008,179,52,52,1138,2799,276,6,284,34,8,111,4,17,2,4,18
"chr3.161",763,12,2222,31,130,478,396,26,4475,1446,775,735,977,1181,2736,1069,124,245,35,97,6020,250,41,41,1196,2680,219,12,311,31,2,103,3,24,0,11,17
"chr3.162",640,11,1495,27,124,488,355,45,3968,1344,696,760,800,940,2017,759,125,160,35,96,5397,219,47,61,958,1969,210,13,233,33,6,111,5,22,0,4,15
"chr3.163",664,11,2247,24,126,475,348,65,5429,1161,590,747,749,1255,2913,508,134,175,29,93,8487,192,60,55,1248,1719,213,12,287,49,7,113,5,18,0,9,16
"chr3.164",524,13,1960,20,92,367,307,36,4192,656,426,723,607,913,1937,552,73,192,37,77,7477,108,27,39,869,1376,215,6,217,55,6,88,5,12,0,3,15
"chr3.165",481,4,1531,12,75,353,313,22,3178,469,269,597,429,460,574,480,58,116,34,64,5841,82,49,33,435,1039,169,2,166,41,0,61,3,6,0,4,18
"chr3.166",356,7,2042,14,91,337,290,16,2609,378,325,549,239,383,472,328,65,192,26,58,9327,82,38,22,358,720,151,0,142,42,3,66,1,6,1,0,9
"chr3.167",380,8,849,15,57,270,174,16,2491,249,268,509,304,396,431,324,55,171,18,57,2778,53,32,17,338,744,169,3,138,20,1,41,1,10,0,1,5
"chr3.168",359,5,848,13,48,235,174,14,2574,361,310,440,289,291,303,337,59,127,22,66,2407,64,14,16,330,745,154,1,139,43,4,35,3,9,2,4,7
"chr3.169",320,4,909,14,80,256,165,29,2318,298,323,449,220,322,347,274,58,163,47,49,2586,47,15,23,299,624,183,3,136,25,2,23,0,9,0,1,1
"chr3.170",491,7,2019,15,81,260,239,14,3702,625,343,541,530,602,985,552,60,166,31,57,4650,103,27,39,687,1352,193,3,161,34,3,85,3,14,0,5,9
"chr3.171",442,5,1789,6,77,257,174,24,4252,939,358,542,473,566,1296,682,66,138,26,63,1758,174,26,30,828,1315,181,2,151,30,4,52,1,8,0,2,4
"chr3.172",NA,NA,NA,NA,NA,NA,NA,NA,NA,NA,NA,NA,NA,NA,NA,NA,NA,NA,NA,NA,NA,NA,NA,NA,NA,NA,NA,NA,NA,NA,NA,NA,NA,NA,NA,NA,NA
"chr3.173",408,6,1666,26,84,415,204,19,3768,617,405,514,596,632,1377,537,81,164,19,77,6559,82,25,37,838,1273,190,6,166,32,1,51,1,14,0,2,8
"chr3.174",326,7,1000,9,61,279,164,16,2269,279,339,468,291,406,387,315,65,160,23,38,2476,40,24,22,382,742,152,4,120,39,2,29,1,5,1,4,10
"chr3.175",397,5,1489,12,77,281,165,12,3572,430,339,555,442,445,709,373,55,114,25,59,4835,77,18,33,568,931,184,4,131,40,4,25,0,10,1,3,11
"chr3.176",379,5,1124,10,54,264,149,13,2947,223,349,513,321,450,666,309,67,123,26,58,2523,38,18,27,519,885,170,6,125,27,0,30,4,9,2,3,4
"chr3.177",714,8,2033,24,87,396,290,26,4578,504,443,593,720,866,1926,588,83,149,45,80,6961,76,28,28,985,1988,253,6,241,43,8,86,4,19,2,5,10
"chr3.178",600,6,1564,11,82,376,279,15,4385,488,512,606,517,642,1226,405,92,151,46,63,4451,71,52,36,731,1203,179,3,210,31,3,92,3,11,0,6,14
"chr3.179",492,5,1664,6,103,408,219,24,3368,346,413,503,432,443,459,251,91,122,55,29,3504,68,44,35,490,854,173,4,153,36,3,116,1,12,2,5,4
"chr3.180",323,7,939,8,54,252,173,15,2386,295,311,481,222,343,324,243,39,145,21,54,1765,38,24,21,355,558,171,2,137,42,3,30,1,5,0,1,3
"chr3.181",357,6,885,5,60,273,147,23,1984,214,242,489,292,370,334,286,50,189,28,44,2555,54,20,22,367,555,167,5,139,34,5,45,1,9,0,2,9
"chr3.182",284,1,986,13,60,275,144,20,1934,225,315,454,209,375,283,250,55,154,24,53,1671,39,23,18,353,553,141,2,114,30,2,38,1,8,0,1,7
"chr3.183",320,10,940,10,65,252,179,16,2743,200,279,606,343,383,376,276,64,139,18,40,2599,28,45,28,411,705,199,3,112,48,2,45,1,7,0,3,6
"chr3.184",387,3,924,12,90,260,179,22,3035,1459,306,529,316,393,413,310,69,153,24,41,2364,133,30,17,389,690,180,2,112,33,3,53,0,5,0,3,9
"chr3.185",300,7,908,9,60,265,175,14,2166,1071,278,456,277,346,357,332,74,136,28,68,1670,83,17,28,341,660,175,3,115,35,4,32,4,11,0,0,4
"chr3.186",292,5,853,21,62,247,156,14,2762,247,288,522,250,353,360,275,76,149,20,60,6186,62,17,21,379,528,143,4,117,35,1,18,0,7,0,1,3
"chr3.187",308,6,892,14,74,243,169,20,3014,389,269,543,291,382,366,247,93,132,27,59,5838,70,24,23,434,576,190,3,133,29,4,59,2,8,0,3,5
"chr3.188",386,5,1263,20,95,323,282,17,4034,393,335,677,541,540,1053,470,110,200,31,55,6971,42,58,33,740,1443,193,6,171,45,3,67,2,9,0,5,9
"chr3.189",372,7,1658,17,67,342,312,16,4632,396,402,644,494,833,1774,522,87,156,41,72,10103,83,64,29,969,1599,210,6,195,42,7,79,1,12,0,6,12
"chr3.190",335,7,1478,15,63,287,299,6,2955,390,307,466,272,402,577,334,56,126,31,49,4242,74,28,20,477,833,149,8,157,36,2,79,1,8,0,3,7
"chr3.191",327,14,830,10,63,249,132,16,1856,204,285,468,276,304,307,291,72,161,29,44,2368,37,17,28,362,619,160,4,120,32,1,24,3,6,1,2,5
"chr3.192",NA,NA,NA,NA,NA,NA,NA,NA,NA,NA,NA,NA,NA,NA,NA,NA,NA,NA,NA,NA,NA,NA,NA,NA,NA,NA,NA,NA,NA,NA,NA,NA,NA,NA,NA,NA,NA
"chr3.193",NA,NA,NA,NA,NA,NA,NA,NA,NA,NA,NA,NA,NA,NA,NA,NA,NA,NA,NA,NA,NA,NA,NA,NA,NA,NA,NA,NA,NA,NA,NA,NA,NA,NA,NA,NA,NA
"chr3.194",NA,NA,NA,NA,NA,NA,NA,NA,NA,NA,NA,NA,NA,NA,NA,NA,NA,NA,NA,NA,NA,NA,NA,NA,NA,NA,NA,NA,NA,NA,NA,NA,NA,NA,NA,NA,NA
"chr4.1",NA,NA,NA,NA,NA,NA,NA,NA,NA,NA,NA,NA,NA,NA,NA,NA,NA,NA,NA,NA,NA,NA,NA,NA,NA,NA,NA,NA,NA,NA,NA,NA,NA,NA,NA,NA,NA
"chr4.2",NA,NA,NA,NA,NA,NA,NA,NA,NA,NA,NA,NA,NA,NA,NA,NA,NA,NA,NA,NA,NA,NA,NA,NA,NA,NA,NA,NA,NA,NA,NA,NA,NA,NA,NA,NA,NA
"chr4.3",231,5,706,7,75,287,147,20,1773,204,237,338,186,321,279,172,66,152,24,41,1553,40,9,16,347,339,179,5,107,36,5,25,2,5,0,2,6
"chr4.4",NA,NA,NA,NA,NA,NA,NA,NA,NA,NA,NA,NA,NA,NA,NA,NA,NA,NA,NA,NA,NA,NA,NA,NA,NA,NA,NA,NA,NA,NA,NA,NA,NA,NA,NA,NA,NA
"chr4.5",NA,NA,NA,NA,NA,NA,NA,NA,NA,NA,NA,NA,NA,NA,NA,NA,NA,NA,NA,NA,NA,NA,NA,NA,NA,NA,NA,NA,NA,NA,NA,NA,NA,NA,NA,NA,NA
"chr4.6",265,3,1651,17,109,244,258,27,3709,442,255,415,421,815,1308,259,66,164,21,34,2310,67,21,27,642,488,196,4,169,37,3,46,3,14,0,2,4
"chr4.7",309,5,975,13,75,301,159,17,2014,235,214,399,295,429,447,172,76,151,25,21,3357,38,36,29,339,341,152,3,138,36,5,53,2,12,1,1,7
"chr4.8",330,4,779,11,93,260,224,24,1903,287,233,428,238,411,399,153,54,183,18,26,3085,66,27,32,368,272,154,6,144,37,1,34,1,14,0,1,4
"chr4.9",NA,NA,NA,NA,NA,NA,NA,NA,NA,NA,NA,NA,NA,NA,NA,NA,NA,NA,NA,NA,NA,NA,NA,NA,NA,NA,NA,NA,NA,NA,NA,NA,NA,NA,NA,NA,NA
"chr4.10",NA,NA,NA,NA,NA,NA,NA,NA,NA,NA,NA,NA,NA,NA,NA,NA,NA,NA,NA,NA,NA,NA,NA,NA,NA,NA,NA,NA,NA,NA,NA,NA,NA,NA,NA,NA,NA
"chr4.11",360,7,1380,16,123,351,165,22,2801,297,219,376,452,496,755,205,85,179,33,25,3395,45,26,23,450,431,141,6,157,27,2,69,4,9,0,2,5
"chr4.12",356,6,2474,27,114,298,225,35,2765,540,309,455,505,395,466,247,83,220,34,28,6328,63,20,26,312,542,164,2,157,49,4,101,4,11,0,5,12
"chr4.13",459,10,1857,36,124,348,286,26,4183,684,437,535,779,734,1681,398,112,222,37,36,7168,81,19,33,688,981,195,8,182,45,5,92,3,3,0,3,5
"chr4.14",315,4,927,23,109,291,235,26,3610,417,348,372,501,518,1165,295,85,162,35,35,1867,51,40,26,474,690,226,2,124,28,2,57,0,3,1,1,5
"chr4.15",369,7,1149,25,126,269,254,40,4526,570,359,395,488,463,1229,299,83,152,39,27,1940,73,46,23,480,708,220,6,143,38,6,71,2,10,1,4,16
"chr4.16",251,9,958,17,100,259,157,22,2913,286,231,328,256,402,618,160,65,136,23,21,2256,65,37,25,371,438,146,4,100,21,3,41,2,8,1,5,3
"chr4.17",270,3,1265,12,97,298,348,22,3166,416,250,449,595,509,887,246,61,162,14,21,4949,79,16,30,458,823,231,4,128,30,3,50,2,9,1,1,5
"chr4.18",248,3,965,14,75,324,272,32,3168,316,284,432,513,539,935,247,53,171,17,33,5124,55,23,37,492,744,209,2,139,33,0,48,2,7,2,3,10
"chr4.19",327,10,2113,36,111,439,350,31,4296,560,343,542,604,490,1355,371,91,281,36,39,7007,113,44,26,602,1292,305,6,152,37,1,64,1,18,0,4,10
"chr4.20",229,21,2992,43,164,400,472,25,5246,928,292,489,577,833,2090,510,111,365,41,40,7755,171,33,45,1049,1101,352,8,239,41,2,49,4,18,2,10,6
"chr4.21",231,13,2108,31,104,322,258,27,3605,751,300,538,490,795,1890,431,81,284,36,50,6083,116,28,35,810,820,234,10,258,34,1,44,5,13,1,5,13
"chr4.22",342,5,2460,17,133,336,298,15,4388,866,380,671,749,781,1893,429,68,255,34,34,8769,152,57,37,782,1193,297,7,211,47,2,84,4,13,1,4,13
"chr4.23",315,10,1200,14,113,301,272,20,3219,774,320,527,669,435,903,280,76,165,25,47,5002,150,48,22,482,808,218,6,152,44,3,77,2,11,0,0,7
"chr4.24",433,6,1141,21,103,269,409,24,3317,760,369,454,472,397,555,371,96,181,30,34,3961,141,50,27,394,737,196,2,126,62,7,102,1,18,1,3,7
"chr4.25",322,6,1033,11,91,282,210,14,2504,411,240,368,307,331,438,222,61,142,24,23,3277,91,27,21,348,394,186,6,103,32,4,40,2,12,1,3,8
"chr4.26",227,4,939,7,80,273,136,21,2423,322,232,346,177,284,276,163,79,165,19,20,2824,46,24,22,260,267,131,7,128,35,0,46,1,11,0,3,6
"chr4.27",223,1,1164,6,79,243,185,22,2801,203,263,350,253,285,365,150,62,131,20,13,2451,35,21,29,272,303,150,1,165,27,1,34,1,8,0,1,7
"chr4.28",462,5,2033,19,124,481,215,43,4480,540,432,407,543,834,1920,407,86,255,31,34,6261,90,34,33,795,841,262,9,266,33,6,83,0,16,3,3,10
"chr4.29",494,17,2623,26,166,704,238,52,6036,1025,417,429,879,1204,2608,599,112,383,42,52,7435,164,60,47,1093,1250,300,18,313,25,7,107,2,27,2,4,19
"chr4.30",547,27,2971,35,168,744,400,38,7073,1250,487,541,862,1379,2720,607,141,410,30,46,5840,222,66,53,1143,1292,305,9,320,24,4,98,1,16,2,6,13
"chr4.31",438,6,3598,23,151,664,296,33,4921,1226,372,543,735,719,1672,417,125,372,36,41,3372,221,56,40,718,748,249,12,237,47,5,79,1,21,0,7,14
"chr4.32",303,11,3412,23,164,561,248,34,4583,1204,305,514,620,785,1412,365,115,264,45,28,3335,239,57,36,637,714,214,14,244,46,4,52,2,22,0,3,14
"chr4.33",347,13,2315,28,207,374,461,22,5401,1213,377,503,537,1076,2504,516,104,233,49,48,5395,242,37,61,1070,879,228,12,262,38,3,131,2,22,1,7,22
"chr4.34",428,18,2476,38,209,490,403,28,6433,1323,539,581,831,1390,2808,677,130,262,46,33,7411,236,43,60,1096,1326,367,13,333,53,4,91,3,21,0,6,14
"chr4.35",415,19,2586,30,183,604,521,25,6591,1151,564,449,716,1211,2459,622,123,255,55,51,6897,175,50,63,955,1287,282,6,303,32,3,81,1,11,0,9,25
"chr4.36",406,12,2526,34,178,483,309,28,5079,821,482,446,537,915,2400,505,119,196,46,49,8150,109,64,56,978,948,181,4,268,32,7,113,1,15,0,8,13
"chr4.37",414,8,1824,32,143,330,247,30,3516,334,378,446,481,535,928,281,108,179,48,33,6089,65,56,33,537,817,180,4,175,35,5,108,2,16,1,2,11
"chr4.38",349,6,1092,16,94,293,191,17,2672,303,235,348,344,309,360,254,77,154,32,28,4460,61,57,25,310,620,167,3,114,44,2,72,2,6,1,3,7
"chr4.39",220,2,756,11,80,228,138,17,2303,225,226,367,211,259,237,136,51,172,21,18,2667,46,22,19,249,308,143,3,105,21,0,33,4,4,0,2,16
"chr4.40",NA,NA,NA,NA,NA,NA,NA,NA,NA,NA,NA,NA,NA,NA,NA,NA,NA,NA,NA,NA,NA,NA,NA,NA,NA,NA,NA,NA,NA,NA,NA,NA,NA,NA,NA,NA,NA
"chr4.41",NA,NA,NA,NA,NA,NA,NA,NA,NA,NA,NA,NA,NA,NA,NA,NA,NA,NA,NA,NA,NA,NA,NA,NA,NA,NA,NA,NA,NA,NA,NA,NA,NA,NA,NA,NA,NA
"chr4.42",220,6,1102,13,99,256,156,13,2796,323,240,380,191,454,440,215,73,144,19,25,4245,62,21,26,353,382,153,6,138,37,1,42,4,17,0,2,5
"chr4.43",305,10,1658,19,101,314,171,18,3319,216,339,428,299,501,769,459,72,189,33,37,7229,35,41,25,475,856,213,4,152,26,3,75,2,11,0,5,3
"chr4.44",621,12,3022,27,134,552,393,45,5668,643,571,666,679,631,1473,625,92,228,51,59,11686,118,72,44,862,1409,269,10,236,44,4,123,4,9,1,9,10
"chr4.45",543,5,2606,17,123,373,356,16,5440,641,519,607,741,792,1880,550,79,138,39,54,10198,103,52,37,918,1525,263,5,200,50,4,90,5,21,1,5,20
"chr4.46",504,25,2996,32,155,417,362,25,4957,1005,539,576,786,791,1683,680,117,284,36,58,11934,147,76,41,913,2013,318,15,256,35,4,115,1,16,0,5,6
"chr4.47",555,15,2534,24,156,540,521,45,4326,792,573,605,860,841,1710,637,86,259,64,52,9503,158,74,51,753,1821,309,5,240,31,6,99,3,15,1,7,8
"chr4.48",427,8,1316,16,97,304,259,23,3205,314,331,471,482,573,955,284,92,186,28,28,4346,52,36,30,478,778,174,4,145,40,5,74,4,10,0,3,8
"chr4.49",230,8,770,13,64,251,143,8,2328,216,204,351,232,308,277,176,52,161,22,22,2620,34,30,18,262,384,152,2,109,20,1,49,1,4,0,0,3
"chr4.50",NA,NA,NA,NA,NA,NA,NA,NA,NA,NA,NA,NA,NA,NA,NA,NA,NA,NA,NA,NA,NA,NA,NA,NA,NA,NA,NA,NA,NA,NA,NA,NA,NA,NA,NA,NA,NA
"chr4.51",NA,NA,NA,NA,NA,NA,NA,NA,NA,NA,NA,NA,NA,NA,NA,NA,NA,NA,NA,NA,NA,NA,NA,NA,NA,NA,NA,NA,NA,NA,NA,NA,NA,NA,NA,NA,NA
"chr4.52",380,6,1397,16,114,325,218,29,3029,306,307,398,408,450,484,225,101,190,25,20,2482,62,17,36,366,703,153,3,145,30,3,43,5,5,1,4,10
"chr4.53",277,9,1809,22,122,327,210,26,2962,283,259,440,354,348,354,285,63,193,32,18,2966,70,21,29,337,618,154,8,130,36,0,68,4,14,1,5,5
"chr4.54",220,1,1461,8,73,293,171,21,2410,195,225,449,336,360,339,230,49,147,37,23,1790,42,22,33,336,558,148,4,116,41,2,43,1,7,0,3,13
"chr4.55",NA,NA,NA,NA,NA,NA,NA,NA,NA,NA,NA,NA,NA,NA,NA,NA,NA,NA,NA,NA,NA,NA,NA,NA,NA,NA,NA,NA,NA,NA,NA,NA,NA,NA,NA,NA,NA
"chr4.56",415,20,2890,38,132,367,476,29,5770,966,407,592,769,1075,2384,559,99,231,49,52,8729,181,74,49,1049,1817,291,4,263,38,2,124,4,17,0,8,13
"chr4.57",NA,NA,NA,NA,NA,NA,NA,NA,NA,NA,NA,NA,NA,NA,NA,NA,NA,NA,NA,NA,NA,NA,NA,NA,NA,NA,NA,NA,NA,NA,NA,NA,NA,NA,NA,NA,NA
"chr4.58",547,15,2860,21,163,606,476,56,7152,1348,554,665,662,1101,2348,618,128,292,56,48,6976,225,72,47,1033,1640,293,1,254,39,4,124,2,21,1,7,18
"chr4.59",413,4,2705,20,199,526,349,66,5984,1287,464,567,639,636,926,410,90,138,41,31,5430,281,47,49,624,1081,292,2,191,33,5,84,3,11,1,6,15
"chr4.60",491,4,2785,9,199,650,551,51,5238,1297,593,645,904,809,2138,618,94,190,35,47,4203,264,44,45,905,1308,324,6,265,39,6,92,6,7,1,6,14
"chr4.61",593,20,2973,35,178,581,532,65,5829,1469,611,716,978,1193,2573,720,104,336,41,56,3503,262,48,45,1133,1812,363,4,317,30,7,105,3,18,0,6,17
"chr4.62",492,16,2681,38,187,471,304,39,6001,1320,558,687,851,817,2265,541,113,288,43,54,8493,264,45,65,928,1593,301,9,251,56,6,122,4,17,1,3,22
"chr4.63",509,8,2406,15,141,580,311,25,6128,1087,601,557,674,1023,2523,652,105,173,51,51,2899,197,63,47,1045,1375,301,11,273,34,6,90,5,10,1,7,12
"chr4.64",566,17,2735,31,132,529,332,50,6422,915,588,570,628,1053,2388,485,128,193,40,55,7725,169,57,58,1062,1186,323,6,233,39,6,100,4,19,0,9,11
"chr4.65",361,9,1625,24,98,379,243,40,4049,393,399,482,578,610,1468,336,91,210,37,33,5021,75,34,33,711,706,177,6,153,44,5,66,4,10,1,1,11
"chr4.66",355,17,938,14,109,273,204,20,3232,412,324,406,446,402,689,207,105,258,40,37,5969,65,51,27,353,413,159,5,122,37,4,82,2,15,1,8,17
"chr4.67",NA,NA,NA,NA,NA,NA,NA,NA,NA,NA,NA,NA,NA,NA,NA,NA,NA,NA,NA,NA,NA,NA,NA,NA,NA,NA,NA,NA,NA,NA,NA,NA,NA,NA,NA,NA,NA
"chr4.68",351,17,1028,26,95,333,197,18,3329,377,331,427,423,375,466,308,127,277,59,28,4491,64,40,39,357,592,167,2,115,28,2,79,2,16,1,6,12
"chr4.69",297,4,768,16,69,266,176,20,2905,302,303,389,242,278,310,332,64,150,22,24,2389,68,31,35,312,538,196,2,111,24,0,66,3,6,0,6,7
"chr4.70",369,14,1113,38,102,312,218,20,4431,531,364,434,329,498,1204,432,105,221,45,47,4205,110,50,15,589,724,221,5,138,31,3,98,2,12,1,3,7
"chr4.71",294,9,1042,25,95,277,200,23,3019,356,276,383,265,364,483,232,90,212,28,32,4309,56,35,26,325,424,175,2,143,38,2,45,3,6,0,3,8
"chr4.72",NA,NA,NA,NA,NA,NA,NA,NA,NA,NA,NA,NA,NA,NA,NA,NA,NA,NA,NA,NA,NA,NA,NA,NA,NA,NA,NA,NA,NA,NA,NA,NA,NA,NA,NA,NA,NA
"chr4.73",NA,NA,NA,NA,NA,NA,NA,NA,NA,NA,NA,NA,NA,NA,NA,NA,NA,NA,NA,NA,NA,NA,NA,NA,NA,NA,NA,NA,NA,NA,NA,NA,NA,NA,NA,NA,NA
"chr4.74",208,5,741,24,70,258,138,15,2159,224,210,404,195,307,256,206,61,172,21,28,2283,55,17,20,258,296,154,3,100,28,5,36,5,6,1,1,4
"chr4.75",220,11,802,29,82,268,176,18,2359,191,246,353,221,317,281,181,52,145,24,24,3477,43,24,25,268,316,133,5,92,23,2,51,1,9,0,2,4
"chr4.76",179,3,1258,19,74,267,135,11,2597,190,235,423,215,307,313,185,69,182,20,21,2572,54,23,26,276,285,153,4,130,34,2,30,1,5,0,2,4
"chr4.77",285,12,1639,25,143,313,156,20,3332,324,289,448,286,500,844,279,66,239,18,38,4313,50,18,34,462,435,147,3,162,22,2,53,4,5,0,4,2
"chr4.78",329,20,1578,30,109,326,196,28,3633,266,323,470,284,492,856,332,55,228,32,27,7447,57,19,38,485,486,159,2,191,46,3,39,4,8,0,3,8
"chr4.79",274,9,1178,16,103,290,180,16,3154,210,288,479,272,411,712,262,51,222,34,19,5467,44,26,28,415,459,156,3,143,46,1,42,3,8,2,1,7
"chr4.80",226,3,922,11,76,240,219,11,2904,271,271,397,291,328,390,196,46,158,23,27,3783,57,26,23,306,379,155,5,111,36,1,37,1,12,3,7,5
"chr4.81",186,7,866,12,72,266,149,15,2226,197,275,367,227,309,247,176,60,164,8,24,2816,31,20,15,275,353,149,1,107,24,4,34,1,14,1,1,9
"chr4.82",250,9,1746,23,84,318,201,15,3138,463,307,364,389,540,960,315,98,221,34,32,4623,89,32,21,534,741,191,8,156,32,3,88,0,11,0,10,4
"chr4.83",335,9,1565,8,105,303,210,23,3303,287,281,426,275,430,523,207,48,132,23,32,2522,53,15,18,400,393,180,4,123,33,1,42,2,19,0,1,4
"chr4.84",279,7,1325,9,83,256,170,13,3250,272,275,405,210,395,658,191,61,96,15,37,2437,48,14,28,478,287,146,4,139,30,1,34,2,5,0,3,2
"chr4.85",191,4,776,13,62,285,145,17,2314,273,248,357,193,297,399,208,50,116,16,22,1946,53,16,28,328,275,175,1,120,30,2,40,3,11,1,3,1
"chr4.86",208,4,752,12,77,254,156,17,3077,249,244,396,303,336,352,189,69,155,18,30,2122,49,23,20,294,372,167,0,130,31,3,28,3,6,0,2,4
"chr4.87",208,5,1085,20,65,239,206,20,2726,306,260,399,325,315,304,240,68,190,26,21,2020,57,39,22,306,425,124,1,125,25,2,43,3,8,0,2,8
"chr4.88",210,15,2258,14,93,270,194,15,3148,755,269,404,345,387,533,307,65,277,50,33,4077,129,56,21,381,561,155,5,186,39,2,104,1,7,1,5,6
"chr4.89",231,9,2403,21,122,280,273,19,3439,1357,272,431,411,554,831,420,75,283,53,37,8102,225,34,43,487,739,147,3,177,21,2,106,2,11,1,5,11
"chr4.90",224,2,1945,13,145,460,265,21,4047,1220,337,490,563,578,1078,511,84,172,40,33,9635,208,50,32,617,998,189,3,195,18,0,102,0,8,1,4,12
"chr4.91",NA,NA,NA,NA,NA,NA,NA,NA,NA,NA,NA,NA,NA,NA,NA,NA,NA,NA,NA,NA,NA,NA,NA,NA,NA,NA,NA,NA,NA,NA,NA,NA,NA,NA,NA,NA,NA
"chr4.92",202,9,1223,8,100,336,175,21,2995,360,207,378,414,330,353,237,72,160,27,25,4746,68,30,18,290,519,168,1,134,29,1,60,2,8,1,3,7
"chr4.93",197,2,1823,8,107,334,180,26,4159,765,237,379,404,603,1114,366,56,116,25,37,1946,131,31,38,674,566,170,5,188,28,1,39,3,7,0,1,4
"chr4.94",291,12,2495,26,165,446,257,28,5426,1078,326,428,832,756,1958,544,91,290,28,46,4210,185,43,32,946,1145,246,6,264,21,6,68,1,12,1,6,8
"chr4.95",285,23,1675,27,129,311,318,20,4601,899,356,408,713,693,1795,550,85,257,38,42,7753,167,45,33,895,1179,207,5,190,21,3,82,5,14,2,4,10
"chr4.96",249,7,871,18,84,300,218,19,3140,425,262,345,339,421,618,235,74,167,43,35,4339,48,44,22,497,523,140,3,109,16,2,65,1,5,0,8,7
"chr4.97",216,15,762,16,86,304,196,12,2911,295,234,387,299,304,322,215,84,165,30,28,4577,72,27,27,324,321,158,0,112,27,3,67,1,4,2,2,9
"chr4.98",202,10,1449,33,140,300,221,17,3834,380,283,380,361,428,721,259,73,183,31,34,5797,63,25,22,533,569,194,5,159,31,2,54,1,7,1,2,5
"chr4.99",233,6,1212,20,119,329,172,25,3249,247,261,377,309,339,351,223,91,172,26,23,3762,51,29,20,348,515,149,5,162,26,2,49,1,7,1,2,4
"chr4.100",179,6,1087,15,78,232,186,17,2922,222,299,364,204,341,328,224,76,174,18,35,3038,41,26,34,330,387,165,2,146,23,1,40,2,7,0,1,8
"chr4.101",NA,NA,NA,NA,NA,NA,NA,NA,NA,NA,NA,NA,NA,NA,NA,NA,NA,NA,NA,NA,NA,NA,NA,NA,NA,NA,NA,NA,NA,NA,NA,NA,NA,NA,NA,NA,NA
"chr4.102",372,13,1478,18,100,307,404,29,4279,502,333,436,361,445,1002,406,98,165,46,26,8150,79,59,40,598,840,188,13,187,29,3,80,3,12,0,4,12
"chr4.103",238,5,957,17,91,203,176,15,2742,234,223,342,237,316,394,223,79,136,17,26,4725,53,31,21,311,409,141,3,134,27,6,40,3,12,2,3,6
"chr4.104",223,9,1203,18,97,309,261,20,2759,353,241,355,268,381,547,240,83,148,16,31,4630,61,26,24,428,368,165,5,124,20,1,41,1,7,1,8,9
"chr4.105",223,14,1462,28,104,379,293,22,3463,501,262,473,411,529,1064,316,93,237,27,35,7447,86,28,30,592,491,193,5,151,29,3,56,0,9,2,3,10
"chr4.106",202,3,934,15,90,325,149,12,3009,307,203,366,362,391,525,228,78,178,16,32,1516,43,33,23,396,356,195,4,170,21,2,31,0,10,0,2,8
"chr4.107",209,10,902,9,84,281,196,19,3310,340,205,386,374,477,872,312,64,125,23,31,1941,59,17,29,551,478,182,6,139,35,1,42,1,14,2,1,4
"chr4.108",192,17,782,29,113,254,228,18,2827,331,273,389,323,425,488,276,83,226,16,23,4861,71,27,26,345,581,157,4,135,22,4,45,3,10,2,4,5
"chr4.109",355,13,1679,35,173,427,434,25,3620,569,362,462,646,734,1418,366,70,321,27,42,8019,102,32,44,697,985,216,11,194,31,3,66,8,15,0,3,14
"chr4.110",280,11,1082,19,81,312,230,19,2901,202,241,366,392,373,397,217,70,194,16,26,2699,41,25,30,404,520,163,5,140,22,5,53,4,11,0,0,10
"chr4.111",193,7,987,12,83,276,273,13,3360,305,268,415,400,493,609,263,68,124,16,26,1486,53,18,26,405,566,191,7,151,27,3,45,2,7,0,0,4
"chr4.112",228,8,1393,21,68,259,230,26,3021,324,240,384,347,323,319,244,69,157,31,23,3522,45,29,36,346,403,178,7,124,34,2,53,3,12,1,6,20
"chr4.113",346,8,2282,18,147,463,377,30,3865,784,428,467,685,648,1225,625,99,256,37,47,7274,142,49,50,695,1150,251,4,218,41,3,118,0,17,0,11,17
"chr4.114",346,14,2427,41,169,479,494,43,5301,1164,535,508,734,996,1785,770,117,361,54,60,9452,172,53,49,935,1581,297,3,237,40,2,121,4,14,0,13,19
"chr4.115",295,15,1859,32,140,418,434,35,4575,1193,498,508,574,893,1844,659,105,319,43,40,9224,188,65,54,994,1252,298,4,213,37,3,90,3,10,0,4,12
"chr4.116",NA,NA,NA,NA,NA,NA,NA,NA,NA,NA,NA,NA,NA,NA,NA,NA,NA,NA,NA,NA,NA,NA,NA,NA,NA,NA,NA,NA,NA,NA,NA,NA,NA,NA,NA,NA,NA
"chr4.117",NA,NA,NA,NA,NA,NA,NA,NA,NA,NA,NA,NA,NA,NA,NA,NA,NA,NA,NA,NA,NA,NA,NA,NA,NA,NA,NA,NA,NA,NA,NA,NA,NA,NA,NA,NA,NA
"chr4.118",263,6,1708,24,108,288,271,35,3843,597,369,515,377,526,979,404,72,152,30,27,4994,92,31,27,611,732,204,5,157,35,0,33,3,11,0,5,12
"chr4.119",293,14,1919,21,119,316,265,22,3394,409,342,473,304,533,802,386,89,143,15,32,4245,104,23,23,605,645,176,1,159,31,3,44,4,13,2,2,7
"chr4.120",255,7,1257,19,117,289,215,19,3284,278,261,426,303,443,636,277,68,153,25,36,4224,52,34,29,425,568,169,3,155,34,5,44,2,5,1,3,3
"chr4.121",155,5,848,13,84,239,158,12,2589,302,222,348,223,291,240,200,66,137,25,21,1827,47,11,21,282,296,187,0,125,25,2,31,1,8,1,5,7
"chr4.122",191,5,1336,18,109,332,201,17,3594,759,289,360,279,352,408,237,81,159,24,31,2363,121,23,35,369,345,130,3,138,26,2,33,4,5,2,3,7
"chr4.123",318,11,1506,21,114,336,296,20,5067,1158,365,482,348,551,1279,269,62,166,28,34,4924,179,26,33,725,470,153,6,180,27,3,26,2,13,2,4,1
"chr4.124",337,16,2393,40,145,435,450,17,6215,1230,362,560,530,933,2258,457,68,193,27,43,7833,240,22,50,1032,932,254,15,244,44,3,54,2,10,0,1,9
"chr4.125",271,14,1911,25,129,320,393,22,3945,678,280,484,435,674,1577,335,75,158,20,42,5082,114,25,38,754,798,231,8,193,39,4,33,1,14,2,3,4
"chr4.126",NA,NA,NA,NA,NA,NA,NA,NA,NA,NA,NA,NA,NA,NA,NA,NA,NA,NA,NA,NA,NA,NA,NA,NA,NA,NA,NA,NA,NA,NA,NA,NA,NA,NA,NA,NA,NA
"chr4.127",273,10,1215,12,89,333,349,20,3478,425,284,392,415,575,1047,351,65,180,53,33,3551,78,25,33,526,747,208,8,163,22,4,45,2,15,0,2,10
"chr4.128",454,23,1669,34,101,357,532,46,6185,1197,502,459,692,884,2273,644,88,273,41,59,8215,201,52,39,993,1554,267,8,182,27,5,86,3,24,2,5,14
"chr4.129",428,25,2568,30,107,412,517,37,7063,1454,474,518,822,1187,2373,527,122,305,42,38,5923,233,53,44,1070,1311,211,7,281,36,10,76,2,21,0,5,11
"chr4.130",NA,NA,NA,NA,NA,NA,NA,NA,NA,NA,NA,NA,NA,NA,NA,NA,NA,NA,NA,NA,NA,NA,NA,NA,NA,NA,NA,NA,NA,NA,NA,NA,NA,NA,NA,NA,NA
"chr4.131",346,10,3027,20,155,470,348,39,7526,1812,397,578,1059,1495,2449,723,149,153,48,59,6272,307,62,59,1244,1733,265,10,352,31,6,97,2,20,2,5,14
"chr4.132",258,12,2985,34,142,358,295,30,5833,1761,296,558,773,1216,2307,731,142,175,40,52,8377,287,53,49,1053,1591,253,13,333,47,5,89,4,25,1,5,11
"chr4.133",342,23,2890,38,138,477,503,44,6558,1810,337,532,864,1304,2492,836,119,229,43,56,9875,266,58,56,1172,1912,252,14,351,46,7,94,5,24,0,8,15
"chr4.134",383,14,3017,29,171,498,546,45,7483,1761,479,579,989,1181,2452,860,110,259,32,52,10066,288,51,42,1244,1906,251,11,294,38,9,78,1,21,1,3,9
"chr4.135",351,10,2698,28,162,326,391,35,5827,1322,427,462,730,1126,2336,503,82,177,26,45,9438,232,19,43,1028,1029,222,12,287,34,4,51,2,23,0,2,10
"chr4.136",233,7,1774,18,85,367,187,19,3669,495,288,419,416,531,626,214,92,141,29,36,6167,99,26,35,493,535,128,5,172,23,4,80,1,14,3,2,10
"chr4.137",172,2,736,8,70,254,153,17,2466,216,235,360,228,302,303,178,55,112,14,23,2602,39,23,26,287,246,160,4,109,34,3,33,0,8,0,1,9
"chr4.138",189,4,757,16,71,249,148,13,2358,279,209,365,232,317,288,179,67,165,24,18,2187,48,17,23,281,279,157,0,114,36,1,38,0,5,0,6,5
"chr4.139",174,6,1235,17,86,293,222,16,3375,469,269,368,468,401,657,248,68,182,22,30,2911,62,35,26,393,522,149,4,153,29,3,47,1,5,0,5,8
"chr4.140",230,8,1625,27,99,326,237,12,2972,941,341,448,452,348,434,292,60,176,19,44,2020,96,35,15,392,574,138,4,127,27,1,45,0,6,0,3,10
"chr4.141",213,7,1262,19,87,264,226,14,2878,445,289,342,296,390,620,252,56,143,22,24,2769,45,20,24,392,550,143,2,129,19,3,43,0,10,1,1,3
"chr4.142",NA,NA,NA,NA,NA,NA,NA,NA,NA,NA,NA,NA,NA,NA,NA,NA,NA,NA,NA,NA,NA,NA,NA,NA,NA,NA,NA,NA,NA,NA,NA,NA,NA,NA,NA,NA,NA
"chr4.143",NA,NA,NA,NA,NA,NA,NA,NA,NA,NA,NA,NA,NA,NA,NA,NA,NA,NA,NA,NA,NA,NA,NA,NA,NA,NA,NA,NA,NA,NA,NA,NA,NA,NA,NA,NA,NA
"chr4.144",232,2,1270,15,93,288,167,24,2972,212,251,346,310,351,484,226,69,140,24,25,4215,39,32,25,387,391,160,6,137,29,1,41,4,8,1,5,5
"chr4.145",299,7,1659,25,98,282,171,27,3614,402,334,401,262,450,698,270,61,128,20,33,6314,80,30,33,483,411,187,8,160,25,1,56,1,7,1,2,3
"chr4.146",213,3,1130,7,87,267,160,19,2745,571,264,351,200,336,424,304,62,145,25,32,2897,87,35,31,391,355,167,1,126,27,1,40,3,2,0,2,3
"chr4.147",240,5,1434,9,113,294,340,17,3264,901,306,399,305,409,765,424,58,125,34,33,3831,117,35,29,564,509,190,8,154,34,3,54,4,10,2,3,7
"chr4.148",182,6,1260,7,66,265,180,13,2483,398,243,336,213,390,528,267,58,105,23,40,2204,51,26,19,411,358,169,6,131,28,3,32,2,10,0,2,7
"chr4.149",168,2,834,8,86,281,166,18,2014,288,246,322,162,288,250,175,55,157,24,26,2043,54,27,20,293,226,184,1,109,26,0,31,1,8,2,4,2
"chr4.150",185,7,1130,18,98,290,195,12,2837,263,258,335,269,379,336,172,66,165,21,22,2944,57,38,23,311,314,145,2,134,24,2,41,4,12,0,3,6
"chr4.151",176,6,844,13,78,226,165,22,2133,221,212,338,175,286,266,187,64,130,19,17,1538,41,19,25,296,233,139,3,98,23,0,35,2,7,1,1,2
"chr4.152",298,12,1048,17,106,319,358,30,3580,321,288,435,384,558,1025,278,91,245,24,30,4143,74,32,33,580,476,191,7,155,37,3,64,4,14,3,0,6
"chr4.153",267,13,1217,23,104,319,196,18,4217,664,305,418,460,588,1326,428,97,195,35,49,6298,93,29,29,804,712,218,2,180,44,3,60,2,12,0,4,11
"chr4.154",256,7,1219,15,123,335,265,21,4265,1059,291,405,388,680,1721,310,78,193,22,27,4422,163,31,45,948,611,200,3,172,30,1,29,3,6,0,2,4
"chr4.155",219,8,1469,9,109,338,325,19,4242,1351,262,347,369,511,1291,362,58,121,28,27,5240,226,32,27,737,640,193,1,160,34,2,69,4,13,0,2,10
"chr4.156",223,8,1338,19,120,363,242,28,3069,677,231,364,345,420,455,336,66,172,27,17,4808,133,29,35,430,707,189,3,124,29,1,50,5,7,1,0,7
"chr4.157",248,5,886,17,91,327,220,22,2604,424,244,365,308,394,721,287,75,171,20,23,4285,76,22,36,438,442,148,5,127,26,1,50,0,7,0,2,4
"chr4.158",333,19,2107,36,142,497,261,39,3963,1123,309,409,809,975,2149,451,85,345,56,35,6828,197,48,39,929,976,165,5,213,46,6,85,1,23,1,4,14
"chr4.159",429,26,1870,41,163,549,430,39,5390,1239,459,442,718,991,2349,603,93,310,54,45,7667,224,71,42,1056,1173,178,9,271,34,6,119,4,17,0,8,11
"chr4.160",445,18,2299,27,142,470,328,34,4296,823,419,469,764,674,1267,659,99,279,54,60,8108,159,61,45,727,1404,176,5,154,37,7,105,3,18,4,7,16
"chr4.161",338,14,1831,29,113,486,385,30,3605,365,373,508,687,646,1109,489,77,243,44,45,8830,56,50,34,638,1285,157,6,171,23,3,70,2,13,2,3,11
"chr4.162",368,3,2215,15,103,499,362,36,4538,461,412,611,865,1059,2152,358,79,141,32,36,10867,80,56,39,990,1008,174,7,267,53,9,89,8,22,1,10,6
"chr4.163",226,4,982,11,90,301,173,19,3239,350,269,393,420,577,1049,242,67,200,16,38,6143,86,27,44,580,537,178,3,175,47,1,46,1,9,0,2,7
"chr4.164",271,16,1959,22,104,330,338,42,4589,569,392,527,636,801,1773,382,82,332,43,32,10533,143,39,45,814,869,177,7,207,43,3,66,10,23,0,3,15
"chr4.165",223,11,1920,16,127,466,356,26,4988,658,352,526,649,643,1512,345,74,313,46,27,9891,152,59,59,784,688,166,4,192,46,1,114,3,7,1,2,11
"chr4.166",192,7,1177,11,77,312,253,19,3056,489,200,321,455,364,432,204,64,178,20,26,6453,85,24,18,344,439,129,5,146,33,1,44,3,8,1,2,4
"chr4.167",208,7,749,9,60,286,143,9,2041,185,228,316,236,271,224,156,46,119,15,22,1680,53,12,22,246,225,145,2,110,25,4,24,2,9,0,2,4
"chr4.168",291,9,1331,19,112,325,299,30,3065,502,235,423,632,577,629,369,79,206,34,30,6044,98,50,30,479,858,151,9,150,29,2,82,3,12,1,6,7
"chr4.169",361,24,2733,25,173,454,549,38,5460,930,494,549,811,1002,2229,711,118,333,44,49,4150,168,54,33,960,1371,266,4,255,29,3,85,3,10,4,10,14
"chr4.170",336,11,2685,19,126,508,476,23,4070,737,356,492,698,712,1367,582,104,224,43,50,4089,114,52,40,659,1069,216,3,200,41,3,93,1,10,0,6,22
"chr4.171",242,6,1532,19,111,286,213,18,2725,294,248,408,365,337,408,277,78,124,32,22,4915,54,28,26,304,510,182,5,129,33,3,54,2,15,1,0,5
"chr4.172",280,8,1549,16,110,367,340,25,3537,379,341,477,472,412,666,318,108,242,23,33,5883,96,24,32,458,704,181,6,142,22,0,64,6,15,1,4,9
"chr4.173",382,14,1933,14,147,547,443,44,5230,380,506,521,562,737,1615,587,94,190,40,37,9487,77,54,49,865,1007,251,7,224,31,3,53,1,20,0,8,11
"chr4.174",314,6,1981,9,106,337,281,24,5081,336,349,490,681,674,1539,548,81,165,27,43,5577,61,24,36,741,1124,202,4,200,36,4,54,4,9,1,6,13
"chr4.175",287,12,1675,20,109,306,296,16,4332,502,317,435,566,616,1349,321,97,196,38,35,6246,82,36,33,757,891,191,9,196,37,6,47,3,13,0,2,6
"chr4.176",354,19,1798,24,139,493,331,39,5257,1121,443,640,907,728,1793,636,107,378,49,51,7454,178,52,57,977,1597,178,9,213,40,3,128,3,14,3,14,15
"chr4.177",461,17,2615,36,169,638,593,67,6349,1260,560,770,1273,1365,2435,794,126,343,66,59,4259,271,62,45,1103,1937,262,10,275,53,4,107,4,13,0,14,19
"chr4.178",408,24,2877,31,162,575,593,42,5716,1308,426,663,1197,1367,2365,704,101,350,50,60,2552,230,69,52,1187,1868,317,4,311,53,5,96,5,19,2,6,11
"chr4.179",401,9,2630,19,185,546,303,33,4686,1075,416,670,1189,1169,2209,562,85,288,64,67,5237,206,43,60,868,1708,339,13,266,56,4,49,6,16,1,4,7
"chr4.180",333,11,1660,28,130,388,290,13,4278,816,363,560,672,901,1728,316,77,334,42,33,5947,160,37,41,807,903,282,9,226,35,5,37,1,15,1,1,13
"chr4.181",217,3,733,11,90,251,182,13,2529,305,221,377,257,373,297,154,65,170,28,24,2400,48,14,22,313,322,160,2,128,34,1,29,1,3,0,13,6
"chr4.182",215,10,716,10,73,254,173,23,2422,241,239,340,189,292,330,176,62,141,15,21,2603,47,19,20,290,227,164,4,121,36,3,40,2,9,0,1,4
"chr4.183",195,3,782,10,72,240,132,15,2531,226,230,324,196,307,294,193,60,151,16,28,1769,49,28,19,325,266,181,5,115,30,1,30,0,10,1,3,5
"chr4.184",255,8,806,19,90,275,160,22,2505,495,237,377,306,381,393,264,75,145,38,39,3556,110,35,27,358,406,185,10,135,26,4,36,1,17,0,5,7
"chr4.185",360,8,1592,26,146,304,158,33,3007,979,332,373,542,611,1073,259,90,283,37,30,6345,188,40,48,492,539,149,5,175,34,5,30,4,21,0,4,13
"chr4.186",NA,NA,NA,NA,NA,NA,NA,NA,NA,NA,NA,NA,NA,NA,NA,NA,NA,NA,NA,NA,NA,NA,NA,NA,NA,NA,NA,NA,NA,NA,NA,NA,NA,NA,NA,NA,NA
"chr4.187",331,22,1937,33,120,400,392,37,4462,754,344,484,875,953,1945,400,115,363,32,40,5031,166,46,53,805,1016,286,7,240,39,3,56,2,15,1,3,15
"chr5.1",NA,NA,NA,NA,NA,NA,NA,NA,NA,NA,NA,NA,NA,NA,NA,NA,NA,NA,NA,NA,NA,NA,NA,NA,NA,NA,NA,NA,NA,NA,NA,NA,NA,NA,NA,NA,NA
"chr5.2",472,6,1050,32,132,384,204,43,1977,269,330,578,457,659,527,329,88,278,36,50,4206,44,76,47,441,739,235,7,184,41,5,79,2,16,1,2,3
"chr5.3",979,10,2926,26,158,500,309,51,4270,672,685,724,840,1619,1773,484,93,368,65,93,10499,117,132,80,932,1547,390,9,340,38,7,102,4,29,0,6,11
"chr5.4",904,7,3371,22,184,583,380,39,5354,939,674,724,899,1801,2615,531,105,276,75,91,6595,134,69,50,1206,1663,434,2,390,56,3,78,1,34,2,2,9
"chr5.5",921,18,2835,28,199,374,454,31,6171,892,675,794,926,1656,2920,476,120,271,81,73,7637,132,69,55,1327,1624,371,5,350,50,6,95,10,20,1,1,8
"chr5.6",651,6,1676,28,152,367,253,34,4485,413,500,865,970,1159,2085,462,65,261,41,73,7222,53,37,30,988,1575,309,6,281,52,3,89,3,20,1,5,4
"chr5.7",627,6,1128,17,108,354,244,21,3336,361,417,701,805,663,1212,357,66,201,33,59,7157,59,59,93,609,1124,295,6,197,54,7,85,3,10,1,3,11
"chr5.8",682,9,2036,11,82,314,209,37,3810,536,439,617,824,691,1311,493,80,166,47,49,3387,106,54,58,748,1144,273,8,194,34,3,104,5,17,0,4,5
"chr5.9",568,9,2504,18,151,420,283,24,3896,657,459,909,1323,821,1775,585,73,164,48,76,5599,105,65,39,815,2289,263,9,217,52,4,115,3,23,1,5,9
"chr5.10",471,7,1406,11,113,315,271,21,2633,625,343,759,722,871,1303,438,100,140,33,47,6060,101,38,33,613,1164,196,9,187,46,3,96,2,16,0,2,4
"chr5.11",341,8,1046,12,81,337,188,13,2475,283,269,505,478,443,569,311,56,160,25,45,5125,57,69,15,393,823,183,3,164,34,7,77,2,7,2,6,10
"chr5.12",524,1,2077,14,133,412,191,24,4863,531,392,569,1016,812,2464,701,62,138,56,66,9363,122,66,46,1053,1953,273,12,187,40,8,118,4,16,2,4,15
"chr5.13",699,9,2717,23,159,528,450,38,6101,878,637,755,1177,1199,3027,820,77,222,74,98,12194,148,88,61,1253,2513,328,5,239,33,5,113,1,12,0,10,27
"chr5.14",528,10,1730,22,145,357,246,44,4136,622,501,694,716,736,1644,600,66,210,60,62,12006,113,95,40,826,1499,277,11,179,34,1,104,0,12,0,2,10
"chr5.15",334,7,1073,11,82,279,184,20,2089,236,307,446,347,372,339,286,59,167,13,38,3152,49,15,35,347,505,200,6,152,27,1,35,2,7,0,2,8
"chr5.16",417,6,1675,13,131,455,178,31,3647,598,333,626,884,910,1787,481,63,116,24,55,4674,102,43,29,830,933,322,4,229,28,4,77,0,24,0,4,7
"chr5.17",448,7,1844,19,119,385,209,22,2543,492,277,568,711,521,809,329,67,203,38,50,5187,71,50,22,502,1043,234,5,196,35,3,55,3,20,0,5,7
"chr5.18",NA,NA,NA,NA,NA,NA,NA,NA,NA,NA,NA,NA,NA,NA,NA,NA,NA,NA,NA,NA,NA,NA,NA,NA,NA,NA,NA,NA,NA,NA,NA,NA,NA,NA,NA,NA,NA
"chr5.19",763,9,3189,34,171,667,514,24,5155,730,555,759,878,1117,2406,599,70,399,54,58,5561,125,84,61,1042,2029,278,4,268,48,0,135,3,11,1,4,11
"chr5.20",785,9,3521,23,168,719,493,60,6723,1184,522,675,964,1223,2609,646,69,393,70,67,8817,181,69,46,1320,2509,295,6,297,36,6,139,0,16,0,7,16
"chr5.21",NA,NA,NA,NA,NA,NA,NA,NA,NA,NA,NA,NA,NA,NA,NA,NA,NA,NA,NA,NA,NA,NA,NA,NA,NA,NA,NA,NA,NA,NA,NA,NA,NA,NA,NA,NA,NA
"chr5.22",NA,NA,NA,NA,NA,NA,NA,NA,NA,NA,NA,NA,NA,NA,NA,NA,NA,NA,NA,NA,NA,NA,NA,NA,NA,NA,NA,NA,NA,NA,NA,NA,NA,NA,NA,NA,NA
"chr5.23",521,20,2746,31,174,620,369,54,6740,1172,628,666,1342,873,1879,709,90,342,57,86,8123,213,124,50,1025,2166,331,10,226,45,4,125,4,17,2,6,18
"chr5.24",818,28,1743,37,165,591,411,82,7021,1401,706,732,1236,1299,2641,1002,92,399,63,127,11728,227,72,41,1338,2939,331,10,297,30,5,185,7,17,0,10,25
"chr5.25",972,14,2509,27,134,606,472,57,7104,1482,776,822,1433,1499,2638,1111,117,210,67,100,10637,253,72,46,1388,3596,375,11,303,63,10,137,5,21,2,11,17
"chr5.26",908,21,2646,35,186,735,589,53,7603,1270,653,915,1106,1763,2923,1107,124,323,75,88,10108,251,107,54,1459,3047,402,8,333,69,7,139,9,13,0,6,17
"chr5.27",882,23,3082,18,207,586,496,60,7223,1213,586,949,1344,1829,2835,903,118,330,101,96,11960,266,89,62,1323,2730,350,10,382,70,11,108,7,16,2,9,12
"chr5.28",620,41,3453,43,186,443,487,47,6280,1455,653,887,1183,1348,2430,766,124,380,59,77,11477,247,73,47,1389,1557,282,1,267,68,10,96,7,12,0,10,12
"chr5.29",527,21,3230,35,190,584,340,28,6040,1266,604,731,817,1286,2726,933,130,396,47,83,11747,221,76,47,1327,1696,277,9,290,53,5,124,3,15,1,9,17
"chr5.30",516,28,3120,25,181,554,255,64,6226,1255,518,932,1319,995,2227,960,127,405,72,96,10521,223,83,70,1214,2977,375,7,301,63,7,151,10,21,2,14,20
"chr5.31",487,14,2643,18,129,383,295,42,5720,1017,399,917,1188,1040,2800,803,68,211,57,68,10992,189,83,59,1278,1990,378,5,222,54,2,177,4,13,2,9,22
"chr5.32",308,6,1617,9,105,312,261,16,3199,366,289,562,554,474,911,384,54,160,30,56,3672,81,53,32,627,849,259,5,159,50,4,71,2,8,1,2,13
"chr5.33",299,5,1048,14,124,285,178,16,2465,318,269,491,431,495,774,277,49,170,25,45,3778,45,52,29,460,675,213,1,202,32,2,38,1,7,0,3,6
"chr5.34",389,14,1244,19,116,302,198,20,3511,496,267,467,793,710,1564,405,68,235,18,50,5645,68,26,36,729,1103,263,7,193,21,2,44,3,10,0,2,9
"chr5.35",NA,NA,NA,NA,NA,NA,NA,NA,NA,NA,NA,NA,NA,NA,NA,NA,NA,NA,NA,NA,NA,NA,NA,NA,NA,NA,NA,NA,NA,NA,NA,NA,NA,NA,NA,NA,NA
"chr5.36",476,8,914,21,94,292,197,25,3153,533,278,428,569,501,847,388,77,195,44,43,7919,97,53,35,527,1153,164,3,167,24,3,51,1,10,0,3,6
"chr5.37",311,7,978,9,110,304,182,25,3367,269,235,444,399,423,542,238,56,131,16,37,3991,45,24,25,403,553,142,4,135,51,1,50,2,6,0,1,8
"chr5.38",NA,NA,NA,NA,NA,NA,NA,NA,NA,NA,NA,NA,NA,NA,NA,NA,NA,NA,NA,NA,NA,NA,NA,NA,NA,NA,NA,NA,NA,NA,NA,NA,NA,NA,NA,NA,NA
"chr5.39",400,4,1440,8,102,272,172,25,3778,401,318,522,394,569,824,345,67,194,27,40,7615,79,32,26,537,765,193,3,191,40,2,58,1,8,0,1,8
"chr5.40",431,4,1347,20,113,289,207,21,2913,440,350,619,562,385,582,362,80,242,32,61,4987,65,46,15,472,773,186,2,170,34,3,64,1,10,0,4,2
"chr5.41",429,10,1470,25,117,319,209,21,2955,291,353,645,601,377,598,363,105,270,20,46,6302,61,28,27,402,938,175,2,163,26,3,55,4,5,0,8,5
"chr5.42",477,16,1281,20,97,316,247,33,3447,400,376,622,698,476,910,502,71,268,40,54,8004,60,58,28,492,1322,194,6,151,38,1,84,3,22,0,3,10
"chr5.43",511,4,1158,15,136,338,194,23,3690,530,351,523,685,629,1259,313,80,172,30,40,8493,62,34,23,725,907,210,8,188,38,3,72,0,10,0,5,7
"chr5.44",NA,NA,NA,NA,NA,NA,NA,NA,NA,NA,NA,NA,NA,NA,NA,NA,NA,NA,NA,NA,NA,NA,NA,NA,NA,NA,NA,NA,NA,NA,NA,NA,NA,NA,NA,NA,NA
"chr5.45",681,18,1829,29,186,491,470,24,4609,626,399,699,780,686,1857,579,92,224,39,57,5640,114,43,26,909,1996,230,7,200,32,5,85,2,20,3,4,13
"chr5.46",686,32,2531,51,189,642,723,37,4208,870,511,818,1151,904,2462,814,148,373,58,91,8553,125,80,44,1260,2955,353,6,280,40,4,150,4,21,2,7,22
"chr5.47",NA,NA,NA,NA,NA,NA,NA,NA,NA,NA,NA,NA,NA,NA,NA,NA,NA,NA,NA,NA,NA,NA,NA,NA,NA,NA,NA,NA,NA,NA,NA,NA,NA,NA,NA,NA,NA
"chr5.48",538,28,2335,40,90,504,298,23,4453,783,465,627,790,638,1142,353,168,365,48,44,8073,137,48,38,622,908,205,8,148,58,1,113,2,25,1,11,19
"chr5.49",390,18,1427,25,76,347,196,37,3197,611,352,501,435,463,845,266,136,240,37,35,4628,87,45,31,467,500,173,5,100,46,2,64,2,9,1,6,11
"chr5.50",314,13,988,13,98,347,210,21,3080,369,325,446,425,389,484,181,89,172,28,13,2651,54,33,31,360,360,134,2,101,39,2,22,0,10,3,5,5
"chr5.51",296,8,1053,20,92,338,156,22,3110,309,297,397,367,374,478,198,66,168,27,26,2752,40,26,18,364,386,135,9,93,33,1,31,5,7,3,2,3
"chr5.52",212,6,921,10,89,258,149,16,2429,208,243,358,183,300,273,152,50,131,10,33,2007,45,13,26,287,233,109,3,94,28,2,27,3,12,2,7,6
"chr5.53",229,4,1011,12,96,256,159,12,2883,226,269,411,331,290,250,164,57,158,29,24,2176,31,21,35,265,322,111,0,88,33,3,39,1,11,1,2,4
"chr5.54",238,14,1076,13,81,333,181,18,3152,379,259,389,355,340,300,174,70,198,25,24,2435,80,33,27,325,358,119,4,95,22,2,25,1,7,1,5,3
"chr5.55",304,3,1402,13,80,337,206,19,3270,436,244,430,320,310,341,202,52,198,32,22,3010,67,35,26,344,452,134,1,102,21,3,48,4,8,0,4,2
"chr5.56",NA,NA,NA,NA,NA,NA,NA,NA,NA,NA,NA,NA,NA,NA,NA,NA,NA,NA,NA,NA,NA,NA,NA,NA,NA,NA,NA,NA,NA,NA,NA,NA,NA,NA,NA,NA,NA
"chr5.57",173,5,1572,12,78,287,177,22,2719,253,270,364,237,341,284,209,55,142,21,31,1758,61,31,21,293,400,126,2,85,16,0,54,3,11,0,2,8
"chr5.58",254,4,1300,8,105,303,158,21,2862,280,256,398,330,291,326,207,71,134,29,25,3253,50,16,23,302,337,119,3,95,26,0,37,1,5,0,6,8
"chr5.59",NA,NA,NA,NA,NA,NA,NA,NA,NA,NA,NA,NA,NA,NA,NA,NA,NA,NA,NA,NA,NA,NA,NA,NA,NA,NA,NA,NA,NA,NA,NA,NA,NA,NA,NA,NA,NA
"chr5.60",411,9,1970,24,133,429,306,31,5053,727,321,627,465,812,2051,462,68,191,59,46,8181,128,50,33,834,1103,251,8,184,42,4,53,2,17,1,5,19
"chr5.61",197,5,1240,21,86,322,179,23,3608,352,207,384,273,466,927,236,63,122,22,20,4605,51,24,25,481,421,109,5,102,42,3,25,3,12,0,2,11
"chr5.62",181,7,1006,6,78,286,195,29,2688,258,233,368,240,257,346,188,37,106,16,33,3547,34,9,14,300,342,124,1,84,33,1,27,3,5,0,1,4
"chr5.63",182,4,1054,14,95,316,147,22,3050,204,227,369,203,344,407,188,62,149,21,26,3824,50,28,23,386,290,140,5,83,32,5,26,4,8,1,5,7
"chr5.64",215,6,793,8,111,325,153,13,2790,310,235,331,240,328,276,162,81,139,18,33,2300,70,15,25,253,308,117,3,84,43,1,26,3,5,0,1,2
"chr5.65",205,9,847,19,79,287,143,19,2684,234,241,326,267,287,322,184,68,146,23,29,3160,60,14,23,291,296,123,6,58,33,2,29,0,10,0,2,3
"chr5.66",NA,NA,NA,NA,NA,NA,NA,NA,NA,NA,NA,NA,NA,NA,NA,NA,NA,NA,NA,NA,NA,NA,NA,NA,NA,NA,NA,NA,NA,NA,NA,NA,NA,NA,NA,NA,NA
"chr5.67",NA,NA,NA,NA,NA,NA,NA,NA,NA,NA,NA,NA,NA,NA,NA,NA,NA,NA,NA,NA,NA,NA,NA,NA,NA,NA,NA,NA,NA,NA,NA,NA,NA,NA,NA,NA,NA
"chr5.68",NA,NA,NA,NA,NA,NA,NA,NA,NA,NA,NA,NA,NA,NA,NA,NA,NA,NA,NA,NA,NA,NA,NA,NA,NA,NA,NA,NA,NA,NA,NA,NA,NA,NA,NA,NA,NA
"chr5.69",189,3,1060,8,95,269,134,14,2726,298,244,343,237,274,263,165,43,100,10,18,2088,44,11,26,290,232,118,1,77,42,2,22,1,13,0,2,7
"chr5.70",216,4,996,20,80,305,137,20,2409,349,252,318,253,282,235,162,56,151,22,20,2687,68,28,12,269,264,133,5,70,32,0,22,0,6,0,2,5
"chr5.71",187,7,857,10,82,295,142,18,2287,343,220,348,273,298,211,164,59,169,29,24,3086,65,25,20,262,317,144,3,81,34,1,25,2,10,3,1,6
"chr5.72",NA,NA,NA,NA,NA,NA,NA,NA,NA,NA,NA,NA,NA,NA,NA,NA,NA,NA,NA,NA,NA,NA,NA,NA,NA,NA,NA,NA,NA,NA,NA,NA,NA,NA,NA,NA,NA
"chr5.73",241,2,957,10,89,288,158,20,2555,309,265,344,438,320,286,233,49,155,28,25,3337,71,38,29,258,506,143,2,95,28,4,71,2,6,0,6,7
"chr5.74",206,5,956,10,78,263,146,16,3188,209,288,354,343,355,388,217,61,132,29,28,2535,30,28,22,382,482,131,4,90,47,4,42,2,8,0,4,9
"chr5.75",NA,NA,NA,NA,NA,NA,NA,NA,NA,NA,NA,NA,NA,NA,NA,NA,NA,NA,NA,NA,NA,NA,NA,NA,NA,NA,NA,NA,NA,NA,NA,NA,NA,NA,NA,NA,NA
"chr5.76",186,1,853,16,88,296,124,10,2850,246,225,349,229,435,418,155,58,142,23,22,2460,50,20,20,338,270,126,3,98,29,2,30,1,4,0,2,7
"chr5.77",NA,NA,NA,NA,NA,NA,NA,NA,NA,NA,NA,NA,NA,NA,NA,NA,NA,NA,NA,NA,NA,NA,NA,NA,NA,NA,NA,NA,NA,NA,NA,NA,NA,NA,NA,NA,NA
"chr5.78",204,3,954,5,70,271,135,20,3052,231,227,357,233,330,368,198,49,128,17,30,1885,46,13,13,376,289,117,4,80,33,1,30,3,8,0,5,11
"chr5.79",217,2,1183,13,122,245,244,21,3173,318,272,417,323,334,452,197,73,121,25,23,2837,68,18,22,376,398,138,1,94,25,0,39,2,12,0,4,5
"chr5.80",362,2,1869,10,104,331,334,28,3727,462,334,446,543,442,683,320,72,136,33,41,3388,98,27,55,461,558,169,3,116,44,1,42,2,10,0,1,3
"chr5.81",540,10,2905,25,158,528,520,28,5470,1023,553,589,740,977,2084,339,87,243,44,72,4745,163,48,55,854,851,264,8,258,38,1,30,6,11,0,0,10
"chr5.82",517,15,2130,29,192,571,584,40,5999,1025,548,565,933,1136,2173,519,78,325,58,67,7277,172,61,45,937,1594,262,12,224,41,9,40,3,20,1,2,15
"chr5.83",319,14,2338,15,141,383,512,20,4009,455,363,551,671,617,1528,409,66,241,45,60,4871,73,49,36,582,1259,175,1,136,43,0,41,2,9,2,3,12
"chr5.84",416,7,1786,13,155,435,242,27,3616,386,322,441,612,663,1174,359,64,145,50,37,5999,57,46,36,584,995,168,5,138,30,3,43,3,16,0,6,11
"chr5.85",394,5,1799,10,156,387,296,22,3675,316,260,473,462,686,1166,410,61,126,28,44,3865,42,38,34,591,967,178,2,124,39,1,46,3,5,1,3,10
"chr5.86",388,5,2688,11,142,612,339,21,4093,325,368,512,437,586,1703,461,74,206,20,47,3252,48,55,44,836,893,174,2,174,46,3,30,2,10,2,1,10
"chr5.87",232,9,1223,17,97,322,156,10,2901,349,233,377,230,404,493,235,54,178,33,39,3262,54,18,30,385,380,152,0,99,29,1,37,3,7,1,2,8
"chr5.88",244,7,1603,25,104,296,210,22,3263,513,262,376,267,484,866,266,82,197,40,36,5410,82,24,27,474,500,134,4,117,36,5,47,1,11,2,6,7
"chr5.89",NA,NA,NA,NA,NA,NA,NA,NA,NA,NA,NA,NA,NA,NA,NA,NA,NA,NA,NA,NA,NA,NA,NA,NA,NA,NA,NA,NA,NA,NA,NA,NA,NA,NA,NA,NA,NA
"chr5.90",224,6,1468,10,96,338,179,19,3145,427,297,364,391,470,694,211,51,130,23,31,2218,66,25,32,484,378,151,5,119,32,4,30,1,14,2,5,2
"chr5.91",260,9,1310,14,111,309,158,23,3822,363,287,402,255,432,617,242,60,139,32,20,4767,60,24,42,456,306,149,4,112,23,3,53,0,10,0,2,5
"chr5.92",279,7,1103,10,81,317,151,12,2619,262,254,342,293,379,427,182,46,168,31,30,4000,53,34,27,378,359,132,4,93,28,4,36,2,6,0,4,9
"chr5.93",253,4,807,13,64,247,134,14,2592,208,267,332,194,270,258,151,81,139,18,27,2913,61,18,20,293,224,98,0,96,15,4,23,0,7,0,0,3
"chr5.94",270,7,1546,9,110,376,262,16,3128,382,287,441,361,428,792,272,73,125,34,32,5106,71,21,35,456,523,125,7,109,39,1,43,0,15,0,3,8
"chr5.95",290,12,1920,12,119,435,338,35,2663,394,314,472,423,437,635,302,86,188,30,28,2934,69,28,26,386,622,151,3,112,31,2,49,4,12,1,2,6
"chr5.96",NA,NA,NA,NA,NA,NA,NA,NA,NA,NA,NA,NA,NA,NA,NA,NA,NA,NA,NA,NA,NA,NA,NA,NA,NA,NA,NA,NA,NA,NA,NA,NA,NA,NA,NA,NA,NA
"chr5.97",NA,NA,NA,NA,NA,NA,NA,NA,NA,NA,NA,NA,NA,NA,NA,NA,NA,NA,NA,NA,NA,NA,NA,NA,NA,NA,NA,NA,NA,NA,NA,NA,NA,NA,NA,NA,NA
"chr5.98",312,17,2995,29,138,446,329,25,4484,540,449,447,357,871,1953,418,129,282,40,42,7086,93,45,34,875,602,152,7,214,25,5,81,0,11,4,4,10
"chr5.99",241,11,1934,25,106,309,250,15,3618,464,274,388,333,552,1124,282,90,242,44,26,5622,68,46,25,626,585,126,3,108,27,2,49,1,16,0,4,13
"chr5.100",243,12,1788,19,112,390,220,19,3476,629,285,388,492,469,740,340,66,206,41,28,4275,88,33,27,441,671,158,5,110,27,3,53,1,6,0,4,9
"chr5.101",331,18,2924,25,177,547,291,30,3436,1178,398,458,795,953,2025,591,93,191,43,63,4338,205,43,39,888,1449,227,10,212,41,2,44,2,27,0,4,9
"chr5.102",317,17,3308,32,180,786,364,44,4725,1216,455,442,866,1154,2234,537,95,259,49,50,8034,230,65,49,1006,1390,163,6,219,35,7,48,0,22,1,7,10
"chr5.103",334,18,3289,46,140,476,357,23,4473,935,382,416,486,611,1132,309,109,230,39,37,4915,171,47,25,633,727,125,4,145,30,1,45,0,14,0,4,10
"chr5.104",270,17,2017,22,111,389,229,12,3267,440,303,379,276,377,443,198,73,134,32,33,2405,125,20,26,361,427,134,2,105,38,1,29,1,8,1,2,2
"chr5.105",258,10,1162,13,82,365,204,15,2927,323,311,381,327,392,539,210,50,137,24,25,2096,49,19,18,426,516,138,4,100,28,1,32,2,7,0,4,9
"chr5.106",268,7,913,21,84,321,179,19,3181,347,292,359,374,449,577,196,58,125,21,32,2846,46,28,27,419,538,143,6,107,47,3,32,1,9,1,0,7
"chr5.107",410,14,1020,19,125,390,377,24,4445,437,348,507,601,655,1609,270,81,171,26,34,6826,79,66,26,649,688,170,6,138,30,4,45,1,11,0,4,5
"chr5.108",347,7,1244,12,107,318,311,28,3746,269,335,415,371,449,883,213,53,143,28,36,6537,71,25,27,505,530,193,4,109,41,1,40,3,11,0,5,9
"chr5.109",235,6,1258,9,100,296,159,15,3141,238,236,357,239,317,494,177,59,131,33,36,3992,47,31,17,376,319,121,3,86,20,5,47,2,9,1,6,11
"chr5.110",280,7,1283,11,103,391,158,21,3682,357,277,383,376,544,1035,284,36,166,30,20,5258,77,25,34,543,500,128,4,120,33,2,34,3,23,1,3,7
"chr5.111",469,4,1956,20,130,542,215,41,3687,445,377,502,581,808,1480,376,71,162,34,35,7793,105,45,54,705,1080,161,8,168,28,3,63,2,26,1,7,12
"chr5.112",241,5,874,16,79,304,141,25,2530,181,277,351,285,364,363,236,49,128,26,25,3078,50,13,29,303,501,130,5,84,27,2,34,0,6,0,4,2
"chr5.113",226,10,1367,12,85,306,169,20,2928,289,264,368,477,529,776,257,61,141,29,39,1932,57,19,23,485,479,130,2,107,37,3,23,1,8,0,4,7
"chr5.114",338,12,2716,34,144,359,236,30,4225,618,366,470,974,706,1521,378,81,166,36,37,4851,93,40,48,780,876,153,5,157,53,7,51,0,12,0,4,14
"chr5.115",327,11,1561,29,117,299,169,18,3677,406,379,415,507,591,1095,345,65,175,31,45,2798,68,40,33,554,802,152,8,109,35,4,44,0,16,0,5,7
"chr5.116",270,11,1292,15,124,374,151,26,2804,319,312,409,367,449,718,211,80,217,15,24,6129,49,46,34,446,532,114,0,101,21,2,49,0,7,1,1,7
"chr5.117",410,24,2624,37,150,585,229,29,4676,635,405,492,644,862,1699,355,121,309,36,36,6147,100,74,32,800,962,187,8,200,37,4,65,2,8,0,8,14
"chr5.118",396,24,2616,25,158,582,375,25,4190,716,323,451,638,641,1358,328,95,242,34,50,2973,103,37,44,767,915,147,7,180,45,2,46,1,10,0,10,16
"chr5.119",237,9,1114,14,106,332,183,21,2915,297,273,366,268,419,735,186,66,147,21,23,6078,64,25,24,458,358,129,8,126,24,1,22,1,9,0,3,12
"chr5.120",255,3,1285,13,91,320,202,14,2853,255,253,377,310,340,406,204,69,144,23,33,3841,41,23,26,347,314,131,4,100,30,0,20,2,11,0,2,8
"chr5.121",261,2,1404,12,89,370,191,21,2995,265,243,423,296,370,291,225,63,144,23,29,2276,39,29,41,311,357,149,7,102,20,3,30,0,10,1,2,11
"chr5.122",272,0,1350,8,92,306,187,21,3477,299,311,445,321,337,320,217,61,142,29,32,2666,67,31,37,329,366,126,8,109,37,2,30,1,14,3,1,8
"chr5.123",NA,NA,NA,NA,NA,NA,NA,NA,NA,NA,NA,NA,NA,NA,NA,NA,NA,NA,NA,NA,NA,NA,NA,NA,NA,NA,NA,NA,NA,NA,NA,NA,NA,NA,NA,NA,NA
"chr5.124",294,6,1535,11,89,412,143,23,2641,265,270,366,321,327,288,186,65,156,29,29,2574,49,24,31,286,334,141,4,102,28,1,33,0,8,0,0,6
"chr5.125",307,10,2350,10,141,527,192,24,3536,609,307,402,534,570,896,241,56,196,26,31,4966,99,25,33,480,697,143,2,144,23,1,46,3,9,0,6,9
"chr5.126",380,12,1870,14,154,516,245,25,3833,608,376,403,446,681,1351,346,85,172,24,26,4979,82,19,37,630,651,154,6,168,33,1,33,3,19,0,8,8
"chr5.127",NA,NA,NA,NA,NA,NA,NA,NA,NA,NA,NA,NA,NA,NA,NA,NA,NA,NA,NA,NA,NA,NA,NA,NA,NA,NA,NA,NA,NA,NA,NA,NA,NA,NA,NA,NA,NA
"chr5.128",281,3,923,11,78,288,176,14,2415,235,242,325,227,339,317,191,66,137,17,38,2066,42,17,31,325,314,143,6,97,38,0,21,1,15,2,4,7
"chr5.129",216,2,836,15,79,328,128,14,1791,266,208,330,171,288,242,151,48,164,20,34,1781,40,28,21,286,235,150,2,84,42,5,23,1,8,0,3,6
"chr5.130",266,5,986,11,101,307,164,21,2214,206,226,367,267,411,386,152,53,170,30,26,2568,34,35,21,320,285,140,5,98,42,5,32,3,11,0,2,10
"chr5.131",NA,NA,NA,NA,NA,NA,NA,NA,NA,NA,NA,NA,NA,NA,NA,NA,NA,NA,NA,NA,NA,NA,NA,NA,NA,NA,NA,NA,NA,NA,NA,NA,NA,NA,NA,NA,NA
"chr5.132",315,9,1035,16,96,321,174,14,2402,252,247,421,346,396,383,167,60,171,36,22,3826,68,42,28,305,272,140,4,77,22,1,27,1,10,0,1,3
"chr5.133",337,8,1622,23,110,396,186,23,3104,342,289,433,463,521,1047,218,49,212,30,22,6947,95,69,23,523,401,110,7,114,36,3,37,1,10,0,2,8
"chr5.134",281,2,1291,10,77,307,139,19,2864,271,243,391,390,420,700,199,51,161,25,14,2780,61,19,17,438,351,119,4,113,41,1,25,2,11,0,2,7
"chr5.135",NA,NA,NA,NA,NA,NA,NA,NA,NA,NA,NA,NA,NA,NA,NA,NA,NA,NA,NA,NA,NA,NA,NA,NA,NA,NA,NA,NA,NA,NA,NA,NA,NA,NA,NA,NA,NA
"chr5.136",NA,NA,NA,NA,NA,NA,NA,NA,NA,NA,NA,NA,NA,NA,NA,NA,NA,NA,NA,NA,NA,NA,NA,NA,NA,NA,NA,NA,NA,NA,NA,NA,NA,NA,NA,NA,NA
"chr5.137",255,2,1067,9,62,352,226,9,2316,280,268,406,252,390,371,225,51,122,26,29,3616,54,22,26,374,314,170,5,72,31,1,43,1,11,0,4,12
"chr5.138",268,3,1108,13,92,354,190,12,2754,279,265,455,383,477,532,256,77,138,30,27,3617,35,33,28,430,415,168,2,104,41,0,30,3,11,0,6,6
"chr5.139",268,1,854,10,80,295,147,11,2174,237,243,403,207,287,251,160,64,155,14,23,2142,53,17,38,312,277,121,5,89,38,3,18,1,11,1,0,8
"chr5.140",262,5,960,18,80,333,186,18,3201,212,331,351,277,358,514,219,58,151,22,30,2941,33,19,21,434,372,127,3,100,21,3,23,2,9,2,3,7
"chr5.141",430,7,2061,28,92,342,271,15,4107,455,368,497,606,607,1665,351,68,194,33,29,8771,94,26,38,721,620,152,5,133,41,3,62,4,19,0,7,12
"chr5.142",302,6,1570,20,96,257,216,11,2567,492,266,388,432,335,471,227,73,175,27,28,5266,78,24,27,345,419,124,2,97,31,1,63,1,8,0,3,7
"chr5.143",260,4,1390,8,93,336,263,18,2877,366,272,447,451,389,551,217,51,134,25,34,2714,69,37,26,405,364,123,1,83,37,1,63,1,6,2,5,7
"chr5.144",277,6,1239,7,71,419,202,23,3319,483,305,418,311,369,449,237,43,123,35,26,2983,100,22,36,397,375,132,5,99,27,1,39,2,12,2,5,13
"chr5.145",287,7,961,10,94,319,163,13,3007,349,272,346,282,303,342,175,78,129,30,29,4654,61,16,24,399,291,124,3,100,25,1,58,0,6,0,4,8
"chr5.146",243,8,891,11,99,328,165,18,1897,229,202,422,283,296,270,146,58,160,22,28,1896,28,28,18,315,253,114,4,86,25,1,37,0,5,1,5,5
"chr5.147",281,4,801,14,104,312,174,18,1863,303,243,395,273,369,309,173,41,162,23,21,2516,49,19,17,312,292,132,1,73,37,1,19,2,7,0,1,6
"chr5.148",263,8,1057,11,75,331,173,16,2453,228,279,412,358,480,617,182,60,154,30,25,2616,45,18,27,431,265,110,5,92,28,1,31,2,12,0,1,6
"chr5.149",NA,NA,NA,NA,NA,NA,NA,NA,NA,NA,NA,NA,NA,NA,NA,NA,NA,NA,NA,NA,NA,NA,NA,NA,NA,NA,NA,NA,NA,NA,NA,NA,NA,NA,NA,NA,NA
"chr5.150",424,7,1868,14,108,455,446,32,4203,559,373,499,688,858,1925,324,56,223,52,36,8945,107,29,51,834,708,177,11,158,44,3,59,3,14,0,3,15
"chr5.151",243,8,859,7,84,292,148,22,2109,171,214,381,257,347,303,198,77,147,19,27,1951,41,14,22,327,311,140,1,93,27,1,31,0,9,0,4,4
"chr5.152",NA,NA,NA,NA,NA,NA,NA,NA,NA,NA,NA,NA,NA,NA,NA,NA,NA,NA,NA,NA,NA,NA,NA,NA,NA,NA,NA,NA,NA,NA,NA,NA,NA,NA,NA,NA,NA
"chr5.153",385,9,2008,21,99,414,230,20,3891,432,232,493,1252,818,1600,419,63,306,20,56,1949,70,33,34,812,1295,203,3,169,52,4,44,4,24,0,2,9
"chr5.154",277,5,1016,18,110,315,219,16,2377,229,271,451,522,411,543,208,64,167,26,33,3443,39,28,29,396,603,134,9,101,38,1,27,3,3,0,3,6
"chr5.155",332,8,1118,26,130,373,224,21,3467,293,298,586,543,538,877,233,59,265,22,31,4051,64,12,38,514,683,184,4,101,51,4,22,2,16,0,1,17
"chr5.156",307,8,1425,23,97,351,215,17,3058,285,287,444,315,513,860,212,66,200,23,28,3945,69,20,38,476,371,168,2,91,29,0,29,3,12,2,2,9
"chr5.157",255,6,1879,14,99,327,234,26,2102,276,260,452,280,348,276,193,62,197,40,19,2852,44,29,29,296,400,116,3,110,49,1,42,3,14,2,3,7
"chr5.158",379,12,3133,24,137,504,353,29,3767,726,540,584,646,670,1063,368,60,340,49,54,8411,116,57,63,570,738,187,7,157,46,2,67,7,22,2,6,14
"chr5.159",538,28,2523,35,130,533,376,42,4654,831,589,507,1105,799,1903,581,67,301,57,52,5351,142,54,38,885,1407,219,4,186,37,5,95,2,8,0,4,26
"chr5.160",494,10,1530,32,115,458,354,30,3369,533,433,559,792,758,1440,369,70,197,55,45,5441,79,48,33,656,1127,200,3,136,41,5,61,2,13,2,8,21
"chr5.161",503,28,3087,26,129,634,333,32,5221,961,522,570,1127,1053,2370,526,106,207,43,48,3806,136,57,48,1074,1446,243,2,218,40,4,50,8,10,0,3,20
"chr5.162",700,20,3133,35,175,790,248,37,5193,1375,635,713,1440,1073,2477,543,91,293,75,56,3739,217,60,61,1078,1805,240,3,215,59,4,44,6,19,0,4,19
"chr5.163",635,12,2344,21,177,652,279,36,4513,1287,619,739,1456,1433,2820,450,103,266,59,72,5624,226,61,58,1182,1477,246,8,274,51,7,76,5,20,0,4,14
"chr5.164",546,3,1536,20,130,466,292,22,3907,971,441,594,1061,1114,2111,231,57,237,54,36,7615,183,65,60,898,621,182,9,180,54,1,43,6,12,1,5,8
"chr5.165",267,4,986,14,103,320,200,15,2290,343,224,409,512,401,411,177,62,195,20,32,4366,76,40,26,331,412,136,2,80,43,0,29,1,12,1,2,14
"chr5.166",359,8,1980,15,138,376,217,19,3949,292,328,516,780,721,1187,282,61,217,26,36,6939,47,25,34,558,663,143,5,121,40,3,25,0,5,1,3,10
"chr5.167",335,5,2022,17,111,450,210,20,2967,246,237,467,581,594,843,298,49,205,42,32,3572,59,37,28,451,578,199,4,99,26,5,51,1,8,3,4,13
"chr5.168",258,10,1353,10,91,322,199,18,2523,303,229,415,354,447,392,221,58,189,24,35,3364,51,36,27,343,385,136,6,95,39,1,45,1,7,0,4,10
"chr5.169",262,8,778,8,76,305,150,21,1826,219,217,425,289,349,279,184,61,172,19,25,2221,50,27,20,265,284,134,1,66,28,2,25,3,5,0,1,5
"chr5.170",268,2,973,11,103,334,181,18,2447,259,251,342,402,462,455,175,61,155,27,32,2609,54,25,25,327,371,141,5,92,27,1,32,0,6,0,1,5
"chr5.171",454,9,1505,11,103,429,266,24,2882,410,231,469,611,568,483,250,68,223,37,31,3529,90,57,41,392,656,141,4,126,23,0,65,2,12,2,5,6
"chr5.172",NA,NA,NA,NA,NA,NA,NA,NA,NA,NA,NA,NA,NA,NA,NA,NA,NA,NA,NA,NA,NA,NA,NA,NA,NA,NA,NA,NA,NA,NA,NA,NA,NA,NA,NA,NA,NA
"chr5.173",NA,NA,NA,NA,NA,NA,NA,NA,NA,NA,NA,NA,NA,NA,NA,NA,NA,NA,NA,NA,NA,NA,NA,NA,NA,NA,NA,NA,NA,NA,NA,NA,NA,NA,NA,NA,NA
"chr5.174",NA,NA,NA,NA,NA,NA,NA,NA,NA,NA,NA,NA,NA,NA,NA,NA,NA,NA,NA,NA,NA,NA,NA,NA,NA,NA,NA,NA,NA,NA,NA,NA,NA,NA,NA,NA,NA
"chr5.175",NA,NA,NA,NA,NA,NA,NA,NA,NA,NA,NA,NA,NA,NA,NA,NA,NA,NA,NA,NA,NA,NA,NA,NA,NA,NA,NA,NA,NA,NA,NA,NA,NA,NA,NA,NA,NA
"chr5.176",NA,NA,NA,NA,NA,NA,NA,NA,NA,NA,NA,NA,NA,NA,NA,NA,NA,NA,NA,NA,NA,NA,NA,NA,NA,NA,NA,NA,NA,NA,NA,NA,NA,NA,NA,NA,NA
"chr5.177",NA,NA,NA,NA,NA,NA,NA,NA,NA,NA,NA,NA,NA,NA,NA,NA,NA,NA,NA,NA,NA,NA,NA,NA,NA,NA,NA,NA,NA,NA,NA,NA,NA,NA,NA,NA,NA
"chr6.1",NA,NA,NA,NA,NA,NA,NA,NA,NA,NA,NA,NA,NA,NA,NA,NA,NA,NA,NA,NA,NA,NA,NA,NA,NA,NA,NA,NA,NA,NA,NA,NA,NA,NA,NA,NA,NA
"chr6.2",327,6,1081,15,79,233,172,17,2176,289,230,500,304,302,406,216,71,193,29,37,2367,60,28,23,399,373,175,5,122,38,2,59,2,11,1,4,4
"chr6.3",283,2,989,11,78,237,146,18,2063,296,214,423,231,258,340,231,54,160,11,32,2417,49,17,18,306,351,165,5,138,38,0,46,3,10,0,3,2
"chr6.4",292,6,881,15,53,246,171,14,2076,232,238,416,239,272,264,192,60,130,16,30,2472,54,5,15,311,321,149,1,115,36,2,28,1,12,0,4,7
"chr6.5",351,3,1142,16,63,275,171,18,2651,299,256,415,376,314,385,205,71,132,20,32,2288,43,28,23,370,414,139,1,137,28,1,49,0,6,0,3,4
"chr6.6",265,3,1023,7,65,278,144,11,2242,206,252,426,293,310,426,202,55,150,20,35,2349,34,21,14,422,367,148,4,132,35,2,39,1,8,0,1,5
"chr6.7",387,6,1223,22,77,305,180,19,2478,221,259,485,450,413,556,208,53,192,30,35,4631,48,24,15,390,575,169,4,127,42,0,59,0,5,1,3,5
"chr6.8",294,5,1008,21,56,297,149,19,2157,251,272,503,318,315,330,165,57,191,34,43,2990,44,26,18,321,390,164,3,119,39,0,48,4,5,0,2,5
"chr6.9",313,8,994,21,72,274,178,19,3117,407,332,468,436,493,1103,221,63,241,32,26,2581,54,46,26,628,536,186,4,174,28,2,55,2,12,0,4,13
"chr6.10",427,18,1718,27,104,320,199,38,4148,650,371,462,639,746,1388,264,79,312,54,34,2499,104,44,32,864,618,203,7,206,36,9,93,3,22,1,7,16
"chr6.11",334,7,1281,17,90,279,151,17,2888,299,251,436,426,380,449,220,86,198,26,39,2333,49,23,20,439,429,159,5,151,30,3,77,1,11,0,4,6
"chr6.12",270,5,850,15,55,293,160,15,2299,191,265,470,236,326,332,209,79,138,21,39,2732,39,24,18,336,336,137,7,139,25,0,52,5,10,1,6,7
"chr6.13",299,2,1223,10,61,276,188,25,2795,252,288,474,324,333,497,232,67,143,23,34,5301,42,35,15,383,409,166,3,152,34,2,56,3,20,0,4,5
"chr6.14",247,7,1108,13,59,296,145,24,2490,231,236,447,258,333,389,196,52,131,24,27,2188,27,26,15,346,350,160,0,135,39,4,31,1,10,1,1,6
"chr6.15",341,2,1215,10,76,252,185,15,2660,418,271,468,364,351,463,215,80,159,24,23,3143,36,26,12,402,517,178,0,164,29,1,44,3,9,1,0,9
"chr6.16",300,3,1138,16,58,262,166,20,2333,241,265,476,321,311,366,202,67,155,26,31,2376,36,24,22,355,464,146,2,156,30,3,40,2,8,1,1,4
"chr6.17",346,1,981,8,51,260,183,12,2438,270,241,449,268,329,402,199,79,154,19,40,2155,54,15,16,410,424,162,5,142,33,2,53,1,6,0,1,5
"chr6.18",272,6,981,7,48,240,151,17,2310,410,283,420,279,308,426,213,69,138,16,42,2794,71,34,21,430,383,169,4,141,27,4,49,2,8,0,5,11
"chr6.19",302,8,1255,10,53,272,178,17,2710,334,248,487,319,428,746,203,75,162,31,26,2862,46,27,22,457,369,178,1,107,30,2,80,3,10,0,4,11
"chr6.20",295,8,2281,22,59,270,174,11,3366,615,255,500,363,651,918,254,82,140,35,26,3659,86,36,16,673,513,214,4,134,20,1,83,2,13,0,2,0
"chr6.21",299,6,1116,11,57,225,145,20,2194,323,274,449,262,363,391,217,48,133,21,33,1965,52,28,24,351,411,200,2,105,26,2,46,1,5,0,3,5
"chr6.22",301,9,1472,9,62,265,152,22,2459,354,288,463,282,420,679,243,49,144,34,37,2506,58,15,19,482,401,212,4,152,44,2,43,0,7,0,3,4
"chr6.23",401,7,2117,10,75,321,177,16,3371,755,314,479,435,610,2055,310,58,151,28,43,2785,129,23,16,938,626,164,3,192,28,3,60,4,11,0,3,5
"chr6.24",480,6,1684,7,106,274,172,13,4225,764,295,511,594,756,2092,426,62,153,28,45,3722,118,26,38,1101,932,162,6,179,25,7,85,1,7,1,4,7
"chr6.25",286,13,1143,8,47,250,150,12,2590,265,247,514,271,330,602,238,65,134,35,24,3030,51,30,22,426,579,152,2,118,31,2,62,2,10,0,5,6
"chr6.26",287,7,941,20,55,282,174,18,2595,237,325,494,281,315,411,252,61,154,19,23,3061,39,26,13,367,505,145,3,125,42,2,64,2,9,0,4,5
"chr6.27",NA,NA,NA,NA,NA,NA,NA,NA,NA,NA,NA,NA,NA,NA,NA,NA,NA,NA,NA,NA,NA,NA,NA,NA,NA,NA,NA,NA,NA,NA,NA,NA,NA,NA,NA,NA,NA
"chr6.28",456,5,1554,25,62,287,221,23,3179,572,363,714,518,565,666,314,96,225,32,46,4325,60,44,23,489,868,190,1,191,42,4,86,3,12,0,3,8
"chr6.29",444,7,1255,23,89,295,202,18,3170,300,364,669,502,591,737,304,97,162,36,54,4452,61,32,32,495,799,198,2,147,44,8,85,5,10,0,0,7
"chr6.30",404,4,1166,15,75,273,211,24,2725,278,322,587,409,467,743,261,88,197,34,47,4450,61,49,25,410,655,156,6,113,38,3,148,0,13,0,4,11
"chr6.31",316,5,893,6,54,277,158,22,1705,255,241,453,200,329,331,203,60,157,22,34,2456,34,37,22,290,338,159,2,128,37,0,30,1,15,0,3,5
"chr6.32",NA,NA,NA,NA,NA,NA,NA,NA,NA,NA,NA,NA,NA,NA,NA,NA,NA,NA,NA,NA,NA,NA,NA,NA,NA,NA,NA,NA,NA,NA,NA,NA,NA,NA,NA,NA,NA
"chr6.33",242,11,905,10,47,239,149,17,2201,275,225,424,198,314,344,157,68,142,18,25,3183,44,16,9,266,310,121,3,81,20,4,48,3,10,3,2,7
"chr6.34",294,6,918,16,62,276,145,25,1644,217,233,529,256,399,397,180,62,190,21,41,2931,32,14,21,334,382,162,8,125,32,1,43,0,6,1,4,2
"chr6.35",249,3,848,15,43,255,149,14,1666,192,258,436,236,335,310,176,47,159,17,34,1975,30,23,16,278,354,160,4,118,25,2,36,1,12,1,4,2
"chr6.36",258,6,789,9,59,263,142,11,1713,230,242,414,185,298,291,136,49,162,21,25,2523,29,21,11,316,281,154,4,102,31,2,37,2,6,1,4,9
"chr6.37",233,4,895,12,47,259,139,17,1621,174,252,485,184,282,270,215,60,157,24,31,2557,23,18,11,292,282,180,2,108,39,2,42,2,8,0,1,5
"chr6.38",247,6,846,15,55,279,178,19,2181,391,264,504,309,352,318,185,62,176,37,40,2565,48,12,18,337,354,147,4,135,24,4,33,2,3,0,4,5
"chr6.39",257,4,955,10,53,252,133,15,2487,191,268,438,228,322,408,204,56,152,28,30,2841,35,27,16,362,464,117,3,118,22,2,33,0,6,1,4,3
"chr6.40",309,12,950,17,73,269,188,23,2782,343,258,507,363,455,839,315,70,174,35,36,3799,66,40,24,459,779,145,5,150,28,1,43,0,9,0,2,3
"chr6.41",393,12,1212,18,75,319,215,23,2763,371,292,498,426,446,762,260,50,186,27,52,5590,57,77,21,451,805,187,3,134,33,2,66,1,8,1,3,9
"chr6.42",270,3,921,8,60,282,132,18,1966,172,227,465,255,347,360,209,60,174,25,18,3079,26,52,13,311,415,155,6,105,25,3,48,2,8,0,2,5
"chr6.43",NA,NA,NA,NA,NA,NA,NA,NA,NA,NA,NA,NA,NA,NA,NA,NA,NA,NA,NA,NA,NA,NA,NA,NA,NA,NA,NA,NA,NA,NA,NA,NA,NA,NA,NA,NA,NA
"chr6.44",252,2,749,12,66,266,137,18,1479,184,246,424,207,335,296,185,56,170,21,28,2600,38,29,11,299,320,142,3,120,29,4,43,2,2,0,7,8
"chr6.45",296,3,963,8,52,237,158,13,2258,263,221,570,343,349,445,187,41,159,14,36,2598,63,46,15,384,458,136,5,131,25,0,37,1,8,0,6,10
"chr6.46",274,13,1278,20,59,293,183,15,2521,291,269,474,286,363,522,272,69,217,29,47,2560,55,32,15,397,534,142,1,153,33,3,36,0,1,0,0,8
"chr6.47",286,8,1132,18,60,278,150,16,2744,310,254,502,211,367,456,266,71,205,30,34,3644,59,48,23,356,572,145,6,113,37,2,47,4,11,0,0,8
"chr6.48",322,8,1428,21,68,277,201,22,2542,286,252,520,336,409,485,197,85,218,25,35,3042,69,70,20,367,487,175,3,120,33,3,57,3,4,1,21,8
"chr6.49",581,26,2552,23,99,400,233,41,3746,753,466,661,835,685,1469,295,91,317,31,30,5717,123,66,23,881,1054,199,4,154,45,2,138,3,21,1,5,19
"chr6.50",452,17,1575,45,90,423,277,32,3504,680,326,591,652,514,981,283,101,285,37,36,9441,104,62,29,620,1148,176,11,121,32,2,122,1,7,1,6,20
"chr6.51",629,14,2132,43,113,384,398,48,4751,885,467,628,834,785,2109,408,91,433,57,56,4420,113,133,26,1064,1480,232,7,225,36,5,143,3,18,1,9,20
"chr6.52",441,7,1149,22,76,308,194,31,3352,412,332,518,496,514,942,238,86,292,42,41,2490,74,74,14,656,757,162,8,139,28,3,126,1,6,1,5,7
"chr6.53",267,2,858,22,71,249,158,10,2170,185,256,480,249,281,317,193,60,163,24,41,2336,43,33,16,262,368,156,6,103,33,2,32,0,9,0,12,8
"chr6.54",300,5,872,10,54,257,144,21,2468,236,244,431,254,341,355,220,61,155,31,33,3492,40,32,13,349,360,193,2,102,25,3,38,0,7,0,17,5
"chr6.55",473,10,1731,35,79,339,348,19,3088,669,360,515,647,396,611,273,86,225,29,41,9660,127,43,28,458,866,166,7,121,38,3,72,1,17,2,17,4
"chr6.56",519,13,2400,39,72,425,274,31,3981,818,366,466,505,609,1348,340,62,230,45,33,9431,164,40,26,741,914,187,3,176,25,2,70,2,16,1,2,13
"chr6.57",377,7,1062,13,48,273,164,11,2793,414,276,459,308,350,424,221,43,136,19,34,3077,99,16,12,386,467,162,3,96,16,1,24,1,6,0,4,6
"chr6.58",NA,NA,NA,NA,NA,NA,NA,NA,NA,NA,NA,NA,NA,NA,NA,NA,NA,NA,NA,NA,NA,NA,NA,NA,NA,NA,NA,NA,NA,NA,NA,NA,NA,NA,NA,NA,NA
"chr6.59",NA,NA,NA,NA,NA,NA,NA,NA,NA,NA,NA,NA,NA,NA,NA,NA,NA,NA,NA,NA,NA,NA,NA,NA,NA,NA,NA,NA,NA,NA,NA,NA,NA,NA,NA,NA,NA
"chr6.60",662,24,2271,31,126,485,479,20,4458,581,425,820,481,862,2484,723,191,359,54,69,9619,70,63,29,1025,1398,291,9,252,50,4,99,4,9,2,10,20
"chr6.61",504,14,1025,28,77,322,344,32,2879,388,344,555,369,404,727,418,100,259,35,35,5266,76,44,31,433,851,222,4,128,31,3,106,2,13,1,7,14
"chr6.62",NA,NA,NA,NA,NA,NA,NA,NA,NA,NA,NA,NA,NA,NA,NA,NA,NA,NA,NA,NA,NA,NA,NA,NA,NA,NA,NA,NA,NA,NA,NA,NA,NA,NA,NA,NA,NA
"chr6.63",569,13,3130,36,97,615,546,47,5603,1091,541,650,923,1340,2932,778,103,197,49,81,3760,192,47,38,1209,2548,225,8,348,33,5,115,2,17,1,4,23
"chr6.64",686,9,3244,33,121,572,527,61,6023,1212,547,574,844,1415,2868,817,98,220,40,80,3484,224,60,32,1294,2537,297,8,293,23,9,82,5,18,1,3,21
"chr6.65",629,15,2883,28,125,374,292,59,6297,1075,569,598,582,1381,2904,795,105,223,41,72,3901,220,46,35,1248,1896,234,9,255,31,7,119,4,23,0,7,27
"chr6.66",665,5,2830,12,109,376,417,33,6071,761,571,758,713,1181,2857,709,95,146,41,64,3494,152,42,37,1243,1811,232,5,262,23,7,61,3,9,0,4,21
"chr6.67",570,7,1895,24,67,299,320,36,3951,343,382,666,630,654,1720,446,88,122,20,41,6040,55,48,35,758,1248,161,9,156,34,9,60,4,6,1,3,10
"chr6.68",330,4,1262,15,42,268,165,22,2894,232,334,507,360,314,498,245,70,117,23,26,3634,44,31,15,352,750,163,2,122,25,2,55,2,5,0,0,13
"chr6.69",463,6,1988,16,117,333,270,30,4660,444,348,477,388,582,1643,386,88,139,39,44,7552,77,50,13,828,966,229,4,189,24,1,75,4,13,0,2,15
"chr6.70",474,5,2214,17,103,343,222,17,4591,229,448,486,378,591,1610,271,87,152,32,35,5668,52,51,23,912,781,233,1,176,20,5,72,3,12,0,6,11
"chr6.71",NA,NA,NA,NA,NA,NA,NA,NA,NA,NA,NA,NA,NA,NA,NA,NA,NA,NA,NA,NA,NA,NA,NA,NA,NA,NA,NA,NA,NA,NA,NA,NA,NA,NA,NA,NA,NA
"chr6.72",NA,NA,NA,NA,NA,NA,NA,NA,NA,NA,NA,NA,NA,NA,NA,NA,NA,NA,NA,NA,NA,NA,NA,NA,NA,NA,NA,NA,NA,NA,NA,NA,NA,NA,NA,NA,NA
"chr6.73",269,10,1176,16,66,276,174,24,2904,310,269,432,242,372,634,248,95,165,23,23,2962,66,25,12,406,546,152,5,136,23,1,43,0,16,0,2,7
"chr6.74",467,14,1807,33,111,401,306,33,4392,666,403,483,658,631,1590,468,117,281,38,51,6520,108,48,11,715,1270,247,8,173,15,4,93,1,17,2,11,14
"chr6.75",510,30,1540,45,100,423,330,35,4296,756,465,546,777,469,1038,492,134,310,30,42,8502,151,41,22,586,1536,261,6,154,34,3,112,3,13,0,8,10
"chr6.76",358,21,1412,22,80,309,242,20,3653,479,412,424,555,493,1242,286,107,212,32,37,7281,101,40,27,517,1018,194,8,139,26,1,88,1,12,0,5,6
"chr6.77",296,7,917,15,49,230,158,15,2902,305,348,381,355,312,378,201,77,148,26,37,2911,68,30,18,331,562,147,5,89,17,3,43,4,8,2,1,13
"chr6.78",323,7,1104,22,57,368,309,23,3456,479,372,405,376,442,856,309,93,190,30,25,3051,88,22,26,436,1026,148,3,153,18,1,36,0,11,1,3,9
"chr6.79",399,10,882,29,61,389,245,23,3217,535,308,394,406,348,489,348,79,195,28,35,3091,99,22,18,400,1022,139,4,113,19,2,26,1,11,2,3,5
"chr6.80",348,10,1311,11,79,295,191,19,3139,347,300,479,348,320,589,185,83,199,26,32,4847,72,33,16,430,574,112,2,147,24,3,31,1,10,1,3,9
"chr6.81",419,5,1179,9,66,351,220,21,2970,334,347,554,355,387,503,234,76,184,31,26,6436,57,33,25,410,727,154,3,141,22,3,35,1,12,0,4,7
"chr6.82",452,14,1059,21,96,376,376,35,3481,495,285,659,711,405,972,323,73,201,22,47,8871,88,31,40,534,1179,154,4,145,23,2,30,2,13,0,2,8
"chr6.83",NA,NA,NA,NA,NA,NA,NA,NA,NA,NA,NA,NA,NA,NA,NA,NA,NA,NA,NA,NA,NA,NA,NA,NA,NA,NA,NA,NA,NA,NA,NA,NA,NA,NA,NA,NA,NA
"chr6.84",NA,NA,NA,NA,NA,NA,NA,NA,NA,NA,NA,NA,NA,NA,NA,NA,NA,NA,NA,NA,NA,NA,NA,NA,NA,NA,NA,NA,NA,NA,NA,NA,NA,NA,NA,NA,NA
"chr6.85",275,4,913,14,68,248,157,15,2947,196,308,436,281,353,655,217,63,142,33,21,2865,32,26,17,398,574,160,8,131,21,2,37,4,8,0,2,11
"chr6.86",352,3,1067,15,47,280,178,25,3248,262,324,465,337,435,792,263,53,138,27,38,3179,36,34,20,452,771,133,9,127,24,6,50,0,13,1,4,3
"chr6.87",229,5,796,13,67,268,114,15,2835,219,260,372,260,300,595,172,54,154,24,34,1685,33,21,23,380,422,154,3,116,16,1,28,0,3,1,4,5
"chr6.88",361,10,1571,21,79,353,172,32,4043,444,280,541,529,515,1137,212,75,153,29,33,4483,64,32,24,544,664,175,6,171,23,1,51,1,8,0,2,9
"chr6.89",493,10,2457,25,109,328,249,27,5396,618,398,549,826,708,1765,592,69,175,41,61,6600,111,52,28,888,1473,270,9,267,16,3,85,2,12,0,7,19
"chr6.90",576,22,3019,22,106,386,188,57,6632,938,395,489,789,855,2223,621,99,227,54,67,9088,192,39,38,1046,1505,253,9,306,19,5,91,1,23,0,8,15
"chr6.91",624,12,2888,31,139,288,249,43,4974,1130,388,570,737,570,1268,602,83,243,46,69,10215,217,64,36,660,1234,235,8,212,24,1,90,2,22,1,7,17
"chr6.92",NA,NA,NA,NA,NA,NA,NA,NA,NA,NA,NA,NA,NA,NA,NA,NA,NA,NA,NA,NA,NA,NA,NA,NA,NA,NA,NA,NA,NA,NA,NA,NA,NA,NA,NA,NA,NA
"chr6.93",423,10,1854,19,89,367,277,46,4696,637,378,526,736,458,683,506,85,182,46,57,9316,115,75,35,423,1454,149,8,157,27,7,73,0,19,3,6,17
"chr6.94",293,3,1394,9,46,281,209,21,3729,334,354,448,493,470,973,369,63,120,35,41,4197,47,54,17,551,1209,139,3,151,22,5,55,3,13,1,5,10
"chr6.95",542,7,2298,7,105,419,378,30,5158,527,540,678,729,903,2462,480,74,106,53,54,6994,84,66,26,932,1712,238,9,229,23,5,101,3,9,0,7,10
"chr6.96",510,7,1599,9,84,398,323,23,3833,389,379,562,489,580,1599,318,75,117,41,27,3908,73,91,14,681,1001,184,8,165,29,3,62,1,15,3,6,10
"chr6.97",354,7,1361,21,69,311,254,31,3676,251,340,462,426,466,1031,325,49,171,28,26,5176,58,51,18,520,790,149,6,150,26,1,71,0,17,0,4,15
"chr6.98",342,6,971,22,70,319,170,29,3234,430,324,431,365,411,1069,300,65,178,44,39,3356,71,46,21,499,732,156,3,181,14,0,50,0,12,0,5,12
"chr6.99",440,9,1787,16,76,512,220,31,5443,839,442,609,656,942,2899,435,74,145,45,60,5501,177,64,33,1137,1073,273,8,273,23,5,56,0,20,1,9,15
"chr6.100",522,14,2445,37,95,656,358,46,6617,992,459,632,712,1012,2876,713,111,321,63,67,8937,176,76,37,1100,1896,198,6,287,19,7,99,3,25,1,3,18
"chr6.101",547,17,2298,31,84,615,421,53,5526,877,471,635,860,902,2785,571,71,275,62,63,10090,155,57,37,1128,1982,220,9,244,22,5,78,2,15,2,7,16
"chr6.102",331,9,1542,25,62,357,163,23,3183,307,304,450,385,413,779,286,42,189,43,42,3836,59,25,19,479,871,143,5,151,21,4,46,7,13,3,6,13
"chr6.103",290,5,1190,20,75,325,164,21,2819,219,274,443,270,319,359,210,73,181,31,34,3725,47,33,24,351,544,159,5,119,24,1,62,1,13,1,3,7
"chr6.104",211,3,728,8,42,248,132,23,2012,167,252,420,212,232,276,223,58,152,21,29,2452,39,41,14,207,375,169,2,94,19,2,34,3,16,0,2,4
"chr6.105",232,4,745,9,53,250,132,18,2575,153,273,427,258,272,286,215,53,158,20,27,1675,26,13,12,274,444,142,1,90,17,1,31,6,12,0,4,4
"chr6.106",212,2,650,10,43,233,131,12,2050,146,208,384,154,230,237,148,54,132,16,28,1405,25,14,15,251,328,140,3,85,10,2,30,1,3,0,2,7
"chr6.107",235,3,893,13,64,237,153,11,2797,209,263,414,290,278,413,206,50,156,18,31,2339,39,23,17,340,484,104,5,105,18,2,34,2,4,0,3,7
"chr6.108",206,3,694,8,45,263,122,12,2347,166,247,390,173,265,323,167,48,124,15,34,1233,37,32,18,268,397,129,2,100,19,6,36,0,5,0,3,5
"chr6.109",239,1,984,3,61,271,180,14,3109,242,256,434,405,358,692,248,57,124,13,31,1974,46,37,21,416,511,147,3,112,22,2,18,2,5,1,3,5
"chr6.110",327,5,1763,11,83,287,230,24,3785,380,378,459,600,495,1209,251,60,112,25,36,3345,69,18,16,631,717,137,4,145,19,4,32,2,13,1,5,6
"chr6.111",308,8,1432,9,70,316,184,17,3067,307,361,472,583,263,536,280,60,149,24,34,3025,53,35,24,381,770,139,12,141,30,0,35,3,13,1,7,10
"chr6.112",430,10,1945,7,84,444,317,32,4821,513,471,620,649,468,1560,477,83,260,40,40,8859,117,61,30,777,1598,141,10,160,33,6,77,4,16,0,7,16
"chr6.113",264,12,852,15,73,262,186,22,3141,285,317,434,415,298,604,249,57,204,23,33,5186,45,30,14,447,710,134,7,127,27,2,47,1,8,0,3,10
"chr6.114",296,8,1163,11,79,350,208,24,3389,330,307,481,341,430,769,276,88,203,38,33,6172,64,42,19,472,707,122,4,138,23,2,59,2,14,1,6,12
"chr6.115",304,3,1398,9,54,342,227,16,3951,344,342,563,497,456,1313,348,69,149,19,34,1991,58,69,20,615,1001,146,6,159,34,5,57,2,13,0,1,7
"chr6.116",240,7,842,8,47,240,178,13,3102,192,309,356,204,309,477,251,65,132,27,41,3678,33,69,20,343,588,122,2,124,17,6,31,0,6,0,2,11
"chr6.117",411,21,1691,27,73,408,301,19,4536,542,409,469,539,541,1286,328,101,201,31,44,9586,73,47,19,702,1034,151,3,198,15,5,68,3,17,0,3,13
"chr6.118",313,8,1658,31,64,434,209,18,3733,569,335,503,476,429,865,285,97,191,30,33,6882,74,51,21,599,946,141,3,153,24,3,46,0,14,0,5,7
"chr6.119",299,11,2057,22,90,426,227,14,4126,512,387,495,517,624,1409,228,103,162,25,25,4371,109,26,26,761,833,167,8,179,20,2,25,3,15,0,3,4
"chr6.120",371,11,1523,19,74,299,340,28,3688,414,421,534,550,430,876,341,83,165,46,44,5270,90,52,26,646,1271,157,6,155,20,3,57,1,9,0,9,15
"chr6.121",356,19,1760,29,103,444,353,25,4938,778,418,682,620,786,2479,344,76,279,53,41,7292,168,64,21,1106,1234,244,5,255,33,6,47,3,7,0,9,8
"chr6.122",234,7,920,20,81,292,194,26,3500,470,249,457,367,508,1642,202,71,195,23,17,4827,99,37,21,766,529,168,4,171,23,2,22,2,5,1,6,8
"chr6.123",NA,NA,NA,NA,NA,NA,NA,NA,NA,NA,NA,NA,NA,NA,NA,NA,NA,NA,NA,NA,NA,NA,NA,NA,NA,NA,NA,NA,NA,NA,NA,NA,NA,NA,NA,NA,NA
"chr6.124",295,10,1265,18,81,271,333,15,3841,430,360,545,370,446,1049,299,59,184,16,35,3473,85,29,16,594,878,163,3,130,15,1,29,2,12,1,6,15
"chr6.125",245,8,1202,13,66,283,182,9,3227,704,291,428,250,325,403,229,51,138,28,34,6070,118,39,19,375,617,163,4,126,29,0,42,2,6,1,2,10
"chr6.126",288,10,1710,17,90,359,206,19,3674,603,379,526,493,410,623,253,56,134,27,44,4729,110,36,16,414,806,165,4,142,22,3,50,1,29,0,5,9
"chr6.127",308,11,1147,19,66,283,186,30,3089,258,302,618,488,374,600,245,68,164,18,35,5522,42,37,19,411,798,133,2,133,29,2,32,2,12,0,6,4
"chr6.128",230,11,831,14,65,256,161,25,2613,293,226,479,423,366,523,270,79,132,21,27,5551,59,24,15,412,708,167,1,133,23,2,19,0,7,0,2,5
"chr6.129",237,5,853,10,69,238,234,19,3069,216,237,523,346,254,400,277,71,130,21,35,2279,35,30,11,348,759,148,4,110,24,2,24,0,9,0,2,3
"chr6.130",244,7,1009,34,82,364,310,15,3902,289,344,543,447,307,560,332,113,163,23,36,4732,75,31,19,415,805,215,8,128,23,0,38,1,17,0,2,10
"chr6.131",255,9,983,14,86,288,245,17,3046,640,283,561,391,315,537,266,70,169,21,35,3728,69,28,19,386,590,150,7,114,20,1,44,3,12,1,3,8
"chr6.132",191,8,773,20,69,263,148,20,2445,170,272,402,245,274,324,190,53,161,20,22,1512,45,42,24,272,445,143,2,108,21,2,25,0,9,1,3,6
"chr6.133",210,6,801,14,44,248,167,12,2958,262,273,461,234,256,395,212,51,142,21,22,5001,38,41,16,309,472,185,5,101,11,1,28,1,8,1,4,9
"chr6.134",215,9,913,21,47,285,161,25,2432,200,255,390,274,260,336,224,70,187,31,25,2784,44,41,17,275,399,180,1,110,19,4,40,3,12,1,6,10
"chr6.135",205,8,933,13,63,263,166,13,2561,214,249,429,248,217,306,187,79,169,20,30,2241,48,44,17,275,436,134,9,105,23,5,42,3,15,0,5,9
"chr6.136",211,12,768,18,61,260,160,19,2658,188,247,400,248,278,395,180,71,165,12,35,1883,32,35,17,360,399,151,3,97,27,2,18,1,5,1,2,5
"chr6.137",243,16,934,26,55,296,179,18,3495,400,384,452,392,322,815,311,69,169,30,18,2804,67,30,19,490,720,160,2,140,18,0,46,2,5,0,2,18
"chr6.138",268,13,1235,28,88,326,246,20,3954,640,371,457,489,471,1374,342,100,169,32,25,2745,100,42,22,738,824,143,2,141,20,3,31,1,9,0,5,16
"chr6.139",205,11,961,18,77,275,253,40,3505,446,325,456,391,387,819,251,74,169,25,38,3355,79,52,14,478,692,161,7,110,19,1,39,0,8,1,4,15
"chr6.140",171,4,832,24,58,277,137,20,2751,254,267,384,227,236,341,186,49,142,17,32,2428,48,14,8,304,437,126,4,86,18,3,27,0,10,0,0,10
"chr6.141",227,11,820,20,61,247,141,18,2406,161,269,394,203,264,394,214,74,154,15,33,2287,26,21,13,343,410,140,2,133,20,3,27,2,8,0,3,10
"chr6.142",260,11,894,10,69,291,158,20,3070,317,271,396,275,318,780,285,73,113,32,34,2953,56,38,15,603,609,179,6,134,10,3,41,0,10,0,2,8
"chr6.143",328,8,1271,13,61,375,245,24,3745,329,355,493,397,445,1350,326,59,139,34,34,1928,52,50,17,675,914,199,3,143,19,2,49,1,9,0,1,11
"chr6.144",309,8,1285,20,64,336,182,23,3111,396,316,452,437,341,709,336,72,169,32,23,2130,64,31,22,514,982,175,2,150,30,0,47,2,6,1,3,15
"chr6.145",305,7,1166,19,69,248,138,15,2342,483,341,505,309,346,551,244,75,143,18,31,1797,82,49,14,431,512,159,7,159,32,0,42,5,10,2,0,4
"chr6.146",218,5,1038,11,63,299,148,20,3228,183,300,397,298,273,486,198,66,152,21,34,2047,25,38,15,369,410,155,5,155,16,2,30,2,9,0,5,6
"chr6.147",177,3,872,16,45,268,169,18,2229,170,277,408,192,283,342,192,70,146,22,31,2100,29,16,22,319,355,153,7,125,11,3,18,1,7,0,1,3
"chr6.148",192,5,848,11,46,215,163,19,2324,239,229,413,234,265,355,244,85,152,21,20,1314,38,22,13,338,394,165,3,123,19,4,43,2,11,0,3,3
"chr6.149",218,12,895,21,75,241,247,11,3985,273,299,541,314,509,985,331,82,188,16,30,2729,49,37,19,607,910,138,5,155,21,1,40,3,7,0,1,6
"chr6.150",303,8,1862,15,72,356,369,23,4456,470,422,573,450,619,1783,407,63,213,45,41,4431,80,57,20,842,1081,155,6,204,21,5,47,4,10,0,0,8
"chr6.151",243,9,1744,21,71,327,329,23,3679,517,312,424,413,369,1349,355,77,186,29,33,2754,76,43,23,612,860,140,3,141,18,3,43,3,12,1,5,19
"chr6.152",204,5,1130,16,57,302,182,14,2587,220,256,447,305,248,336,200,61,135,18,27,2050,30,18,31,278,464,116,6,110,17,3,27,1,7,0,0,6
"chr6.153",328,8,2109,19,59,349,281,22,3579,326,330,454,553,309,660,321,72,176,33,32,5351,35,45,28,409,807,151,2,155,20,1,49,1,2,1,2,12
"chr6.154",NA,NA,NA,NA,NA,NA,NA,NA,NA,NA,NA,NA,NA,NA,NA,NA,NA,NA,NA,NA,NA,NA,NA,NA,NA,NA,NA,NA,NA,NA,NA,NA,NA,NA,NA,NA,NA
"chr6.155",164,4,727,10,41,238,140,10,1831,183,249,370,240,224,259,202,53,149,17,32,1367,37,10,17,276,363,147,4,103,18,0,20,1,6,0,3,8
"chr6.156",232,6,844,11,58,248,203,25,2493,262,245,409,250,304,460,219,64,168,25,35,2709,45,22,31,373,481,163,1,119,24,2,16,2,11,0,0,3
"chr6.157",263,5,791,13,69,279,195,18,2415,270,304,448,284,301,454,220,64,159,25,31,3424,48,14,14,358,508,146,3,133,25,4,36,2,12,1,2,7
"chr6.158",NA,NA,NA,NA,NA,NA,NA,NA,NA,NA,NA,NA,NA,NA,NA,NA,NA,NA,NA,NA,NA,NA,NA,NA,NA,NA,NA,NA,NA,NA,NA,NA,NA,NA,NA,NA,NA
"chr6.159",NA,NA,NA,NA,NA,NA,NA,NA,NA,NA,NA,NA,NA,NA,NA,NA,NA,NA,NA,NA,NA,NA,NA,NA,NA,NA,NA,NA,NA,NA,NA,NA,NA,NA,NA,NA,NA
"chr6.160",296,1,860,14,71,277,230,20,4516,664,365,600,493,617,1745,373,80,150,24,48,2992,117,18,20,938,832,165,6,164,29,5,42,4,8,1,3,7
"chr6.161",296,8,1406,10,85,333,301,31,5041,451,407,522,659,778,2283,366,82,131,40,54,1861,73,32,22,1099,991,172,6,200,27,6,45,1,11,0,3,9
"chr6.162",396,9,2030,16,95,423,278,30,4897,838,407,534,883,1032,2649,604,99,136,29,55,2493,136,34,25,1222,1749,197,11,287,26,3,62,0,24,0,3,13
"chr6.163",337,9,1437,15,72,321,229,16,3260,403,370,545,533,619,830,477,77,203,35,46,2302,64,35,21,571,1155,182,4,203,27,3,61,3,8,0,4,10
"chr6.164",NA,NA,NA,NA,NA,NA,NA,NA,NA,NA,NA,NA,NA,NA,NA,NA,NA,NA,NA,NA,NA,NA,NA,NA,NA,NA,NA,NA,NA,NA,NA,NA,NA,NA,NA,NA,NA
"chr6.165",NA,NA,NA,NA,NA,NA,NA,NA,NA,NA,NA,NA,NA,NA,NA,NA,NA,NA,NA,NA,NA,NA,NA,NA,NA,NA,NA,NA,NA,NA,NA,NA,NA,NA,NA,NA,NA
"chr6.166",335,7,1316,24,88,272,177,28,2972,453,311,478,517,481,662,251,79,155,26,30,3680,107,18,26,486,660,157,5,132,25,0,29,2,21,4,5,10
"chr6.167",NA,NA,NA,NA,NA,NA,NA,NA,NA,NA,NA,NA,NA,NA,NA,NA,NA,NA,NA,NA,NA,NA,NA,NA,NA,NA,NA,NA,NA,NA,NA,NA,NA,NA,NA,NA,NA
"chr7.1",NA,NA,NA,NA,NA,NA,NA,NA,NA,NA,NA,NA,NA,NA,NA,NA,NA,NA,NA,NA,NA,NA,NA,NA,NA,NA,NA,NA,NA,NA,NA,NA,NA,NA,NA,NA,NA
"chr7.2",266,6,766,15,108,269,200,14,1632,225,221,530,438,512,484,234,68,225,22,46,2965,46,31,43,473,494,158,7,152,42,3,29,4,8,0,3,7
"chr7.3",242,9,784,12,102,310,190,30,1412,235,206,456,316,372,431,250,55,199,23,38,2250,36,19,19,429,394,166,6,148,34,2,33,3,2,0,1,4
"chr7.4",271,5,1841,22,96,312,164,16,3652,295,245,535,377,539,998,228,85,250,21,49,5240,51,19,35,627,480,187,4,179,27,3,64,2,7,1,6,14
"chr7.5",NA,NA,NA,NA,NA,NA,NA,NA,NA,NA,NA,NA,NA,NA,NA,NA,NA,NA,NA,NA,NA,NA,NA,NA,NA,NA,NA,NA,NA,NA,NA,NA,NA,NA,NA,NA,NA
"chr7.6",NA,NA,NA,NA,NA,NA,NA,NA,NA,NA,NA,NA,NA,NA,NA,NA,NA,NA,NA,NA,NA,NA,NA,NA,NA,NA,NA,NA,NA,NA,NA,NA,NA,NA,NA,NA,NA
"chr7.7",NA,NA,NA,NA,NA,NA,NA,NA,NA,NA,NA,NA,NA,NA,NA,NA,NA,NA,NA,NA,NA,NA,NA,NA,NA,NA,NA,NA,NA,NA,NA,NA,NA,NA,NA,NA,NA
"chr7.8",209,6,1054,14,58,271,166,14,2516,250,194,424,196,276,303,240,54,148,20,39,2741,26,37,17,300,407,158,5,96,29,0,41,2,5,0,1,6
"chr7.9",352,5,1877,15,116,399,255,29,3492,392,262,480,523,574,1403,489,64,191,48,44,5344,66,73,43,681,1126,251,4,173,35,7,75,2,14,0,8,17
"chr7.10",504,7,2417,19,190,674,447,62,5704,738,442,691,821,1301,3272,667,99,184,49,78,5127,131,87,60,1266,1681,313,4,324,38,3,90,2,18,1,12,17
"chr7.11",435,3,1908,23,163,512,332,35,4895,537,389,592,946,1035,2828,522,94,196,45,72,4898,113,57,40,1161,1403,309,8,262,42,2,63,0,8,0,5,8
"chr7.12",315,7,1187,10,97,309,199,16,3743,469,252,446,455,513,1082,502,62,180,38,50,4077,73,51,28,707,1105,190,3,156,27,1,50,2,8,0,5,16
"chr7.13",277,4,1600,15,99,315,233,29,3166,632,270,470,470,428,787,373,83,193,42,30,3855,85,61,21,511,795,157,3,173,41,2,52,0,17,2,1,9
"chr7.14",504,7,1989,15,100,498,238,30,3994,1046,337,563,531,564,1219,393,68,177,46,45,5185,153,52,38,691,1030,221,4,177,33,1,81,5,7,1,5,10
"chr7.15",611,6,1289,16,128,377,268,27,4303,1123,469,589,743,514,1140,491,81,156,39,53,5130,156,40,40,706,1263,317,4,159,33,2,104,2,15,0,5,18
"chr7.16",407,4,1121,14,160,296,300,40,4006,973,372,524,922,514,1566,505,90,172,30,55,4079,149,23,61,878,1229,221,5,191,43,1,59,2,7,0,1,22
"chr7.17",260,7,1101,24,93,301,170,16,2597,326,226,448,318,405,435,211,73,188,28,24,3113,53,32,27,370,390,150,0,124,32,4,27,2,8,1,2,10
"chr7.18",233,4,882,24,89,272,180,28,2804,266,219,433,249,316,383,215,95,241,14,29,2291,61,25,29,302,314,215,2,107,25,1,36,0,5,0,3,16
"chr7.19",248,7,2351,17,125,477,260,26,4048,256,273,495,652,583,1115,338,66,229,24,42,7931,41,30,41,704,685,214,2,215,34,1,43,1,8,1,2,13
"chr7.20",373,13,2998,16,157,469,292,33,4500,426,310,567,1104,870,1878,420,111,241,25,42,5183,80,46,47,828,1078,223,4,224,47,4,32,2,6,1,5,11
"chr7.21",308,8,2544,24,124,337,220,20,3038,356,251,449,578,466,704,325,105,194,40,40,5097,55,57,23,413,707,185,3,182,37,2,52,2,9,0,5,11
"chr7.22",352,4,1242,18,127,394,185,21,3476,351,247,569,497,514,973,322,116,220,45,26,5744,50,62,43,532,686,229,4,181,27,0,83,3,11,0,3,14
"chr7.23",283,5,1148,11,114,322,182,21,2936,226,214,468,338,415,592,228,85,196,19,30,4316,37,43,38,363,439,214,4,130,26,2,50,3,15,1,3,5
"chr7.24",NA,NA,NA,NA,NA,NA,NA,NA,NA,NA,NA,NA,NA,NA,NA,NA,NA,NA,NA,NA,NA,NA,NA,NA,NA,NA,NA,NA,NA,NA,NA,NA,NA,NA,NA,NA,NA
"chr7.25",315,8,1101,21,106,293,176,25,3131,272,276,658,463,402,517,304,81,248,30,35,6490,54,47,35,355,639,188,3,148,49,2,36,2,3,0,1,6
"chr7.26",298,8,1324,12,107,347,176,24,2816,247,292,588,498,516,607,306,57,189,22,34,3393,54,27,31,395,648,201,7,133,41,5,32,1,10,0,5,10
"chr7.27",293,7,1195,21,105,280,171,25,2769,207,251,460,348,461,472,251,45,239,49,28,3627,29,44,18,379,514,166,4,140,31,4,44,2,5,0,8,6
"chr7.28",306,7,1030,16,98,277,154,23,2466,233,230,452,368,323,357,239,59,217,16,39,2689,43,17,20,302,471,186,4,134,24,2,28,3,9,0,0,4
"chr7.29",268,5,1213,17,99,283,173,17,3459,209,209,514,416,401,572,241,58,158,19,38,3159,41,58,34,461,509,163,4,138,30,2,29,3,14,0,3,8
"chr7.30",270,1,946,9,73,253,155,11,2370,254,217,473,351,312,381,265,58,183,22,39,1980,59,13,31,313,453,151,1,126,34,1,24,1,5,0,3,6
"chr7.31",224,5,814,14,92,253,143,19,2027,180,172,443,242,296,357,198,44,160,29,22,2079,37,32,21,306,365,140,4,107,31,1,20,0,7,1,4,5
"chr7.32",431,6,1982,22,99,381,294,26,3314,458,266,617,533,451,794,446,63,217,43,57,6556,99,40,41,502,1108,227,5,170,33,2,81,1,12,2,1,11
"chr7.33",NA,NA,NA,NA,NA,NA,NA,NA,NA,NA,NA,NA,NA,NA,NA,NA,NA,NA,NA,NA,NA,NA,NA,NA,NA,NA,NA,NA,NA,NA,NA,NA,NA,NA,NA,NA,NA
"chr7.34",290,7,1084,19,84,253,198,15,2594,376,239,451,304,415,780,261,53,166,18,37,2526,47,18,20,431,525,160,1,135,34,2,30,0,12,1,3,6
"chr7.35",349,13,1959,22,101,445,310,32,3165,535,328,557,582,513,969,351,63,274,37,44,11285,128,21,41,611,896,198,6,162,45,0,71,3,8,0,3,18
"chr7.36",NA,NA,NA,NA,NA,NA,NA,NA,NA,NA,NA,NA,NA,NA,NA,NA,NA,NA,NA,NA,NA,NA,NA,NA,NA,NA,NA,NA,NA,NA,NA,NA,NA,NA,NA,NA,NA
"chr7.37",306,3,829,20,83,277,216,15,2479,208,232,492,399,368,661,226,65,203,21,31,3091,33,23,32,391,546,182,2,127,35,2,30,3,7,0,4,16
"chr7.38",351,5,1243,16,107,356,231,19,3630,227,248,538,605,802,2475,481,66,231,28,66,5076,48,18,59,914,972,234,3,206,33,3,51,0,6,0,4,11
"chr7.39",350,5,1481,8,85,301,191,23,3712,292,316,561,436,637,1510,405,62,194,23,57,3176,51,27,24,657,885,215,0,165,28,1,42,3,5,0,2,8
"chr7.40",301,6,1294,15,81,267,218,17,2967,281,290,542,358,460,777,279,65,234,36,42,5052,61,32,31,475,583,187,2,149,44,4,36,2,10,0,4,7
"chr7.41",399,8,996,21,94,299,206,15,3112,432,327,475,544,854,2050,267,95,233,25,33,2981,70,33,27,925,647,196,2,194,32,2,30,1,9,0,3,8
"chr7.42",470,15,1087,31,127,330,252,17,4142,479,389,544,1078,1388,3417,306,103,353,24,46,7712,73,29,38,1239,1073,203,2,329,36,4,40,3,4,1,5,9
"chr7.43",381,5,2086,25,119,356,194,16,4368,424,331,484,612,1197,2917,262,83,237,29,36,3581,79,22,46,1162,688,170,4,271,33,1,33,2,13,1,2,11
"chr7.44",282,3,1225,9,117,307,169,23,3078,254,228,498,465,610,960,217,54,193,36,35,4031,57,39,29,447,497,131,1,146,33,2,33,1,14,0,2,9
"chr7.45",NA,NA,NA,NA,NA,NA,NA,NA,NA,NA,NA,NA,NA,NA,NA,NA,NA,NA,NA,NA,NA,NA,NA,NA,NA,NA,NA,NA,NA,NA,NA,NA,NA,NA,NA,NA,NA
"chr7.46",NA,NA,NA,NA,NA,NA,NA,NA,NA,NA,NA,NA,NA,NA,NA,NA,NA,NA,NA,NA,NA,NA,NA,NA,NA,NA,NA,NA,NA,NA,NA,NA,NA,NA,NA,NA,NA
"chr7.47",298,8,1182,25,126,263,279,14,3838,493,260,568,529,633,705,240,94,222,30,30,3193,72,36,39,464,626,169,8,156,40,1,38,1,11,1,3,13
"chr7.48",292,5,941,16,84,259,177,25,2302,237,226,476,373,377,481,222,88,207,22,35,2523,40,25,25,389,407,202,6,126,29,1,32,1,8,1,1,7
"chr7.49",307,6,1958,27,145,439,449,24,3768,429,328,628,555,671,1691,342,99,196,42,46,3514,83,46,33,704,708,205,6,214,45,2,78,4,9,0,4,7
"chr7.50",421,15,2810,28,209,481,483,25,5225,502,508,728,1184,1170,3066,483,123,319,53,33,9085,74,29,45,1186,1395,283,3,267,57,5,112,3,13,1,1,16
"chr7.51",368,10,1214,24,109,334,274,39,2941,325,298,532,528,474,764,315,104,338,38,45,4509,48,38,36,468,816,220,0,142,47,3,80,4,10,2,4,11
"chr7.52",351,5,1335,24,100,406,219,31,2705,653,218,533,821,459,594,482,101,277,66,55,7314,103,37,31,444,1045,247,9,136,48,0,97,2,12,2,5,15
"chr7.53",503,12,2675,33,220,495,376,37,4714,1147,356,684,1268,874,1831,779,116,443,61,61,12600,186,58,42,943,1651,336,4,259,45,5,123,3,20,1,6,14
"chr7.54",640,17,2584,28,198,370,528,55,5990,1217,474,705,1326,1554,3511,715,108,440,78,61,13641,200,39,52,1438,1606,334,15,338,47,4,112,3,25,0,6,24
"chr7.55",494,8,1960,19,166,351,394,43,4293,764,375,646,946,833,2040,382,92,395,34,59,10926,138,38,49,959,1000,263,3,258,61,4,78,5,16,1,6,21
"chr7.56",NA,NA,NA,NA,NA,NA,NA,NA,NA,NA,NA,NA,NA,NA,NA,NA,NA,NA,NA,NA,NA,NA,NA,NA,NA,NA,NA,NA,NA,NA,NA,NA,NA,NA,NA,NA,NA
"chr7.57",NA,NA,NA,NA,NA,NA,NA,NA,NA,NA,NA,NA,NA,NA,NA,NA,NA,NA,NA,NA,NA,NA,NA,NA,NA,NA,NA,NA,NA,NA,NA,NA,NA,NA,NA,NA,NA
"chr7.58",NA,NA,NA,NA,NA,NA,NA,NA,NA,NA,NA,NA,NA,NA,NA,NA,NA,NA,NA,NA,NA,NA,NA,NA,NA,NA,NA,NA,NA,NA,NA,NA,NA,NA,NA,NA,NA
"chr7.59",NA,NA,NA,NA,NA,NA,NA,NA,NA,NA,NA,NA,NA,NA,NA,NA,NA,NA,NA,NA,NA,NA,NA,NA,NA,NA,NA,NA,NA,NA,NA,NA,NA,NA,NA,NA,NA
"chr7.60",NA,NA,NA,NA,NA,NA,NA,NA,NA,NA,NA,NA,NA,NA,NA,NA,NA,NA,NA,NA,NA,NA,NA,NA,NA,NA,NA,NA,NA,NA,NA,NA,NA,NA,NA,NA,NA
"chr7.61",NA,NA,NA,NA,NA,NA,NA,NA,NA,NA,NA,NA,NA,NA,NA,NA,NA,NA,NA,NA,NA,NA,NA,NA,NA,NA,NA,NA,NA,NA,NA,NA,NA,NA,NA,NA,NA
"chr7.62",NA,NA,NA,NA,NA,NA,NA,NA,NA,NA,NA,NA,NA,NA,NA,NA,NA,NA,NA,NA,NA,NA,NA,NA,NA,NA,NA,NA,NA,NA,NA,NA,NA,NA,NA,NA,NA
"chr7.63",NA,NA,NA,NA,NA,NA,NA,NA,NA,NA,NA,NA,NA,NA,NA,NA,NA,NA,NA,NA,NA,NA,NA,NA,NA,NA,NA,NA,NA,NA,NA,NA,NA,NA,NA,NA,NA
"chr7.64",NA,NA,NA,NA,NA,NA,NA,NA,NA,NA,NA,NA,NA,NA,NA,NA,NA,NA,NA,NA,NA,NA,NA,NA,NA,NA,NA,NA,NA,NA,NA,NA,NA,NA,NA,NA,NA
"chr7.65",472,8,1721,36,130,438,213,20,4405,713,354,721,853,1403,2883,539,66,243,45,73,5653,102,32,54,1075,1604,289,7,281,43,7,86,3,12,0,5,7
"chr7.66",446,9,1749,33,158,433,231,22,4736,601,398,658,744,1612,2993,523,76,310,32,61,8207,115,31,43,1143,1494,344,4,293,51,10,77,2,18,0,6,14
"chr7.67",322,8,1146,8,127,316,186,23,3418,406,299,515,416,851,1560,275,59,172,26,35,3892,49,14,33,733,582,191,10,213,24,1,40,3,6,0,3,11
"chr7.68",369,10,1839,41,189,472,179,19,3431,554,358,776,777,1190,2214,409,51,374,27,51,8258,89,36,30,976,1372,285,7,273,50,4,77,3,20,1,3,12
"chr7.69",NA,NA,NA,NA,NA,NA,NA,NA,NA,NA,NA,NA,NA,NA,NA,NA,NA,NA,NA,NA,NA,NA,NA,NA,NA,NA,NA,NA,NA,NA,NA,NA,NA,NA,NA,NA,NA
"chr7.70",NA,NA,NA,NA,NA,NA,NA,NA,NA,NA,NA,NA,NA,NA,NA,NA,NA,NA,NA,NA,NA,NA,NA,NA,NA,NA,NA,NA,NA,NA,NA,NA,NA,NA,NA,NA,NA
"chr7.71",NA,NA,NA,NA,NA,NA,NA,NA,NA,NA,NA,NA,NA,NA,NA,NA,NA,NA,NA,NA,NA,NA,NA,NA,NA,NA,NA,NA,NA,NA,NA,NA,NA,NA,NA,NA,NA
"chr7.72",NA,NA,NA,NA,NA,NA,NA,NA,NA,NA,NA,NA,NA,NA,NA,NA,NA,NA,NA,NA,NA,NA,NA,NA,NA,NA,NA,NA,NA,NA,NA,NA,NA,NA,NA,NA,NA
"chr7.73",NA,NA,NA,NA,NA,NA,NA,NA,NA,NA,NA,NA,NA,NA,NA,NA,NA,NA,NA,NA,NA,NA,NA,NA,NA,NA,NA,NA,NA,NA,NA,NA,NA,NA,NA,NA,NA
"chr7.74",NA,NA,NA,NA,NA,NA,NA,NA,NA,NA,NA,NA,NA,NA,NA,NA,NA,NA,NA,NA,NA,NA,NA,NA,NA,NA,NA,NA,NA,NA,NA,NA,NA,NA,NA,NA,NA
"chr7.75",331,4,1113,8,71,262,183,23,2794,323,284,502,278,482,854,256,54,164,16,26,2408,51,16,26,481,518,154,5,142,28,2,41,1,8,0,2,4
"chr7.76",NA,NA,NA,NA,NA,NA,NA,NA,NA,NA,NA,NA,NA,NA,NA,NA,NA,NA,NA,NA,NA,NA,NA,NA,NA,NA,NA,NA,NA,NA,NA,NA,NA,NA,NA,NA,NA
"chr7.77",490,6,1467,26,89,409,311,18,3826,1244,315,590,453,595,1476,314,77,318,29,46,3933,187,24,25,768,940,170,8,190,25,3,41,5,8,0,2,7
"chr7.78",357,11,1929,32,112,367,150,23,3115,1315,253,417,415,424,574,259,94,389,33,24,2406,200,21,32,381,618,125,4,173,47,1,48,1,8,1,2,9
"chr7.79",476,8,2720,25,115,333,199,27,4206,1347,330,597,626,605,1333,446,59,219,25,55,4529,207,46,37,769,969,202,6,171,28,5,50,1,9,1,3,14
"chr7.80",437,4,3163,22,87,347,247,18,4027,1433,359,532,544,569,1388,498,59,286,25,45,7830,205,54,26,753,962,169,5,210,31,3,90,0,13,0,1,14
"chr7.81",355,10,3300,23,87,426,313,19,3790,1273,279,550,456,572,926,460,78,230,38,38,3495,260,42,43,584,888,173,3,223,42,0,47,2,16,1,5,9
"chr7.82",444,11,3218,25,140,365,297,20,4665,1110,330,752,736,881,1754,474,95,209,47,52,3373,170,35,56,884,918,274,4,227,40,0,51,2,17,1,5,19
"chr7.83",577,17,2969,36,117,570,373,26,5342,779,411,729,653,1199,2839,596,103,299,53,68,7499,146,69,35,1166,1598,263,4,301,47,3,100,7,15,1,7,22
"chr7.84",586,5,1576,15,101,402,274,27,3455,310,335,551,417,655,1473,385,57,260,44,55,7612,61,27,36,779,1048,172,5,173,43,1,87,4,7,1,5,9
"chr7.85",425,7,1196,13,63,257,185,24,3048,329,308,526,380,524,962,341,52,198,29,45,4801,54,51,26,506,906,159,6,137,35,2,54,2,10,2,1,10
"chr7.86",480,5,2549,17,172,345,197,24,4504,891,458,567,721,902,2337,641,78,209,44,51,4482,108,46,36,1023,1841,213,4,218,35,3,88,2,14,1,5,17
"chr7.87",403,9,1372,19,129,289,130,30,3233,594,329,546,663,486,1100,442,61,251,36,44,5062,99,43,34,614,1091,198,8,168,35,3,70,2,18,0,7,10
"chr7.88",294,5,1015,12,90,264,169,14,3808,302,311,426,427,472,1227,340,44,167,18,45,4092,38,15,33,645,692,187,5,157,39,1,30,0,6,0,2,9
"chr7.89",NA,NA,NA,NA,NA,NA,NA,NA,NA,NA,NA,NA,NA,NA,NA,NA,NA,NA,NA,NA,NA,NA,NA,NA,NA,NA,NA,NA,NA,NA,NA,NA,NA,NA,NA,NA,NA
"chr7.90",356,7,1166,18,90,320,166,16,2833,255,294,425,394,381,465,229,67,175,24,29,2953,49,23,22,362,529,176,5,125,34,2,44,1,10,0,4,9
"chr7.91",424,12,1985,20,87,350,386,27,4160,358,285,534,498,712,1632,425,84,296,41,28,5711,58,34,34,761,912,180,4,200,32,6,54,3,14,0,3,12
"chr7.92",273,3,1177,13,88,259,213,20,3486,519,246,446,239,482,1089,490,76,184,13,33,3007,79,24,32,519,892,172,4,149,16,2,42,2,5,0,4,9
"chr7.93",309,7,1002,18,82,332,164,24,3349,447,302,547,387,341,505,316,80,232,29,32,2142,73,29,28,404,677,165,4,113,29,2,35,1,13,1,1,10
"chr7.94",444,19,1128,32,116,374,201,30,3781,514,280,674,721,571,1012,324,81,345,36,25,4185,82,40,37,540,885,173,5,174,43,1,61,2,17,0,5,12
"chr7.95",NA,NA,NA,NA,NA,NA,NA,NA,NA,NA,NA,NA,NA,NA,NA,NA,NA,NA,NA,NA,NA,NA,NA,NA,NA,NA,NA,NA,NA,NA,NA,NA,NA,NA,NA,NA,NA
"chr7.96",354,11,942,21,100,319,167,28,2055,264,318,454,388,471,447,255,59,271,18,42,3632,61,37,24,380,584,158,5,123,41,1,46,2,9,0,3,6
"chr7.97",NA,NA,NA,NA,NA,NA,NA,NA,NA,NA,NA,NA,NA,NA,NA,NA,NA,NA,NA,NA,NA,NA,NA,NA,NA,NA,NA,NA,NA,NA,NA,NA,NA,NA,NA,NA,NA
"chr7.98",NA,NA,NA,NA,NA,NA,NA,NA,NA,NA,NA,NA,NA,NA,NA,NA,NA,NA,NA,NA,NA,NA,NA,NA,NA,NA,NA,NA,NA,NA,NA,NA,NA,NA,NA,NA,NA
"chr7.99",NA,NA,NA,NA,NA,NA,NA,NA,NA,NA,NA,NA,NA,NA,NA,NA,NA,NA,NA,NA,NA,NA,NA,NA,NA,NA,NA,NA,NA,NA,NA,NA,NA,NA,NA,NA,NA
"chr7.100",NA,NA,NA,NA,NA,NA,NA,NA,NA,NA,NA,NA,NA,NA,NA,NA,NA,NA,NA,NA,NA,NA,NA,NA,NA,NA,NA,NA,NA,NA,NA,NA,NA,NA,NA,NA,NA
"chr7.101",330,7,1292,13,92,289,170,23,3666,379,330,563,596,517,931,399,64,263,34,31,4450,69,60,30,539,993,197,7,126,25,0,88,0,15,0,4,13
"chr7.102",NA,NA,NA,NA,NA,NA,NA,NA,NA,NA,NA,NA,NA,NA,NA,NA,NA,NA,NA,NA,NA,NA,NA,NA,NA,NA,NA,NA,NA,NA,NA,NA,NA,NA,NA,NA,NA
"chr7.103",296,7,883,16,77,280,151,16,2220,224,238,416,274,308,329,169,51,173,21,26,1868,50,24,27,314,404,182,4,114,32,3,40,3,7,2,4,4
"chr7.104",318,6,1204,20,113,305,182,12,3010,232,293,449,398,448,623,297,62,220,28,33,2396,47,26,26,444,779,164,4,139,29,3,70,1,3,0,4,12
"chr7.105",268,4,1151,15,73,275,163,15,2516,236,197,487,436,326,366,201,49,171,18,37,1879,45,16,19,307,577,141,5,133,41,1,54,1,8,0,2,10
"chr7.106",480,5,1774,17,131,409,307,32,4452,639,346,601,510,843,2192,392,62,232,30,57,5404,78,45,33,853,1015,200,9,246,43,3,97,3,24,1,5,16
"chr7.107",467,13,2207,23,127,438,316,34,5032,916,469,571,684,856,2195,494,83,281,36,47,5248,116,37,30,948,1196,195,9,261,62,3,130,2,12,4,7,15
"chr7.108",311,8,1200,14,104,268,169,16,3478,2425,291,475,409,670,1217,346,55,193,28,38,2707,115,21,20,722,622,172,3,199,40,2,75,0,12,0,5,15
"chr7.109",322,7,1064,15,87,258,168,17,2909,451,295,436,287,435,596,285,77,161,17,36,2741,54,23,16,409,600,159,3,137,39,3,36,2,9,0,3,10
"chr7.110",473,13,1570,19,99,290,189,19,3347,450,335,428,491,499,849,308,57,185,29,40,4832,58,27,32,567,754,178,8,157,25,3,67,5,12,0,4,14
"chr7.111",740,18,1960,30,110,339,376,28,4225,638,522,593,558,782,2008,320,69,280,38,48,7478,95,47,27,976,901,193,8,227,32,5,87,2,15,1,3,16
"chr7.112",595,17,1538,32,132,422,327,18,4501,460,423,547,365,649,1489,241,70,238,31,31,4278,63,39,42,1047,614,153,4,236,32,3,62,1,9,0,1,8
"chr7.113",464,10,1689,31,126,352,287,11,3814,374,322,548,361,531,1128,265,82,214,41,25,6964,59,45,41,745,687,183,5,196,33,3,68,1,11,0,3,9
"chr7.114",285,3,960,26,73,300,192,15,2505,286,218,449,193,310,316,201,79,178,26,29,2663,48,24,26,301,410,162,5,126,38,2,47,2,11,0,2,12
"chr7.115",338,3,1629,8,85,299,223,19,2773,412,275,505,334,451,806,309,63,175,40,46,4604,68,41,26,436,660,197,3,142,39,0,54,2,12,1,6,7
"chr7.116",610,16,2518,24,142,437,294,28,4857,839,480,715,792,1123,2522,539,79,376,41,47,8911,140,33,47,1153,1552,266,10,253,40,7,110,0,19,1,9,16
"chr7.117",602,9,2333,17,177,499,484,37,5745,1002,486,699,865,1021,2393,747,96,243,30,46,11466,157,34,56,1192,1855,211,7,240,56,3,105,2,23,2,3,17
"chr7.118",382,8,1273,8,114,295,188,30,3509,480,325,489,495,571,1011,361,85,134,23,37,6886,74,22,34,649,856,164,2,168,41,0,48,5,8,0,6,10
"chr7.119",505,3,1555,13,102,382,203,26,3624,621,329,544,484,367,454,223,95,128,33,23,3057,79,22,53,408,485,198,9,147,35,4,60,5,11,0,5,9
"chr7.120",511,7,1455,18,96,295,181,24,3118,842,294,504,347,430,566,403,80,144,26,40,4693,120,58,38,425,761,151,5,136,23,3,75,3,15,2,6,13
"chr7.121",517,9,1497,12,72,354,235,26,3325,521,326,500,502,455,699,427,79,172,32,39,5227,89,50,39,482,871,213,6,137,33,0,85,1,14,1,2,10
"chr7.122",479,14,1770,16,89,363,247,35,4510,694,434,561,631,709,1550,531,73,200,34,42,5069,105,41,41,809,1139,244,7,224,29,5,74,0,11,1,7,17
"chr7.123",711,21,2967,41,150,421,459,30,5393,909,618,825,920,1171,2850,650,81,397,55,64,7649,152,86,53,1319,2015,323,4,296,41,7,138,4,10,2,7,13
"chr7.124",508,7,2038,14,77,397,351,31,3226,472,443,717,789,852,2268,421,76,253,50,45,8599,92,107,48,1007,1340,236,8,232,37,6,125,3,17,0,5,18
"chr7.125",287,4,1067,8,88,293,151,15,2225,166,251,448,318,383,422,207,63,186,27,28,2289,39,41,22,346,486,136,0,129,35,2,47,0,12,0,2,8
"chr7.126",NA,NA,NA,NA,NA,NA,NA,NA,NA,NA,NA,NA,NA,NA,NA,NA,NA,NA,NA,NA,NA,NA,NA,NA,NA,NA,NA,NA,NA,NA,NA,NA,NA,NA,NA,NA,NA
"chr7.127",288,6,948,8,72,289,164,26,2091,210,224,390,351,332,337,157,58,157,17,27,2151,31,24,26,282,371,162,3,126,34,2,40,0,7,1,0,3
"chr7.128",NA,NA,NA,NA,NA,NA,NA,NA,NA,NA,NA,NA,NA,NA,NA,NA,NA,NA,NA,NA,NA,NA,NA,NA,NA,NA,NA,NA,NA,NA,NA,NA,NA,NA,NA,NA,NA
"chr7.129",374,4,1630,12,117,327,194,21,2823,358,250,442,540,551,839,292,65,188,24,33,6080,69,35,42,434,719,193,3,134,36,4,58,4,9,2,4,13
"chr7.130",306,9,1297,5,119,317,178,24,3116,308,245,467,479,534,742,268,70,160,17,38,3184,60,81,31,426,762,183,1,155,24,3,46,2,8,1,5,6
"chr7.131",303,5,1003,6,68,280,155,12,2616,345,253,402,299,346,450,269,41,144,24,27,2121,31,53,25,407,497,155,2,140,35,4,52,0,5,0,1,19
"chr7.132",297,7,876,14,108,254,170,17,3388,279,239,484,341,402,480,192,61,157,15,27,2501,48,17,22,361,417,155,3,123,27,4,31,3,6,0,1,6
"chr7.133",300,7,1487,22,119,300,161,21,3294,328,255,525,480,511,949,241,71,211,33,42,4433,53,26,31,575,765,164,6,165,42,3,53,1,14,0,0,14
"chr7.134",417,4,2467,25,156,500,337,25,5573,850,409,784,829,1126,2786,424,61,239,32,57,6941,139,42,41,1178,1395,266,4,295,46,2,83,2,11,1,6,10
"chr7.135",406,4,1166,12,112,301,206,23,3294,569,315,536,489,669,1040,324,72,202,22,34,6317,62,40,29,555,982,175,3,188,51,5,57,3,8,1,5,11
"chr7.136",304,26,1076,7,93,288,152,22,2288,275,249,415,272,373,345,208,56,191,27,30,3556,46,41,26,324,526,187,2,154,43,1,45,3,6,0,1,4
"chr7.137",NA,NA,NA,NA,NA,NA,NA,NA,NA,NA,NA,NA,NA,NA,NA,NA,NA,NA,NA,NA,NA,NA,NA,NA,NA,NA,NA,NA,NA,NA,NA,NA,NA,NA,NA,NA,NA
"chr7.138",NA,NA,NA,NA,NA,NA,NA,NA,NA,NA,NA,NA,NA,NA,NA,NA,NA,NA,NA,NA,NA,NA,NA,NA,NA,NA,NA,NA,NA,NA,NA,NA,NA,NA,NA,NA,NA
"chr7.139",413,4,1369,16,78,309,163,21,2844,367,305,471,515,434,569,285,75,194,24,27,8519,55,41,34,404,697,157,5,142,20,4,80,1,12,1,0,9
"chr7.140",NA,NA,NA,NA,NA,NA,NA,NA,NA,NA,NA,NA,NA,NA,NA,NA,NA,NA,NA,NA,NA,NA,NA,NA,NA,NA,NA,NA,NA,NA,NA,NA,NA,NA,NA,NA,NA
"chr7.141",NA,NA,NA,NA,NA,NA,NA,NA,NA,NA,NA,NA,NA,NA,NA,NA,NA,NA,NA,NA,NA,NA,NA,NA,NA,NA,NA,NA,NA,NA,NA,NA,NA,NA,NA,NA,NA
"chr7.142",636,11,1995,25,132,380,281,22,3579,596,370,560,836,688,1556,434,104,331,40,36,5725,61,40,45,615,1353,173,4,208,41,4,91,3,8,0,2,10
"chr7.143",884,27,3380,34,205,594,446,48,6112,958,592,920,1377,1356,2863,751,116,550,65,51,12258,133,68,55,1194,2462,380,5,341,51,6,121,8,13,0,8,23
"chr7.144",NA,NA,NA,NA,NA,NA,NA,NA,NA,NA,NA,NA,NA,NA,NA,NA,NA,NA,NA,NA,NA,NA,NA,NA,NA,NA,NA,NA,NA,NA,NA,NA,NA,NA,NA,NA,NA
"chr7.145",NA,NA,NA,NA,NA,NA,NA,NA,NA,NA,NA,NA,NA,NA,NA,NA,NA,NA,NA,NA,NA,NA,NA,NA,NA,NA,NA,NA,NA,NA,NA,NA,NA,NA,NA,NA,NA
"chr7.146",NA,NA,NA,NA,NA,NA,NA,NA,NA,NA,NA,NA,NA,NA,NA,NA,NA,NA,NA,NA,NA,NA,NA,NA,NA,NA,NA,NA,NA,NA,NA,NA,NA,NA,NA,NA,NA
"chr7.147",NA,NA,NA,NA,NA,NA,NA,NA,NA,NA,NA,NA,NA,NA,NA,NA,NA,NA,NA,NA,NA,NA,NA,NA,NA,NA,NA,NA,NA,NA,NA,NA,NA,NA,NA,NA,NA
"chr7.148",396,11,839,14,98,332,231,29,2232,262,225,472,393,410,301,207,82,189,20,37,5738,49,27,32,326,572,166,3,110,40,2,61,1,7,1,3,8
"chr7.149",248,0,959,11,92,273,139,17,2094,246,212,378,209,347,291,214,53,177,13,24,2123,28,14,26,321,379,167,3,135,28,3,27,2,5,0,1,3
"chr7.150",NA,NA,NA,NA,NA,NA,NA,NA,NA,NA,NA,NA,NA,NA,NA,NA,NA,NA,NA,NA,NA,NA,NA,NA,NA,NA,NA,NA,NA,NA,NA,NA,NA,NA,NA,NA,NA
"chr7.151",NA,NA,NA,NA,NA,NA,NA,NA,NA,NA,NA,NA,NA,NA,NA,NA,NA,NA,NA,NA,NA,NA,NA,NA,NA,NA,NA,NA,NA,NA,NA,NA,NA,NA,NA,NA,NA
"chr7.152",NA,NA,NA,NA,NA,NA,NA,NA,NA,NA,NA,NA,NA,NA,NA,NA,NA,NA,NA,NA,NA,NA,NA,NA,NA,NA,NA,NA,NA,NA,NA,NA,NA,NA,NA,NA,NA
"chr7.153",523,2,960,18,120,327,248,24,2558,336,299,592,451,416,366,262,69,261,36,40,4414,44,43,57,349,640,187,6,152,40,2,68,3,14,0,2,13
"chr7.154",342,8,918,13,84,305,151,31,2312,272,273,441,288,377,314,243,61,243,33,28,3039,44,32,30,332,452,153,4,119,40,1,95,1,17,0,0,7
"chr7.155",596,11,1596,14,93,435,187,47,2507,413,361,694,531,522,622,266,90,298,29,37,6194,78,34,58,506,608,188,6,206,49,6,85,1,21,1,3,16
"chr7.156",454,10,1295,14,91,320,174,26,2217,311,297,541,374,456,449,237,68,202,21,44,4488,64,23,35,413,634,159,2,148,26,4,58,4,10,1,3,12
"chr8.1",NA,NA,NA,NA,NA,NA,NA,NA,NA,NA,NA,NA,NA,NA,NA,NA,NA,NA,NA,NA,NA,NA,NA,NA,NA,NA,NA,NA,NA,NA,NA,NA,NA,NA,NA,NA,NA
"chr8.2",421,8,984,21,124,316,168,32,2901,524,374,519,631,724,1088,301,67,230,46,33,3965,75,50,50,757,600,147,4,131,27,3,53,4,15,0,5,10
"chr8.3",660,6,1764,15,141,247,387,35,4205,708,351,747,847,880,1757,488,92,199,50,48,8931,128,57,48,1063,874,234,13,157,56,2,94,4,12,0,1,13
"chr8.4",NA,NA,NA,NA,NA,NA,NA,NA,NA,NA,NA,NA,NA,NA,NA,NA,NA,NA,NA,NA,NA,NA,NA,NA,NA,NA,NA,NA,NA,NA,NA,NA,NA,NA,NA,NA,NA
"chr8.5",613,4,1566,18,139,504,445,32,5480,986,411,700,766,889,1975,406,97,201,50,65,8887,179,80,76,1114,785,212,16,198,46,4,122,3,25,0,4,16
"chr8.6",480,6,1930,21,157,498,329,42,5441,820,461,613,821,1107,2545,352,109,257,61,43,11674,126,59,57,1310,734,259,8,218,48,3,87,3,19,0,6,11
"chr8.7",NA,NA,NA,NA,NA,NA,NA,NA,NA,NA,NA,NA,NA,NA,NA,NA,NA,NA,NA,NA,NA,NA,NA,NA,NA,NA,NA,NA,NA,NA,NA,NA,NA,NA,NA,NA,NA
"chr8.8",NA,NA,NA,NA,NA,NA,NA,NA,NA,NA,NA,NA,NA,NA,NA,NA,NA,NA,NA,NA,NA,NA,NA,NA,NA,NA,NA,NA,NA,NA,NA,NA,NA,NA,NA,NA,NA
"chr8.9",NA,NA,NA,NA,NA,NA,NA,NA,NA,NA,NA,NA,NA,NA,NA,NA,NA,NA,NA,NA,NA,NA,NA,NA,NA,NA,NA,NA,NA,NA,NA,NA,NA,NA,NA,NA,NA
"chr8.10",227,8,580,6,104,235,170,18,3010,266,233,403,390,366,519,257,60,151,29,30,2713,39,32,28,474,504,130,5,97,13,2,49,1,7,0,2,9
"chr8.11",220,6,727,13,85,278,144,16,2893,231,237,399,476,397,582,189,68,140,18,27,2909,43,39,35,505,399,120,2,96,28,1,73,0,9,2,3,7
"chr8.12",NA,NA,NA,NA,NA,NA,NA,NA,NA,NA,NA,NA,NA,NA,NA,NA,NA,NA,NA,NA,NA,NA,NA,NA,NA,NA,NA,NA,NA,NA,NA,NA,NA,NA,NA,NA,NA
"chr8.13",NA,NA,NA,NA,NA,NA,NA,NA,NA,NA,NA,NA,NA,NA,NA,NA,NA,NA,NA,NA,NA,NA,NA,NA,NA,NA,NA,NA,NA,NA,NA,NA,NA,NA,NA,NA,NA
"chr8.14",452,12,1270,20,116,309,405,23,5324,761,380,526,508,898,1981,543,84,215,33,56,5640,151,21,53,1009,1001,190,2,164,20,4,48,1,8,1,5,11
"chr8.15",NA,NA,NA,NA,NA,NA,NA,NA,NA,NA,NA,NA,NA,NA,NA,NA,NA,NA,NA,NA,NA,NA,NA,NA,NA,NA,NA,NA,NA,NA,NA,NA,NA,NA,NA,NA,NA
"chr8.16",399,12,2064,18,107,497,191,32,6446,1080,433,448,548,810,2442,421,134,400,44,58,8118,182,34,44,1226,813,153,8,234,19,4,64,4,25,0,5,13
"chr8.17",321,14,1328,24,102,367,245,27,4828,802,308,470,399,461,1381,420,117,290,32,32,5475,141,23,36,868,703,132,3,143,24,6,70,0,13,0,6,14
"chr8.18",178,5,622,13,66,276,123,19,2407,394,228,329,186,280,288,197,67,157,16,35,2418,72,21,28,358,215,120,4,84,20,0,23,0,8,0,1,2
"chr8.19",205,6,650,11,69,318,127,21,2656,544,251,356,190,273,300,232,67,157,15,20,2937,88,29,19,366,263,130,4,89,18,2,41,0,11,0,0,9
"chr8.20",257,7,899,8,73,317,134,17,3030,455,255,350,283,324,462,228,56,154,20,21,2045,69,25,20,428,383,135,3,85,17,3,39,0,9,0,3,3
"chr8.21",392,8,1351,19,89,266,142,21,3561,476,339,498,582,633,1578,264,59,234,42,46,6092,83,53,41,767,535,161,3,139,30,2,59,2,8,3,4,5
"chr8.22",237,9,904,21,75,284,149,12,2531,364,289,421,399,478,1012,257,61,231,24,33,4160,54,28,35,555,431,132,4,97,14,1,54,1,13,0,5,10
"chr8.23",173,8,588,7,71,239,107,16,1844,211,233,350,176,258,256,178,62,167,19,30,2024,36,10,23,379,174,112,7,63,21,2,24,2,10,0,2,6
"chr8.24",228,6,863,18,102,247,128,14,2758,291,242,356,260,302,438,261,81,196,34,33,4655,40,24,37,439,389,128,3,84,18,1,43,0,8,0,3,5
"chr8.25",318,13,917,29,91,270,157,20,3613,410,297,486,305,403,743,272,63,240,27,30,8324,58,59,39,546,488,176,7,89,17,4,76,2,8,1,3,9
"chr8.26",352,13,942,18,100,304,134,22,2787,489,291,416,256,417,551,283,75,238,23,24,5224,77,13,26,468,486,170,11,83,23,3,56,1,13,0,4,13
"chr8.27",303,6,649,9,74,213,156,17,2893,354,277,386,237,428,620,227,55,125,19,27,3569,42,34,22,442,373,153,7,100,19,1,33,1,11,0,0,4
"chr8.28",178,6,558,9,71,258,147,32,2191,242,197,329,207,289,309,185,55,156,22,25,2662,47,22,18,358,282,144,3,82,29,0,31,0,7,1,3,10
"chr8.29",161,9,547,14,63,259,118,16,2071,170,220,288,196,253,280,169,55,118,17,25,1595,36,23,15,313,227,143,4,83,27,2,39,0,11,0,1,4
"chr8.30",257,10,803,11,72,259,127,19,2463,249,255,373,308,277,245,235,62,177,27,26,1977,43,52,29,321,354,142,2,65,35,1,43,1,11,0,2,6
"chr8.31",223,8,697,9,68,262,129,15,2507,259,227,308,221,294,301,170,56,159,21,28,1942,52,34,25,398,320,124,2,92,23,2,40,3,9,0,6,4
"chr8.32",457,16,1315,16,128,343,391,28,4688,682,392,558,550,675,2114,327,59,247,27,29,6626,107,57,36,1065,696,182,5,147,34,3,91,2,20,1,4,8
"chr8.33",373,11,970,30,143,261,412,24,4889,710,429,523,456,675,1911,288,68,218,23,48,7028,133,54,26,981,514,166,7,133,46,3,84,5,16,2,7,9
"chr8.34",387,9,1195,16,99,328,344,20,3177,465,342,524,560,550,1401,361,64,155,25,40,6350,79,33,35,767,1032,211,5,132,35,5,79,1,22,0,3,5
"chr8.35",628,16,1727,29,131,439,434,35,4908,976,570,669,814,768,2594,659,83,215,40,69,8340,150,75,61,1214,2037,287,7,199,45,4,89,0,25,1,7,10
"chr8.36",624,15,1777,21,124,309,298,22,4157,1065,517,788,784,807,2495,619,66,154,46,50,8453,151,63,41,1084,1613,266,10,196,55,5,81,5,24,1,7,21
"chr8.37",402,8,1942,31,94,367,313,27,3937,757,352,718,804,853,2153,375,67,222,33,40,3617,108,38,34,957,1051,235,6,207,37,1,89,2,22,2,5,13
"chr8.38",315,7,961,24,67,312,178,23,1892,239,275,532,461,364,344,239,72,198,17,41,2102,32,29,34,380,523,157,2,106,56,1,57,1,8,1,7,7
"chr8.39",246,10,764,5,61,267,144,16,2116,243,245,496,244,369,340,257,50,136,23,37,1759,32,19,17,423,440,180,2,107,35,4,29,3,7,1,1,7
"chr8.40",283,8,1280,20,97,322,195,30,2938,391,259,606,328,514,563,305,81,187,52,38,8608,56,24,21,452,812,151,5,114,42,3,54,5,11,0,5,13
"chr8.41",392,10,1385,17,119,323,178,21,3405,582,377,544,551,747,1389,432,50,216,27,36,9151,102,35,42,772,1037,189,3,147,43,2,82,0,11,0,9,13
"chr8.42",349,9,938,15,76,311,175,21,2813,244,306,570,426,542,576,247,54,171,24,39,3363,46,20,22,503,534,159,4,114,42,1,62,0,14,1,1,4
"chr8.43",NA,NA,NA,NA,NA,NA,NA,NA,NA,NA,NA,NA,NA,NA,NA,NA,NA,NA,NA,NA,NA,NA,NA,NA,NA,NA,NA,NA,NA,NA,NA,NA,NA,NA,NA,NA,NA
"chr8.44",726,16,2020,40,144,466,480,49,3631,590,532,850,1091,1253,2610,541,184,346,49,54,12379,108,76,65,1088,1966,303,3,236,54,3,104,4,19,0,6,14
"chr8.45",NA,NA,NA,NA,NA,NA,NA,NA,NA,NA,NA,NA,NA,NA,NA,NA,NA,NA,NA,NA,NA,NA,NA,NA,NA,NA,NA,NA,NA,NA,NA,NA,NA,NA,NA,NA,NA
"chr8.46",448,9,1146,26,92,322,197,29,3194,323,352,648,686,589,994,265,88,222,35,46,2532,75,23,38,699,716,175,5,172,44,1,33,6,9,1,2,7
"chr8.47",782,8,2211,23,108,536,544,29,5692,776,470,901,1375,682,2188,517,90,134,47,54,9514,129,34,57,1270,1603,193,4,260,37,4,98,4,17,1,2,8
"chr8.48",782,5,1527,11,114,569,475,26,5510,815,604,907,1427,956,2892,679,103,130,50,64,7177,149,52,64,1411,1765,246,2,298,45,7,110,4,12,0,5,11
"chr8.49",584,7,2245,21,84,421,322,24,3972,396,463,800,1001,947,2184,470,76,178,41,52,7447,81,32,30,1024,1210,232,3,256,49,2,68,1,18,1,7,11
"chr8.50",520,13,1413,22,80,415,209,16,3123,345,353,588,562,490,687,311,76,285,30,45,6467,60,52,44,574,864,166,7,195,45,2,84,1,12,1,9,13
"chr8.51",430,11,1741,28,96,426,195,18,3571,411,281,536,448,532,1018,293,94,232,42,34,7869,65,33,40,684,758,169,6,166,27,2,77,2,8,1,7,7
"chr8.52",328,8,1752,23,132,327,415,34,3558,370,240,680,448,637,1173,415,87,223,54,48,9422,68,49,20,822,895,214,6,222,42,5,97,1,8,0,5,15
"chr8.53",394,9,2335,10,91,394,441,36,3460,350,338,950,483,780,1381,436,76,154,69,36,8189,76,59,45,815,901,252,7,204,54,3,108,6,9,0,5,16
"chr8.54",474,9,1979,19,108,442,371,24,3592,362,416,801,472,544,1004,319,119,205,27,38,8005,57,45,34,716,627,257,3,204,60,2,98,3,18,1,6,14
"chr8.55",514,9,1278,16,84,361,289,19,3857,594,443,796,600,503,953,497,85,173,54,47,7099,82,34,38,723,1189,212,6,163,45,3,56,2,10,0,2,15
"chr8.56",383,6,1059,10,51,279,164,13,3377,357,381,571,445,438,662,334,53,126,30,36,3701,59,25,18,514,796,197,6,176,45,2,47,2,5,0,3,8
"chr8.57",389,8,2484,27,75,395,275,25,3659,332,334,878,503,536,884,501,60,176,34,45,6808,44,47,48,685,1422,250,1,246,51,3,46,2,9,2,6,14
"chr8.58",323,3,1542,13,63,296,195,20,2768,215,250,605,380,410,481,392,48,142,37,42,3302,39,39,41,441,969,170,5,166,24,5,58,2,10,0,3,5
"chr8.59",375,2,1272,17,79,314,251,23,2812,226,266,611,430,388,510,305,53,136,45,28,4997,40,52,33,421,905,179,3,137,31,1,67,2,11,0,4,9
"chr8.60",536,3,1726,7,120,368,406,43,3529,462,384,632,522,441,761,509,55,160,38,58,4397,87,74,54,517,1077,198,7,204,35,4,113,0,18,3,6,7
"chr8.61",613,4,1636,19,117,411,444,31,3670,573,517,831,843,819,2065,543,71,191,41,45,8064,99,70,51,944,1388,263,7,227,47,3,91,7,12,2,4,10
"chr8.62",697,13,1938,24,127,452,400,28,5141,690,635,885,661,1085,2929,486,66,217,43,60,8360,132,68,52,1321,1189,326,6,260,50,5,88,8,12,1,5,8
"chr8.63",540,9,1217,17,78,298,209,26,3758,359,364,703,404,600,1480,297,67,173,29,39,7306,56,36,39,708,630,193,4,181,49,2,90,1,12,0,5,9
"chr8.64",372,4,949,10,57,252,161,12,2902,243,293,528,287,438,533,237,64,139,29,27,3740,46,30,15,480,574,184,3,150,34,3,64,0,7,3,2,5
"chr8.65",312,4,1691,15,78,313,224,16,2865,246,314,585,380,459,1094,241,62,149,27,33,5098,50,42,24,671,659,180,4,181,31,2,55,0,14,1,5,16
"chr8.66",377,12,2894,19,121,453,187,26,4903,624,312,738,397,1012,3108,428,53,206,36,54,10405,121,36,47,1320,1075,247,4,350,34,5,77,1,8,0,2,11
"chr8.67",381,6,2072,19,105,402,238,33,4166,532,332,688,490,909,2187,395,73,243,29,58,4901,109,33,73,1038,810,285,6,232,32,3,44,2,22,1,2,7
"chr8.68",305,9,1153,19,77,277,217,12,3055,293,302,648,382,393,673,352,62,173,33,44,3540,51,34,38,500,607,228,6,159,30,3,41,2,8,1,2,6
"chr8.69",459,21,1918,14,118,307,438,24,3592,579,390,777,615,650,1686,480,59,218,20,47,4855,109,28,52,906,687,268,6,208,41,1,50,4,14,1,4,7
"chr8.70",450,18,2301,29,93,273,477,30,4261,537,396,853,784,737,1881,443,48,268,28,37,8617,84,24,53,900,956,289,10,218,45,0,70,3,9,0,10,15
"chr8.71",308,7,1191,15,56,268,202,18,2735,226,264,499,336,349,391,254,44,170,16,33,3673,47,21,20,425,480,169,2,140,47,1,43,1,10,1,3,2
"chr8.72",518,6,1434,16,70,302,233,23,3554,341,320,583,445,580,1434,318,65,186,20,46,3076,72,36,42,702,568,207,7,184,26,3,77,2,12,1,2,9
"chr8.73",692,11,1947,17,113,379,351,31,3730,857,436,682,708,738,1553,519,100,199,47,35,6055,145,61,48,839,1197,288,5,201,46,4,59,7,19,2,4,15
"chr8.74",691,8,1913,26,156,419,428,45,4702,959,625,888,966,1067,2253,620,159,154,48,71,6767,169,40,46,1164,2006,358,12,234,55,6,58,6,15,2,4,7
"chr8.75",555,20,2260,32,154,515,428,37,4981,851,577,849,1151,1074,2628,552,116,186,42,61,8808,141,60,54,1397,1696,286,5,277,48,2,52,4,12,0,2,11
"chr8.76",530,12,2148,23,117,410,315,26,4150,486,474,794,746,760,2072,376,68,191,46,44,7866,76,43,27,1082,928,191,7,249,50,0,51,4,12,0,5,8
"chr8.77",493,11,1679,16,71,383,309,26,3408,385,325,716,607,652,1498,363,54,184,40,43,5936,56,45,36,725,1006,178,3,187,31,0,64,2,10,0,9,16
"chr8.78",298,1,941,9,64,240,164,20,2345,236,236,554,311,341,403,249,52,135,30,40,1954,35,18,31,437,443,162,3,149,42,0,41,0,5,1,1,5
"chr8.79",386,4,1236,17,64,264,149,17,2844,302,290,565,358,338,438,277,62,131,26,46,2708,62,31,20,424,599,225,6,127,37,4,58,1,9,0,4,9
"chr8.80",478,13,3014,22,119,435,385,40,4688,863,342,797,852,856,2245,661,77,201,52,70,9881,161,67,44,1094,1752,251,6,255,53,6,115,1,14,0,8,10
"chr8.81",513,24,3195,30,135,410,438,47,6049,1052,450,892,1360,980,2726,805,69,287,55,68,10706,166,69,59,1351,2476,406,6,287,59,3,117,1,14,1,9,16
"chr8.82",658,5,2093,24,116,384,359,32,5648,812,497,846,1178,643,1799,798,73,297,60,68,7289,134,74,44,1019,2107,332,2,173,54,3,136,7,20,1,4,17
"chr8.83",NA,NA,NA,NA,NA,NA,NA,NA,NA,NA,NA,NA,NA,NA,NA,NA,NA,NA,NA,NA,NA,NA,NA,NA,NA,NA,NA,NA,NA,NA,NA,NA,NA,NA,NA,NA,NA
"chr8.84",451,6,1274,27,92,285,243,15,3285,480,364,544,622,441,840,271,56,193,34,38,5611,74,37,20,639,1006,182,6,133,44,3,61,2,16,0,3,11
"chr8.85",744,6,3047,16,143,485,532,57,5907,972,620,811,1141,1188,2806,684,120,204,46,62,8735,159,24,45,1346,2289,333,9,272,44,5,67,2,17,1,4,16
"chr8.86",648,3,3477,19,106,465,605,38,6161,936,462,791,1205,1452,2765,714,77,144,37,58,7239,165,25,55,1419,2233,308,6,337,34,6,80,2,13,0,4,8
"chr8.87",460,7,2205,7,101,287,300,25,3917,491,400,731,772,792,2053,474,80,101,35,48,6104,83,24,21,1082,1370,231,10,245,41,4,85,2,11,3,2,13
"chr8.88",379,9,1313,12,77,276,299,22,3602,331,307,721,578,593,1051,353,76,174,20,34,5118,81,18,30,715,908,202,4,176,52,1,71,0,2,0,1,8
"chr8.89",431,8,2133,21,110,308,325,17,4114,489,382,884,798,667,1965,481,51,165,34,49,5290,72,22,25,1099,1362,173,6,209,58,3,54,6,13,0,3,7
"chr8.90",585,11,2866,15,103,422,254,21,4799,841,477,956,870,856,2182,591,48,182,27,70,9354,133,23,27,1216,1405,260,5,222,36,2,64,5,16,0,1,9
"chr8.91",407,8,1334,16,72,309,206,28,3459,648,314,723,568,552,1094,334,48,186,33,47,6466,125,25,28,639,746,202,3,162,33,4,53,2,16,0,2,9
"chr8.92",346,3,1270,8,60,268,161,17,2347,234,229,540,281,353,329,192,64,149,21,42,2621,37,24,23,373,395,185,2,120,30,0,30,2,8,1,4,2
"chr8.93",307,3,1073,14,78,257,162,12,2843,267,297,653,352,471,866,244,51,155,26,32,6559,43,25,19,512,529,200,1,131,44,1,45,1,10,0,1,6
"chr8.94",401,8,1211,17,84,250,196,21,4020,318,316,747,538,605,1482,401,69,171,23,57,4673,56,24,24,813,904,200,7,210,39,6,40,1,9,0,3,9
"chr8.95",362,7,888,16,75,275,196,21,3337,281,244,759,449,418,1008,341,49,162,20,48,2163,54,26,20,597,708,169,2,152,37,2,29,3,4,0,1,9
"chr8.96",282,5,847,5,62,235,135,11,2369,231,202,521,227,285,371,177,49,124,21,22,1934,31,18,12,402,399,196,3,111,32,1,43,4,3,1,1,6
"chr8.97",294,8,1045,22,69,263,188,12,2383,246,263,530,295,380,496,298,54,119,20,42,2110,45,43,22,453,491,190,2,149,37,1,41,1,4,1,1,10
"chr8.98",352,9,989,12,59,273,181,16,2567,231,281,571,287,351,393,199,53,152,19,23,2990,39,17,20,379,392,166,7,119,33,3,27,1,11,0,1,1
"chr8.99",333,2,1166,13,85,271,145,17,2153,227,235,574,231,334,307,228,53,135,23,35,2925,49,28,15,367,385,174,4,131,32,2,33,1,11,1,3,7
"chr8.100",284,4,1113,13,65,266,180,11,2631,245,245,565,318,335,423,218,50,140,17,30,3025,44,20,31,439,415,166,1,128,27,5,55,1,9,1,1,12
"chr8.101",358,3,1350,7,80,264,156,20,3273,273,266,626,463,496,1029,290,56,163,21,22,3855,27,38,22,590,537,179,2,162,31,0,49,2,11,0,2,15
"chr8.102",458,11,1577,20,68,342,208,22,4489,639,339,762,750,1064,2879,403,58,199,24,43,5048,109,57,37,1264,979,216,2,279,52,5,88,2,15,0,2,13
"chr8.103",NA,NA,NA,NA,NA,NA,NA,NA,NA,NA,NA,NA,NA,NA,NA,NA,NA,NA,NA,NA,NA,NA,NA,NA,NA,NA,NA,NA,NA,NA,NA,NA,NA,NA,NA,NA,NA
"chr8.104",307,7,1813,21,97,297,244,28,3870,793,264,812,481,428,1085,334,76,147,28,31,6116,96,20,20,740,691,186,5,189,41,0,42,4,9,1,2,16
"chr8.105",438,11,2424,30,115,320,193,18,4080,874,347,832,733,875,2476,419,80,193,24,57,11849,128,37,30,1174,821,238,4,244,45,3,54,1,6,1,3,10
"chr8.106",516,8,1465,24,102,328,282,28,4122,451,373,846,501,635,1456,399,71,137,30,37,4958,72,47,43,852,921,226,3,177,51,5,78,1,13,1,3,8
"chr8.107",358,10,1536,17,112,315,239,20,3418,324,313,751,483,542,947,416,78,158,34,36,7295,52,47,41,680,968,232,4,155,38,2,77,6,7,0,5,10
"chr8.108",580,13,3179,33,120,387,456,24,4353,840,479,1101,826,1244,3177,820,99,310,53,80,11772,151,64,64,1412,2048,279,7,299,63,3,108,6,7,1,13,17
"chr8.109",758,6,3599,29,160,639,519,30,4471,1264,751,1028,1036,1331,3125,1078,105,395,51,90,6110,217,57,62,1463,2750,362,3,335,62,10,137,2,17,0,10,15
"chr8.110",829,10,3362,13,128,686,578,38,4982,1469,757,981,1150,1096,2849,995,117,221,59,88,6060,232,65,65,1311,2588,304,5,332,53,7,127,1,11,1,8,14
"chr8.111",841,10,3856,22,154,653,633,35,6172,1387,600,852,1234,1168,2896,1011,131,279,56,73,11319,170,83,84,1404,2573,375,6,318,63,7,163,0,13,1,7,18
"chr8.112",640,8,3701,23,153,554,527,40,7220,945,547,840,1135,1581,3310,727,144,259,56,70,10616,128,56,55,1503,2119,424,6,331,53,2,139,5,15,1,4,18
"chr8.113",487,9,2646,26,122,337,293,11,6368,674,328,642,850,1034,2092,380,116,162,34,57,5171,91,49,41,1273,1107,338,3,290,51,1,68,2,7,0,2,9
"chr8.114",420,8,1938,21,116,374,224,19,4344,516,325,625,619,740,1222,311,75,160,28,39,4981,73,52,42,919,909,266,5,213,32,2,42,0,7,0,0,12
"chr8.115",419,9,1621,17,71,295,268,25,3734,366,378,574,442,610,1233,300,69,199,25,50,7394,81,34,40,705,752,234,12,179,26,5,53,1,15,0,6,7
"chr8.116",318,9,1278,21,66,238,222,14,2440,315,271,584,271,343,368,223,66,256,28,37,6899,69,18,26,424,413,188,4,142,21,2,43,5,6,0,0,7
"chr8.117",310,7,1360,30,74,285,211,19,3142,445,262,604,383,412,490,273,70,247,35,30,3881,71,26,24,466,578,175,5,126,41,3,52,2,12,0,3,10
"chr8.118",322,5,1023,19,79,250,177,19,2641,387,240,577,323,451,513,341,74,161,12,34,2482,51,13,26,400,471,199,0,146,36,3,40,0,7,0,2,9
"chr8.119",447,5,1386,23,102,398,251,16,3136,560,314,666,524,522,682,374,65,145,29,29,3162,99,14,29,600,668,179,1,164,45,4,49,3,4,1,2,12
"chr8.120",449,6,1019,14,91,339,241,23,3602,464,415,669,493,556,879,276,35,158,23,37,4070,82,34,27,652,595,198,2,166,45,3,62,0,9,1,6,8
"chr8.121",353,4,883,13,45,214,147,20,2239,205,249,702,265,338,330,201,49,159,16,35,1942,48,22,19,368,360,200,3,129,54,1,32,3,7,1,3,3
"chr8.122",405,9,1096,13,52,245,162,14,2718,262,263,558,368,384,405,220,44,178,35,31,3022,39,29,26,426,510,160,2,149,31,0,50,2,11,0,3,6
"chr8.123",391,9,909,11,71,265,173,19,2306,206,262,622,314,392,442,252,49,157,23,30,2460,38,23,21,411,515,176,3,122,38,0,43,1,8,1,2,8
"chr8.124",475,9,1412,22,81,293,231,28,3308,509,289,700,513,573,784,329,80,148,38,44,4610,64,55,29,585,888,156,2,150,37,2,105,3,10,0,4,3
"chr8.125",388,8,1078,25,147,246,198,10,2209,669,260,624,386,386,365,262,88,171,23,30,3567,38,27,12,367,474,142,5,150,46,3,59,0,10,1,5,9
"chr8.126",428,5,1164,24,101,290,202,21,2962,299,267,671,364,444,457,262,74,152,34,31,2688,44,26,32,450,571,175,2,127,31,4,46,1,10,0,2,5
"chr8.127",496,5,1871,19,108,367,321,22,4040,366,340,670,569,795,1557,309,90,156,25,34,2556,69,33,28,756,802,202,6,184,41,4,39,1,7,0,6,12
"chr8.128",383,5,1372,14,60,274,209,19,2828,240,276,586,399,520,849,230,41,142,25,32,2525,41,13,27,610,522,187,5,156,28,2,50,0,15,0,6,8
"chr8.129",523,11,2015,20,94,308,445,31,4756,541,457,947,863,1108,3619,561,56,156,38,62,11474,85,43,49,1390,1268,265,7,241,35,2,107,3,20,2,7,10
"chr8.130",454,10,1832,20,86,266,248,21,3319,320,336,672,406,723,1669,426,54,160,36,44,6803,45,33,35,807,887,215,3,212,36,2,77,2,15,1,4,10
"chr8.131",466,5,1070,16,82,261,198,40,2456,242,286,609,365,470,621,241,58,187,23,21,3108,34,21,31,478,522,172,3,155,34,2,66,3,9,0,3,8
"chr8.132",430,8,1419,19,91,294,183,14,3337,270,263,583,381,556,1147,343,56,224,24,32,5545,37,33,35,628,787,182,5,180,50,3,71,2,15,1,4,8
"chr8.133",677,8,1490,21,86,284,248,24,3670,541,383,760,576,782,2231,539,65,212,30,64,4318,86,60,35,930,1334,248,6,179,45,2,91,2,16,2,6,17
"chr8.134",713,11,2857,18,135,523,351,39,4860,1075,538,1039,820,1076,2463,576,73,238,67,70,7295,173,58,55,1188,1420,321,10,320,61,5,139,4,27,1,3,14
"chr8.135",895,11,2445,33,133,481,616,44,5813,1252,731,1108,1228,1343,3550,745,77,307,36,73,9984,170,69,64,1539,2590,303,7,326,44,11,164,5,25,1,11,24
"chr8.136",734,2,1773,20,92,341,399,27,3837,893,485,1022,840,976,2060,722,67,206,60,84,8287,139,78,55,906,2379,321,5,232,56,9,138,5,9,0,6,21
"chr8.137",709,4,1635,18,101,303,369,42,3452,430,387,915,693,742,1511,455,59,220,32,56,8432,89,57,52,751,1314,254,6,197,45,3,121,4,13,2,3,13
"chr8.138",361,7,945,14,57,270,158,22,1752,253,234,534,303,404,409,227,47,152,30,44,2091,35,22,21,437,450,187,3,144,30,1,51,1,9,0,0,9
"chr8.139",NA,NA,NA,NA,NA,NA,NA,NA,NA,NA,NA,NA,NA,NA,NA,NA,NA,NA,NA,NA,NA,NA,NA,NA,NA,NA,NA,NA,NA,NA,NA,NA,NA,NA,NA,NA,NA
"chr8.140",560,7,1183,15,99,341,233,31,2412,313,361,714,737,656,739,311,78,223,32,62,4737,68,57,45,628,832,208,4,194,49,7,102,2,11,0,6,8
"chr8.141",443,9,858,14,86,288,223,26,1868,238,245,614,479,548,469,283,60,213,32,47,3590,43,29,42,513,583,201,6,147,41,4,53,4,10,0,6,4
"chr8.142",NA,NA,NA,NA,NA,NA,NA,NA,NA,NA,NA,NA,NA,NA,NA,NA,NA,NA,NA,NA,NA,NA,NA,NA,NA,NA,NA,NA,NA,NA,NA,NA,NA,NA,NA,NA,NA
"chr9.1",NA,NA,NA,NA,NA,NA,NA,NA,NA,NA,NA,NA,NA,NA,NA,NA,NA,NA,NA,NA,NA,NA,NA,NA,NA,NA,NA,NA,NA,NA,NA,NA,NA,NA,NA,NA,NA
"chr9.2",371,14,1463,16,106,341,221,26,3580,360,306,498,408,481,1306,217,65,150,60,42,7532,70,28,30,639,384,135,9,160,39,4,51,3,18,1,3,11
"chr9.3",216,5,1129,9,73,237,162,14,3056,270,199,391,243,302,399,210,63,109,45,37,2289,49,23,40,450,318,117,6,137,34,3,45,1,8,0,3,5
"chr9.4",215,6,1065,14,70,236,177,14,3016,286,234,429,239,274,454,239,57,89,27,17,3464,65,26,30,439,373,120,3,119,38,2,47,4,13,0,2,9
"chr9.5",210,3,734,15,62,274,152,15,2421,235,223,411,143,218,243,171,72,105,20,33,2274,70,25,28,279,247,139,1,112,34,5,32,2,7,2,2,3
"chr9.6",227,5,781,5,86,253,191,18,2631,192,215,346,179,228,280,169,59,109,18,28,1527,29,14,24,267,246,111,3,96,21,3,26,3,6,0,4,4
"chr9.7",NA,NA,NA,NA,NA,NA,NA,NA,NA,NA,NA,NA,NA,NA,NA,NA,NA,NA,NA,NA,NA,NA,NA,NA,NA,NA,NA,NA,NA,NA,NA,NA,NA,NA,NA,NA,NA
"chr9.8",387,4,1629,12,98,338,223,26,2946,396,287,531,567,407,1138,294,75,135,24,35,3650,71,34,41,604,678,159,6,152,47,3,34,4,11,0,3,3
"chr9.9",412,10,1346,17,117,283,407,29,2926,767,332,643,732,551,1718,368,68,99,28,87,5995,127,19,32,869,835,210,8,199,49,5,39,3,19,0,6,8
"chr9.10",NA,NA,NA,NA,NA,NA,NA,NA,NA,NA,NA,NA,NA,NA,NA,NA,NA,NA,NA,NA,NA,NA,NA,NA,NA,NA,NA,NA,NA,NA,NA,NA,NA,NA,NA,NA,NA
"chr9.11",574,18,2312,33,124,428,504,37,5539,1084,543,633,436,593,1443,571,66,265,61,72,4937,209,63,61,828,1189,319,11,204,51,5,135,5,10,1,5,15
"chr9.12",579,25,2786,36,151,518,581,24,5430,1372,503,682,568,774,2086,497,77,240,80,64,3139,205,61,64,965,1128,259,7,218,44,4,108,0,22,1,7,20
"chr9.13",442,8,1787,17,106,398,367,28,3316,1169,309,502,382,467,1071,342,71,151,31,36,2701,204,44,36,651,686,180,11,156,29,4,72,3,13,4,3,11
"chr9.14",263,4,1282,11,97,303,197,26,3549,773,266,395,354,384,849,210,50,89,19,30,2888,134,21,32,557,480,146,6,128,30,2,36,2,18,2,2,3
"chr9.15",227,2,1226,9,108,271,127,21,2956,383,265,422,213,256,454,215,40,90,25,31,3275,77,24,30,377,398,131,5,141,24,3,40,0,4,1,4,9
"chr9.16",NA,NA,NA,NA,NA,NA,NA,NA,NA,NA,NA,NA,NA,NA,NA,NA,NA,NA,NA,NA,NA,NA,NA,NA,NA,NA,NA,NA,NA,NA,NA,NA,NA,NA,NA,NA,NA
"chr9.17",244,7,1262,18,95,253,191,24,3637,614,285,586,506,469,1290,270,58,165,16,32,1488,125,5,32,647,524,163,4,171,35,2,32,1,7,1,0,8
"chr9.18",262,5,1079,18,67,219,184,21,3184,587,297,570,362,453,1588,290,40,127,29,36,2264,112,11,27,716,530,164,3,129,31,3,66,4,10,0,4,3
"chr9.19",306,10,1104,14,102,269,167,18,2571,568,271,446,296,467,1262,239,48,123,15,25,2400,97,14,26,545,414,136,6,130,29,4,47,0,10,1,1,2
"chr9.20",303,7,1177,14,96,284,197,10,2517,271,259,447,296,333,555,201,61,119,20,40,2085,53,32,23,429,416,163,4,102,34,5,42,1,5,1,1,8
"chr9.21",237,8,1353,14,65,274,168,11,2368,289,253,354,225,296,432,164,49,83,26,34,2362,60,23,24,391,315,132,1,110,36,1,34,4,8,0,4,6
"chr9.22",294,7,1322,10,110,267,199,13,3494,293,248,453,289,301,379,162,61,150,80,23,2345,43,37,19,395,320,123,4,97,26,3,35,0,12,0,3,11
"chr9.23",518,6,884,26,130,256,214,21,4324,475,383,498,401,334,998,288,50,120,37,38,5007,79,34,44,638,574,125,3,111,42,4,55,1,16,1,2,7
"chr9.24",647,10,1361,15,178,389,241,43,4678,996,448,517,653,703,2123,424,87,195,43,48,8001,156,38,34,1018,1018,154,13,177,28,4,122,1,22,0,4,8
"chr9.25",604,35,2758,19,216,487,271,54,5164,1056,558,611,958,882,2393,517,134,218,43,55,8288,164,53,43,1154,1442,239,8,288,36,5,141,3,23,1,8,18
"chr9.26",465,25,2649,18,177,328,379,26,4814,921,481,485,733,627,2023,432,87,138,27,54,6112,207,58,28,1015,1160,164,13,211,44,4,86,0,11,1,9,8
"chr9.27",358,10,1791,7,118,345,318,17,3719,459,338,523,480,467,1490,303,94,105,26,42,4860,105,53,29,746,794,164,8,182,57,2,58,5,16,0,4,10
"chr9.28",313,8,1150,8,104,261,250,19,2831,410,242,536,322,259,509,193,94,138,22,25,2907,74,75,39,413,411,141,0,113,46,1,64,1,7,0,1,10
"chr9.29",438,18,2540,23,117,383,448,17,4717,909,387,652,599,689,1676,351,67,197,28,44,4308,173,43,38,832,762,194,4,174,41,1,85,2,7,0,5,9
"chr9.30",500,20,3018,31,167,485,565,26,5252,1268,489,708,713,846,2197,459,98,257,30,55,3644,197,37,52,1058,1096,238,8,271,52,1,78,3,12,1,6,20
"chr9.31",581,29,2651,29,152,505,494,52,5655,1212,544,656,547,721,1830,531,86,253,67,52,4702,171,68,56,967,1156,202,8,258,48,4,101,3,23,0,14,22
"chr9.32",327,17,1951,16,140,481,418,36,4605,843,354,557,551,542,1156,352,52,216,52,48,3130,107,41,41,786,789,161,6,168,38,1,76,6,13,1,3,17
"chr9.33",287,9,1094,16,90,317,317,25,3019,299,263,409,400,418,786,227,83,163,28,36,3149,63,27,26,477,583,150,4,109,32,2,43,1,13,1,4,8
"chr9.34",NA,NA,NA,NA,NA,NA,NA,NA,NA,NA,NA,NA,NA,NA,NA,NA,NA,NA,NA,NA,NA,NA,NA,NA,NA,NA,NA,NA,NA,NA,NA,NA,NA,NA,NA,NA,NA
"chr9.35",NA,NA,NA,NA,NA,NA,NA,NA,NA,NA,NA,NA,NA,NA,NA,NA,NA,NA,NA,NA,NA,NA,NA,NA,NA,NA,NA,NA,NA,NA,NA,NA,NA,NA,NA,NA,NA
"chr9.36",217,7,701,7,81,276,152,15,1991,226,232,430,147,293,256,210,61,118,17,27,1644,26,14,17,290,288,146,1,96,38,1,36,1,2,0,2,8
"chr9.37",248,5,889,10,83,269,171,15,2115,212,232,421,236,353,322,194,49,148,27,31,1888,31,31,23,327,360,149,2,114,33,2,46,1,6,0,1,3
"chr9.38",212,6,741,10,65,246,162,10,2143,1135,222,381,196,360,300,202,48,128,18,34,1646,77,15,20,316,324,178,3,103,45,3,44,2,5,0,2,6
"chr9.39",NA,NA,NA,NA,NA,NA,NA,NA,NA,NA,NA,NA,NA,NA,NA,NA,NA,NA,NA,NA,NA,NA,NA,NA,NA,NA,NA,NA,NA,NA,NA,NA,NA,NA,NA,NA,NA
"chr9.40",NA,NA,NA,NA,NA,NA,NA,NA,NA,NA,NA,NA,NA,NA,NA,NA,NA,NA,NA,NA,NA,NA,NA,NA,NA,NA,NA,NA,NA,NA,NA,NA,NA,NA,NA,NA,NA
"chr9.41",NA,NA,NA,NA,NA,NA,NA,NA,NA,NA,NA,NA,NA,NA,NA,NA,NA,NA,NA,NA,NA,NA,NA,NA,NA,NA,NA,NA,NA,NA,NA,NA,NA,NA,NA,NA,NA
"chr9.42",NA,NA,NA,NA,NA,NA,NA,NA,NA,NA,NA,NA,NA,NA,NA,NA,NA,NA,NA,NA,NA,NA,NA,NA,NA,NA,NA,NA,NA,NA,NA,NA,NA,NA,NA,NA,NA
"chr9.43",NA,NA,NA,NA,NA,NA,NA,NA,NA,NA,NA,NA,NA,NA,NA,NA,NA,NA,NA,NA,NA,NA,NA,NA,NA,NA,NA,NA,NA,NA,NA,NA,NA,NA,NA,NA,NA
"chr9.44",NA,NA,NA,NA,NA,NA,NA,NA,NA,NA,NA,NA,NA,NA,NA,NA,NA,NA,NA,NA,NA,NA,NA,NA,NA,NA,NA,NA,NA,NA,NA,NA,NA,NA,NA,NA,NA
"chr9.45",NA,NA,NA,NA,NA,NA,NA,NA,NA,NA,NA,NA,NA,NA,NA,NA,NA,NA,NA,NA,NA,NA,NA,NA,NA,NA,NA,NA,NA,NA,NA,NA,NA,NA,NA,NA,NA
"chr9.46",NA,NA,NA,NA,NA,NA,NA,NA,NA,NA,NA,NA,NA,NA,NA,NA,NA,NA,NA,NA,NA,NA,NA,NA,NA,NA,NA,NA,NA,NA,NA,NA,NA,NA,NA,NA,NA
"chr9.47",NA,NA,NA,NA,NA,NA,NA,NA,NA,NA,NA,NA,NA,NA,NA,NA,NA,NA,NA,NA,NA,NA,NA,NA,NA,NA,NA,NA,NA,NA,NA,NA,NA,NA,NA,NA,NA
"chr9.48",NA,NA,NA,NA,NA,NA,NA,NA,NA,NA,NA,NA,NA,NA,NA,NA,NA,NA,NA,NA,NA,NA,NA,NA,NA,NA,NA,NA,NA,NA,NA,NA,NA,NA,NA,NA,NA
"chr9.49",NA,NA,NA,NA,NA,NA,NA,NA,NA,NA,NA,NA,NA,NA,NA,NA,NA,NA,NA,NA,NA,NA,NA,NA,NA,NA,NA,NA,NA,NA,NA,NA,NA,NA,NA,NA,NA
"chr9.50",NA,NA,NA,NA,NA,NA,NA,NA,NA,NA,NA,NA,NA,NA,NA,NA,NA,NA,NA,NA,NA,NA,NA,NA,NA,NA,NA,NA,NA,NA,NA,NA,NA,NA,NA,NA,NA
"chr9.51",NA,NA,NA,NA,NA,NA,NA,NA,NA,NA,NA,NA,NA,NA,NA,NA,NA,NA,NA,NA,NA,NA,NA,NA,NA,NA,NA,NA,NA,NA,NA,NA,NA,NA,NA,NA,NA
"chr9.52",NA,NA,NA,NA,NA,NA,NA,NA,NA,NA,NA,NA,NA,NA,NA,NA,NA,NA,NA,NA,NA,NA,NA,NA,NA,NA,NA,NA,NA,NA,NA,NA,NA,NA,NA,NA,NA
"chr9.53",NA,NA,NA,NA,NA,NA,NA,NA,NA,NA,NA,NA,NA,NA,NA,NA,NA,NA,NA,NA,NA,NA,NA,NA,NA,NA,NA,NA,NA,NA,NA,NA,NA,NA,NA,NA,NA
"chr9.54",NA,NA,NA,NA,NA,NA,NA,NA,NA,NA,NA,NA,NA,NA,NA,NA,NA,NA,NA,NA,NA,NA,NA,NA,NA,NA,NA,NA,NA,NA,NA,NA,NA,NA,NA,NA,NA
"chr9.55",NA,NA,NA,NA,NA,NA,NA,NA,NA,NA,NA,NA,NA,NA,NA,NA,NA,NA,NA,NA,NA,NA,NA,NA,NA,NA,NA,NA,NA,NA,NA,NA,NA,NA,NA,NA,NA
"chr9.56",NA,NA,NA,NA,NA,NA,NA,NA,NA,NA,NA,NA,NA,NA,NA,NA,NA,NA,NA,NA,NA,NA,NA,NA,NA,NA,NA,NA,NA,NA,NA,NA,NA,NA,NA,NA,NA
"chr9.57",NA,NA,NA,NA,NA,NA,NA,NA,NA,NA,NA,NA,NA,NA,NA,NA,NA,NA,NA,NA,NA,NA,NA,NA,NA,NA,NA,NA,NA,NA,NA,NA,NA,NA,NA,NA,NA
"chr9.58",NA,NA,NA,NA,NA,NA,NA,NA,NA,NA,NA,NA,NA,NA,NA,NA,NA,NA,NA,NA,NA,NA,NA,NA,NA,NA,NA,NA,NA,NA,NA,NA,NA,NA,NA,NA,NA
"chr9.59",NA,NA,NA,NA,NA,NA,NA,NA,NA,NA,NA,NA,NA,NA,NA,NA,NA,NA,NA,NA,NA,NA,NA,NA,NA,NA,NA,NA,NA,NA,NA,NA,NA,NA,NA,NA,NA
"chr9.60",NA,NA,NA,NA,NA,NA,NA,NA,NA,NA,NA,NA,NA,NA,NA,NA,NA,NA,NA,NA,NA,NA,NA,NA,NA,NA,NA,NA,NA,NA,NA,NA,NA,NA,NA,NA,NA
"chr9.61",NA,NA,NA,NA,NA,NA,NA,NA,NA,NA,NA,NA,NA,NA,NA,NA,NA,NA,NA,NA,NA,NA,NA,NA,NA,NA,NA,NA,NA,NA,NA,NA,NA,NA,NA,NA,NA
"chr9.62",NA,NA,NA,NA,NA,NA,NA,NA,NA,NA,NA,NA,NA,NA,NA,NA,NA,NA,NA,NA,NA,NA,NA,NA,NA,NA,NA,NA,NA,NA,NA,NA,NA,NA,NA,NA,NA
"chr9.63",NA,NA,NA,NA,NA,NA,NA,NA,NA,NA,NA,NA,NA,NA,NA,NA,NA,NA,NA,NA,NA,NA,NA,NA,NA,NA,NA,NA,NA,NA,NA,NA,NA,NA,NA,NA,NA
"chr9.64",NA,NA,NA,NA,NA,NA,NA,NA,NA,NA,NA,NA,NA,NA,NA,NA,NA,NA,NA,NA,NA,NA,NA,NA,NA,NA,NA,NA,NA,NA,NA,NA,NA,NA,NA,NA,NA
"chr9.65",NA,NA,NA,NA,NA,NA,NA,NA,NA,NA,NA,NA,NA,NA,NA,NA,NA,NA,NA,NA,NA,NA,NA,NA,NA,NA,NA,NA,NA,NA,NA,NA,NA,NA,NA,NA,NA
"chr9.66",NA,NA,NA,NA,NA,NA,NA,NA,NA,NA,NA,NA,NA,NA,NA,NA,NA,NA,NA,NA,NA,NA,NA,NA,NA,NA,NA,NA,NA,NA,NA,NA,NA,NA,NA,NA,NA
"chr9.67",NA,NA,NA,NA,NA,NA,NA,NA,NA,NA,NA,NA,NA,NA,NA,NA,NA,NA,NA,NA,NA,NA,NA,NA,NA,NA,NA,NA,NA,NA,NA,NA,NA,NA,NA,NA,NA
"chr9.68",NA,NA,NA,NA,NA,NA,NA,NA,NA,NA,NA,NA,NA,NA,NA,NA,NA,NA,NA,NA,NA,NA,NA,NA,NA,NA,NA,NA,NA,NA,NA,NA,NA,NA,NA,NA,NA
"chr9.69",253,4,870,10,68,246,153,16,2250,251,186,373,174,264,273,229,62,155,48,26,2079,37,36,15,311,374,116,2,102,30,3,36,2,6,2,0,6
"chr9.70",NA,NA,NA,NA,NA,NA,NA,NA,NA,NA,NA,NA,NA,NA,NA,NA,NA,NA,NA,NA,NA,NA,NA,NA,NA,NA,NA,NA,NA,NA,NA,NA,NA,NA,NA,NA,NA
"chr9.71",343,13,866,20,115,293,193,31,3491,507,261,564,422,401,835,365,53,192,40,33,3216,85,46,25,473,751,144,5,116,28,5,52,3,9,0,4,9
"chr9.72",242,8,873,17,72,253,177,16,2523,391,251,442,289,274,284,250,52,189,21,32,2470,69,30,26,307,360,127,8,130,33,1,28,3,9,0,6,9
"chr9.73",315,11,1067,29,110,302,186,25,3442,739,299,563,433,460,814,236,86,153,35,26,3509,134,37,30,511,499,145,5,158,37,1,71,5,18,0,4,7
"chr9.74",496,18,1650,24,154,378,180,24,4664,679,409,654,645,788,2198,402,92,155,43,46,6111,135,54,33,854,760,180,13,240,43,5,86,4,10,0,5,10
"chr9.75",306,15,1217,30,97,299,182,17,3161,410,326,557,479,470,797,305,90,179,28,28,6196,73,51,27,453,572,152,10,153,50,4,52,1,9,0,3,11
"chr9.76",237,4,1255,23,101,239,182,13,2540,365,267,517,386,312,387,295,75,172,32,31,5947,74,19,30,322,451,137,3,131,31,1,35,3,11,0,0,4
"chr9.77",221,4,1134,13,71,245,166,11,2781,336,224,468,283,343,394,283,80,169,27,35,3662,65,21,16,314,537,122,3,141,36,1,53,2,16,0,3,5
"chr9.78",267,4,954,14,70,268,184,16,2864,362,232,438,359,496,797,220,67,181,36,31,2778,66,19,22,409,423,125,3,129,36,2,38,0,9,0,5,8
"chr9.79",424,2,1721,14,82,313,199,27,4361,327,405,481,610,682,1913,248,67,183,22,31,5415,59,46,32,792,532,138,4,211,34,3,70,2,10,0,4,15
"chr9.80",445,5,2246,34,156,295,189,32,5211,444,425,444,605,778,2392,365,68,194,25,45,4394,63,34,25,991,822,171,9,246,32,2,56,2,14,0,3,5
"chr9.81",304,5,1268,30,128,277,208,33,3740,594,305,432,471,498,1319,397,62,207,31,45,2092,86,14,33,584,819,176,5,185,36,3,48,1,18,0,3,9
"chr9.82",323,14,978,24,125,322,191,24,3494,598,228,426,437,559,975,334,68,188,28,29,2900,65,38,35,523,675,134,9,162,35,2,60,1,10,1,3,7
"chr9.83",220,8,1014,21,87,251,159,17,2968,410,271,380,291,298,537,292,43,177,40,40,2973,54,28,22,371,484,113,3,109,28,4,70,0,11,0,3,9
"chr9.84",NA,NA,NA,NA,NA,NA,NA,NA,NA,NA,NA,NA,NA,NA,NA,NA,NA,NA,NA,NA,NA,NA,NA,NA,NA,NA,NA,NA,NA,NA,NA,NA,NA,NA,NA,NA,NA
"chr9.85",251,2,1721,15,84,276,197,18,3018,392,286,412,394,384,495,196,66,158,42,31,2151,76,39,32,403,446,149,4,169,25,3,69,3,7,0,7,2
"chr9.86",NA,NA,NA,NA,NA,NA,NA,NA,NA,NA,NA,NA,NA,NA,NA,NA,NA,NA,NA,NA,NA,NA,NA,NA,NA,NA,NA,NA,NA,NA,NA,NA,NA,NA,NA,NA,NA
"chr9.87",253,12,1083,20,93,255,183,20,3650,569,234,471,340,361,645,275,63,151,21,24,1886,103,18,42,414,542,106,1,136,32,5,31,2,10,0,5,13
"chr9.88",NA,NA,NA,NA,NA,NA,NA,NA,NA,NA,NA,NA,NA,NA,NA,NA,NA,NA,NA,NA,NA,NA,NA,NA,NA,NA,NA,NA,NA,NA,NA,NA,NA,NA,NA,NA,NA
"chr9.89",228,4,887,13,112,253,135,18,2527,290,215,364,251,361,663,235,56,152,16,29,3083,52,19,19,391,397,97,2,123,25,3,38,2,14,1,2,5
"chr9.90",NA,NA,NA,NA,NA,NA,NA,NA,NA,NA,NA,NA,NA,NA,NA,NA,NA,NA,NA,NA,NA,NA,NA,NA,NA,NA,NA,NA,NA,NA,NA,NA,NA,NA,NA,NA,NA
"chr9.91",208,12,871,14,91,242,153,11,2841,190,227,396,282,294,325,209,72,210,30,38,3016,43,44,18,338,366,140,7,145,25,1,58,0,13,1,2,8
"chr9.92",227,5,915,12,66,254,164,15,2526,183,213,374,286,320,380,211,54,166,18,46,2560,60,21,17,342,356,134,1,127,37,1,32,3,2,0,1,7
"chr9.93",188,10,854,14,56,243,155,30,1910,192,193,370,244,315,276,221,54,156,26,30,1839,40,25,25,329,271,132,3,113,25,1,38,2,1,0,3,6
"chr9.94",NA,NA,NA,NA,NA,NA,NA,NA,NA,NA,NA,NA,NA,NA,NA,NA,NA,NA,NA,NA,NA,NA,NA,NA,NA,NA,NA,NA,NA,NA,NA,NA,NA,NA,NA,NA,NA
"chr9.95",214,5,787,14,80,318,165,23,2024,194,232,403,210,320,333,216,50,171,19,41,1410,31,23,23,307,328,164,2,97,24,3,33,3,8,0,2,7
"chr9.96",246,3,872,17,89,261,164,15,2411,264,238,390,272,340,321,222,55,157,25,22,1659,51,18,23,309,372,141,4,119,39,3,25,3,10,1,3,2
"chr9.97",NA,NA,NA,NA,NA,NA,NA,NA,NA,NA,NA,NA,NA,NA,NA,NA,NA,NA,NA,NA,NA,NA,NA,NA,NA,NA,NA,NA,NA,NA,NA,NA,NA,NA,NA,NA,NA
"chr9.98",231,3,746,11,80,246,145,18,2375,201,219,360,247,300,362,202,40,181,24,41,2043,54,38,30,319,272,123,6,112,30,1,47,3,8,0,3,4
"chr9.99",282,4,958,12,84,267,189,18,3123,208,284,448,397,425,836,207,50,202,26,41,2299,33,18,23,451,575,121,1,133,47,1,26,3,9,1,4,7
"chr9.100",194,3,834,6,74,245,136,11,2939,238,264,394,237,322,548,208,34,151,13,28,1539,29,20,23,428,407,113,1,121,33,5,40,3,5,0,4,3
"chr9.101",370,2,906,16,77,263,200,25,3306,409,303,538,354,413,742,331,50,191,50,49,6225,71,48,28,440,597,142,3,142,22,4,86,1,15,2,8,9
"chr9.102",541,15,1204,25,124,302,212,35,4186,784,453,694,785,736,2025,547,90,323,50,52,9012,114,44,41,762,1121,179,12,191,36,6,115,3,10,0,7,14
"chr9.103",612,9,2250,32,126,417,287,41,5401,1143,437,703,790,861,2515,579,103,384,51,69,8852,196,62,35,1033,1166,182,8,208,41,4,131,3,22,1,6,13
"chr9.104",408,14,1478,25,97,386,256,25,3852,604,313,611,527,672,1798,365,81,276,50,61,7774,116,49,26,776,706,150,6,222,39,6,90,1,12,1,2,11
"chr9.105",244,5,762,13,77,226,185,12,2655,288,232,373,259,317,373,162,46,117,15,37,1866,35,24,13,335,339,95,6,125,38,3,40,4,6,2,2,7
"chr9.106",306,3,1048,8,89,258,219,22,3611,515,284,369,570,590,1356,293,40,159,30,45,2056,64,27,23,616,540,116,0,165,27,4,42,2,9,0,2,8
"chr9.107",283,4,974,18,97,283,157,15,2737,420,242,390,366,355,455,237,75,172,24,22,1869,46,34,33,358,441,113,5,129,27,6,48,1,11,0,1,8
"chr9.108",280,5,1103,19,104,232,146,23,2603,558,257,393,468,295,275,199,67,157,27,41,2327,63,20,24,268,437,105,7,137,40,0,37,1,12,0,3,4
"chr9.109",228,3,786,10,75,256,152,9,2302,260,223,368,245,302,305,168,45,214,20,27,1988,61,14,29,318,242,112,1,114,20,0,31,1,4,0,2,9
"chr9.110",264,9,828,19,78,232,179,13,2789,314,223,395,241,324,607,267,56,239,14,44,2516,46,18,18,397,345,121,0,116,29,0,27,0,6,0,1,7
"chr9.111",223,8,1141,23,81,253,149,18,2973,381,231,373,254,340,538,223,67,168,21,33,4592,67,15,18,376,346,112,2,140,33,4,24,1,6,0,1,8
"chr9.112",207,2,737,7,52,247,144,17,2103,169,244,318,130,269,256,188,39,164,17,26,1283,45,30,20,240,216,128,1,114,24,1,15,5,9,0,3,6
"chr9.113",NA,NA,NA,NA,NA,NA,NA,NA,NA,NA,NA,NA,NA,NA,NA,NA,NA,NA,NA,NA,NA,NA,NA,NA,NA,NA,NA,NA,NA,NA,NA,NA,NA,NA,NA,NA,NA
"chr9.114",259,3,686,15,72,262,140,17,2411,231,195,345,248,269,307,219,45,178,21,37,2037,53,25,19,370,344,118,5,117,35,0,25,2,7,1,5,4
"chr9.115",267,12,1090,19,104,279,147,18,3180,248,242,432,275,359,521,175,51,191,16,22,4522,60,30,31,399,353,153,5,102,38,1,24,0,13,1,7,4
"chr9.116",314,3,1236,31,101,263,189,26,3953,512,279,523,407,629,1496,270,60,173,29,37,5842,77,26,22,721,544,165,10,144,42,5,27,2,11,1,2,5
"chr9.117",452,7,1463,10,114,301,167,39,3529,434,329,504,949,792,2170,360,53,167,31,34,8655,73,43,27,913,923,149,7,226,23,4,66,2,16,1,3,10
"chr9.118",562,8,1386,19,115,262,222,48,3948,701,418,594,1113,855,2299,584,63,180,69,49,7138,83,51,30,1111,1522,168,5,247,46,6,100,0,19,0,4,11
"chr9.119",506,7,1907,26,115,257,238,17,4809,744,366,605,766,864,2490,535,54,198,49,50,9521,127,54,26,1191,1444,189,5,256,44,5,97,2,19,0,2,7
"chr9.120",321,5,1160,14,102,263,197,23,3173,339,292,449,473,609,1446,299,43,204,32,44,6046,65,30,20,630,657,151,9,130,29,1,62,4,10,0,1,6
"chr9.121",196,8,805,5,61,229,145,11,2200,195,191,347,168,263,284,165,42,167,17,20,1239,38,9,16,304,215,129,3,113,50,1,22,1,7,0,0,9
"chr9.122",206,10,787,14,95,247,139,17,2268,209,209,351,276,319,310,185,51,192,26,33,2447,40,20,25,335,303,130,6,123,31,3,36,4,8,0,2,4
"chr9.123",179,4,790,10,80,261,150,15,2010,198,205,356,231,289,380,184,48,173,15,40,2290,32,15,16,352,308,115,3,107,18,2,29,1,4,0,4,3
"chr9.124",243,8,818,11,67,281,169,23,2093,209,224,380,277,307,323,197,51,173,23,34,1682,38,22,20,306,323,129,1,125,26,2,31,1,7,0,4,5
"chr9.125",182,3,763,12,50,231,184,20,1799,174,258,422,197,276,340,192,50,166,15,35,1257,36,40,23,301,241,136,3,104,28,1,17,3,6,1,1,2
"chr9.126",245,3,869,12,83,300,177,26,2736,260,278,395,298,395,466,226,52,160,20,40,2456,40,23,22,362,424,129,6,130,37,3,36,1,7,0,8,6
"chr9.127",174,3,729,3,92,253,156,19,1815,185,183,365,230,297,283,206,44,176,18,26,1505,34,18,14,347,285,111,4,107,33,2,32,2,3,0,4,4
"chr9.128",NA,NA,NA,NA,NA,NA,NA,NA,NA,NA,NA,NA,NA,NA,NA,NA,NA,NA,NA,NA,NA,NA,NA,NA,NA,NA,NA,NA,NA,NA,NA,NA,NA,NA,NA,NA,NA
"chr9.129",NA,NA,NA,NA,NA,NA,NA,NA,NA,NA,NA,NA,NA,NA,NA,NA,NA,NA,NA,NA,NA,NA,NA,NA,NA,NA,NA,NA,NA,NA,NA,NA,NA,NA,NA,NA,NA
"chr9.130",NA,NA,NA,NA,NA,NA,NA,NA,NA,NA,NA,NA,NA,NA,NA,NA,NA,NA,NA,NA,NA,NA,NA,NA,NA,NA,NA,NA,NA,NA,NA,NA,NA,NA,NA,NA,NA
"chr9.131",245,3,734,21,84,299,155,28,1848,216,230,385,241,333,308,193,46,168,15,45,1715,36,16,20,348,344,130,3,117,25,2,38,2,10,0,4,3
"chr9.132",229,5,875,10,85,289,176,14,2090,219,247,385,267,352,356,233,53,195,9,22,1929,41,23,16,366,349,146,1,125,46,2,33,1,13,1,2,3
"chr9.133",215,7,821,7,79,271,176,21,1856,171,224,441,239,351,339,220,64,182,21,35,2172,32,51,35,290,337,120,2,92,28,1,49,2,7,0,1,3
"chr9.134",NA,NA,NA,NA,NA,NA,NA,NA,NA,NA,NA,NA,NA,NA,NA,NA,NA,NA,NA,NA,NA,NA,NA,NA,NA,NA,NA,NA,NA,NA,NA,NA,NA,NA,NA,NA,NA
"chr9.135",360,8,1100,18,115,388,253,30,2701,344,313,488,420,724,941,242,65,256,25,39,3976,61,48,43,528,583,169,9,166,31,5,43,3,12,1,8,6
"chr9.136",NA,NA,NA,NA,NA,NA,NA,NA,NA,NA,NA,NA,NA,NA,NA,NA,NA,NA,NA,NA,NA,NA,NA,NA,NA,NA,NA,NA,NA,NA,NA,NA,NA,NA,NA,NA,NA
"chr9.137",311,4,546,15,98,261,165,19,1001,189,204,384,213,337,343,236,74,210,21,35,1745,34,24,27,379,350,159,6,128,39,3,42,0,11,1,2,8
"chrX.1",NA,NA,NA,NA,NA,NA,NA,NA,NA,NA,NA,NA,NA,NA,NA,NA,NA,NA,NA,NA,NA,NA,NA,NA,NA,NA,NA,NA,NA,NA,NA,NA,NA,NA,NA,NA,NA
"chrX.2",NA,NA,NA,NA,NA,NA,NA,NA,NA,NA,NA,NA,NA,NA,NA,NA,NA,NA,NA,NA,NA,NA,NA,NA,NA,NA,NA,NA,NA,NA,NA,NA,NA,NA,NA,NA,NA
"chrX.3",NA,NA,NA,NA,NA,NA,NA,NA,NA,NA,NA,NA,NA,NA,NA,NA,NA,NA,NA,NA,NA,NA,NA,NA,NA,NA,NA,NA,NA,NA,NA,NA,NA,NA,NA,NA,NA
"chrX.4",NA,NA,NA,NA,NA,NA,NA,NA,NA,NA,NA,NA,NA,NA,NA,NA,NA,NA,NA,NA,NA,NA,NA,NA,NA,NA,NA,NA,NA,NA,NA,NA,NA,NA,NA,NA,NA
"chrX.5",NA,NA,NA,NA,NA,NA,NA,NA,NA,NA,NA,NA,NA,NA,NA,NA,NA,NA,NA,NA,NA,NA,NA,NA,NA,NA,NA,NA,NA,NA,NA,NA,NA,NA,NA,NA,NA
"chrX.6",NA,NA,NA,NA,NA,NA,NA,NA,NA,NA,NA,NA,NA,NA,NA,NA,NA,NA,NA,NA,NA,NA,NA,NA,NA,NA,NA,NA,NA,NA,NA,NA,NA,NA,NA,NA,NA
"chrX.7",NA,NA,NA,NA,NA,NA,NA,NA,NA,NA,NA,NA,NA,NA,NA,NA,NA,NA,NA,NA,NA,NA,NA,NA,NA,NA,NA,NA,NA,NA,NA,NA,NA,NA,NA,NA,NA
"chrX.8",NA,NA,NA,NA,NA,NA,NA,NA,NA,NA,NA,NA,NA,NA,NA,NA,NA,NA,NA,NA,NA,NA,NA,NA,NA,NA,NA,NA,NA,NA,NA,NA,NA,NA,NA,NA,NA
"chrX.9",NA,NA,NA,NA,NA,NA,NA,NA,NA,NA,NA,NA,NA,NA,NA,NA,NA,NA,NA,NA,NA,NA,NA,NA,NA,NA,NA,NA,NA,NA,NA,NA,NA,NA,NA,NA,NA
"chrX.10",NA,NA,NA,NA,NA,NA,NA,NA,NA,NA,NA,NA,NA,NA,NA,NA,NA,NA,NA,NA,NA,NA,NA,NA,NA,NA,NA,NA,NA,NA,NA,NA,NA,NA,NA,NA,NA
"chrX.11",NA,NA,NA,NA,NA,NA,NA,NA,NA,NA,NA,NA,NA,NA,NA,NA,NA,NA,NA,NA,NA,NA,NA,NA,NA,NA,NA,NA,NA,NA,NA,NA,NA,NA,NA,NA,NA
"chrX.12",NA,NA,NA,NA,NA,NA,NA,NA,NA,NA,NA,NA,NA,NA,NA,NA,NA,NA,NA,NA,NA,NA,NA,NA,NA,NA,NA,NA,NA,NA,NA,NA,NA,NA,NA,NA,NA
"chrX.13",NA,NA,NA,NA,NA,NA,NA,NA,NA,NA,NA,NA,NA,NA,NA,NA,NA,NA,NA,NA,NA,NA,NA,NA,NA,NA,NA,NA,NA,NA,NA,NA,NA,NA,NA,NA,NA
"chrX.14",NA,NA,NA,NA,NA,NA,NA,NA,NA,NA,NA,NA,NA,NA,NA,NA,NA,NA,NA,NA,NA,NA,NA,NA,NA,NA,NA,NA,NA,NA,NA,NA,NA,NA,NA,NA,NA
"chrX.15",NA,NA,NA,NA,NA,NA,NA,NA,NA,NA,NA,NA,NA,NA,NA,NA,NA,NA,NA,NA,NA,NA,NA,NA,NA,NA,NA,NA,NA,NA,NA,NA,NA,NA,NA,NA,NA
"chrX.16",NA,NA,NA,NA,NA,NA,NA,NA,NA,NA,NA,NA,NA,NA,NA,NA,NA,NA,NA,NA,NA,NA,NA,NA,NA,NA,NA,NA,NA,NA,NA,NA,NA,NA,NA,NA,NA
"chrX.17",NA,NA,NA,NA,NA,NA,NA,NA,NA,NA,NA,NA,NA,NA,NA,NA,NA,NA,NA,NA,NA,NA,NA,NA,NA,NA,NA,NA,NA,NA,NA,NA,NA,NA,NA,NA,NA
"chrX.18",NA,NA,NA,NA,NA,NA,NA,NA,NA,NA,NA,NA,NA,NA,NA,NA,NA,NA,NA,NA,NA,NA,NA,NA,NA,NA,NA,NA,NA,NA,NA,NA,NA,NA,NA,NA,NA
"chrX.19",NA,NA,NA,NA,NA,NA,NA,NA,NA,NA,NA,NA,NA,NA,NA,NA,NA,NA,NA,NA,NA,NA,NA,NA,NA,NA,NA,NA,NA,NA,NA,NA,NA,NA,NA,NA,NA
"chrX.20",NA,NA,NA,NA,NA,NA,NA,NA,NA,NA,NA,NA,NA,NA,NA,NA,NA,NA,NA,NA,NA,NA,NA,NA,NA,NA,NA,NA,NA,NA,NA,NA,NA,NA,NA,NA,NA
"chrX.21",NA,NA,NA,NA,NA,NA,NA,NA,NA,NA,NA,NA,NA,NA,NA,NA,NA,NA,NA,NA,NA,NA,NA,NA,NA,NA,NA,NA,NA,NA,NA,NA,NA,NA,NA,NA,NA
"chrX.22",NA,NA,NA,NA,NA,NA,NA,NA,NA,NA,NA,NA,NA,NA,NA,NA,NA,NA,NA,NA,NA,NA,NA,NA,NA,NA,NA,NA,NA,NA,NA,NA,NA,NA,NA,NA,NA
"chrX.23",NA,NA,NA,NA,NA,NA,NA,NA,NA,NA,NA,NA,NA,NA,NA,NA,NA,NA,NA,NA,NA,NA,NA,NA,NA,NA,NA,NA,NA,NA,NA,NA,NA,NA,NA,NA,NA
"chrX.24",NA,NA,NA,NA,NA,NA,NA,NA,NA,NA,NA,NA,NA,NA,NA,NA,NA,NA,NA,NA,NA,NA,NA,NA,NA,NA,NA,NA,NA,NA,NA,NA,NA,NA,NA,NA,NA
"chrX.25",NA,NA,NA,NA,NA,NA,NA,NA,NA,NA,NA,NA,NA,NA,NA,NA,NA,NA,NA,NA,NA,NA,NA,NA,NA,NA,NA,NA,NA,NA,NA,NA,NA,NA,NA,NA,NA
"chrX.26",NA,NA,NA,NA,NA,NA,NA,NA,NA,NA,NA,NA,NA,NA,NA,NA,NA,NA,NA,NA,NA,NA,NA,NA,NA,NA,NA,NA,NA,NA,NA,NA,NA,NA,NA,NA,NA
"chrX.27",NA,NA,NA,NA,NA,NA,NA,NA,NA,NA,NA,NA,NA,NA,NA,NA,NA,NA,NA,NA,NA,NA,NA,NA,NA,NA,NA,NA,NA,NA,NA,NA,NA,NA,NA,NA,NA
"chrX.28",NA,NA,NA,NA,NA,NA,NA,NA,NA,NA,NA,NA,NA,NA,NA,NA,NA,NA,NA,NA,NA,NA,NA,NA,NA,NA,NA,NA,NA,NA,NA,NA,NA,NA,NA,NA,NA
"chrX.29",NA,NA,NA,NA,NA,NA,NA,NA,NA,NA,NA,NA,NA,NA,NA,NA,NA,NA,NA,NA,NA,NA,NA,NA,NA,NA,NA,NA,NA,NA,NA,NA,NA,NA,NA,NA,NA
"chrX.30",NA,NA,NA,NA,NA,NA,NA,NA,NA,NA,NA,NA,NA,NA,NA,NA,NA,NA,NA,NA,NA,NA,NA,NA,NA,NA,NA,NA,NA,NA,NA,NA,NA,NA,NA,NA,NA
"chrX.31",NA,NA,NA,NA,NA,NA,NA,NA,NA,NA,NA,NA,NA,NA,NA,NA,NA,NA,NA,NA,NA,NA,NA,NA,NA,NA,NA,NA,NA,NA,NA,NA,NA,NA,NA,NA,NA
"chrX.32",NA,NA,NA,NA,NA,NA,NA,NA,NA,NA,NA,NA,NA,NA,NA,NA,NA,NA,NA,NA,NA,NA,NA,NA,NA,NA,NA,NA,NA,NA,NA,NA,NA,NA,NA,NA,NA
"chrX.33",NA,NA,NA,NA,NA,NA,NA,NA,NA,NA,NA,NA,NA,NA,NA,NA,NA,NA,NA,NA,NA,NA,NA,NA,NA,NA,NA,NA,NA,NA,NA,NA,NA,NA,NA,NA,NA
"chrX.34",NA,NA,NA,NA,NA,NA,NA,NA,NA,NA,NA,NA,NA,NA,NA,NA,NA,NA,NA,NA,NA,NA,NA,NA,NA,NA,NA,NA,NA,NA,NA,NA,NA,NA,NA,NA,NA
"chrX.35",NA,NA,NA,NA,NA,NA,NA,NA,NA,NA,NA,NA,NA,NA,NA,NA,NA,NA,NA,NA,NA,NA,NA,NA,NA,NA,NA,NA,NA,NA,NA,NA,NA,NA,NA,NA,NA
"chrX.36",NA,NA,NA,NA,NA,NA,NA,NA,NA,NA,NA,NA,NA,NA,NA,NA,NA,NA,NA,NA,NA,NA,NA,NA,NA,NA,NA,NA,NA,NA,NA,NA,NA,NA,NA,NA,NA
"chrX.37",NA,NA,NA,NA,NA,NA,NA,NA,NA,NA,NA,NA,NA,NA,NA,NA,NA,NA,NA,NA,NA,NA,NA,NA,NA,NA,NA,NA,NA,NA,NA,NA,NA,NA,NA,NA,NA
"chrX.38",NA,NA,NA,NA,NA,NA,NA,NA,NA,NA,NA,NA,NA,NA,NA,NA,NA,NA,NA,NA,NA,NA,NA,NA,NA,NA,NA,NA,NA,NA,NA,NA,NA,NA,NA,NA,NA
"chrX.39",NA,NA,NA,NA,NA,NA,NA,NA,NA,NA,NA,NA,NA,NA,NA,NA,NA,NA,NA,NA,NA,NA,NA,NA,NA,NA,NA,NA,NA,NA,NA,NA,NA,NA,NA,NA,NA
"chrX.40",NA,NA,NA,NA,NA,NA,NA,NA,NA,NA,NA,NA,NA,NA,NA,NA,NA,NA,NA,NA,NA,NA,NA,NA,NA,NA,NA,NA,NA,NA,NA,NA,NA,NA,NA,NA,NA
"chrX.41",NA,NA,NA,NA,NA,NA,NA,NA,NA,NA,NA,NA,NA,NA,NA,NA,NA,NA,NA,NA,NA,NA,NA,NA,NA,NA,NA,NA,NA,NA,NA,NA,NA,NA,NA,NA,NA
"chrX.42",NA,NA,NA,NA,NA,NA,NA,NA,NA,NA,NA,NA,NA,NA,NA,NA,NA,NA,NA,NA,NA,NA,NA,NA,NA,NA,NA,NA,NA,NA,NA,NA,NA,NA,NA,NA,NA
"chrX.43",NA,NA,NA,NA,NA,NA,NA,NA,NA,NA,NA,NA,NA,NA,NA,NA,NA,NA,NA,NA,NA,NA,NA,NA,NA,NA,NA,NA,NA,NA,NA,NA,NA,NA,NA,NA,NA
"chrX.44",NA,NA,NA,NA,NA,NA,NA,NA,NA,NA,NA,NA,NA,NA,NA,NA,NA,NA,NA,NA,NA,NA,NA,NA,NA,NA,NA,NA,NA,NA,NA,NA,NA,NA,NA,NA,NA
"chrX.45",NA,NA,NA,NA,NA,NA,NA,NA,NA,NA,NA,NA,NA,NA,NA,NA,NA,NA,NA,NA,NA,NA,NA,NA,NA,NA,NA,NA,NA,NA,NA,NA,NA,NA,NA,NA,NA
"chrX.46",NA,NA,NA,NA,NA,NA,NA,NA,NA,NA,NA,NA,NA,NA,NA,NA,NA,NA,NA,NA,NA,NA,NA,NA,NA,NA,NA,NA,NA,NA,NA,NA,NA,NA,NA,NA,NA
"chrX.47",NA,NA,NA,NA,NA,NA,NA,NA,NA,NA,NA,NA,NA,NA,NA,NA,NA,NA,NA,NA,NA,NA,NA,NA,NA,NA,NA,NA,NA,NA,NA,NA,NA,NA,NA,NA,NA
"chrX.48",NA,NA,NA,NA,NA,NA,NA,NA,NA,NA,NA,NA,NA,NA,NA,NA,NA,NA,NA,NA,NA,NA,NA,NA,NA,NA,NA,NA,NA,NA,NA,NA,NA,NA,NA,NA,NA
"chrX.49",NA,NA,NA,NA,NA,NA,NA,NA,NA,NA,NA,NA,NA,NA,NA,NA,NA,NA,NA,NA,NA,NA,NA,NA,NA,NA,NA,NA,NA,NA,NA,NA,NA,NA,NA,NA,NA
"chrX.50",NA,NA,NA,NA,NA,NA,NA,NA,NA,NA,NA,NA,NA,NA,NA,NA,NA,NA,NA,NA,NA,NA,NA,NA,NA,NA,NA,NA,NA,NA,NA,NA,NA,NA,NA,NA,NA
"chrX.51",NA,NA,NA,NA,NA,NA,NA,NA,NA,NA,NA,NA,NA,NA,NA,NA,NA,NA,NA,NA,NA,NA,NA,NA,NA,NA,NA,NA,NA,NA,NA,NA,NA,NA,NA,NA,NA
"chrX.52",NA,NA,NA,NA,NA,NA,NA,NA,NA,NA,NA,NA,NA,NA,NA,NA,NA,NA,NA,NA,NA,NA,NA,NA,NA,NA,NA,NA,NA,NA,NA,NA,NA,NA,NA,NA,NA
"chrX.53",NA,NA,NA,NA,NA,NA,NA,NA,NA,NA,NA,NA,NA,NA,NA,NA,NA,NA,NA,NA,NA,NA,NA,NA,NA,NA,NA,NA,NA,NA,NA,NA,NA,NA,NA,NA,NA
"chrX.54",NA,NA,NA,NA,NA,NA,NA,NA,NA,NA,NA,NA,NA,NA,NA,NA,NA,NA,NA,NA,NA,NA,NA,NA,NA,NA,NA,NA,NA,NA,NA,NA,NA,NA,NA,NA,NA
"chrX.55",NA,NA,NA,NA,NA,NA,NA,NA,NA,NA,NA,NA,NA,NA,NA,NA,NA,NA,NA,NA,NA,NA,NA,NA,NA,NA,NA,NA,NA,NA,NA,NA,NA,NA,NA,NA,NA
"chrX.56",NA,NA,NA,NA,NA,NA,NA,NA,NA,NA,NA,NA,NA,NA,NA,NA,NA,NA,NA,NA,NA,NA,NA,NA,NA,NA,NA,NA,NA,NA,NA,NA,NA,NA,NA,NA,NA
"chrX.57",NA,NA,NA,NA,NA,NA,NA,NA,NA,NA,NA,NA,NA,NA,NA,NA,NA,NA,NA,NA,NA,NA,NA,NA,NA,NA,NA,NA,NA,NA,NA,NA,NA,NA,NA,NA,NA
"chrX.58",NA,NA,NA,NA,NA,NA,NA,NA,NA,NA,NA,NA,NA,NA,NA,NA,NA,NA,NA,NA,NA,NA,NA,NA,NA,NA,NA,NA,NA,NA,NA,NA,NA,NA,NA,NA,NA
"chrX.59",NA,NA,NA,NA,NA,NA,NA,NA,NA,NA,NA,NA,NA,NA,NA,NA,NA,NA,NA,NA,NA,NA,NA,NA,NA,NA,NA,NA,NA,NA,NA,NA,NA,NA,NA,NA,NA
"chrX.60",NA,NA,NA,NA,NA,NA,NA,NA,NA,NA,NA,NA,NA,NA,NA,NA,NA,NA,NA,NA,NA,NA,NA,NA,NA,NA,NA,NA,NA,NA,NA,NA,NA,NA,NA,NA,NA
"chrX.61",NA,NA,NA,NA,NA,NA,NA,NA,NA,NA,NA,NA,NA,NA,NA,NA,NA,NA,NA,NA,NA,NA,NA,NA,NA,NA,NA,NA,NA,NA,NA,NA,NA,NA,NA,NA,NA
"chrX.62",NA,NA,NA,NA,NA,NA,NA,NA,NA,NA,NA,NA,NA,NA,NA,NA,NA,NA,NA,NA,NA,NA,NA,NA,NA,NA,NA,NA,NA,NA,NA,NA,NA,NA,NA,NA,NA
"chrX.63",NA,NA,NA,NA,NA,NA,NA,NA,NA,NA,NA,NA,NA,NA,NA,NA,NA,NA,NA,NA,NA,NA,NA,NA,NA,NA,NA,NA,NA,NA,NA,NA,NA,NA,NA,NA,NA
"chrX.64",NA,NA,NA,NA,NA,NA,NA,NA,NA,NA,NA,NA,NA,NA,NA,NA,NA,NA,NA,NA,NA,NA,NA,NA,NA,NA,NA,NA,NA,NA,NA,NA,NA,NA,NA,NA,NA
"chrX.65",NA,NA,NA,NA,NA,NA,NA,NA,NA,NA,NA,NA,NA,NA,NA,NA,NA,NA,NA,NA,NA,NA,NA,NA,NA,NA,NA,NA,NA,NA,NA,NA,NA,NA,NA,NA,NA
"chrX.66",NA,NA,NA,NA,NA,NA,NA,NA,NA,NA,NA,NA,NA,NA,NA,NA,NA,NA,NA,NA,NA,NA,NA,NA,NA,NA,NA,NA,NA,NA,NA,NA,NA,NA,NA,NA,NA
"chrX.67",NA,NA,NA,NA,NA,NA,NA,NA,NA,NA,NA,NA,NA,NA,NA,NA,NA,NA,NA,NA,NA,NA,NA,NA,NA,NA,NA,NA,NA,NA,NA,NA,NA,NA,NA,NA,NA
"chrX.68",NA,NA,NA,NA,NA,NA,NA,NA,NA,NA,NA,NA,NA,NA,NA,NA,NA,NA,NA,NA,NA,NA,NA,NA,NA,NA,NA,NA,NA,NA,NA,NA,NA,NA,NA,NA,NA
"chrX.69",NA,NA,NA,NA,NA,NA,NA,NA,NA,NA,NA,NA,NA,NA,NA,NA,NA,NA,NA,NA,NA,NA,NA,NA,NA,NA,NA,NA,NA,NA,NA,NA,NA,NA,NA,NA,NA
"chrX.70",NA,NA,NA,NA,NA,NA,NA,NA,NA,NA,NA,NA,NA,NA,NA,NA,NA,NA,NA,NA,NA,NA,NA,NA,NA,NA,NA,NA,NA,NA,NA,NA,NA,NA,NA,NA,NA
"chrX.71",NA,NA,NA,NA,NA,NA,NA,NA,NA,NA,NA,NA,NA,NA,NA,NA,NA,NA,NA,NA,NA,NA,NA,NA,NA,NA,NA,NA,NA,NA,NA,NA,NA,NA,NA,NA,NA
"chrX.72",NA,NA,NA,NA,NA,NA,NA,NA,NA,NA,NA,NA,NA,NA,NA,NA,NA,NA,NA,NA,NA,NA,NA,NA,NA,NA,NA,NA,NA,NA,NA,NA,NA,NA,NA,NA,NA
"chrX.73",NA,NA,NA,NA,NA,NA,NA,NA,NA,NA,NA,NA,NA,NA,NA,NA,NA,NA,NA,NA,NA,NA,NA,NA,NA,NA,NA,NA,NA,NA,NA,NA,NA,NA,NA,NA,NA
"chrX.74",NA,NA,NA,NA,NA,NA,NA,NA,NA,NA,NA,NA,NA,NA,NA,NA,NA,NA,NA,NA,NA,NA,NA,NA,NA,NA,NA,NA,NA,NA,NA,NA,NA,NA,NA,NA,NA
"chrX.75",NA,NA,NA,NA,NA,NA,NA,NA,NA,NA,NA,NA,NA,NA,NA,NA,NA,NA,NA,NA,NA,NA,NA,NA,NA,NA,NA,NA,NA,NA,NA,NA,NA,NA,NA,NA,NA
"chrX.76",NA,NA,NA,NA,NA,NA,NA,NA,NA,NA,NA,NA,NA,NA,NA,NA,NA,NA,NA,NA,NA,NA,NA,NA,NA,NA,NA,NA,NA,NA,NA,NA,NA,NA,NA,NA,NA
"chrX.77",NA,NA,NA,NA,NA,NA,NA,NA,NA,NA,NA,NA,NA,NA,NA,NA,NA,NA,NA,NA,NA,NA,NA,NA,NA,NA,NA,NA,NA,NA,NA,NA,NA,NA,NA,NA,NA
"chrX.78",NA,NA,NA,NA,NA,NA,NA,NA,NA,NA,NA,NA,NA,NA,NA,NA,NA,NA,NA,NA,NA,NA,NA,NA,NA,NA,NA,NA,NA,NA,NA,NA,NA,NA,NA,NA,NA
"chrX.79",NA,NA,NA,NA,NA,NA,NA,NA,NA,NA,NA,NA,NA,NA,NA,NA,NA,NA,NA,NA,NA,NA,NA,NA,NA,NA,NA,NA,NA,NA,NA,NA,NA,NA,NA,NA,NA
"chrX.80",NA,NA,NA,NA,NA,NA,NA,NA,NA,NA,NA,NA,NA,NA,NA,NA,NA,NA,NA,NA,NA,NA,NA,NA,NA,NA,NA,NA,NA,NA,NA,NA,NA,NA,NA,NA,NA
"chrX.81",NA,NA,NA,NA,NA,NA,NA,NA,NA,NA,NA,NA,NA,NA,NA,NA,NA,NA,NA,NA,NA,NA,NA,NA,NA,NA,NA,NA,NA,NA,NA,NA,NA,NA,NA,NA,NA
"chrX.82",NA,NA,NA,NA,NA,NA,NA,NA,NA,NA,NA,NA,NA,NA,NA,NA,NA,NA,NA,NA,NA,NA,NA,NA,NA,NA,NA,NA,NA,NA,NA,NA,NA,NA,NA,NA,NA
"chrX.83",NA,NA,NA,NA,NA,NA,NA,NA,NA,NA,NA,NA,NA,NA,NA,NA,NA,NA,NA,NA,NA,NA,NA,NA,NA,NA,NA,NA,NA,NA,NA,NA,NA,NA,NA,NA,NA
"chrX.84",NA,NA,NA,NA,NA,NA,NA,NA,NA,NA,NA,NA,NA,NA,NA,NA,NA,NA,NA,NA,NA,NA,NA,NA,NA,NA,NA,NA,NA,NA,NA,NA,NA,NA,NA,NA,NA
"chrX.85",NA,NA,NA,NA,NA,NA,NA,NA,NA,NA,NA,NA,NA,NA,NA,NA,NA,NA,NA,NA,NA,NA,NA,NA,NA,NA,NA,NA,NA,NA,NA,NA,NA,NA,NA,NA,NA
"chrX.86",NA,NA,NA,NA,NA,NA,NA,NA,NA,NA,NA,NA,NA,NA,NA,NA,NA,NA,NA,NA,NA,NA,NA,NA,NA,NA,NA,NA,NA,NA,NA,NA,NA,NA,NA,NA,NA
"chrX.87",NA,NA,NA,NA,NA,NA,NA,NA,NA,NA,NA,NA,NA,NA,NA,NA,NA,NA,NA,NA,NA,NA,NA,NA,NA,NA,NA,NA,NA,NA,NA,NA,NA,NA,NA,NA,NA
"chrX.88",NA,NA,NA,NA,NA,NA,NA,NA,NA,NA,NA,NA,NA,NA,NA,NA,NA,NA,NA,NA,NA,NA,NA,NA,NA,NA,NA,NA,NA,NA,NA,NA,NA,NA,NA,NA,NA
"chrX.89",NA,NA,NA,NA,NA,NA,NA,NA,NA,NA,NA,NA,NA,NA,NA,NA,NA,NA,NA,NA,NA,NA,NA,NA,NA,NA,NA,NA,NA,NA,NA,NA,NA,NA,NA,NA,NA
"chrX.90",NA,NA,NA,NA,NA,NA,NA,NA,NA,NA,NA,NA,NA,NA,NA,NA,NA,NA,NA,NA,NA,NA,NA,NA,NA,NA,NA,NA,NA,NA,NA,NA,NA,NA,NA,NA,NA
"chrX.91",NA,NA,NA,NA,NA,NA,NA,NA,NA,NA,NA,NA,NA,NA,NA,NA,NA,NA,NA,NA,NA,NA,NA,NA,NA,NA,NA,NA,NA,NA,NA,NA,NA,NA,NA,NA,NA
"chrX.92",NA,NA,NA,NA,NA,NA,NA,NA,NA,NA,NA,NA,NA,NA,NA,NA,NA,NA,NA,NA,NA,NA,NA,NA,NA,NA,NA,NA,NA,NA,NA,NA,NA,NA,NA,NA,NA
"chrX.93",NA,NA,NA,NA,NA,NA,NA,NA,NA,NA,NA,NA,NA,NA,NA,NA,NA,NA,NA,NA,NA,NA,NA,NA,NA,NA,NA,NA,NA,NA,NA,NA,NA,NA,NA,NA,NA
"chrX.94",NA,NA,NA,NA,NA,NA,NA,NA,NA,NA,NA,NA,NA,NA,NA,NA,NA,NA,NA,NA,NA,NA,NA,NA,NA,NA,NA,NA,NA,NA,NA,NA,NA,NA,NA,NA,NA
"chrX.95",NA,NA,NA,NA,NA,NA,NA,NA,NA,NA,NA,NA,NA,NA,NA,NA,NA,NA,NA,NA,NA,NA,NA,NA,NA,NA,NA,NA,NA,NA,NA,NA,NA,NA,NA,NA,NA
"chrX.96",NA,NA,NA,NA,NA,NA,NA,NA,NA,NA,NA,NA,NA,NA,NA,NA,NA,NA,NA,NA,NA,NA,NA,NA,NA,NA,NA,NA,NA,NA,NA,NA,NA,NA,NA,NA,NA
"chrX.97",NA,NA,NA,NA,NA,NA,NA,NA,NA,NA,NA,NA,NA,NA,NA,NA,NA,NA,NA,NA,NA,NA,NA,NA,NA,NA,NA,NA,NA,NA,NA,NA,NA,NA,NA,NA,NA
"chrX.98",NA,NA,NA,NA,NA,NA,NA,NA,NA,NA,NA,NA,NA,NA,NA,NA,NA,NA,NA,NA,NA,NA,NA,NA,NA,NA,NA,NA,NA,NA,NA,NA,NA,NA,NA,NA,NA
"chrX.99",NA,NA,NA,NA,NA,NA,NA,NA,NA,NA,NA,NA,NA,NA,NA,NA,NA,NA,NA,NA,NA,NA,NA,NA,NA,NA,NA,NA,NA,NA,NA,NA,NA,NA,NA,NA,NA
"chrX.100",NA,NA,NA,NA,NA,NA,NA,NA,NA,NA,NA,NA,NA,NA,NA,NA,NA,NA,NA,NA,NA,NA,NA,NA,NA,NA,NA,NA,NA,NA,NA,NA,NA,NA,NA,NA,NA
"chrX.101",NA,NA,NA,NA,NA,NA,NA,NA,NA,NA,NA,NA,NA,NA,NA,NA,NA,NA,NA,NA,NA,NA,NA,NA,NA,NA,NA,NA,NA,NA,NA,NA,NA,NA,NA,NA,NA
"chrX.102",NA,NA,NA,NA,NA,NA,NA,NA,NA,NA,NA,NA,NA,NA,NA,NA,NA,NA,NA,NA,NA,NA,NA,NA,NA,NA,NA,NA,NA,NA,NA,NA,NA,NA,NA,NA,NA
"chrX.103",NA,NA,NA,NA,NA,NA,NA,NA,NA,NA,NA,NA,NA,NA,NA,NA,NA,NA,NA,NA,NA,NA,NA,NA,NA,NA,NA,NA,NA,NA,NA,NA,NA,NA,NA,NA,NA
"chrX.104",NA,NA,NA,NA,NA,NA,NA,NA,NA,NA,NA,NA,NA,NA,NA,NA,NA,NA,NA,NA,NA,NA,NA,NA,NA,NA,NA,NA,NA,NA,NA,NA,NA,NA,NA,NA,NA
"chrX.105",NA,NA,NA,NA,NA,NA,NA,NA,NA,NA,NA,NA,NA,NA,NA,NA,NA,NA,NA,NA,NA,NA,NA,NA,NA,NA,NA,NA,NA,NA,NA,NA,NA,NA,NA,NA,NA
"chrX.106",NA,NA,NA,NA,NA,NA,NA,NA,NA,NA,NA,NA,NA,NA,NA,NA,NA,NA,NA,NA,NA,NA,NA,NA,NA,NA,NA,NA,NA,NA,NA,NA,NA,NA,NA,NA,NA
"chrX.107",NA,NA,NA,NA,NA,NA,NA,NA,NA,NA,NA,NA,NA,NA,NA,NA,NA,NA,NA,NA,NA,NA,NA,NA,NA,NA,NA,NA,NA,NA,NA,NA,NA,NA,NA,NA,NA
"chrX.108",NA,NA,NA,NA,NA,NA,NA,NA,NA,NA,NA,NA,NA,NA,NA,NA,NA,NA,NA,NA,NA,NA,NA,NA,NA,NA,NA,NA,NA,NA,NA,NA,NA,NA,NA,NA,NA
"chrX.109",NA,NA,NA,NA,NA,NA,NA,NA,NA,NA,NA,NA,NA,NA,NA,NA,NA,NA,NA,NA,NA,NA,NA,NA,NA,NA,NA,NA,NA,NA,NA,NA,NA,NA,NA,NA,NA
"chrX.110",NA,NA,NA,NA,NA,NA,NA,NA,NA,NA,NA,NA,NA,NA,NA,NA,NA,NA,NA,NA,NA,NA,NA,NA,NA,NA,NA,NA,NA,NA,NA,NA,NA,NA,NA,NA,NA
"chrX.111",NA,NA,NA,NA,NA,NA,NA,NA,NA,NA,NA,NA,NA,NA,NA,NA,NA,NA,NA,NA,NA,NA,NA,NA,NA,NA,NA,NA,NA,NA,NA,NA,NA,NA,NA,NA,NA
"chrX.112",NA,NA,NA,NA,NA,NA,NA,NA,NA,NA,NA,NA,NA,NA,NA,NA,NA,NA,NA,NA,NA,NA,NA,NA,NA,NA,NA,NA,NA,NA,NA,NA,NA,NA,NA,NA,NA
"chrX.113",NA,NA,NA,NA,NA,NA,NA,NA,NA,NA,NA,NA,NA,NA,NA,NA,NA,NA,NA,NA,NA,NA,NA,NA,NA,NA,NA,NA,NA,NA,NA,NA,NA,NA,NA,NA,NA
"chrX.114",NA,NA,NA,NA,NA,NA,NA,NA,NA,NA,NA,NA,NA,NA,NA,NA,NA,NA,NA,NA,NA,NA,NA,NA,NA,NA,NA,NA,NA,NA,NA,NA,NA,NA,NA,NA,NA
"chrX.115",NA,NA,NA,NA,NA,NA,NA,NA,NA,NA,NA,NA,NA,NA,NA,NA,NA,NA,NA,NA,NA,NA,NA,NA,NA,NA,NA,NA,NA,NA,NA,NA,NA,NA,NA,NA,NA
"chrX.116",NA,NA,NA,NA,NA,NA,NA,NA,NA,NA,NA,NA,NA,NA,NA,NA,NA,NA,NA,NA,NA,NA,NA,NA,NA,NA,NA,NA,NA,NA,NA,NA,NA,NA,NA,NA,NA
"chrX.117",NA,NA,NA,NA,NA,NA,NA,NA,NA,NA,NA,NA,NA,NA,NA,NA,NA,NA,NA,NA,NA,NA,NA,NA,NA,NA,NA,NA,NA,NA,NA,NA,NA,NA,NA,NA,NA
"chrX.118",NA,NA,NA,NA,NA,NA,NA,NA,NA,NA,NA,NA,NA,NA,NA,NA,NA,NA,NA,NA,NA,NA,NA,NA,NA,NA,NA,NA,NA,NA,NA,NA,NA,NA,NA,NA,NA
"chrX.119",NA,NA,NA,NA,NA,NA,NA,NA,NA,NA,NA,NA,NA,NA,NA,NA,NA,NA,NA,NA,NA,NA,NA,NA,NA,NA,NA,NA,NA,NA,NA,NA,NA,NA,NA,NA,NA
"chrX.120",NA,NA,NA,NA,NA,NA,NA,NA,NA,NA,NA,NA,NA,NA,NA,NA,NA,NA,NA,NA,NA,NA,NA,NA,NA,NA,NA,NA,NA,NA,NA,NA,NA,NA,NA,NA,NA
"chrX.121",NA,NA,NA,NA,NA,NA,NA,NA,NA,NA,NA,NA,NA,NA,NA,NA,NA,NA,NA,NA,NA,NA,NA,NA,NA,NA,NA,NA,NA,NA,NA,NA,NA,NA,NA,NA,NA
"chrX.122",NA,NA,NA,NA,NA,NA,NA,NA,NA,NA,NA,NA,NA,NA,NA,NA,NA,NA,NA,NA,NA,NA,NA,NA,NA,NA,NA,NA,NA,NA,NA,NA,NA,NA,NA,NA,NA
"chrX.123",NA,NA,NA,NA,NA,NA,NA,NA,NA,NA,NA,NA,NA,NA,NA,NA,NA,NA,NA,NA,NA,NA,NA,NA,NA,NA,NA,NA,NA,NA,NA,NA,NA,NA,NA,NA,NA
"chrX.124",NA,NA,NA,NA,NA,NA,NA,NA,NA,NA,NA,NA,NA,NA,NA,NA,NA,NA,NA,NA,NA,NA,NA,NA,NA,NA,NA,NA,NA,NA,NA,NA,NA,NA,NA,NA,NA
"chrX.125",NA,NA,NA,NA,NA,NA,NA,NA,NA,NA,NA,NA,NA,NA,NA,NA,NA,NA,NA,NA,NA,NA,NA,NA,NA,NA,NA,NA,NA,NA,NA,NA,NA,NA,NA,NA,NA
"chrX.126",NA,NA,NA,NA,NA,NA,NA,NA,NA,NA,NA,NA,NA,NA,NA,NA,NA,NA,NA,NA,NA,NA,NA,NA,NA,NA,NA,NA,NA,NA,NA,NA,NA,NA,NA,NA,NA
"chrX.127",NA,NA,NA,NA,NA,NA,NA,NA,NA,NA,NA,NA,NA,NA,NA,NA,NA,NA,NA,NA,NA,NA,NA,NA,NA,NA,NA,NA,NA,NA,NA,NA,NA,NA,NA,NA,NA
"chrX.128",NA,NA,NA,NA,NA,NA,NA,NA,NA,NA,NA,NA,NA,NA,NA,NA,NA,NA,NA,NA,NA,NA,NA,NA,NA,NA,NA,NA,NA,NA,NA,NA,NA,NA,NA,NA,NA
"chrX.129",NA,NA,NA,NA,NA,NA,NA,NA,NA,NA,NA,NA,NA,NA,NA,NA,NA,NA,NA,NA,NA,NA,NA,NA,NA,NA,NA,NA,NA,NA,NA,NA,NA,NA,NA,NA,NA
"chrX.130",NA,NA,NA,NA,NA,NA,NA,NA,NA,NA,NA,NA,NA,NA,NA,NA,NA,NA,NA,NA,NA,NA,NA,NA,NA,NA,NA,NA,NA,NA,NA,NA,NA,NA,NA,NA,NA
"chrX.131",NA,NA,NA,NA,NA,NA,NA,NA,NA,NA,NA,NA,NA,NA,NA,NA,NA,NA,NA,NA,NA,NA,NA,NA,NA,NA,NA,NA,NA,NA,NA,NA,NA,NA,NA,NA,NA
"chrX.132",NA,NA,NA,NA,NA,NA,NA,NA,NA,NA,NA,NA,NA,NA,NA,NA,NA,NA,NA,NA,NA,NA,NA,NA,NA,NA,NA,NA,NA,NA,NA,NA,NA,NA,NA,NA,NA
"chrX.133",NA,NA,NA,NA,NA,NA,NA,NA,NA,NA,NA,NA,NA,NA,NA,NA,NA,NA,NA,NA,NA,NA,NA,NA,NA,NA,NA,NA,NA,NA,NA,NA,NA,NA,NA,NA,NA
"chrX.134",NA,NA,NA,NA,NA,NA,NA,NA,NA,NA,NA,NA,NA,NA,NA,NA,NA,NA,NA,NA,NA,NA,NA,NA,NA,NA,NA,NA,NA,NA,NA,NA,NA,NA,NA,NA,NA
"chrX.135",NA,NA,NA,NA,NA,NA,NA,NA,NA,NA,NA,NA,NA,NA,NA,NA,NA,NA,NA,NA,NA,NA,NA,NA,NA,NA,NA,NA,NA,NA,NA,NA,NA,NA,NA,NA,NA
"chrX.136",NA,NA,NA,NA,NA,NA,NA,NA,NA,NA,NA,NA,NA,NA,NA,NA,NA,NA,NA,NA,NA,NA,NA,NA,NA,NA,NA,NA,NA,NA,NA,NA,NA,NA,NA,NA,NA
"chrX.137",NA,NA,NA,NA,NA,NA,NA,NA,NA,NA,NA,NA,NA,NA,NA,NA,NA,NA,NA,NA,NA,NA,NA,NA,NA,NA,NA,NA,NA,NA,NA,NA,NA,NA,NA,NA,NA
"chrX.138",NA,NA,NA,NA,NA,NA,NA,NA,NA,NA,NA,NA,NA,NA,NA,NA,NA,NA,NA,NA,NA,NA,NA,NA,NA,NA,NA,NA,NA,NA,NA,NA,NA,NA,NA,NA,NA
"chrX.139",NA,NA,NA,NA,NA,NA,NA,NA,NA,NA,NA,NA,NA,NA,NA,NA,NA,NA,NA,NA,NA,NA,NA,NA,NA,NA,NA,NA,NA,NA,NA,NA,NA,NA,NA,NA,NA
"chrX.140",NA,NA,NA,NA,NA,NA,NA,NA,NA,NA,NA,NA,NA,NA,NA,NA,NA,NA,NA,NA,NA,NA,NA,NA,NA,NA,NA,NA,NA,NA,NA,NA,NA,NA,NA,NA,NA
"chrX.141",NA,NA,NA,NA,NA,NA,NA,NA,NA,NA,NA,NA,NA,NA,NA,NA,NA,NA,NA,NA,NA,NA,NA,NA,NA,NA,NA,NA,NA,NA,NA,NA,NA,NA,NA,NA,NA
"chrX.142",NA,NA,NA,NA,NA,NA,NA,NA,NA,NA,NA,NA,NA,NA,NA,NA,NA,NA,NA,NA,NA,NA,NA,NA,NA,NA,NA,NA,NA,NA,NA,NA,NA,NA,NA,NA,NA
"chrX.143",NA,NA,NA,NA,NA,NA,NA,NA,NA,NA,NA,NA,NA,NA,NA,NA,NA,NA,NA,NA,NA,NA,NA,NA,NA,NA,NA,NA,NA,NA,NA,NA,NA,NA,NA,NA,NA
"chrX.144",NA,NA,NA,NA,NA,NA,NA,NA,NA,NA,NA,NA,NA,NA,NA,NA,NA,NA,NA,NA,NA,NA,NA,NA,NA,NA,NA,NA,NA,NA,NA,NA,NA,NA,NA,NA,NA
"chrX.145",NA,NA,NA,NA,NA,NA,NA,NA,NA,NA,NA,NA,NA,NA,NA,NA,NA,NA,NA,NA,NA,NA,NA,NA,NA,NA,NA,NA,NA,NA,NA,NA,NA,NA,NA,NA,NA
"chrX.146",NA,NA,NA,NA,NA,NA,NA,NA,NA,NA,NA,NA,NA,NA,NA,NA,NA,NA,NA,NA,NA,NA,NA,NA,NA,NA,NA,NA,NA,NA,NA,NA,NA,NA,NA,NA,NA
"chrX.147",NA,NA,NA,NA,NA,NA,NA,NA,NA,NA,NA,NA,NA,NA,NA,NA,NA,NA,NA,NA,NA,NA,NA,NA,NA,NA,NA,NA,NA,NA,NA,NA,NA,NA,NA,NA,NA
"chrX.148",NA,NA,NA,NA,NA,NA,NA,NA,NA,NA,NA,NA,NA,NA,NA,NA,NA,NA,NA,NA,NA,NA,NA,NA,NA,NA,NA,NA,NA,NA,NA,NA,NA,NA,NA,NA,NA
"chrX.149",NA,NA,NA,NA,NA,NA,NA,NA,NA,NA,NA,NA,NA,NA,NA,NA,NA,NA,NA,NA,NA,NA,NA,NA,NA,NA,NA,NA,NA,NA,NA,NA,NA,NA,NA,NA,NA
"chrX.150",NA,NA,NA,NA,NA,NA,NA,NA,NA,NA,NA,NA,NA,NA,NA,NA,NA,NA,NA,NA,NA,NA,NA,NA,NA,NA,NA,NA,NA,NA,NA,NA,NA,NA,NA,NA,NA
"chrX.151",NA,NA,NA,NA,NA,NA,NA,NA,NA,NA,NA,NA,NA,NA,NA,NA,NA,NA,NA,NA,NA,NA,NA,NA,NA,NA,NA,NA,NA,NA,NA,NA,NA,NA,NA,NA,NA
"chrY.1",NA,NA,NA,NA,NA,NA,NA,NA,NA,NA,NA,NA,NA,NA,NA,NA,NA,NA,NA,NA,NA,NA,NA,NA,NA,NA,NA,NA,NA,NA,NA,NA,NA,NA,NA,NA,NA
"chrY.2",NA,NA,NA,NA,NA,NA,NA,NA,NA,NA,NA,NA,NA,NA,NA,NA,NA,NA,NA,NA,NA,NA,NA,NA,NA,NA,NA,NA,NA,NA,NA,NA,NA,NA,NA,NA,NA
"chrY.3",NA,NA,NA,NA,NA,NA,NA,NA,NA,NA,NA,NA,NA,NA,NA,NA,NA,NA,NA,NA,NA,NA,NA,NA,NA,NA,NA,NA,NA,NA,NA,NA,NA,NA,NA,NA,NA
"chrY.4",NA,NA,NA,NA,NA,NA,NA,NA,NA,NA,NA,NA,NA,NA,NA,NA,NA,NA,NA,NA,NA,NA,NA,NA,NA,NA,NA,NA,NA,NA,NA,NA,NA,NA,NA,NA,NA
"chrY.5",NA,NA,NA,NA,NA,NA,NA,NA,NA,NA,NA,NA,NA,NA,NA,NA,NA,NA,NA,NA,NA,NA,NA,NA,NA,NA,NA,NA,NA,NA,NA,NA,NA,NA,NA,NA,NA
"chrY.6",NA,NA,NA,NA,NA,NA,NA,NA,NA,NA,NA,NA,NA,NA,NA,NA,NA,NA,NA,NA,NA,NA,NA,NA,NA,NA,NA,NA,NA,NA,NA,NA,NA,NA,NA,NA,NA
"chrY.7",NA,NA,NA,NA,NA,NA,NA,NA,NA,NA,NA,NA,NA,NA,NA,NA,NA,NA,NA,NA,NA,NA,NA,NA,NA,NA,NA,NA,NA,NA,NA,NA,NA,NA,NA,NA,NA
"chrY.8",NA,NA,NA,NA,NA,NA,NA,NA,NA,NA,NA,NA,NA,NA,NA,NA,NA,NA,NA,NA,NA,NA,NA,NA,NA,NA,NA,NA,NA,NA,NA,NA,NA,NA,NA,NA,NA
"chrY.9",NA,NA,NA,NA,NA,NA,NA,NA,NA,NA,NA,NA,NA,NA,NA,NA,NA,NA,NA,NA,NA,NA,NA,NA,NA,NA,NA,NA,NA,NA,NA,NA,NA,NA,NA,NA,NA
"chrY.10",NA,NA,NA,NA,NA,NA,NA,NA,NA,NA,NA,NA,NA,NA,NA,NA,NA,NA,NA,NA,NA,NA,NA,NA,NA,NA,NA,NA,NA,NA,NA,NA,NA,NA,NA,NA,NA
"chrY.11",NA,NA,NA,NA,NA,NA,NA,NA,NA,NA,NA,NA,NA,NA,NA,NA,NA,NA,NA,NA,NA,NA,NA,NA,NA,NA,NA,NA,NA,NA,NA,NA,NA,NA,NA,NA,NA
"chrY.12",NA,NA,NA,NA,NA,NA,NA,NA,NA,NA,NA,NA,NA,NA,NA,NA,NA,NA,NA,NA,NA,NA,NA,NA,NA,NA,NA,NA,NA,NA,NA,NA,NA,NA,NA,NA,NA
"chrY.13",NA,NA,NA,NA,NA,NA,NA,NA,NA,NA,NA,NA,NA,NA,NA,NA,NA,NA,NA,NA,NA,NA,NA,NA,NA,NA,NA,NA,NA,NA,NA,NA,NA,NA,NA,NA,NA
"chrY.14",NA,NA,NA,NA,NA,NA,NA,NA,NA,NA,NA,NA,NA,NA,NA,NA,NA,NA,NA,NA,NA,NA,NA,NA,NA,NA,NA,NA,NA,NA,NA,NA,NA,NA,NA,NA,NA
"chrY.15",NA,NA,NA,NA,NA,NA,NA,NA,NA,NA,NA,NA,NA,NA,NA,NA,NA,NA,NA,NA,NA,NA,NA,NA,NA,NA,NA,NA,NA,NA,NA,NA,NA,NA,NA,NA,NA
"chrY.16",NA,NA,NA,NA,NA,NA,NA,NA,NA,NA,NA,NA,NA,NA,NA,NA,NA,NA,NA,NA,NA,NA,NA,NA,NA,NA,NA,NA,NA,NA,NA,NA,NA,NA,NA,NA,NA
"chrY.17",NA,NA,NA,NA,NA,NA,NA,NA,NA,NA,NA,NA,NA,NA,NA,NA,NA,NA,NA,NA,NA,NA,NA,NA,NA,NA,NA,NA,NA,NA,NA,NA,NA,NA,NA,NA,NA
"chrY.18",NA,NA,NA,NA,NA,NA,NA,NA,NA,NA,NA,NA,NA,NA,NA,NA,NA,NA,NA,NA,NA,NA,NA,NA,NA,NA,NA,NA,NA,NA,NA,NA,NA,NA,NA,NA,NA
"chrY.19",NA,NA,NA,NA,NA,NA,NA,NA,NA,NA,NA,NA,NA,NA,NA,NA,NA,NA,NA,NA,NA,NA,NA,NA,NA,NA,NA,NA,NA,NA,NA,NA,NA,NA,NA,NA,NA
"chrY.20",NA,NA,NA,NA,NA,NA,NA,NA,NA,NA,NA,NA,NA,NA,NA,NA,NA,NA,NA,NA,NA,NA,NA,NA,NA,NA,NA,NA,NA,NA,NA,NA,NA,NA,NA,NA,NA
"chrY.21",NA,NA,NA,NA,NA,NA,NA,NA,NA,NA,NA,NA,NA,NA,NA,NA,NA,NA,NA,NA,NA,NA,NA,NA,NA,NA,NA,NA,NA,NA,NA,NA,NA,NA,NA,NA,NA
"chrY.22",NA,NA,NA,NA,NA,NA,NA,NA,NA,NA,NA,NA,NA,NA,NA,NA,NA,NA,NA,NA,NA,NA,NA,NA,NA,NA,NA,NA,NA,NA,NA,NA,NA,NA,NA,NA,NA
"chrY.23",NA,NA,NA,NA,NA,NA,NA,NA,NA,NA,NA,NA,NA,NA,NA,NA,NA,NA,NA,NA,NA,NA,NA,NA,NA,NA,NA,NA,NA,NA,NA,NA,NA,NA,NA,NA,NA
"chrY.24",NA,NA,NA,NA,NA,NA,NA,NA,NA,NA,NA,NA,NA,NA,NA,NA,NA,NA,NA,NA,NA,NA,NA,NA,NA,NA,NA,NA,NA,NA,NA,NA,NA,NA,NA,NA,NA
"chrY.25",NA,NA,NA,NA,NA,NA,NA,NA,NA,NA,NA,NA,NA,NA,NA,NA,NA,NA,NA,NA,NA,NA,NA,NA,NA,NA,NA,NA,NA,NA,NA,NA,NA,NA,NA,NA,NA
"chrY.26",NA,NA,NA,NA,NA,NA,NA,NA,NA,NA,NA,NA,NA,NA,NA,NA,NA,NA,NA,NA,NA,NA,NA,NA,NA,NA,NA,NA,NA,NA,NA,NA,NA,NA,NA,NA,NA
"chrY.27",NA,NA,NA,NA,NA,NA,NA,NA,NA,NA,NA,NA,NA,NA,NA,NA,NA,NA,NA,NA,NA,NA,NA,NA,NA,NA,NA,NA,NA,NA,NA,NA,NA,NA,NA,NA,NA
"chrY.28",NA,NA,NA,NA,NA,NA,NA,NA,NA,NA,NA,NA,NA,NA,NA,NA,NA,NA,NA,NA,NA,NA,NA,NA,NA,NA,NA,NA,NA,NA,NA,NA,NA,NA,NA,NA,NA
"chrY.29",NA,NA,NA,NA,NA,NA,NA,NA,NA,NA,NA,NA,NA,NA,NA,NA,NA,NA,NA,NA,NA,NA,NA,NA,NA,NA,NA,NA,NA,NA,NA,NA,NA,NA,NA,NA,NA
"chrY.30",NA,NA,NA,NA,NA,NA,NA,NA,NA,NA,NA,NA,NA,NA,NA,NA,NA,NA,NA,NA,NA,NA,NA,NA,NA,NA,NA,NA,NA,NA,NA,NA,NA,NA,NA,NA,NA
"chrY.31",NA,NA,NA,NA,NA,NA,NA,NA,NA,NA,NA,NA,NA,NA,NA,NA,NA,NA,NA,NA,NA,NA,NA,NA,NA,NA,NA,NA,NA,NA,NA,NA,NA,NA,NA,NA,NA
"chrY.32",NA,NA,NA,NA,NA,NA,NA,NA,NA,NA,NA,NA,NA,NA,NA,NA,NA,NA,NA,NA,NA,NA,NA,NA,NA,NA,NA,NA,NA,NA,NA,NA,NA,NA,NA,NA,NA
"chrY.33",NA,NA,NA,NA,NA,NA,NA,NA,NA,NA,NA,NA,NA,NA,NA,NA,NA,NA,NA,NA,NA,NA,NA,NA,NA,NA,NA,NA,NA,NA,NA,NA,NA,NA,NA,NA,NA
"chrY.34",NA,NA,NA,NA,NA,NA,NA,NA,NA,NA,NA,NA,NA,NA,NA,NA,NA,NA,NA,NA,NA,NA,NA,NA,NA,NA,NA,NA,NA,NA,NA,NA,NA,NA,NA,NA,NA
"chrY.35",NA,NA,NA,NA,NA,NA,NA,NA,NA,NA,NA,NA,NA,NA,NA,NA,NA,NA,NA,NA,NA,NA,NA,NA,NA,NA,NA,NA,NA,NA,NA,NA,NA,NA,NA,NA,NA
"chrY.36",NA,NA,NA,NA,NA,NA,NA,NA,NA,NA,NA,NA,NA,NA,NA,NA,NA,NA,NA,NA,NA,NA,NA,NA,NA,NA,NA,NA,NA,NA,NA,NA,NA,NA,NA,NA,NA
"chrY.37",NA,NA,NA,NA,NA,NA,NA,NA,NA,NA,NA,NA,NA,NA,NA,NA,NA,NA,NA,NA,NA,NA,NA,NA,NA,NA,NA,NA,NA,NA,NA,NA,NA,NA,NA,NA,NA
"chrY.38",NA,NA,NA,NA,NA,NA,NA,NA,NA,NA,NA,NA,NA,NA,NA,NA,NA,NA,NA,NA,NA,NA,NA,NA,NA,NA,NA,NA,NA,NA,NA,NA,NA,NA,NA,NA,NA
"chrY.39",NA,NA,NA,NA,NA,NA,NA,NA,NA,NA,NA,NA,NA,NA,NA,NA,NA,NA,NA,NA,NA,NA,NA,NA,NA,NA,NA,NA,NA,NA,NA,NA,NA,NA,NA,NA,NA
"chrY.40",NA,NA,NA,NA,NA,NA,NA,NA,NA,NA,NA,NA,NA,NA,NA,NA,NA,NA,NA,NA,NA,NA,NA,NA,NA,NA,NA,NA,NA,NA,NA,NA,NA,NA,NA,NA,NA
"chrY.41",NA,NA,NA,NA,NA,NA,NA,NA,NA,NA,NA,NA,NA,NA,NA,NA,NA,NA,NA,NA,NA,NA,NA,NA,NA,NA,NA,NA,NA,NA,NA,NA,NA,NA,NA,NA,NA
"chrY.42",NA,NA,NA,NA,NA,NA,NA,NA,NA,NA,NA,NA,NA,NA,NA,NA,NA,NA,NA,NA,NA,NA,NA,NA,NA,NA,NA,NA,NA,NA,NA,NA,NA,NA,NA,NA,NA
"chrY.43",NA,NA,NA,NA,NA,NA,NA,NA,NA,NA,NA,NA,NA,NA,NA,NA,NA,NA,NA,NA,NA,NA,NA,NA,NA,NA,NA,NA,NA,NA,NA,NA,NA,NA,NA,NA,NA
"chrY.44",NA,NA,NA,NA,NA,NA,NA,NA,NA,NA,NA,NA,NA,NA,NA,NA,NA,NA,NA,NA,NA,NA,NA,NA,NA,NA,NA,NA,NA,NA,NA,NA,NA,NA,NA,NA,NA
"chrY.45",NA,NA,NA,NA,NA,NA,NA,NA,NA,NA,NA,NA,NA,NA,NA,NA,NA,NA,NA,NA,NA,NA,NA,NA,NA,NA,NA,NA,NA,NA,NA,NA,NA,NA,NA,NA,NA
"chrY.46",NA,NA,NA,NA,NA,NA,NA,NA,NA,NA,NA,NA,NA,NA,NA,NA,NA,NA,NA,NA,NA,NA,NA,NA,NA,NA,NA,NA,NA,NA,NA,NA,NA,NA,NA,NA,NA
"chrY.47",NA,NA,NA,NA,NA,NA,NA,NA,NA,NA,NA,NA,NA,NA,NA,NA,NA,NA,NA,NA,NA,NA,NA,NA,NA,NA,NA,NA,NA,NA,NA,NA,NA,NA,NA,NA,NA
"chrY.48",NA,NA,NA,NA,NA,NA,NA,NA,NA,NA,NA,NA,NA,NA,NA,NA,NA,NA,NA,NA,NA,NA,NA,NA,NA,NA,NA,NA,NA,NA,NA,NA,NA,NA,NA,NA,NA
"chrY.49",NA,NA,NA,NA,NA,NA,NA,NA,NA,NA,NA,NA,NA,NA,NA,NA,NA,NA,NA,NA,NA,NA,NA,NA,NA,NA,NA,NA,NA,NA,NA,NA,NA,NA,NA,NA,NA
"chrY.50",NA,NA,NA,NA,NA,NA,NA,NA,NA,NA,NA,NA,NA,NA,NA,NA,NA,NA,NA,NA,NA,NA,NA,NA,NA,NA,NA,NA,NA,NA,NA,NA,NA,NA,NA,NA,NA
"chrY.51",NA,NA,NA,NA,NA,NA,NA,NA,NA,NA,NA,NA,NA,NA,NA,NA,NA,NA,NA,NA,NA,NA,NA,NA,NA,NA,NA,NA,NA,NA,NA,NA,NA,NA,NA,NA,NA
"chrY.52",NA,NA,NA,NA,NA,NA,NA,NA,NA,NA,NA,NA,NA,NA,NA,NA,NA,NA,NA,NA,NA,NA,NA,NA,NA,NA,NA,NA,NA,NA,NA,NA,NA,NA,NA,NA,NA
"chrY.53",NA,NA,NA,NA,NA,NA,NA,NA,NA,NA,NA,NA,NA,NA,NA,NA,NA,NA,NA,NA,NA,NA,NA,NA,NA,NA,NA,NA,NA,NA,NA,NA,NA,NA,NA,NA,NA
"chrY.54",NA,NA,NA,NA,NA,NA,NA,NA,NA,NA,NA,NA,NA,NA,NA,NA,NA,NA,NA,NA,NA,NA,NA,NA,NA,NA,NA,NA,NA,NA,NA,NA,NA,NA,NA,NA,NA
"chrY.55",NA,NA,NA,NA,NA,NA,NA,NA,NA,NA,NA,NA,NA,NA,NA,NA,NA,NA,NA,NA,NA,NA,NA,NA,NA,NA,NA,NA,NA,NA,NA,NA,NA,NA,NA,NA,NA
"chrY.56",NA,NA,NA,NA,NA,NA,NA,NA,NA,NA,NA,NA,NA,NA,NA,NA,NA,NA,NA,NA,NA,NA,NA,NA,NA,NA,NA,NA,NA,NA,NA,NA,NA,NA,NA,NA,NA
