,CNS-Medullo,Lung-AdenoCA,Uterus-AdenoCA,Bone-Leiomyo,Bladder-TCC,ColoRect-AdenoCA,Panc-Endocrine,Skin-Melanoma,Adenocarcinoma,Biliary-AdenoCA,Lymph,Myeloid-MDS,Pancan,Breast-DCIS,Head-SCC,Myeloid-AML,Bone-Cart,Prost-AdenoCA,Carcinoma,Breast,CNS-PiloAstro,Digestive,Panc-AdenoCA,CNS-Oligo,Bone-Osteosarc,CNS,Lung-SCC,Hematopoietic,Myeloid-MPN,Lymph-CLL,Lymph-NOS,CNS-GBM,Breast-AdenoCa,Squamous,Cervix-AdenoCA,Myeloid,Breast-LobularCa,Stomach-AdenoCA,Cervix-SCC,Thy-AdenoCA,Lymph-BNHL,Bone-Epith,Glioma,Ovary-AdenoCA,Kidney-ChRCC,Liver-HCC,Eso-AdenoCa,Lung,Kidney-RCC,Female,Sarcoma,Kidney
chr1.5,77,878,422,94,211,3510,84,6096,12166,186,442,0,14076,3,348,7,4,332,13506,719,9,8894,955,21,100,345,654,459,10,82,5,238,679,1045,5,17,40,701,43,28,355,7,268,500,37,1517,2025,1532,351,1689,205,388
chr1.6,60,702,359,91,183,3279,85,6215,10903,197,442,0,12674,4,290,6,2,268,12133,568,5,8104,831,19,97,318,633,464,16,79,7,234,537,962,5,22,31,619,39,25,356,7,258,465,36,1611,1567,1335,371,1436,197,407
chr1.7,45,299,224,50,186,1597,85,1867,5057,143,259,0,6213,2,217,9,2,159,5876,357,5,3449,332,10,20,244,297,276,8,42,3,184,335,548,3,17,22,335,34,9,214,2,199,277,21,700,342,596,259,895,74,280
chr1.8,58,394,259,60,203,2571,68,3323,6437,112,305,2,7707,2,241,4,3,171,7362,384,5,4676,426,5,43,219,388,320,9,73,3,151,350,654,2,15,34,382,25,17,229,3,161,264,18,764,421,782,252,934,109,270
chr1.9,65,187,270,32,186,1940,63,2154,5223,114,242,0,6241,3,165,0,1,179,5928,372,3,3664,308,6,28,242,246,247,5,43,3,168,352,456,2,5,20,313,45,12,196,2,177,226,16,694,295,433,295,915,63,311
chr1.11,47,201,219,31,200,1529,49,2090,4697,119,243,0,5728,0,168,6,3,139,5441,339,5,3245,305,2,37,201,288,250,1,36,10,147,321,495,2,7,18,287,39,11,197,8,154,230,13,724,281,489,298,829,79,311
chr1.12,48,329,237,59,165,1884,67,2595,5557,118,246,1,6797,3,223,9,3,132,6449,415,8,3806,366,4,46,212,409,263,7,43,1,152,394,660,3,17,21,315,28,16,202,8,164,277,14,693,430,738,328,960,116,342
chr1.15,61,278,311,45,187,2920,85,2808,8668,167,424,0,9906,2,214,7,1,162,9560,368,7,6969,515,8,37,237,365,441,10,76,4,161,344,620,2,17,24,538,41,18,344,7,176,280,14,1463,1366,643,266,1002,90,280
chr1.16,65,269,245,25,193,1885,69,2086,5570,90,352,0,6656,0,189,3,3,131,6357,340,2,4081,321,4,31,224,291,361,6,69,1,153,318,525,1,9,22,327,45,18,282,7,159,219,19,1046,412,560,247,850,66,266
chr1.19,55,530,297,64,164,2565,59,5922,7252,114,320,0,8823,0,268,8,2,199,8385,392,5,5088,405,7,81,257,598,343,15,56,1,190,377,910,2,23,15,390,44,14,263,11,202,380,24,993,621,1128,326,1115,158,350
chr1.20,51,239,241,38,180,1629,53,2496,4955,122,217,1,6024,0,215,11,3,168,5725,344,5,3376,292,4,38,200,282,231,2,44,2,140,325,537,2,14,19,295,40,26,171,6,149,265,15,752,286,521,279,892,85,294
chr1.21,87,345,214,41,166,1961,57,3624,5484,94,262,2,6886,0,239,4,3,175,6496,428,5,3711,339,10,42,285,515,275,7,43,2,183,411,789,1,13,17,281,35,17,217,6,198,285,17,735,301,860,291,963,92,308
chr1.23,63,224,216,38,165,1757,61,2633,5098,127,240,0,6261,0,235,5,4,171,5887,333,6,3565,298,12,39,273,288,253,8,44,2,192,314,563,0,13,19,304,40,17,194,7,210,253,18,772,307,512,301,842,88,319
chr1.24,59,216,247,44,180,1676,61,2761,4911,130,272,0,6017,1,203,8,4,162,5689,348,2,3389,271,7,27,228,306,286,6,40,2,160,329,537,1,14,19,275,28,11,230,10,169,236,15,776,261,522,286,860,85,301
chr1.25,55,186,192,31,138,1553,65,1794,4247,96,227,0,5188,0,167,9,3,137,4880,331,3,2882,181,7,33,220,236,244,8,46,3,155,309,430,2,17,22,257,27,20,178,4,165,213,15,545,250,422,269,765,71,284
chr1.31,58,543,256,66,184,2992,81,4976,8715,145,353,0,10423,1,281,6,4,274,9950,510,6,6448,532,13,79,298,646,368,9,53,3,221,492,970,2,15,18,482,43,23,297,10,240,296,30,1197,1100,1189,333,1107,159,363
chr1.32,47,271,255,40,159,2001,82,2623,5611,115,303,2,6840,0,224,3,0,178,6521,434,7,3885,291,6,32,233,409,314,6,37,51,173,415,669,5,11,19,288,36,19,215,3,186,283,22,838,352,680,259,1013,75,281
chr1.33,45,266,238,23,183,1667,65,2133,4939,102,247,0,5965,2,184,8,1,168,5683,386,3,3326,274,12,28,213,287,260,5,40,5,153,359,496,6,13,27,268,25,21,202,2,168,259,14,737,278,553,255,914,54,269
chr1.34,45,217,230,34,193,1834,54,1780,4997,114,206,0,6027,1,199,3,5,126,5753,391,3,3530,265,3,32,187,266,213,4,37,1,136,366,509,1,7,25,288,44,14,168,8,142,231,8,719,310,483,249,897,79,257
chr1.35,76,540,289,63,185,3347,85,8561,9767,146,393,0,11651,2,324,12,2,225,11226,578,6,7384,629,6,72,248,823,418,13,63,6,160,555,1189,2,25,23,492,42,42,324,13,172,333,24,1367,1403,1363,350,1244,150,374
chr1.36,53,320,242,47,154,2493,67,3471,6343,126,289,0,7581,0,219,5,0,138,7256,438,6,4650,372,10,48,210,440,304,10,44,3,141,416,692,0,15,22,324,33,21,242,5,157,266,14,886,449,760,254,979,100,268
chr1.37,47,237,232,34,180,1980,51,1781,5336,138,229,0,6449,2,209,10,1,146,6152,394,4,3764,328,4,28,206,344,247,8,41,1,151,361,585,2,18,33,309,32,17,187,8,159,261,7,703,306,581,276,921,71,283
chr1.38,55,576,286,61,192,2747,70,4325,8357,141,264,0,10046,0,250,3,3,265,9651,486,4,5944,569,6,80,238,737,272,5,41,3,173,460,1032,4,8,26,462,45,15,220,5,183,453,11,1063,962,1313,317,1274,149,328
chr1.39,48,313,270,60,171,2476,64,4024,6707,120,223,0,7994,3,200,5,6,185,7636,444,3,4819,383,7,48,225,452,237,9,39,3,167,421,694,2,14,23,368,42,18,181,2,177,354,20,948,524,765,282,1112,116,302
chr1.42,57,284,248,41,136,2049,59,2155,5436,126,198,0,6489,2,190,6,3,144,6176,393,4,3790,328,4,33,213,328,214,10,35,2,148,369,545,1,16,24,278,27,14,161,5,156,281,14,709,300,612,267,950,82,281
chr1.43,56,209,282,36,174,2729,60,2611,6282,98,235,1,7362,1,203,2,3,141,7066,387,6,4608,322,7,27,216,324,245,7,34,4,147,376,550,4,10,11,358,23,19,197,3,160,357,16,779,322,533,259,1053,69,275
chr1.44,57,225,249,44,165,2243,70,2713,5579,116,198,0,6722,2,205,4,2,131,6373,448,11,3931,309,7,32,252,320,207,5,38,1,177,426,559,2,9,22,309,34,14,159,8,195,301,17,679,275,545,261,1034,86,278
chr1.45,43,263,229,28,148,2060,55,2209,5630,109,201,1,6716,1,183,4,3,167,6416,420,5,3957,326,6,39,214,362,212,6,42,2,160,398,583,0,11,22,359,38,16,157,4,171,294,14,790,313,625,270,981,74,284
chr1.49,66,364,248,36,160,2351,53,3172,6186,117,449,0,7609,0,276,6,1,148,7235,458,8,4303,344,9,62,260,526,461,6,80,6,177,434,836,3,12,24,325,34,27,363,3,194,339,17,847,319,890,279,1082,102,296
chr1.51,58,502,361,63,196,3538,50,5726,10396,182,534,3,12421,2,399,7,3,248,11954,509,6,7981,679,12,112,254,856,552,8,85,11,178,476,1312,4,18,33,612,57,14,438,15,196,488,16,1583,1387,1358,273,1419,193,289
chr1.52,52,231,249,31,165,2459,70,1979,5961,137,283,0,7099,1,221,1,1,149,6820,452,4,4356,292,7,25,204,371,287,3,53,4,141,433,624,2,4,19,293,32,15,226,13,152,245,17,879,296,602,245,980,70,262
chr1.53,62,233,256,41,189,2259,66,1441,5602,139,237,0,6730,4,194,6,1,137,6422,378,2,4070,296,5,50,190,340,258,15,30,0,121,360,565,1,21,18,313,31,13,207,1,128,228,11,780,283,573,275,894,93,286
chr1.54,56,243,231,42,164,2236,55,2482,5830,115,209,1,6981,0,196,6,1,162,6664,474,6,4106,345,3,33,223,393,221,5,38,4,158,447,615,1,12,27,283,26,10,167,6,167,301,11,818,309,636,291,1033,82,302
chr1.55,73,329,209,29,176,1860,65,2231,5230,82,230,0,6405,1,203,2,1,134,6078,402,6,3611,335,11,32,255,367,236,4,44,3,165,378,607,1,6,24,310,37,19,183,3,182,252,23,734,290,696,250,901,65,273
chr1.56,47,282,230,38,157,2125,61,3524,5670,114,295,0,6850,1,187,0,1,147,6502,396,8,4055,341,8,44,255,394,299,4,60,4,192,370,614,1,4,26,297,33,14,231,5,208,279,9,830,348,676,257,939,88,266
chr1.57,80,405,260,44,153,3422,84,6816,8760,135,452,1,10187,2,281,7,3,173,9813,478,3,6852,508,18,47,250,506,470,10,78,4,149,454,816,2,18,24,552,29,15,370,10,170,289,23,1014,1221,911,263,1058,104,286
chr1.58,58,497,264,59,185,3891,53,9065,8899,153,559,0,10601,1,329,11,4,161,10186,472,4,6835,500,9,98,222,673,577,7,103,10,151,452,1049,1,18,20,530,47,16,446,13,164,331,21,781,980,1170,301,1115,174,322
chr1.60,57,254,249,55,179,2216,65,3459,5445,114,302,0,6535,2,187,6,3,123,6215,397,4,3910,272,6,27,221,302,311,3,43,10,154,376,526,1,9,21,260,37,11,249,3,164,247,4,762,286,556,249,931,88,253
chr1.61,56,304,254,91,167,2661,82,3639,7083,154,612,0,8506,2,256,7,0,148,8145,411,4,5348,440,9,46,199,526,626,7,78,21,130,392,813,1,14,19,412,31,15,513,9,143,272,14,931,750,830,316,969,146,330
chr1.62,52,325,215,63,188,2540,66,2409,6564,134,559,1,7818,0,202,8,6,176,7476,407,6,4814,330,10,45,204,417,574,6,76,16,136,382,658,0,15,25,321,39,14,467,9,152,295,12,1039,450,742,306,956,123,318
chr1.63,51,269,231,50,160,2210,65,2888,5881,117,334,0,7015,3,213,5,0,163,6704,441,9,4208,362,9,42,201,346,347,8,38,5,132,424,598,0,13,17,320,39,16,291,2,150,248,13,877,322,615,292,959,94,305
chr1.64,52,317,261,58,180,2853,73,1726,6886,131,325,0,8258,3,246,8,0,183,7949,411,7,5116,371,4,44,184,514,339,6,65,8,121,389,810,3,14,22,326,50,21,252,6,132,272,15,983,452,831,287,997,108,302
chr1.65,37,203,201,38,154,3074,50,2569,6528,107,384,2,7677,1,213,6,1,157,7413,429,7,4986,286,10,35,168,429,398,6,51,3,114,407,681,2,14,22,292,39,16,330,7,131,264,10,995,232,632,260,935,81,270
chr1.66,40,262,232,36,174,2419,70,1961,5901,126,299,0,7051,2,207,5,2,162,6764,387,2,4309,316,6,49,181,392,315,11,58,2,133,374,619,0,16,13,324,20,10,239,1,141,239,21,770,354,654,279,878,88,300
chr1.67,65,459,321,43,234,3266,56,3563,8531,152,344,0,10309,2,316,4,3,165,9975,444,5,6406,454,6,72,193,802,354,6,52,4,117,422,1154,4,10,22,535,36,16,288,11,128,378,20,1057,942,1261,318,1183,129,338
chr1.68,55,382,218,49,176,2864,47,2104,6889,135,246,0,8250,3,230,0,4,157,7911,417,7,5133,333,5,56,214,541,252,6,42,2,147,396,799,2,6,21,380,28,22,202,7,159,271,19,936,485,923,268,936,116,287
chr1.69,61,344,235,42,180,2686,41,2293,6471,122,409,0,7779,5,210,5,3,156,7429,428,9,4746,302,11,41,243,488,420,6,70,8,162,404,737,4,11,24,339,39,17,331,5,182,260,18,910,387,832,263,966,91,281
chr1.70,67,1128,419,57,226,5118,98,6040,14178,194,808,0,16363,2,304,8,2,256,15912,722,15,10840,760,14,48,316,1056,823,7,139,12,220,688,1410,3,15,34,957,50,25,657,11,249,438,27,1816,1995,2184,320,1632,118,347
chr1.71,50,635,353,49,215,3597,75,3041,10091,160,537,1,12107,1,326,3,2,236,11757,535,5,7568,551,13,47,230,1006,547,6,90,11,162,512,1376,2,10,23,592,44,20,436,11,180,433,17,1555,1113,1641,292,1367,109,309
chr1.72,77,572,384,49,220,3899,92,7026,11559,198,629,0,14158,0,507,8,2,177,13662,456,12,9164,722,17,98,327,1230,645,8,101,8,221,440,1791,2,16,16,799,54,22,520,4,250,488,20,1798,1748,1802,274,1384,153,294
chr1.73,73,621,481,46,278,4481,72,3935,13915,235,1018,0,16542,4,690,2,2,398,16138,602,10,10863,952,10,89,251,1120,1023,3,168,18,158,564,1873,8,5,38,832,63,16,832,7,178,572,26,2379,1984,1741,328,1726,144,354
chr1.74,91,916,539,86,254,5392,96,10126,16952,284,1339,0,20600,2,779,7,5,385,19958,709,9,13136,1059,29,96,419,1812,1361,15,216,38,290,667,2656,5,22,42,1033,65,17,1085,12,328,675,30,2959,2409,2728,540,1993,199,570
chr1.75,85,673,357,85,229,4403,89,6923,12460,210,926,1,15193,3,544,6,3,427,14683,620,9,9406,644,19,85,306,1292,943,10,115,26,193,586,1905,3,17,34,705,69,21,785,11,221,571,22,2095,1349,1965,360,1620,184,382
chr1.76,60,791,324,89,221,4723,94,8232,12812,214,460,2,15639,0,436,4,1,409,15171,558,11,9752,703,22,69,284,1546,477,11,80,8,191,540,2044,4,17,18,717,62,30,372,8,224,535,32,1800,1595,2337,377,1483,167,409
chr1.77,84,647,349,59,206,3737,62,2903,10258,181,467,0,12655,0,443,7,5,223,12212,461,9,7851,501,11,59,297,1174,482,8,84,9,193,438,1686,1,15,23,565,69,24,374,8,213,349,23,1874,993,1821,330,1229,131,353
chr1.78,78,584,286,46,212,3726,59,3773,9489,168,411,0,11755,2,410,4,0,169,11357,393,7,7408,487,15,52,280,1140,420,5,63,4,180,361,1597,2,9,32,539,47,11,344,9,202,280,13,1608,880,1724,343,1008,107,356
chr1.79,89,280,268,36,176,2728,72,4831,6668,100,305,0,8190,1,268,6,4,170,7812,409,8,4918,361,21,35,279,585,324,13,45,3,161,393,896,2,19,16,362,43,13,257,4,190,325,14,876,491,865,269,1047,79,283
chr1.80,92,700,349,81,210,4743,97,5726,13020,208,679,3,15738,2,541,9,4,203,15191,487,15,10398,736,24,68,366,1274,698,7,101,23,235,459,1864,0,19,28,891,49,21,555,7,274,423,24,2037,1783,1974,415,1308,160,439
chr1.81,103,691,343,50,218,5606,113,7695,13595,234,913,0,16557,5,695,11,5,328,16069,514,22,10946,665,22,88,304,1383,933,9,169,30,157,490,2143,2,20,24,864,65,48,714,16,201,365,25,1999,1578,2074,333,1289,159,358
chr1.82,86,752,290,65,213,5338,111,5595,12281,172,1239,1,14741,1,521,5,8,230,14250,452,24,9793,559,19,77,325,1082,1250,5,181,35,196,433,1645,1,11,19,720,42,30,1023,4,239,366,22,1698,1306,1834,345,1151,154,367
chr1.83,78,525,337,72,199,4599,86,6414,11216,174,1175,0,12974,5,346,13,7,148,12514,434,13,9042,524,17,55,297,626,1195,7,174,27,189,413,1013,2,20,21,729,41,21,974,4,219,343,17,1478,1538,1151,347,1157,138,364
chr1.85,54,346,273,37,129,2864,58,1722,6997,107,306,0,8159,0,224,3,2,132,7855,384,5,5313,314,8,41,210,413,311,2,57,7,143,361,671,1,5,23,452,34,18,242,9,156,279,16,835,741,759,235,971,89,251
chr1.86,57,278,244,43,172,2750,46,2160,6437,132,261,0,7521,1,186,6,2,134,7197,388,5,4782,279,9,33,230,311,274,7,42,1,159,368,542,0,13,20,307,45,19,218,2,173,290,16,969,345,589,286,967,80,302
chr1.87,79,322,291,41,152,3276,59,2007,8365,156,351,0,9660,4,227,5,2,198,9283,423,6,6420,421,13,33,284,452,359,3,50,1,186,394,707,0,8,29,377,28,23,300,5,205,367,10,1522,668,774,311,1109,81,321
chr1.88,76,395,266,29,160,2756,65,2551,6727,133,260,2,8005,2,233,8,3,184,7678,355,5,4863,273,13,54,215,462,280,10,46,2,121,338,726,1,20,17,291,31,14,212,4,139,342,19,1086,324,857,288,995,90,307
chr1.89,72,531,333,68,152,3636,63,5115,8284,109,348,1,9952,1,297,8,3,239,9542,415,7,6045,284,9,74,238,709,367,10,52,4,150,392,1043,2,19,23,342,37,21,292,7,166,348,18,1313,361,1240,332,1135,152,350
chr1.90,70,261,290,45,142,2958,77,2380,6456,125,245,1,7613,1,184,4,2,182,7280,429,4,4719,281,15,59,211,397,255,5,37,2,122,403,605,0,10,26,276,24,28,206,5,141,265,12,751,328,658,270,1008,111,282
chr1.91,52,271,298,52,131,2971,80,4396,7496,129,284,0,8786,3,200,6,2,191,8401,396,8,5679,356,8,63,240,453,300,10,61,5,172,379,694,1,16,17,453,41,18,218,9,188,324,13,1117,653,724,305,1060,126,318
chr1.92,54,408,306,49,158,3156,61,3377,8128,152,353,0,9827,3,297,5,7,214,9400,441,6,6045,462,15,62,283,720,368,10,46,6,208,414,1053,4,15,27,418,36,17,301,8,229,374,10,1131,726,1128,309,1161,126,319
chr1.93,44,318,275,35,164,2646,63,2526,6398,122,263,0,7725,3,251,5,1,166,7397,421,8,4658,325,12,38,233,499,276,8,33,1,169,398,772,2,13,23,352,22,12,229,5,189,238,19,881,332,817,289,958,79,308
chr1.95,64,183,203,36,159,2378,51,2724,5437,113,251,1,6501,2,199,2,3,141,6185,373,4,4000,245,12,38,220,307,260,6,45,1,140,356,538,0,9,17,248,32,16,205,8,156,266,13,746,270,490,242,874,85,255
chr1.96,61,300,249,41,153,2209,65,2952,5937,112,442,0,7183,2,257,5,3,159,6862,326,4,4303,331,9,49,212,416,455,8,54,4,138,293,707,1,13,33,331,34,21,384,1,151,321,14,874,446,716,243,931,94,257
chr1.97,83,825,419,76,229,4374,100,7196,11859,212,819,0,13898,2,287,11,5,304,13447,472,10,8729,534,14,60,278,928,837,7,117,15,171,452,1259,2,18,20,639,44,41,687,12,195,566,37,1546,1424,1753,464,1503,153,501
chr1.98,59,446,369,36,195,4523,84,7533,10322,158,775,0,12175,1,343,6,4,250,11835,436,5,7967,448,9,57,222,855,789,8,83,16,149,407,1234,1,14,29,587,36,19,676,6,163,448,22,1157,1094,1301,364,1290,103,386
chr1.99,90,418,371,61,207,4471,93,5930,10298,157,1012,0,12319,6,388,4,6,249,11955,517,6,7740,386,7,38,236,927,1021,5,96,41,133,491,1357,4,9,26,585,42,24,875,8,146,552,18,1276,865,1345,405,1486,113,423
chr1.100,78,731,289,57,173,3823,90,3113,9597,136,728,0,11596,3,340,5,3,341,11214,491,5,7030,408,7,62,227,964,742,9,88,16,137,459,1354,1,14,32,514,50,34,624,16,149,391,17,1343,806,1695,272,1222,138,289
chr1.101,31,275,254,29,139,2590,75,1984,5941,113,236,0,6955,3,188,4,3,137,6709,380,6,4367,289,5,32,156,346,247,7,28,0,114,351,554,1,11,29,302,20,24,208,12,125,247,6,763,310,621,250,902,76,256
chr1.102,56,478,243,62,177,3430,97,4096,8111,145,283,1,9930,2,330,5,1,271,9580,425,7,6075,439,15,58,212,816,292,3,47,4,134,408,1195,2,9,17,420,49,19,232,6,156,280,16,1028,613,1294,302,999,127,318
chr1.103,87,763,464,96,238,4253,142,6684,13996,254,765,0,17464,0,686,11,4,512,16912,579,10,10719,802,31,89,324,1779,788,12,106,22,196,555,2536,2,23,24,890,71,29,637,16,237,404,21,2575,1945,2542,503,1520,205,524
chr1.106,116,1035,508,120,356,5918,145,5796,16876,263,742,0,20928,6,808,14,4,341,20168,577,27,13136,799,36,102,491,1913,769,13,119,11,312,552,2791,3,27,25,984,70,39,612,10,375,605,29,3092,2080,2948,603,1763,236,632
chr1.107,121,1022,452,137,321,5656,160,10154,16410,258,811,2,20144,3,777,7,5,331,19444,630,18,12774,768,37,81,430,1708,837,17,129,20,254,592,2553,5,26,38,898,68,52,662,18,309,624,27,3145,2049,2730,493,1779,241,520
chr1.108,79,876,328,71,190,4963,116,8017,14750,263,437,0,16917,4,452,10,2,210,16488,519,7,11830,793,21,62,262,942,457,10,58,2,155,499,1432,0,20,20,840,38,52,377,8,183,457,12,2767,2204,1818,466,1342,143,478
chr1.110,56,208,249,31,117,1966,43,1639,5232,124,233,0,6187,2,183,4,3,159,5908,387,8,3681,265,7,26,205,297,242,5,43,2,134,364,516,2,9,23,271,36,23,188,3,149,249,15,817,238,505,259,923,63,274
chr1.111,44,268,220,37,186,2123,56,2104,5470,102,195,0,6535,0,186,5,3,162,6249,397,3,3884,293,6,26,203,318,207,7,31,3,150,378,537,0,12,19,299,33,18,161,5,159,257,12,778,289,586,252,907,71,264
chr1.112,82,381,233,66,159,3499,75,4156,8091,129,252,0,9629,2,273,5,2,193,9219,441,9,6081,397,12,73,245,589,265,8,27,6,142,410,894,4,13,31,387,32,30,219,9,163,384,14,1136,533,970,330,1094,150,344
chr1.113,45,285,246,50,164,2750,62,5803,6898,141,263,0,8120,2,223,3,3,153,7791,487,6,5044,395,5,71,188,416,272,6,40,4,132,465,667,1,9,22,361,28,22,219,6,143,343,20,906,491,701,297,1105,130,317
chr1.115,43,245,257,45,185,2382,62,2717,6288,107,253,0,7585,2,204,6,0,166,7262,468,4,4535,318,8,37,220,491,265,6,52,2,165,442,727,5,12,26,341,32,20,199,7,177,309,16,967,420,736,267,1071,89,283
chr1.116,71,374,300,48,156,3577,69,5886,8624,182,339,1,9995,0,222,8,3,186,9565,476,13,6630,469,18,39,318,467,352,4,52,7,216,446,716,1,13,30,435,27,19,280,9,247,339,23,1289,678,841,276,1143,99,299
chr1.117,45,308,229,44,137,2656,65,3095,6528,94,348,0,7670,2,186,9,1,148,7331,481,8,4712,303,9,45,217,391,365,8,61,5,155,459,601,0,17,22,286,24,25,282,13,172,307,13,1049,324,699,305,1041,103,318
chr1.118,46,234,192,30,149,2452,57,2279,5760,114,238,2,6745,0,210,1,3,152,6482,422,5,4236,265,8,26,198,288,244,3,35,1,139,401,516,1,6,21,297,18,10,202,0,152,254,11,831,277,522,248,887,59,259
chr1.119,64,286,227,47,157,3265,58,4415,7815,153,316,0,9178,5,253,4,1,222,8809,459,13,5977,363,10,38,258,501,325,5,51,7,171,434,779,2,9,25,400,25,18,258,11,194,348,12,1197,599,787,264,1061,97,276
chr1.120,68,399,253,53,158,3244,74,5905,8259,147,403,0,9765,1,271,11,5,184,9344,562,9,6089,404,11,50,284,552,422,8,65,7,196,533,853,3,19,29,443,30,15,331,9,216,434,14,1007,844,951,306,1282,117,320
chr1.149,62,383,258,78,125,2411,64,3787,7358,154,294,1,8688,2,230,7,3,207,8240,674,7,5147,435,15,55,291,429,308,6,41,2,207,624,693,2,14,50,432,34,15,251,5,229,389,20,1166,549,812,263,1357,141,283
chr1.150,83,582,332,83,149,2998,87,6979,9982,211,373,2,11537,3,188,5,2,393,10999,824,11,6935,627,21,94,321,563,395,15,53,5,206,772,781,3,22,52,573,30,31,315,13,238,478,29,1636,890,1145,375,1667,192,404
chr1.152,61,256,305,59,200,1886,55,2163,6126,150,232,0,7408,1,216,5,2,170,7078,668,9,4076,418,10,35,220,428,242,5,29,2,140,606,697,0,10,62,339,53,14,201,3,159,341,17,943,340,684,279,1367,99,296
chr1.154,57,349,272,94,170,2315,75,3806,6973,103,267,2,8612,3,263,4,1,212,8187,667,7,4815,448,15,47,262,665,280,7,41,4,183,623,969,2,13,44,339,41,24,222,5,205,334,11,1168,442,1014,287,1316,147,298
chr1.155,95,695,321,139,235,3590,111,5823,12927,244,292,0,15481,8,346,4,2,430,14877,936,10,9680,858,24,94,337,1209,307,11,34,5,208,868,1604,2,15,68,801,49,29,253,9,242,444,19,2268,1919,1904,371,1752,244,390
chr1.156,88,810,429,140,283,4149,125,7079,13957,228,364,1,16449,6,332,3,4,463,15837,1011,15,10290,941,15,89,347,1100,371,3,48,6,229,950,1472,3,7,61,923,40,39,310,19,259,530,29,1828,2221,1910,353,2013,252,382
chr1.157,59,369,312,88,190,2435,66,4394,7076,137,277,1,8547,5,252,3,3,235,8165,682,2,4822,398,7,53,213,546,288,7,33,5,145,627,833,1,11,55,384,35,24,239,9,154,337,19,982,486,915,275,1367,153,294
chr1.160,62,635,331,100,171,3397,68,4009,9049,129,473,0,10919,2,281,8,3,176,10506,707,5,6443,437,14,47,236,903,494,13,53,10,155,661,1218,3,21,46,465,34,25,410,4,174,398,23,1462,553,1538,308,1473,154,331
chr1.161,83,997,383,131,208,3935,80,12074,12497,215,993,0,15005,1,406,8,6,228,14485,812,7,9120,566,18,74,282,1250,1012,11,140,26,174,748,1700,4,19,64,666,44,29,827,7,199,495,28,2697,1041,2247,401,1738,218,429
chr1.162,64,655,307,112,213,3179,77,6563,9448,160,630,0,11386,0,320,5,2,181,10915,615,7,6939,560,12,73,266,804,642,7,95,10,183,581,1177,2,12,34,567,53,26,525,6,202,363,17,1557,916,1459,343,1340,193,360
chr1.164,54,541,294,159,160,2692,72,5655,8106,131,346,2,10024,5,290,4,0,222,9529,706,1,5620,480,14,71,242,849,353,1,53,3,173,653,1191,2,7,53,393,52,23,290,11,188,391,22,1350,574,1390,285,1445,241,307
chr1.165,55,308,232,80,161,2514,58,2641,6585,109,319,0,7837,2,204,3,0,167,7471,587,7,4668,398,16,31,246,422,323,1,39,3,168,531,667,5,4,56,319,41,20,277,3,191,305,15,1011,317,730,278,1170,114,293
chr1.166,72,292,236,109,178,2423,48,2493,6378,109,397,2,7852,4,218,5,1,178,7390,563,5,4520,343,19,40,287,514,411,7,55,4,191,533,786,0,14,30,284,54,16,338,7,215,298,10,1049,312,806,265,1151,157,275
chr1.167,79,443,295,110,201,3225,79,3648,8930,161,386,2,10803,2,294,5,3,256,10363,656,4,6587,490,20,33,269,821,402,9,55,4,166,607,1153,0,16,49,490,38,24,327,7,190,394,17,1320,901,1264,258,1383,153,275
chr1.168,74,502,293,106,215,3516,106,4881,9501,157,471,1,11205,3,309,9,1,301,10790,788,3,6797,547,24,41,240,627,490,9,61,3,139,739,968,1,19,49,507,32,25,407,5,166,421,31,1243,827,1129,342,1535,153,373
chr1.169,69,258,220,139,151,2806,53,3554,6757,121,312,1,8093,2,230,4,3,152,7683,578,3,5058,387,14,34,216,463,320,3,40,2,130,542,722,1,8,36,330,29,13,270,8,147,247,18,1073,341,721,212,1075,184,230
chr1.170,98,381,262,66,145,3445,73,5208,8006,123,235,1,9462,3,247,3,2,217,9039,687,12,5842,392,17,34,298,546,245,6,28,1,171,629,815,1,10,58,361,22,27,206,10,200,301,15,1100,421,927,273,1273,112,288
chr1.172,63,629,331,73,173,2933,56,4260,8634,171,338,0,10521,0,285,1,3,195,10170,624,7,6151,567,13,50,205,982,345,6,46,7,122,571,1307,2,7,53,465,40,20,285,13,142,341,20,1255,760,1611,321,1338,139,341
chr1.173,68,811,305,93,205,3334,64,6415,10101,199,385,0,12617,0,415,7,1,238,12206,692,5,7318,631,15,77,209,1376,398,6,59,4,121,637,1836,0,13,55,595,45,28,322,18,141,381,23,1262,1297,2187,305,1423,189,328
chr1.174,58,849,308,75,214,4188,82,10579,13004,236,584,1,15762,5,509,7,1,268,15319,773,2,10062,838,10,75,240,1468,613,21,106,9,170,723,2019,2,29,50,843,42,30,469,18,182,367,21,1830,2127,2317,324,1492,169,345
chr1.175,47,420,286,51,130,2495,48,3540,7048,127,415,0,8550,1,279,5,4,150,8215,571,5,5042,419,18,47,212,663,426,6,57,7,142,519,989,1,11,52,356,47,17,351,9,165,293,14,1094,551,1083,254,1198,111,268
chr1.177,46,306,251,69,144,2442,59,2969,6421,131,230,0,7674,4,231,6,0,155,7365,591,6,4573,332,11,42,175,478,244,8,44,2,112,545,741,0,14,46,277,32,15,184,5,129,236,13,1066,325,784,281,1110,116,294
chr1.178,46,377,239,50,150,2648,71,4105,7038,130,261,0,8304,1,198,7,2,178,7965,673,2,5006,357,10,53,207,474,276,8,45,4,149,630,706,1,15,43,338,34,20,212,11,161,287,19,1131,402,851,238,1234,116,257
chr1.179,81,569,267,87,158,3165,102,6010,8968,198,363,0,10633,2,231,11,4,284,10169,733,7,6386,531,14,67,264,664,390,16,65,2,162,682,941,2,27,51,484,46,21,296,13,183,372,26,1292,716,1233,308,1420,171,334
chr1.180,46,285,256,57,150,2735,62,2812,7095,136,295,0,8330,2,221,4,0,183,8012,693,3,5032,357,15,37,203,453,306,7,40,2,139,642,705,0,11,51,314,31,19,253,8,157,328,7,1168,322,738,292,1308,102,299
chr1.181,70,295,217,39,151,2833,61,1901,7075,144,308,0,8335,4,222,1,1,142,8001,564,8,5208,358,6,35,240,456,315,6,44,3,156,529,714,1,7,35,298,36,10,261,8,170,314,19,1155,420,751,305,1132,83,324
chr1.182,62,331,231,56,167,3046,56,1958,7329,146,247,1,8575,2,215,2,2,138,8264,636,8,5383,382,6,28,207,465,258,8,44,3,131,565,712,1,11,71,284,32,13,200,5,145,310,14,1211,314,796,272,1210,91,286
chr1.183,68,387,277,91,185,3401,77,2116,9312,182,401,0,10717,2,225,7,4,293,10294,764,9,6965,524,24,31,273,458,415,7,54,3,172,711,720,1,14,53,484,37,16,344,8,205,362,12,1572,802,845,235,1441,134,247
chr1.184,81,669,317,77,179,4207,104,4359,13055,238,1046,1,15214,4,355,6,2,195,14761,833,8,10041,773,15,70,271,1032,1064,11,125,27,167,769,1423,3,18,64,706,36,28,894,11,190,469,36,2701,1416,1701,464,1658,160,500
chr1.185,108,901,449,94,228,6586,123,4511,18753,280,1429,2,22317,7,700,9,5,214,21695,916,16,15053,1277,18,101,374,1818,1455,15,177,35,232,857,2591,8,26,59,1266,73,32,1217,15,266,706,20,2739,2905,2719,454,2152,215,474
chr1.186,138,806,427,127,235,6661,123,7708,19337,330,1566,0,23501,1,841,11,9,396,22799,919,14,15406,1299,15,113,407,2179,1587,10,211,42,240,850,3104,9,21,69,1216,84,33,1313,24,269,767,36,3389,2511,2985,538,2206,273,574
chr1.187,117,994,399,122,278,6474,142,9763,19678,368,1425,2,24072,2,870,7,7,351,23486,845,4,15636,1320,14,107,297,2456,1455,21,201,42,162,797,3388,6,30,48,1260,62,44,1182,21,180,676,46,3669,2545,3450,681,1988,257,727
chr1.188,121,1139,496,134,304,6002,163,9828,19786,381,1175,0,24227,2,859,6,7,516,23587,793,11,15532,1468,32,104,359,2405,1188,7,163,27,195,751,3334,3,13,42,1222,70,44,985,21,238,678,37,3697,2762,3544,548,2040,266,585
chr1.189,122,925,412,72,265,5152,128,5714,15992,271,628,0,19229,3,615,10,2,401,18662,795,9,12334,988,28,67,399,1603,645,7,99,8,240,743,2277,3,17,52,1021,59,40,521,7,277,543,19,2974,1928,2528,520,1812,148,539
chr1.190,93,399,306,45,172,3181,63,3444,7738,147,358,0,9223,4,287,8,2,155,8867,698,1,5527,367,10,38,247,573,371,5,43,6,143,644,894,3,13,54,325,34,16,309,7,154,333,19,1132,375,972,282,1374,92,301
chr1.191,116,760,424,110,268,3794,89,9066,12430,196,672,3,15143,3,523,8,4,343,14658,934,8,8961,728,25,67,275,1297,691,8,87,8,126,869,1871,2,19,65,769,51,26,577,7,159,553,42,1646,1828,2057,385,1964,188,427
chr1.192,145,1136,469,135,296,4626,127,11105,17949,329,1193,0,21881,4,619,8,7,611,21196,951,16,13291,1449,30,106,400,2131,1213,12,168,30,209,885,2824,4,20,66,1233,74,29,995,13,255,726,31,2750,2904,3267,701,2224,261,732
chr1.193,112,967,340,91,192,4208,118,8723,14692,267,1048,0,17385,3,425,10,4,555,16857,892,11,10806,1090,16,74,329,1387,1067,9,152,26,190,835,1855,4,19,57,1125,43,28,870,8,217,616,20,1649,2467,2354,464,1895,177,484
chr1.195,84,349,272,68,155,3318,58,4520,8169,100,319,0,9733,2,254,5,2,214,9330,604,4,5996,405,12,48,267,661,331,7,48,2,167,565,948,0,12,39,411,33,24,269,4,183,366,19,1204,558,1010,325,1275,122,344
chr1.196,79,530,262,84,220,4135,100,4298,12731,203,329,1,14953,0,521,2,3,383,14533,765,11,9863,658,18,38,271,907,338,6,38,1,163,711,1482,1,9,54,1005,54,28,290,15,192,449,22,2103,1759,1437,428,1531,140,450
chr1.197,80,393,272,65,166,3047,67,5523,8211,130,302,1,10004,3,321,4,4,208,9587,694,3,5833,471,9,49,274,788,314,7,55,3,182,635,1143,1,12,59,471,34,20,244,10,194,389,35,1049,665,1181,366,1390,128,401
chr1.198,54,318,251,49,128,2159,73,2703,6144,100,266,1,7314,5,215,6,3,146,6974,569,7,4228,349,22,24,243,383,279,6,41,2,160,510,629,3,13,59,304,31,18,223,3,189,312,15,990,326,701,284,1166,79,299
chr1.200,56,303,201,42,172,2185,72,2490,6285,121,601,4,7667,3,251,7,2,173,7289,597,2,4398,421,12,68,237,473,620,8,42,5,167,568,760,1,19,29,343,36,28,554,7,181,300,16,1006,322,776,268,1135,119,284
chr1.201,59,276,260,41,142,2009,61,1937,5868,108,282,0,7034,1,194,5,1,145,6706,543,7,4030,354,6,44,227,418,291,4,30,2,155,504,635,1,9,39,302,23,20,250,5,168,259,18,933,324,694,316,1086,91,334
chr1.202,66,343,244,54,157,2221,41,2977,6453,124,257,0,7677,5,197,2,1,163,7344,614,6,4483,400,9,32,220,456,271,12,46,2,139,562,693,2,14,52,367,40,22,209,7,154,265,22,981,390,799,295,1165,94,317
chr1.204,75,208,228,52,160,2198,53,2362,5947,117,259,0,7100,0,196,5,2,165,6723,589,6,4182,330,16,34,268,337,272,8,39,5,171,545,563,0,13,44,300,30,17,215,8,193,274,13,930,307,545,271,1121,96,284
chr1.206,60,618,309,80,209,4018,85,10585,12066,217,616,0,13816,2,273,13,3,299,13377,755,14,9189,792,10,50,272,708,639,10,93,14,188,699,1017,1,23,56,778,36,18,509,9,212,450,24,1527,1857,1326,403,1551,142,427
chr1.207,53,434,240,61,164,3258,56,4355,8532,145,410,2,9901,3,196,2,4,195,9496,677,5,6266,461,18,59,261,520,422,8,61,8,185,626,744,1,12,51,494,28,9,341,5,208,378,23,1285,623,954,309,1324,129,332
chr1.208,38,513,271,64,153,3230,67,3333,9290,152,399,1,10796,1,253,7,3,219,10437,663,3,6867,605,11,58,208,645,413,6,38,10,156,623,927,0,14,40,593,29,24,351,11,170,377,23,1156,1131,1158,333,1340,136,356
chr1.209,58,248,244,37,156,2113,45,1995,5735,125,223,0,6895,2,201,4,5,130,6609,578,5,4013,372,7,28,202,447,231,4,50,2,132,538,673,2,8,40,287,25,15,171,4,144,220,12,842,274,695,273,1069,74,285
chr1.210,61,303,285,31,140,2424,79,2120,6421,117,265,0,7688,4,230,5,3,153,7376,623,3,4490,364,11,40,217,468,278,8,34,3,142,546,736,2,13,77,292,38,21,228,4,156,264,17,935,358,771,263,1212,78,280
chr1.211,70,567,325,82,158,2830,60,5159,8571,163,543,0,10455,1,387,11,3,213,10030,743,8,5907,671,15,52,257,816,568,14,87,11,164,691,1241,5,25,52,470,38,22,445,5,187,456,18,969,804,1383,315,1567,142,333
chr1.212,65,542,274,60,174,3764,91,2693,10317,153,733,2,11971,1,317,9,0,256,11609,618,3,7943,576,21,33,241,678,756,12,109,13,152,571,1027,3,23,47,567,32,14,611,4,176,331,13,1713,1170,1220,323,1258,97,336
chr1.213,58,773,328,101,186,4426,82,4188,11497,193,869,1,13998,1,464,12,2,293,13463,775,9,8527,560,25,92,304,1180,895,13,137,15,212,728,1698,0,26,47,707,54,15,717,9,246,411,19,1420,1221,1953,356,1568,204,375
chr1.214,70,715,298,75,210,3965,86,4620,12358,216,879,2,15008,2,522,8,6,196,14508,667,7,9759,645,19,92,287,1282,905,16,121,10,191,606,1854,2,26,61,821,50,17,748,12,217,352,27,2362,1750,1997,325,1369,185,352
chr1.215,65,656,290,61,188,3856,81,3807,11394,216,558,1,13604,0,396,9,4,200,13209,742,9,8743,657,19,55,251,1106,575,7,96,7,158,689,1546,3,17,53,655,44,18,455,7,186,399,20,2099,1260,1762,323,1478,127,343
chr1.216,60,457,293,30,219,4338,96,4225,9913,137,429,0,11452,5,275,8,2,173,11151,632,6,7645,442,11,23,220,615,444,7,63,11,143,584,923,3,15,48,564,33,18,355,6,160,329,18,1376,788,1072,345,1290,61,363
chr1.217,62,599,234,45,164,3173,80,2667,8245,129,316,1,9846,1,257,6,0,171,9538,543,1,6054,522,17,22,218,752,331,8,69,3,138,487,1049,2,15,56,483,40,23,244,7,156,306,10,917,830,1351,303,1125,74,313
chr1.218,72,704,254,74,194,3532,88,5737,9990,160,333,0,11998,2,315,4,3,216,11583,688,7,7382,609,18,33,279,957,345,8,59,1,182,623,1311,1,12,65,621,39,29,273,12,207,352,26,1203,1257,1661,338,1334,122,364
chr1.219,57,585,271,60,150,3654,84,4026,9294,139,309,1,11158,1,264,7,2,221,10775,647,9,6791,465,27,39,258,944,325,8,48,2,165,600,1247,1,16,47,557,39,20,259,7,201,416,18,1108,868,1529,324,1374,108,342
chr1.222,58,321,215,68,148,2494,66,3214,7045,126,307,1,8444,0,240,4,1,167,8055,604,8,5153,447,10,37,267,527,317,5,42,5,191,555,796,2,10,49,388,29,20,260,6,209,276,17,1006,692,848,270,1126,112,287
chr1.223,67,260,248,53,172,1916,57,2114,5768,117,223,0,6856,3,203,8,5,145,6542,655,7,3873,339,13,14,216,299,239,8,36,1,129,593,545,1,16,62,300,43,18,186,7,149,305,13,910,291,559,250,1252,79,263
chr1.224,44,302,234,48,158,2336,48,1751,6337,111,376,0,7480,2,233,6,0,140,7193,579,1,4480,376,10,23,199,376,388,6,49,6,144,548,650,4,12,31,283,41,16,321,3,155,305,12,1053,321,678,265,1163,74,277
chr1.225,69,405,269,46,152,2567,71,3498,7235,106,294,0,8510,7,221,6,2,160,8128,624,7,5152,449,16,35,274,404,304,4,39,8,182,582,670,0,10,42,369,45,13,247,8,205,298,19,1171,490,809,295,1236,91,314
chr1.227,51,340,240,48,148,2406,70,2953,6669,123,307,0,7945,2,224,6,5,147,7624,602,9,4708,422,17,42,204,491,323,10,53,4,127,561,737,2,16,41,360,22,21,250,4,153,325,15,958,439,831,269,1191,99,284
chr1.228,66,358,270,61,162,2492,51,2425,6762,128,300,0,8088,0,210,5,1,161,7730,621,6,4747,404,8,37,232,517,314,9,46,1,152,575,755,4,14,46,359,28,13,253,13,166,272,22,992,372,875,294,1195,112,316
chr1.229,72,408,254,33,151,3252,62,2223,8619,153,421,0,9824,6,213,5,4,163,9486,632,2,6502,446,9,54,225,411,430,4,64,6,142,584,654,4,9,48,438,30,22,351,7,153,322,20,1550,663,819,292,1242,98,312
chr1.230,68,352,236,51,180,2531,54,4490,6941,127,354,1,8226,1,235,10,0,145,7882,625,1,4903,340,15,58,208,424,369,4,53,10,124,586,707,4,15,39,355,48,23,291,11,140,334,15,1166,384,776,304,1247,120,319
chr1.231,37,446,242,63,194,3130,69,10561,8311,145,414,1,9940,2,254,17,1,159,9519,752,3,6008,513,13,64,264,639,437,5,85,13,211,694,945,4,23,58,432,52,19,316,4,227,358,19,1183,605,1085,304,1408,132,323
chr1.233,50,343,307,51,128,2550,68,1658,6993,126,257,1,8133,0,218,4,1,132,7811,680,3,4893,416,8,21,228,383,268,6,32,2,167,634,622,6,11,46,371,21,17,223,10,178,343,8,977,453,726,264,1357,83,272
chr1.234,70,775,364,64,196,3398,73,2907,10893,221,377,1,12956,3,350,7,4,252,12466,879,3,7887,798,23,54,330,916,398,13,71,4,234,809,1304,3,21,70,633,38,16,302,14,260,408,18,1595,1242,1691,291,1692,136,309
chr1.235,88,1344,358,117,330,4750,85,4034,14090,216,1024,1,16948,9,411,9,3,468,16290,1130,11,9909,805,38,102,394,1315,1042,8,171,32,257,1043,1785,3,18,87,746,59,29,821,15,306,509,26,2036,1356,2659,314,2059,237,340
chr1.236,96,1201,440,131,369,4182,105,9376,13634,216,1554,0,16997,5,515,10,6,392,16340,1066,6,9565,666,29,78,411,1665,1571,7,219,47,280,994,2232,3,17,72,663,52,30,1288,9,315,525,23,2696,1142,2866,389,2086,224,412
chr1.237,79,765,362,88,241,3174,67,7060,12236,244,1125,0,15100,2,548,7,3,262,14607,1028,10,8821,769,19,62,313,1460,1143,11,161,27,205,955,2063,9,18,73,688,55,36,937,7,234,522,33,2492,1454,2225,398,1976,160,431
chr1.238,53,860,358,102,278,3710,74,10075,12524,230,648,5,16167,4,795,9,4,369,15710,1210,3,8437,855,15,83,222,1972,678,16,90,9,151,1116,2834,4,30,94,612,67,40,549,12,169,672,35,1761,1269,2832,539,2311,201,574
chr1.241,56,459,373,68,162,3542,54,2491,9747,205,338,0,11385,1,285,2,5,180,11006,757,6,7200,695,12,57,232,717,351,11,43,6,158,709,1043,1,13,48,568,41,17,289,3,176,477,15,1163,1027,1176,268,1649,133,283
chr1.242,57,294,286,67,172,2741,76,2365,7267,169,303,0,8634,1,227,3,3,176,8249,657,9,5243,402,18,49,254,457,311,5,38,5,170,605,734,2,8,52,371,50,22,260,3,197,291,24,1091,469,751,272,1286,122,296
chr1.243,62,324,264,56,192,2758,53,2070,7760,213,301,1,9220,3,316,4,3,196,8855,689,7,5670,481,12,43,240,488,315,9,44,1,159,642,850,1,14,47,431,46,16,256,6,178,318,20,1139,648,812,262,1318,108,282
chr2.2,81,762,430,69,309,3142,100,7117,13708,337,736,1,16018,7,364,7,2,213,15473,657,9,10708,1366,20,99,336,952,758,14,128,18,226,630,1356,3,22,27,988,40,29,590,10,255,518,46,2453,2422,1714,342,1648,180,388
chr2.3,56,1078,465,116,300,4142,112,8364,15139,300,630,0,17956,4,343,12,3,280,17418,815,6,11460,1238,20,125,260,1460,652,10,101,7,178,780,1867,4,22,35,946,64,16,522,8,204,644,41,2319,2515,2538,336,1992,252,377
chr2.5,68,927,422,113,302,5456,107,7565,16992,285,878,3,20669,6,641,11,5,204,19922,750,13,13406,973,27,123,459,1810,902,10,142,12,351,708,2521,4,24,42,1216,70,18,724,17,391,662,46,2884,2592,2737,553,1908,258,599
chr2.7,56,642,405,105,254,4176,120,9151,12790,231,606,1,16579,4,689,7,5,207,16015,615,11,9653,651,13,105,317,2091,624,10,103,4,237,585,2851,4,18,30,706,71,25,499,10,261,615,37,2484,1405,2733,587,1710,225,624
chr2.8,70,488,337,70,214,3790,64,2791,10083,181,447,2,12213,2,392,4,2,170,11804,482,7,7863,567,19,64,255,1016,458,5,105,9,159,457,1443,3,11,25,594,35,10,333,5,185,362,33,1433,1298,1504,335,1219,141,368
chr2.9,67,428,295,56,147,2313,81,3180,6389,124,309,0,8020,0,276,3,4,184,7673,456,7,4356,320,9,40,233,752,318,6,75,5,150,426,1056,4,9,30,386,28,16,229,5,166,333,26,789,424,1180,291,1116,105,317
chr2.10,47,227,271,37,197,1955,57,1732,5465,116,274,1,6578,2,168,3,0,155,6298,373,5,3904,313,11,32,196,383,280,2,44,3,133,347,579,1,6,26,273,28,16,227,7,149,223,18,962,285,610,277,896,76,295
chr2.11,50,241,243,38,187,1779,72,2143,5383,109,229,2,6539,2,174,6,3,159,6229,496,5,3631,331,14,32,211,376,245,8,40,2,142,465,587,1,16,31,329,37,28,187,8,161,269,19,802,281,617,296,1046,81,315
chr2.12,51,306,242,45,156,2180,55,2247,6108,142,289,0,7350,0,204,4,1,160,6992,489,6,4317,364,15,44,249,435,300,7,54,2,177,464,673,1,11,25,286,34,16,233,8,198,269,11,921,424,741,297,1035,98,308
chr2.13,59,565,275,58,184,3441,79,2078,8766,147,320,0,10302,0,214,11,2,176,9949,496,5,6564,454,15,36,236,681,336,5,42,2,157,473,920,2,16,23,419,25,23,276,5,177,350,22,1445,658,1246,293,1148,101,315
chr2.14,73,985,471,93,209,4689,95,8394,13196,225,686,0,15626,2,408,13,1,209,15088,587,12,9923,614,23,73,335,1126,712,13,121,11,227,554,1588,1,26,33,662,54,36,554,8,262,520,32,2511,1222,2111,432,1633,175,464
chr2.15,59,1032,412,87,200,3216,74,9217,11899,233,831,2,13973,2,352,14,1,173,13468,551,8,8702,649,23,91,272,896,874,27,114,11,182,505,1295,4,43,46,646,47,25,706,9,213,551,15,2452,1506,1928,434,1565,188,449
chr2.16,85,517,297,56,173,2688,100,4297,7882,170,335,0,9608,5,267,4,5,160,9185,464,7,5805,526,13,62,278,726,344,5,48,4,173,435,1030,0,9,29,469,37,12,283,8,193,312,20,1214,738,1243,295,1110,131,315
chr2.18,62,721,351,63,174,3431,68,7559,9986,168,320,0,11524,1,225,7,2,180,11087,527,7,7341,679,16,73,276,604,336,9,46,3,191,476,859,3,16,51,645,30,22,271,6,214,417,43,1074,1344,1325,381,1328,144,424
chr2.19,99,318,300,35,155,3506,68,6011,8894,158,510,1,10247,1,214,6,3,156,9824,527,8,6831,513,16,44,326,461,522,5,73,5,203,483,707,4,12,44,549,32,18,432,2,227,426,25,1221,884,779,289,1289,84,314
chr2.20,55,320,249,35,192,3090,71,6511,6987,138,543,2,8266,2,201,7,1,149,7899,434,8,5277,355,18,40,270,415,559,7,70,7,189,405,649,4,16,29,376,33,14,466,3,215,305,17,789,529,735,218,1025,79,235
chr2.21,52,223,241,30,154,2010,47,2257,5491,122,215,0,6504,0,177,5,3,148,6237,443,4,3841,336,8,33,184,345,227,7,35,2,120,418,545,0,12,25,303,23,18,178,5,132,294,15,745,325,568,268,1001,71,283
chr2.22,69,569,366,74,217,3884,88,5273,11155,181,594,1,13412,2,426,11,1,226,12947,595,11,8523,735,27,74,283,1015,618,12,73,12,176,571,1487,3,24,24,784,46,28,509,7,214,530,31,970,1969,1584,284,1540,156,315
chr2.23,50,784,491,75,299,5183,122,6703,14967,189,925,0,18119,3,577,12,5,314,17603,826,7,11501,802,29,107,270,1580,963,26,119,21,184,770,2215,3,38,56,1071,58,39,785,18,220,627,40,1680,2576,2364,342,2005,205,382
chr2.24,53,532,361,55,196,2762,79,2982,8144,163,395,1,9934,3,300,10,2,213,9554,712,5,5640,450,20,60,235,788,412,6,43,7,157,667,1135,2,17,45,488,47,23,345,8,182,370,25,842,935,1320,266,1492,125,291
chr2.25,44,184,238,47,178,2461,67,1441,5876,111,259,0,6956,0,193,4,3,149,6689,439,5,4303,302,14,28,175,341,270,7,29,2,112,414,568,2,11,25,301,34,7,228,3,131,251,16,833,295,525,287,964,81,303
chr2.26,47,210,235,37,166,2111,49,1564,5787,111,231,1,6879,1,196,9,3,152,6600,506,5,4128,362,13,31,180,365,250,9,37,2,115,473,598,2,19,33,315,37,16,192,8,133,249,17,878,351,575,272,1029,79,289
chr2.27,55,304,285,60,174,2015,63,2073,5767,112,236,1,7015,1,219,8,6,162,6657,433,5,3971,318,13,39,229,395,253,8,41,3,156,405,653,1,17,28,314,39,11,192,6,174,287,18,905,307,699,295,1045,111,313
chr2.28,49,296,259,53,187,2156,50,2205,5848,109,232,2,7132,1,181,4,1,154,6802,494,7,4020,335,16,30,229,471,244,6,39,4,157,467,717,3,12,27,309,65,8,189,4,180,321,18,776,335,767,275,1142,88,293
chr2.29,68,199,257,33,200,2040,54,1961,5384,109,232,1,6532,0,200,3,2,125,6237,458,3,3784,300,13,24,217,363,243,7,25,6,133,431,599,2,11,27,251,36,16,201,8,149,258,19,806,278,562,266,1011,67,285
chr2.30,44,380,255,52,159,3291,55,2811,8210,131,313,0,9580,2,234,4,1,181,9257,568,2,6121,350,7,57,190,569,328,11,39,1,137,540,833,9,15,28,455,30,21,273,6,146,330,23,1122,772,949,322,1192,116,345
chr2.31,62,389,297,54,159,3106,71,3410,7922,151,257,2,9342,6,244,6,1,170,8957,500,13,5939,428,8,44,252,519,277,12,36,2,169,473,805,4,20,27,377,42,21,219,8,190,303,23,1306,571,908,276,1146,107,299
chr2.32,81,429,348,92,157,3275,85,6535,8472,133,256,2,10081,0,219,4,3,202,9545,510,10,6247,490,22,73,350,575,267,5,50,5,237,482,831,2,11,28,423,37,29,201,7,269,347,20,1055,871,1004,338,1244,175,358
chr2.34,69,514,271,45,175,2933,69,2841,7839,148,296,1,9391,4,244,6,1,153,9039,482,8,5741,459,17,40,242,674,312,9,37,4,148,450,956,0,16,32,487,38,25,255,4,173,346,22,1001,713,1188,285,1137,90,307
chr2.35,96,813,363,125,296,4551,124,2333,14661,209,660,0,17845,5,570,13,1,318,17195,719,22,11667,829,29,92,383,1485,689,16,113,13,236,690,2114,4,29,29,1058,59,41,534,15,287,402,21,2277,2743,2298,313,1547,233,334
chr2.36,98,881,404,110,233,5175,114,4829,15820,199,968,0,18633,2,477,13,2,377,18026,629,23,12617,790,21,104,340,1325,993,12,159,30,198,601,1859,3,25,28,1082,57,32,779,24,242,465,36,2753,2618,2206,376,1558,240,412
chr2.37,68,533,303,66,163,3105,72,2973,9647,162,630,1,11347,1,300,10,1,226,10935,532,7,7347,556,19,61,259,720,649,8,106,15,165,503,1053,1,19,29,524,33,28,509,5,191,307,28,1916,1084,1253,342,1176,133,370
chr2.38,37,234,245,25,191,2484,45,1445,6211,130,262,0,7297,1,201,1,1,143,7069,428,2,4542,326,13,21,174,393,265,2,43,6,122,405,622,1,3,23,349,28,20,213,3,137,291,17,841,412,627,290,993,50,307
chr2.39,53,197,289,39,190,2494,66,1734,6071,114,251,0,7134,1,159,6,1,156,6818,444,6,4369,323,18,23,236,309,261,4,34,5,159,422,491,5,10,22,329,23,10,212,6,183,306,15,773,336,506,280,1067,69,295
chr2.40,51,247,237,36,185,2659,40,1743,6061,112,246,0,7156,2,197,2,2,125,6873,426,4,4512,312,9,36,187,348,258,10,42,3,123,396,587,2,12,30,287,42,15,201,8,136,234,19,815,327,595,244,941,82,263
chr2.41,56,756,297,51,198,4297,69,5239,11986,212,471,1,14169,1,363,7,4,260,13816,594,3,9389,583,15,42,228,1145,489,10,81,12,154,570,1563,2,18,24,642,55,19,378,9,172,329,18,2220,1435,1901,322,1277,106,340
chr2.42,76,638,354,49,223,4303,86,3901,11865,185,642,0,14258,1,396,7,7,211,13820,589,10,9432,732,18,79,279,1187,657,8,83,20,175,544,1646,2,15,45,695,63,15,539,8,203,300,33,1835,1682,1825,291,1308,143,324
chr2.43,64,244,258,25,157,2037,64,2097,5762,115,268,0,6921,2,180,5,2,152,6611,506,6,3989,282,10,37,224,422,284,11,41,3,144,478,628,1,16,28,306,26,16,224,4,160,316,15,942,307,666,265,1107,68,280
chr2.44,46,206,246,39,193,1870,54,1933,5325,129,253,0,6362,0,155,4,2,175,6097,518,4,3589,290,4,22,187,337,262,5,33,3,133,483,525,2,9,35,262,33,19,217,6,141,290,14,776,262,543,266,1089,69,280
chr2.45,50,285,253,31,134,2374,67,1756,5950,116,233,0,7273,4,219,2,2,159,6956,488,3,4175,272,9,37,227,541,242,7,43,4,165,455,805,1,9,33,266,45,11,186,7,177,263,11,836,311,826,304,1050,77,315
chr2.46,61,356,253,39,152,2921,60,2775,6985,145,276,0,8330,0,241,4,2,167,7995,478,3,5077,339,14,28,254,524,283,3,41,1,176,449,798,2,7,29,354,33,19,234,5,193,338,18,936,382,880,277,1104,74,295
chr2.47,51,223,236,28,165,2276,53,1495,5663,105,222,1,6647,2,153,4,0,140,6380,473,3,3997,272,7,32,192,315,231,4,35,4,131,446,499,0,9,27,277,31,14,183,4,141,286,13,793,274,538,281,1026,64,294
chr2.48,41,232,222,48,166,1960,63,2817,5441,122,312,0,6665,2,216,1,1,128,6368,486,7,3807,327,7,28,210,449,316,3,29,8,155,466,698,3,4,20,304,33,22,275,4,169,294,12,772,322,681,235,1038,81,247
chr2.49,45,402,306,41,181,3070,57,3165,8002,140,283,0,9707,1,223,6,3,185,9362,572,6,5874,479,13,61,222,865,293,4,43,8,158,545,1122,3,10,27,475,34,24,232,7,177,303,17,1018,692,1267,316,1218,112,333
chr2.50,65,893,534,76,314,4331,107,6869,15642,289,684,0,19140,0,530,14,1,278,18638,656,7,12114,1198,16,81,303,1979,712,14,87,10,215,631,2575,3,28,25,1130,66,32,587,13,238,635,36,2363,2803,2872,461,1894,171,497
chr2.51,57,985,660,85,285,5489,84,5989,16444,303,1006,1,19087,4,431,8,6,264,18678,593,9,12818,1077,6,95,191,1363,1023,8,140,24,119,562,1865,3,17,31,1035,71,44,842,11,134,587,32,2613,2301,2348,458,1914,197,490
chr2.52,57,951,567,94,332,5794,114,10427,17171,290,1286,0,20000,0,588,21,5,337,19559,616,5,13525,1220,12,77,216,1316,1316,9,185,19,142,582,1942,3,30,34,1252,38,38,1082,19,159,608,45,1984,2985,2267,481,1832,195,526
chr2.53,90,920,509,143,289,5232,106,4710,15751,268,1025,1,18891,1,684,11,2,512,18384,613,7,11996,859,18,82,246,1488,1046,9,150,23,131,583,2238,2,21,30,1090,66,24,852,12,156,534,53,1912,2635,2408,588,1724,239,641
chr2.54,67,542,407,62,222,3578,96,3006,10403,169,609,0,12663,3,398,12,1,306,12269,561,9,7794,460,11,58,238,1113,629,8,74,9,151,531,1548,1,20,30,634,37,19,526,12,171,373,21,1699,1254,1655,379,1379,133,400
chr2.55,59,219,270,36,157,2356,56,1438,6146,132,264,1,7211,0,144,6,2,131,6945,476,2,4477,350,7,36,178,404,275,4,31,1,110,448,586,1,11,28,326,38,24,232,3,119,281,17,874,439,623,250,1066,77,267
chr2.56,54,225,260,40,151,2572,61,1942,6227,127,230,1,7389,1,207,3,3,172,7093,455,6,4531,313,8,52,182,416,243,9,34,4,114,430,654,3,13,25,321,31,13,192,5,128,269,12,868,330,641,287,1018,100,299
chr2.57,48,439,390,56,249,4309,80,5473,12244,214,572,1,14400,2,373,7,2,440,13950,602,10,9612,688,17,60,306,964,588,8,105,6,231,575,1377,1,16,27,830,40,18,461,8,258,437,24,1734,1837,1403,281,1470,126,305
chr2.58,79,786,530,88,280,5034,84,4889,14405,199,766,0,17699,3,549,5,4,536,17062,602,10,10889,731,25,114,403,1699,779,8,96,15,289,569,2293,6,13,33,937,45,17,655,12,324,643,20,1877,2111,2485,376,1826,218,396
chr2.59,65,519,393,69,196,3995,77,4104,10477,181,423,0,12567,3,318,4,4,303,12106,528,3,7924,498,22,73,291,1003,430,3,49,4,201,499,1356,1,7,29,570,35,18,370,14,226,371,20,1703,977,1522,400,1328,160,420
chr2.60,78,820,424,110,248,4365,104,7044,13397,218,510,1,15887,0,395,3,1,256,15290,626,10,10319,754,24,101,365,1101,520,6,64,11,253,593,1541,6,10,33,780,45,23,435,10,287,456,40,2415,1787,1921,427,1557,222,467
chr2.61,69,525,349,119,183,2947,83,3767,8668,191,331,0,10405,4,201,2,2,203,9858,537,2,6247,476,23,84,319,690,340,7,34,5,225,508,924,4,9,29,430,33,23,292,10,250,400,28,1509,694,1215,352,1323,215,380
chr2.62,55,215,277,34,171,2478,61,1649,6201,137,331,0,7395,0,176,8,3,167,7080,501,8,4483,284,10,35,219,443,346,7,39,11,146,469,647,1,15,32,299,28,18,281,9,164,266,13,961,324,658,260,1073,81,273
chr2.63,53,254,285,37,138,2618,69,1582,6260,134,287,0,7442,2,196,4,3,145,7134,563,4,4429,313,10,33,220,441,293,2,40,3,153,527,667,0,6,36,325,30,19,244,7,167,306,10,725,314,695,249,1184,80,259
chr2.64,49,293,241,32,184,2951,61,1851,6865,131,271,0,8041,1,194,6,0,153,7776,410,3,5181,382,13,28,190,443,280,3,41,4,125,385,666,2,9,25,410,29,18,226,5,141,274,18,862,445,736,275,956,65,293
chr2.65,43,236,246,27,181,2503,39,1661,6044,113,272,0,7158,2,179,7,0,147,6887,459,5,4414,332,8,24,199,412,284,5,32,4,143,434,623,2,12,25,290,32,14,236,7,156,257,17,887,289,648,252,996,58,269
chr2.66,46,218,243,33,187,2247,65,2367,5893,107,340,0,6996,1,164,7,1,126,6701,483,1,4246,328,14,40,199,355,355,8,40,10,138,454,556,2,15,29,342,37,14,290,6,153,277,21,879,343,573,263,1042,80,284
chr2.67,64,511,328,42,197,4120,88,4256,9643,148,583,0,11099,2,204,4,1,199,10710,531,9,7353,365,10,70,255,547,594,7,82,10,172,501,782,0,11,30,485,31,34,491,8,191,304,23,1443,792,1058,360,1194,121,383
chr2.68,50,418,306,33,164,4137,91,4698,9681,156,648,0,11302,5,251,8,4,205,10831,608,9,7461,340,22,99,302,619,667,11,89,13,221,573,895,1,19,35,495,25,20,546,9,252,306,30,1589,744,1037,326,1246,145,356
chr2.69,55,315,298,48,157,3354,68,2463,7818,133,292,0,9116,1,180,1,3,194,8788,516,3,5872,407,10,34,224,532,298,5,47,5,156,491,745,2,6,25,407,33,15,240,12,169,303,15,1015,556,847,288,1152,97,303
chr2.70,49,236,261,43,171,2509,62,1890,6254,141,252,0,7312,1,166,9,0,139,7040,489,2,4576,330,10,28,185,355,265,4,40,2,124,449,553,1,13,40,341,32,13,210,2,136,243,16,881,374,591,280,1026,73,296
chr2.71,61,270,282,57,170,2266,58,2627,6189,146,270,0,7418,1,193,5,1,168,7033,473,9,4389,372,12,48,254,383,280,5,30,3,172,437,616,0,10,36,335,40,20,237,14,193,286,21,929,341,653,280,1081,120,301
chr2.72,47,375,258,43,182,2804,55,2915,7196,161,336,0,8611,4,201,5,2,157,8264,462,9,5312,482,19,34,248,598,347,6,55,3,173,439,831,4,11,23,354,32,11,278,5,201,335,13,956,555,973,269,1091,84,282
chr2.73,60,384,288,44,170,2930,72,2562,7407,129,510,1,8818,2,207,5,3,164,8491,457,2,5426,459,13,30,228,597,523,7,49,7,153,423,842,6,13,34,386,38,25,454,7,168,347,15,928,594,981,295,1136,84,310
chr2.74,42,304,263,34,199,2596,55,2229,6385,103,245,1,7621,1,185,4,4,175,7310,445,5,4602,336,8,47,208,456,255,5,34,4,153,417,671,3,10,28,323,30,22,207,7,166,289,16,848,396,760,266,1030,92,282
chr2.75,60,218,259,43,148,2028,45,1930,5497,118,208,0,6614,1,163,0,2,125,6303,445,5,3887,313,12,33,219,419,213,5,33,3,142,412,613,1,5,33,294,31,13,172,8,159,249,9,823,311,637,291,985,86,300
chr2.76,57,237,217,50,144,3236,47,4061,7672,152,330,0,9229,0,259,3,2,183,8809,477,4,5982,423,28,46,304,660,339,6,39,4,215,436,946,3,9,41,420,27,19,287,9,247,254,15,995,756,897,285,978,107,300
chr2.77,76,761,387,110,277,4935,86,8179,14342,271,882,0,17692,2,610,14,0,330,17115,675,3,11230,994,16,97,324,1744,913,17,165,15,229,640,2410,6,31,35,928,56,35,702,13,248,497,34,1982,2120,2505,387,1621,220,421
chr2.78,85,832,518,109,302,5330,105,4733,15338,354,1241,3,19223,6,708,15,3,318,18627,710,6,11978,1165,12,103,321,2097,1280,21,209,22,218,663,2882,7,39,47,899,77,46,1010,15,236,496,34,2367,1863,2929,399,1808,230,433
chr2.79,130,1187,462,124,356,5250,123,3678,17862,370,1485,0,22921,7,877,17,7,517,22224,799,9,13757,1370,16,107,403,2898,1520,18,235,52,248,752,3883,4,35,47,1103,108,57,1198,14,273,503,38,3165,2499,4085,538,1876,252,576
chr2.80,72,1281,331,109,390,4200,99,4521,15976,336,1177,1,20889,2,905,9,8,335,20334,935,6,12064,1183,21,154,244,2874,1197,10,214,22,145,884,3869,5,20,51,828,90,49,941,18,172,391,42,2898,2619,4155,543,1752,289,585
chr2.81,96,1064,279,100,355,3804,118,5336,16002,315,1121,0,20505,5,925,8,0,524,19998,960,9,12265,1208,11,105,267,2508,1142,13,194,34,151,914,3523,4,21,46,1084,90,24,893,9,171,359,19,2925,2929,3572,504,1692,214,523
chr2.82,135,1133,410,151,287,5469,169,11824,17923,283,1590,0,22527,7,831,13,5,391,21741,931,22,13934,890,25,118,467,2453,1616,13,226,44,285,875,3362,1,26,56,1150,78,42,1320,12,332,485,32,3336,2806,3586,564,1905,286,596
chr2.83,120,998,440,94,326,4464,121,12267,14927,247,1550,0,19926,2,835,13,5,236,19179,796,16,11160,701,26,94,509,2894,1573,10,236,35,347,756,3805,2,23,40,963,76,46,1279,20,389,554,33,2567,2218,3892,662,1868,213,695
chr2.84,85,950,441,94,308,4793,97,9031,14900,226,1244,1,19031,2,662,12,3,289,18376,762,8,11212,904,26,74,441,2337,1267,10,199,33,322,715,3071,6,23,47,1080,72,38,1012,18,356,546,33,1591,2618,3287,623,1827,189,656
chr2.85,53,632,313,72,218,2880,81,6726,9233,153,517,0,11566,1,372,8,4,306,11130,616,5,6572,558,19,65,269,1186,533,8,72,7,192,586,1598,0,16,30,512,40,26,438,9,216,367,32,1386,1083,1818,369,1336,150,401
chr2.86,62,197,230,42,169,1785,56,2048,5279,136,230,0,6446,3,186,7,1,135,6115,462,1,3650,340,12,32,233,379,244,7,35,2,158,437,611,0,14,25,320,46,18,193,6,171,288,18,757,312,576,281,1026,81,299
chr2.87,47,208,249,38,166,2240,59,2011,5521,113,194,0,6614,3,164,2,2,148,6339,440,5,3948,279,7,23,199,395,200,4,27,2,140,414,593,2,6,26,262,34,21,165,4,152,253,12,765,289,603,240,978,67,252
chr2.96,45,267,210,45,154,2455,64,2617,6385,116,278,0,7753,2,254,8,3,166,7435,459,3,4666,357,9,54,183,549,295,9,41,0,126,428,832,2,17,31,345,29,21,237,14,138,295,17,1041,352,816,282,995,116,299
chr2.97,56,207,264,51,166,2676,68,2358,6663,156,234,0,8020,1,270,6,4,151,7680,448,4,5017,413,20,44,227,478,242,2,33,3,147,425,783,1,8,23,356,35,24,198,5,171,266,13,902,514,685,272,1014,104,285
chr2.98,77,338,267,52,176,3401,73,3260,8207,147,353,0,9930,1,304,4,2,148,9539,590,7,6218,495,19,56,263,739,365,8,41,6,160,555,1083,4,12,35,447,40,11,306,5,186,345,23,933,795,1077,263,1246,115,286
chr2.99,66,309,246,36,168,2349,78,2555,6012,106,290,0,7303,0,229,4,3,146,6932,480,8,4237,322,15,43,268,413,302,8,49,5,179,444,674,1,12,36,296,32,10,236,9,202,288,27,898,266,722,268,1047,91,295
chr2.100,80,318,219,67,157,2720,76,5654,6627,129,354,0,7990,2,165,3,5,148,7499,479,9,4824,298,19,50,344,455,368,11,43,4,236,449,639,4,14,30,304,19,19,307,9,264,327,9,1022,351,773,280,1048,131,289
chr2.101,94,951,332,122,229,4023,98,10111,12706,223,744,1,15483,4,514,9,4,337,14950,736,6,9499,745,12,67,301,1354,764,10,86,11,189,686,1917,6,20,50,726,49,32,647,15,207,426,25,2045,1737,2305,362,1549,208,387
chr2.102,89,935,554,134,269,4825,138,6969,13643,238,629,0,17104,2,633,6,1,431,16570,699,6,10105,850,15,97,268,1831,647,12,90,10,158,664,2520,4,18,35,730,56,38,529,14,179,529,25,1922,1540,2766,323,1842,246,348
chr2.103,73,581,305,58,159,2557,87,3575,7870,135,351,2,9607,1,291,3,1,201,9196,540,4,5549,473,12,67,262,759,366,10,42,5,173,505,1080,5,15,35,363,30,18,304,7,189,366,28,1379,642,1340,277,1246,133,305
chr2.105,73,872,392,60,194,4315,137,9062,14684,225,805,0,16910,1,399,12,2,305,16451,850,8,11427,984,21,76,300,989,819,2,105,17,198,791,1436,3,14,59,949,48,17,683,6,227,479,23,2440,2514,1861,316,1772,144,339
chr2.114,110,1108,538,136,356,5287,122,7004,18163,239,1221,4,22854,2,833,20,8,643,22011,955,4,13541,966,32,150,492,2472,1258,13,187,23,346,908,3370,8,37,47,1118,65,50,1011,18,382,638,27,2835,3096,3580,655,2204,312,682
chr2.115,99,1259,414,146,291,3785,143,5916,13190,203,1008,4,17393,3,672,16,7,507,16548,875,12,8914,522,23,140,494,2176,1047,19,143,23,360,811,2924,3,39,64,641,76,39,842,16,395,616,29,2666,1097,3435,534,1984,309,563
chr2.116,60,707,333,69,168,3246,96,5892,8952,148,360,1,10965,2,323,6,4,298,10503,570,10,6203,429,19,45,308,922,384,17,63,4,219,530,1287,3,24,40,436,42,24,293,10,248,463,22,1202,742,1629,329,1411,128,351
chr2.117,68,548,296,77,177,3013,98,7117,8505,157,387,3,10538,1,322,5,3,270,10085,486,7,6106,475,13,62,288,949,407,12,56,7,200,446,1305,3,20,40,445,34,32,324,2,220,423,27,1166,850,1497,314,1242,144,341
chr2.118,46,257,264,39,152,2378,57,2657,5908,93,286,2,7156,2,190,5,3,169,6840,402,4,4232,333,13,41,212,503,299,6,59,1,149,374,723,1,13,28,308,30,16,226,6,166,267,19,799,321,760,281,964,89,300
chr2.119,70,346,237,52,133,2226,74,3191,6317,134,413,1,7572,1,186,10,4,152,7165,443,6,4524,353,16,54,269,429,435,11,74,4,177,411,641,0,22,32,332,26,21,335,5,199,231,26,1152,327,775,337,937,115,363
chr2.120,60,581,303,64,188,3198,82,2420,9972,184,415,0,12019,4,347,5,2,197,11555,510,7,7693,729,13,75,303,931,423,3,81,5,223,481,1313,2,8,29,581,35,27,329,8,243,353,30,1560,1441,1512,276,1203,149,306
chr2.121,67,933,507,86,240,5676,128,3634,16860,288,1082,0,20460,2,705,6,9,311,19861,657,5,13522,1185,38,113,364,1872,1094,6,170,28,254,613,2633,8,12,44,1166,56,37,884,13,297,491,23,2334,2873,2805,371,1719,221,394
chr2.122,66,1267,550,111,263,5515,125,6107,18099,301,1226,2,22053,2,794,11,5,390,21350,749,6,14031,1262,26,144,400,2006,1251,12,187,33,302,714,2863,6,25,35,1128,63,40,1006,16,334,621,34,2918,2907,3273,411,1989,276,445
chr2.123,87,1301,528,106,279,4016,129,7512,16059,312,1184,0,20198,2,731,15,5,523,19561,725,7,11615,1208,32,123,358,2292,1209,10,157,21,232,674,3094,7,25,51,1034,71,56,1006,18,271,792,35,2574,2471,3593,477,2123,252,512
chr2.124,91,1205,541,105,250,3792,102,4364,15427,251,798,2,19084,0,595,11,8,439,18337,542,12,11584,1285,26,120,476,1905,827,16,130,14,347,513,2558,6,29,29,1162,58,53,654,9,385,593,39,2162,2932,3110,425,1740,242,464
chr2.125,62,561,302,36,176,2270,98,3521,7589,142,273,0,9520,3,289,2,1,289,9080,500,5,5268,554,23,55,320,891,290,15,41,4,230,469,1217,4,17,31,424,37,22,228,8,258,307,23,1023,855,1452,313,1150,100,336
chr2.126,69,400,285,40,144,2012,66,2537,6086,141,258,0,7348,1,195,7,1,147,6969,490,6,4175,450,11,43,274,442,271,6,46,2,188,456,673,0,13,34,372,36,19,210,7,205,258,25,815,385,842,287,1069,91,312
chr2.127,76,1265,383,100,164,4244,84,9236,13280,220,502,0,15205,0,261,1,5,203,14618,481,11,10034,892,30,99,361,802,512,9,94,3,244,442,1090,1,10,39,716,27,27,405,12,285,367,38,2090,1872,2067,481,1259,216,519
chr2.131,54,563,319,77,197,3590,80,2611,8941,173,605,1,10503,2,269,9,4,167,10158,428,2,6851,589,11,38,188,637,631,16,96,5,121,398,940,6,26,30,634,34,26,504,10,134,299,20,910,955,1200,262,1086,129,282
chr2.132,52,427,266,54,176,2910,60,3158,7259,139,279,0,8900,0,255,9,4,179,8540,423,7,5342,377,14,37,241,757,299,11,34,3,168,403,1045,2,20,20,395,33,26,242,4,189,292,21,1078,443,1184,281,1016,99,302
chr2.134,53,517,244,73,175,2859,76,4299,7912,153,468,0,9709,2,260,4,4,201,9341,429,5,5897,493,24,50,220,887,481,9,59,9,138,405,1178,5,13,24,412,31,21,400,6,167,274,24,1358,622,1404,300,983,133,324
chr2.135,67,709,352,92,218,4387,137,12339,14825,266,528,0,17700,3,382,16,4,443,17089,590,10,11717,1092,27,123,344,1481,556,12,84,6,240,552,1909,4,28,38,917,46,32,438,17,277,456,30,2405,2650,2190,492,1448,236,522
chr2.136,53,376,298,46,139,2820,78,4894,7777,132,574,0,9579,0,310,8,3,172,9174,455,4,5744,423,19,63,261,835,596,14,79,21,185,426,1180,0,22,29,448,35,18,474,10,208,362,21,1066,855,1211,331,1150,122,352
chr2.137,63,936,509,91,181,4742,115,9835,14815,226,939,0,18207,2,536,13,4,310,17619,552,5,11546,985,22,88,375,1901,963,11,117,23,285,520,2508,2,24,32,949,71,20,799,4,312,552,37,2165,2479,2837,351,1686,187,388
chr2.138,104,1196,457,87,207,5553,95,9658,18093,352,1297,1,21968,4,690,17,4,517,21448,625,11,14235,1372,16,100,281,2296,1322,7,202,35,150,582,3053,7,25,43,1173,67,26,1060,19,177,518,47,2761,3024,3492,465,1674,210,512
chr2.140,82,860,434,99,178,5287,127,4686,14691,279,749,2,17399,5,498,7,7,362,16844,559,10,11380,811,14,119,292,1295,763,5,109,20,186,534,1848,0,14,25,970,55,35,620,19,210,531,27,1773,2260,2155,503,1579,244,530
chr2.141,62,538,345,86,134,4715,123,3809,11538,182,282,0,13760,2,356,6,5,325,13278,418,8,8973,592,29,61,303,1080,291,3,40,1,204,379,1483,5,9,39,703,47,31,241,16,241,489,34,1438,1343,1618,380,1304,168,414
chr2.142,59,535,310,49,177,3763,103,1813,10483,196,261,0,12543,6,374,3,2,237,12227,552,6,8056,617,15,38,212,1050,265,1,26,1,132,515,1464,1,4,37,661,40,19,234,5,153,431,25,1736,1083,1585,317,1334,94,342
chr2.143,59,754,424,45,186,4909,122,2001,14494,256,283,1,16790,2,437,5,3,276,16475,600,5,11401,703,10,25,218,1197,298,9,62,0,144,562,1673,4,15,38,1000,39,25,221,7,159,630,39,2305,2228,1951,341,1697,80,380
chr2.144,73,698,410,79,219,5285,117,4022,13774,215,439,0,15968,2,401,5,3,482,15552,606,4,10465,560,17,52,257,994,451,7,105,6,163,576,1442,0,12,30,917,47,29,328,11,184,611,42,1792,1696,1692,431,1674,145,473
chr2.145,65,620,376,64,171,3752,101,6780,10190,142,532,1,12148,1,362,6,3,241,11648,615,12,7427,426,22,75,327,786,546,7,123,8,228,586,1186,5,14,29,480,38,32,401,16,262,537,30,1896,731,1406,307,1571,158,337
chr2.146,40,311,283,50,147,2617,65,3225,6882,148,335,0,8313,5,244,4,0,180,7946,417,3,5069,357,12,46,246,578,346,7,49,5,191,392,852,5,11,25,379,30,12,281,9,206,298,21,1094,474,889,286,1033,105,307
chr2.148,61,482,326,43,150,3325,75,2474,7726,124,769,0,9101,2,216,13,3,177,8774,420,11,5624,350,4,34,212,575,797,15,96,19,136,394,823,3,28,26,414,32,28,654,5,151,346,20,870,541,1057,300,1127,85,320
chr2.149,59,510,340,48,146,3716,83,2358,9056,166,590,1,10557,0,242,9,5,185,10207,486,6,6855,480,12,33,242,649,606,6,78,18,165,453,922,1,16,33,509,31,21,494,6,183,329,22,1155,829,1159,307,1187,92,329
chr2.151,51,601,361,55,134,3379,99,6129,11303,224,509,0,13128,4,283,8,2,292,12781,475,4,8716,707,10,63,191,914,529,12,86,6,126,444,1245,1,20,31,704,48,29,417,12,140,387,41,2130,1572,1515,400,1272,132,441
chr2.152,65,870,585,61,205,4768,98,10917,14960,260,960,0,17995,6,464,6,7,398,17522,622,3,11365,932,9,128,244,1729,971,5,164,11,167,577,2259,3,11,45,997,66,39,785,16,179,589,52,2380,2028,2599,437,1865,212,489
chr2.153,77,852,492,108,193,4423,66,6510,11665,184,867,0,14925,0,590,4,10,277,14325,509,12,8552,614,14,106,344,1752,882,11,166,14,241,479,2401,2,15,30,773,59,29,687,17,267,555,30,1427,1131,2604,367,1617,241,397
chr2.154,85,524,363,85,174,3430,92,2801,9301,175,652,0,11398,4,335,10,1,263,10814,474,7,6774,466,34,76,385,867,671,9,100,12,259,445,1247,4,19,29,459,45,21,540,14,300,395,27,1607,637,1391,456,1281,176,483
chr2.155,76,409,317,75,175,3006,65,3917,7925,144,468,0,9585,2,228,8,4,220,9132,462,9,5764,368,15,51,301,713,483,7,66,9,201,429,967,8,15,33,322,26,18,393,5,225,363,31,1483,441,1122,333,1176,135,364
chr2.156,39,277,220,47,131,2833,51,2844,6401,116,451,0,7562,0,212,9,2,195,7242,397,7,4736,288,9,35,205,419,468,8,62,13,150,372,659,2,17,25,314,28,16,376,14,166,268,16,902,283,696,274,915,98,290
chr2.157,41,208,235,33,161,2294,61,1532,5708,118,363,0,6677,1,169,2,1,149,6404,400,2,4164,282,13,25,201,279,368,3,79,7,145,374,474,0,5,26,290,26,16,277,7,160,251,15,914,266,487,270,912,66,285
chr2.158,61,195,212,50,164,2406,62,2143,6112,117,270,1,7191,2,157,7,2,172,6854,421,2,4595,321,10,26,235,336,286,8,53,9,162,401,516,0,16,20,327,23,20,208,6,174,239,12,1066,358,531,246,895,84,258
chr2.159,51,282,279,38,124,3285,80,2726,7823,128,293,0,9052,3,226,6,4,197,8719,458,2,6003,339,17,35,235,435,304,5,39,4,165,431,692,0,11,27,394,31,8,250,7,184,268,19,1332,525,717,309,1036,84,328
chr2.160,58,418,338,69,187,3262,74,5184,9043,152,404,0,11163,1,324,4,0,217,10754,539,5,6706,562,19,41,273,1091,413,5,57,9,191,507,1450,3,9,32,503,35,22,338,16,215,455,21,1364,863,1509,324,1370,126,345
chr2.161,64,585,345,99,179,4389,99,6688,11949,212,854,1,14707,4,492,13,1,291,14190,557,5,9260,689,24,85,283,1412,880,12,128,19,190,525,1963,5,26,32,772,59,17,707,19,219,490,27,1683,1515,1997,372,1456,204,399
chr2.162,77,552,337,56,159,4835,91,3533,12444,214,872,2,14648,3,430,9,2,236,14207,496,7,10126,815,24,72,279,1034,897,14,142,14,171,461,1513,4,25,35,834,49,18,716,4,202,369,22,1507,1921,1586,284,1255,134,306
chr2.163,66,319,365,60,139,3398,49,3432,7928,138,403,0,9393,1,245,4,2,170,9026,515,4,5815,426,16,52,231,615,416,9,56,5,145,494,910,0,13,21,400,50,20,342,8,165,408,16,997,456,934,300,1338,122,316
chr2.164,49,300,307,77,168,3515,57,3529,8775,151,453,0,10282,2,290,4,3,226,9915,476,3,6773,468,12,68,204,591,461,4,74,5,140,446,915,2,8,30,506,34,26,374,5,155,334,17,1282,851,891,314,1153,153,331
chr2.165,69,814,352,87,252,3958,99,6646,12027,207,780,2,14719,3,522,6,3,310,14282,589,5,9120,609,23,58,258,1328,793,5,113,16,161,558,1904,3,13,31,761,54,32,651,15,189,393,31,2214,1371,2142,383,1391,163,414
chr2.166,62,434,232,52,174,2617,63,3607,7319,143,413,1,8890,0,275,3,3,195,8570,457,6,5329,363,7,51,197,707,424,7,49,6,122,429,1014,1,11,28,363,32,19,358,6,135,338,23,1392,451,1141,291,1060,112,314
chr2.167,60,301,271,51,151,2726,78,2968,6594,118,294,0,7892,3,206,2,2,176,7544,464,6,4759,361,15,36,242,483,300,4,51,4,161,436,721,2,6,28,307,32,18,239,8,182,260,18,907,340,784,325,1029,97,343
chr2.168,27,281,274,44,150,2740,65,2413,6474,122,277,1,7619,2,203,3,1,139,7350,413,4,4802,320,11,27,177,432,288,7,49,2,135,376,661,2,11,37,298,26,14,226,7,150,279,23,1018,304,713,247,994,79,270
chr2.169,57,268,257,53,123,2702,73,2634,6450,118,306,1,7572,2,187,4,2,149,7256,468,5,4735,338,10,37,196,391,322,11,42,3,124,436,610,0,16,32,330,32,18,261,10,139,241,21,882,365,659,293,998,102,314
chr2.170,51,323,281,42,169,2387,47,2235,6152,119,227,0,7269,2,177,5,3,130,6967,437,7,4359,375,11,37,208,390,236,4,40,3,139,408,599,1,9,29,294,32,14,184,1,157,312,20,906,278,713,275,1063,83,295
chr2.171,50,326,261,44,150,2480,71,2435,6090,125,300,2,7186,1,180,6,0,119,6884,391,6,4402,341,17,36,198,368,315,7,63,12,125,370,573,2,15,21,305,25,25,225,8,148,260,26,829,322,694,278,939,88,304
chr2.172,62,306,258,45,141,2690,89,2910,6499,124,291,0,7691,1,203,4,2,154,7353,406,4,4789,331,12,41,234,391,297,2,43,2,156,372,624,0,6,34,336,30,10,246,9,172,287,18,993,315,697,271,981,97,289
chr2.173,46,454,269,48,143,3258,75,2389,8472,179,299,0,9980,1,304,8,3,163,9634,489,9,6405,460,12,30,240,609,316,9,61,2,173,450,944,1,17,39,521,31,17,236,7,194,325,19,1158,829,1063,330,1115,88,349
chr2.174,62,555,276,52,160,3357,94,3307,9542,179,418,0,11301,1,304,4,5,181,10932,536,6,7211,664,20,30,261,796,426,4,60,4,173,508,1136,4,8,28,607,36,32,354,12,199,423,24,1285,1119,1351,300,1275,99,324
chr2.175,55,375,309,42,159,3101,67,3590,8077,144,283,0,9515,0,245,9,1,156,9156,514,3,6002,467,10,31,263,583,299,7,56,3,195,476,853,1,16,38,503,25,32,224,6,208,373,25,1100,687,958,290,1222,80,315
chr2.176,77,378,283,52,158,3148,53,2793,7336,110,319,2,8755,3,208,6,1,145,8390,409,6,5461,371,8,42,250,603,332,5,69,3,159,385,843,2,13,24,428,32,23,247,4,173,346,16,807,597,981,273,1072,99,289
chr2.177,48,314,270,57,197,3374,67,5203,8342,138,212,0,10269,0,361,5,2,146,9876,506,13,6351,421,18,65,253,878,222,5,39,4,174,469,1270,10,10,37,491,31,20,169,6,205,404,15,1143,784,1192,306,1221,130,321
chr2.178,60,468,314,72,165,4068,66,5914,9691,161,409,0,11784,1,368,6,3,174,11328,536,8,7413,455,24,83,279,993,422,7,57,3,187,511,1406,0,13,25,563,45,31,349,5,219,404,23,1235,931,1461,328,1299,163,351
chr2.179,68,630,270,58,158,3958,70,5151,10015,175,403,1,11998,0,315,7,0,220,11533,557,14,7498,435,14,66,306,948,424,13,48,8,210,528,1290,2,21,29,462,27,22,347,14,238,413,23,1733,735,1578,380,1269,138,403
chr2.180,48,435,246,51,169,3236,63,5421,8122,134,343,1,9582,3,227,4,4,203,9218,529,9,6026,425,17,54,228,603,352,4,72,6,154,501,864,3,9,28,348,34,19,265,15,180,327,12,1378,505,1038,322,1139,124,334
chr2.181,51,457,297,51,170,3103,61,3476,8101,159,346,1,9747,1,295,10,2,205,9411,482,6,6043,441,15,42,217,738,363,6,58,8,145,452,1079,2,17,30,461,46,12,280,6,166,288,16,1099,780,1195,299,1115,101,315
chr2.182,78,899,374,86,206,4133,107,6964,13845,212,485,0,17103,1,523,10,6,433,16559,540,13,10549,971,21,76,340,1827,507,12,97,5,228,514,2401,7,22,26,940,51,22,383,13,262,526,29,2058,2235,2726,466,1498,181,495
chr2.183,69,970,457,105,218,4545,130,8734,14429,233,523,0,18076,3,582,8,6,472,17445,642,10,10801,854,16,117,368,2020,539,8,96,9,273,613,2668,3,16,29,833,66,27,418,16,299,544,47,2378,1958,2990,466,1712,244,513
chr2.184,77,519,299,50,149,3015,68,4101,8342,155,595,0,10127,1,322,8,2,239,9731,491,7,6166,448,15,54,266,809,610,7,78,8,167,460,1172,2,15,31,471,41,18,509,8,189,308,21,1339,738,1328,279,1141,114,300
chr2.185,72,542,345,49,138,3700,90,6916,9569,170,635,1,11284,3,239,2,4,274,10865,462,5,7220,469,14,42,298,783,645,7,101,6,207,431,1068,4,10,31,467,46,30,528,13,226,377,16,1609,805,1325,299,1234,108,315
chr2.186,74,502,384,48,179,4099,63,4705,9692,145,991,1,11715,2,402,1,1,205,11294,555,4,7250,414,33,56,285,926,1006,13,134,28,174,524,1360,4,15,31,420,32,36,829,14,211,429,21,1574,598,1428,306,1404,119,327
chr2.187,62,438,331,37,179,3846,59,4696,9429,151,795,1,11032,1,300,15,3,209,10653,526,12,7191,457,21,33,274,648,821,10,89,17,179,495,986,2,26,31,508,38,21,689,5,212,354,19,1509,720,1086,338,1251,78,357
chr2.188,70,295,251,38,155,2685,53,2271,6340,117,248,0,7446,3,186,4,2,114,7162,474,4,4613,342,9,26,200,403,258,6,31,2,117,433,614,2,10,41,327,25,14,215,5,130,280,15,841,301,698,282,1032,71,297
chr2.189,64,164,259,36,133,2586,59,1677,6027,112,275,0,7082,1,175,3,2,159,6737,443,12,4442,297,13,16,274,317,284,6,44,7,185,413,518,3,9,30,310,26,17,224,7,210,275,16,859,278,481,249,1006,61,265
chr2.190,69,396,313,60,163,3389,79,5191,8922,153,495,0,10670,2,286,7,4,184,10136,584,6,6672,466,18,73,370,654,511,9,68,6,277,547,972,1,16,37,537,32,24,421,9,301,409,14,1306,821,1050,325,1339,146,339
chr2.191,90,807,488,93,316,4386,100,10927,12211,190,937,0,15272,3,549,16,10,238,14489,712,18,8856,570,26,116,524,1262,959,6,103,14,390,659,1862,1,22,53,614,51,42,820,15,434,650,26,1937,1159,2069,391,1902,234,417
chr2.192,97,1065,611,97,320,4829,101,10308,14850,262,852,0,18516,2,646,4,8,296,17739,688,18,11045,861,36,121,511,1773,870,14,95,21,360,647,2468,2,18,41,894,49,49,736,20,414,540,33,2458,1741,2838,521,1890,246,554
chr2.193,74,811,509,91,241,3562,111,10784,12449,226,624,1,15588,4,575,6,7,208,14923,617,26,9392,789,29,99,438,1498,643,12,88,10,309,567,2122,6,19,50,691,49,20,526,7,364,449,25,2759,1365,2309,412,1630,204,437
chr2.194,59,344,327,48,156,2799,69,5098,7885,170,324,0,9485,2,249,4,1,158,9098,485,8,5942,437,16,37,282,694,333,5,46,3,199,457,988,4,9,28,405,45,13,275,8,223,300,20,1523,608,1038,292,1161,94,312
chr2.195,38,282,302,36,137,2540,50,2212,6643,144,293,0,7894,2,240,5,3,192,7626,420,6,4849,403,7,22,187,527,302,4,60,4,136,398,796,4,9,22,344,29,24,229,9,149,255,15,934,484,809,300,1010,70,315
chr2.196,54,545,367,61,197,3237,86,2614,10184,179,398,2,11943,1,290,10,2,264,11624,541,7,7722,620,9,37,191,828,417,7,49,8,121,508,1157,4,19,33,586,39,23,341,8,137,392,17,1785,1315,1373,309,1343,108,326
chr2.197,66,914,500,80,230,2853,99,6323,12239,214,801,0,15117,2,456,8,2,398,14686,751,7,8781,892,21,41,264,1622,834,25,153,17,170,721,2118,5,33,30,873,40,32,631,9,198,559,37,1916,2033,2536,262,1855,132,299
chr2.198,56,398,283,52,114,2934,79,2063,7580,161,421,0,9048,3,270,6,3,230,8700,463,8,5536,465,13,35,230,607,439,12,68,7,153,429,927,1,18,34,419,50,22,346,7,174,318,12,865,692,1005,317,1115,97,329
chr2.200,50,317,292,36,138,2702,63,2046,6569,120,226,1,7746,1,179,3,1,180,7447,446,4,4709,355,14,28,212,464,236,6,33,3,144,426,677,2,10,20,292,34,17,190,11,162,298,10,867,373,781,298,1072,76,308
chr2.202,61,422,303,32,168,3025,78,2912,7525,120,420,1,8915,2,206,6,4,167,8612,488,5,5424,384,11,40,202,606,434,7,63,4,125,459,841,2,14,29,358,29,17,353,9,141,365,17,1102,435,1028,320,1187,85,337
chr2.203,60,297,272,29,164,2506,64,2177,6962,166,725,0,8304,4,256,4,3,185,8007,465,3,5174,423,15,29,213,527,732,3,93,14,135,438,817,10,7,27,416,34,11,618,12,153,256,19,1051,612,824,273,1037,73,292
chr2.204,61,376,291,47,156,2393,58,3034,6914,126,344,0,8161,1,170,6,1,181,7825,515,5,4933,434,13,37,227,497,357,7,53,4,148,485,697,0,13,30,400,30,19,287,10,166,314,16,1063,517,873,269,1150,95,285
chr2.205,49,389,287,55,163,3372,56,3061,8770,131,331,1,10073,1,204,1,2,193,9752,549,5,6648,484,17,45,202,532,341,8,53,10,131,518,763,4,10,31,484,27,15,268,6,153,355,18,1221,956,921,312,1222,108,330
chr2.206,65,314,252,47,147,2244,58,2258,6101,137,270,2,7326,3,183,8,3,158,6959,473,3,4375,326,23,42,248,433,286,6,44,4,157,443,653,1,16,30,288,37,21,222,8,183,251,11,984,396,747,245,1014,100,256
chr2.208,46,365,282,79,158,3710,50,2863,9173,169,447,1,10696,4,281,3,7,173,10333,490,3,7173,511,7,61,193,644,457,6,56,5,137,458,952,5,10,32,552,27,19,386,9,147,379,17,1346,885,1009,270,1183,156,287
chr2.209,61,673,336,104,140,4169,75,6267,11531,186,746,1,14096,1,526,13,1,353,13674,509,8,8894,729,15,54,227,1362,775,15,135,12,143,478,1928,1,29,31,832,40,24,599,6,166,315,17,1308,1670,2035,409,1201,165,426
chr2.211,70,404,265,60,166,3863,74,7879,9811,193,388,0,11176,2,243,4,2,233,10826,436,4,7800,511,13,58,198,487,402,10,55,6,111,406,775,2,14,30,667,45,18,327,16,128,310,17,1609,957,891,326,1058,136,343
chr2.213,48,392,293,47,140,3758,69,3317,9562,191,367,0,10966,2,227,7,2,197,10633,398,8,7621,570,30,42,218,606,381,7,45,6,132,370,862,5,14,28,608,29,20,316,8,170,310,25,1424,1070,998,301,1035,99,326
chr2.214,52,314,241,45,111,2733,69,2254,7019,172,284,0,8312,0,230,9,3,175,8002,428,2,5213,391,23,25,214,551,302,9,58,6,137,399,803,2,18,29,407,22,20,220,5,162,284,20,845,665,865,322,977,78,342
chr2.215,51,478,275,32,144,3423,66,3150,9197,188,432,0,10327,1,161,8,2,180,10007,434,3,7222,615,14,33,234,413,444,4,94,5,166,412,600,2,12,22,534,26,22,333,6,183,293,9,1082,1380,891,282,1030,73,291
chr2.216,56,253,213,53,132,2461,76,2827,6633,131,320,1,7725,0,184,6,2,145,7383,432,5,4985,408,8,29,240,333,332,5,48,7,171,389,542,2,12,43,417,25,20,265,6,184,254,16,825,743,586,313,926,90,329
chr2.217,51,281,223,52,150,2019,55,2087,5596,109,214,0,6676,3,164,8,0,159,6371,434,6,3916,335,11,28,202,373,228,6,44,5,134,401,570,0,14,33,322,33,17,165,6,151,276,17,830,301,654,273,966,86,290
chr2.218,53,538,270,52,141,3393,70,7971,10065,194,463,1,11392,2,218,6,4,189,11003,486,9,7904,622,18,41,255,483,486,16,72,5,175,458,727,6,23,28,665,26,17,386,12,202,311,35,1891,1139,1021,309,1099,109,344
chr2.219,74,587,315,59,125,3772,87,5240,12963,264,718,0,14530,0,240,8,2,196,14109,486,7,10593,802,21,68,256,660,738,12,117,9,154,453,934,4,20,33,1003,34,17,592,16,182,348,29,2774,1978,1247,388,1187,145,417
chr2.220,60,404,302,54,141,3495,69,4188,9908,212,442,2,11421,3,228,6,6,184,10993,515,6,7786,587,21,52,280,618,465,15,64,8,193,473,875,1,23,42,584,29,16,370,10,220,342,36,2052,856,1022,322,1189,122,358
chr2.221,59,310,221,44,117,2693,55,2267,7350,165,381,2,8566,0,213,4,3,185,8212,411,3,5549,394,13,41,236,448,396,9,66,7,161,381,690,1,15,30,410,29,15,308,15,177,364,21,1320,567,758,273,1026,103,294
chr2.222,66,436,264,46,147,2814,59,1867,7401,157,285,0,8642,0,204,6,5,153,8308,435,9,5486,376,13,29,235,471,300,9,45,2,147,413,701,4,15,22,460,26,17,238,4,169,352,22,1150,529,907,232,1081,84,254
chr2.223,85,420,287,52,141,3290,61,3057,9684,193,344,0,11335,1,297,10,5,213,10935,472,5,7455,578,18,24,296,718,361,7,34,7,188,432,1049,6,17,40,682,34,19,303,5,211,431,16,1482,1230,1138,365,1230,86,381
chr2.224,61,478,312,58,113,4367,84,2919,10343,158,524,2,12159,0,353,6,2,211,11738,439,6,8126,522,23,44,290,816,542,10,87,11,200,412,1198,2,18,27,606,29,18,426,9,229,391,19,1366,1107,1294,347,1173,113,366
chr2.225,66,284,247,41,133,2832,62,2539,6829,143,307,1,8098,1,206,11,4,184,7791,453,2,5060,371,12,31,210,521,325,6,49,5,130,432,767,1,18,21,368,40,16,253,2,144,319,22,930,416,805,243,1060,78,265
chr2.226,88,390,310,60,162,2890,102,5596,8916,166,609,0,10850,1,317,6,7,311,10397,528,6,6523,518,18,62,292,872,628,13,81,9,180,497,1217,3,19,31,456,28,19,519,12,204,464,22,1539,954,1262,346,1333,141,368
chr2.227,78,383,466,56,193,3641,105,8425,11632,226,667,1,13661,4,385,14,4,304,13247,642,3,8708,867,11,49,255,899,697,15,104,14,163,590,1317,2,30,52,803,33,39,549,16,177,656,35,1266,1905,1282,397,1799,125,432
chr2.228,75,366,333,43,156,2967,58,5105,7702,181,280,0,9013,1,213,8,0,147,8676,437,6,5781,503,18,50,223,520,294,6,49,2,124,399,760,2,14,38,393,27,24,229,6,148,315,12,1080,657,886,285,1114,99,297
chr2.229,70,291,249,62,124,2101,59,2410,5816,122,248,1,7006,2,168,3,0,161,6622,417,8,4098,370,20,39,263,436,258,6,33,4,165,393,623,1,10,24,303,19,16,211,8,193,272,18,901,301,727,293,958,109,311
chr2.232,86,281,274,61,147,2633,77,2990,6543,148,290,0,7788,5,182,4,2,203,7374,471,3,4654,355,17,35,291,404,305,11,36,3,185,430,607,0,15,41,318,21,24,251,5,205,320,17,831,369,685,299,1086,103,316
chr2.233,62,322,267,57,130,2694,75,2230,6667,132,552,0,7835,1,155,9,2,176,7459,452,3,4861,382,15,43,252,412,569,8,67,8,172,423,587,3,17,29,360,20,21,477,4,190,286,15,944,349,734,264,1028,106,279
chr2.234,54,278,241,35,138,2324,72,1831,6407,149,705,1,7560,2,167,8,2,173,7218,384,6,4748,435,10,29,249,410,719,5,84,15,179,362,601,0,14,22,413,24,20,606,11,195,263,12,967,460,688,288,912,77,300
chr2.235,45,340,234,44,106,3202,81,3007,7978,173,396,1,9139,1,186,4,1,170,8796,438,7,6116,493,11,25,253,409,410,9,65,4,190,408,631,2,14,30,479,36,20,327,5,208,314,24,1035,734,749,320,1024,75,344
chr2.236,59,217,249,34,127,2029,49,1698,5333,101,252,0,6356,1,148,4,1,134,6039,395,6,3808,336,9,27,240,347,263,7,37,2,166,376,530,3,11,19,339,35,14,213,3,181,241,18,710,293,564,254,923,65,272
chr2.237,69,372,263,37,148,2212,65,2333,6563,149,306,1,7879,4,211,1,0,150,7517,440,9,4667,474,22,25,277,502,318,10,42,3,177,420,741,1,12,20,426,28,24,261,7,208,290,28,919,487,874,328,1022,69,356
chr2.238,87,499,302,56,170,3022,90,3195,8447,193,375,0,10047,1,218,4,3,199,9626,508,7,6188,686,15,32,307,670,387,8,64,5,198,480,919,5,12,28,459,31,24,306,10,220,324,28,1123,705,1169,370,1170,101,398
chr2.239,76,338,204,44,127,1817,67,2089,5448,129,277,0,6689,2,221,5,2,153,6327,435,9,3746,394,6,28,266,438,292,10,28,3,175,403,685,2,15,32,361,26,16,246,5,190,278,17,686,359,776,259,945,79,276
chr3.2,82,630,644,103,286,5632,149,5078,17711,299,893,0,20586,3,510,10,2,494,19941,707,12,14456,1224,19,69,445,1235,909,6,149,14,332,648,1795,5,16,59,1410,50,24,730,7,363,404,49,2964,2927,1865,298,1810,181,347
chr3.3,78,550,618,66,272,5191,94,6586,15671,238,894,3,18217,2,469,7,4,315,17593,662,7,12831,1236,30,65,465,1029,908,4,123,27,350,613,1556,6,14,49,1272,58,12,744,8,387,414,29,2149,2745,1579,234,1758,143,263
chr3.4,75,478,351,68,195,4018,84,7939,10337,148,469,0,11964,2,320,5,5,193,11575,483,9,8314,566,15,46,252,607,477,3,62,7,153,452,959,2,8,31,863,32,13,400,8,177,318,20,1415,1304,1085,165,1186,127,185
chr3.5,60,213,258,48,161,2669,60,2691,6486,140,264,1,7580,2,206,5,0,184,7239,407,3,4970,324,16,38,239,295,274,4,40,0,160,380,532,3,10,27,473,31,23,224,4,179,255,25,836,528,508,148,954,90,173
chr3.6,82,496,303,79,195,3038,102,6589,8445,140,448,0,10213,2,275,5,6,242,9726,495,8,6318,391,21,51,327,684,463,10,51,8,216,460,984,1,15,35,586,25,31,389,7,245,322,39,1570,593,1180,198,1146,143,237
chr3.7,104,743,517,85,230,3762,123,6961,12318,197,868,1,14711,2,387,7,4,278,14080,625,10,9393,586,32,90,427,976,884,8,117,23,281,588,1409,4,16,37,1005,46,40,728,7,323,489,41,2246,1597,1719,188,1681,186,229
chr3.8,60,672,512,73,256,4125,107,8970,11426,169,917,0,13367,3,412,5,2,194,12955,636,3,8749,480,11,76,237,725,932,10,140,19,163,606,1166,2,15,30,715,29,33,758,6,177,420,29,1855,1405,1397,179,1599,157,208
chr3.9,64,302,242,52,165,2934,52,3210,7133,121,423,0,8300,1,205,5,2,158,7939,458,2,5523,343,14,37,246,362,438,10,79,3,166,429,589,3,15,29,452,22,24,341,8,182,228,22,1042,631,664,173,953,99,195
chr3.10,51,194,233,50,174,1990,66,2666,5406,113,250,1,6404,2,178,11,2,172,6089,422,3,3928,295,8,29,208,238,268,6,32,1,146,394,443,3,18,28,381,27,20,217,6,157,224,20,839,310,432,190,909,87,210
chr3.11,50,350,266,80,184,2325,84,3917,6288,138,292,1,7451,6,175,5,0,156,7082,415,5,4571,366,12,35,227,323,308,10,53,3,160,377,526,4,16,38,450,28,32,236,5,177,246,25,773,519,673,223,959,120,248
chr3.12,61,220,214,46,184,2264,55,3004,5907,124,270,0,6903,3,173,6,0,166,6572,444,2,4396,307,13,27,237,227,280,4,49,3,161,409,426,1,10,35,411,26,19,218,8,176,222,29,940,350,447,196,907,81,225
chr3.13,47,283,259,56,223,2080,54,3136,5706,115,281,1,6806,1,168,5,1,179,6457,464,5,4062,291,12,31,240,282,298,11,54,2,176,441,474,2,17,23,337,24,13,225,3,193,266,19,931,308,565,159,1015,91,178
chr3.14,53,343,259,69,161,2372,69,3553,6565,150,305,1,7658,1,163,6,2,170,7290,467,5,4801,484,10,33,241,318,321,9,54,4,173,442,495,2,16,25,462,14,23,247,6,188,297,26,862,471,661,177,1039,110,203
chr3.15,60,242,188,38,169,2047,53,3013,5542,84,243,0,6637,0,161,3,1,167,6226,429,6,4038,322,14,34,328,276,251,5,39,1,248,401,462,3,8,28,330,25,25,203,2,268,241,28,937,318,518,181,886,75,209
chr3.16,36,137,216,44,145,2229,50,1642,5313,118,210,0,6196,0,175,3,2,133,5920,365,4,4075,283,10,28,185,206,220,7,26,2,135,342,412,2,10,23,349,31,20,182,7,149,194,23,800,296,343,148,808,81,171
chr3.17,42,314,264,58,129,3474,63,3217,7777,100,355,0,8896,1,178,3,3,277,8588,487,3,6002,368,12,23,214,414,360,2,32,4,157,459,619,2,5,28,489,27,20,319,4,172,229,19,851,720,728,163,1009,88,182
chr3.18,48,264,242,44,154,2716,65,3222,6581,100,212,0,7714,0,181,7,2,188,7429,444,6,4985,299,11,24,200,412,220,1,36,2,135,410,629,3,8,34,425,36,12,174,7,152,246,21,974,471,676,176,971,77,197
chr3.19,70,452,367,122,202,3240,77,7363,9654,159,349,0,11300,4,268,7,1,230,10780,608,6,7289,450,17,63,311,556,358,2,58,2,218,571,847,1,9,37,551,23,34,289,10,241,364,25,2054,835,1008,284,1363,196,309
chr3.20,62,550,392,89,167,3679,90,5561,10209,151,371,1,11922,4,304,6,3,251,11489,626,6,7731,392,19,62,253,685,381,3,48,3,166,584,1023,2,10,42,619,34,27,320,12,191,349,34,2079,811,1235,247,1403,166,281
chr3.21,66,499,374,58,228,4256,66,7257,10321,155,579,0,11988,2,310,12,3,214,11614,518,9,8093,515,10,63,222,654,599,8,71,14,137,482,999,4,20,36,755,35,17,494,6,156,356,28,1072,1340,1153,218,1287,130,246
chr3.22,86,739,397,62,274,6184,87,11235,15361,229,907,0,17565,1,431,10,1,363,17099,606,10,12541,680,30,46,329,897,927,10,115,23,203,564,1377,6,20,42,1112,49,23,769,7,243,423,39,1981,2355,1636,224,1481,116,263
chr3.23,82,578,385,64,235,5123,98,7128,14550,246,650,1,16686,1,371,8,5,337,16160,563,11,11921,876,20,43,376,855,671,12,84,8,263,513,1277,5,21,50,1072,51,36,558,16,294,411,39,1961,2643,1433,275,1415,128,314
chr3.24,71,259,293,40,178,3344,67,2054,8006,164,261,0,9113,6,182,5,2,158,8799,398,3,6490,447,16,36,219,336,270,4,28,2,129,372,548,0,9,26,487,30,14,231,2,148,230,21,1254,794,595,143,951,80,164
chr3.25,54,265,282,37,161,3534,75,4797,7264,116,440,1,8265,1,165,4,3,162,7942,411,2,5709,282,19,38,232,246,449,4,77,6,157,382,442,2,9,29,377,31,16,357,3,178,230,22,931,469,511,165,956,81,187
chr3.26,66,365,235,45,172,3569,87,3119,8431,158,536,0,9551,3,204,8,1,176,9224,437,5,6707,400,9,25,231,303,553,9,89,9,151,403,534,3,17,34,501,27,15,438,5,165,269,21,1380,699,668,203,971,76,224
chr3.28,74,373,285,62,173,3105,54,3215,8218,156,413,0,9409,1,167,8,2,198,8994,474,5,6311,421,28,47,276,353,432,11,78,3,169,437,549,1,19,37,449,29,24,332,8,202,349,21,1362,818,726,182,1138,119,203
chr3.29,65,353,352,57,229,3509,70,4386,9915,180,625,0,11228,1,222,3,0,231,10866,518,6,7850,567,13,42,241,401,639,11,70,10,157,476,652,9,14,42,719,29,26,545,7,176,361,43,1542,1333,754,172,1269,106,215
chr3.30,81,259,324,50,229,4192,102,3108,11303,183,833,0,12596,4,265,9,2,183,12218,579,3,9361,591,16,30,267,294,853,11,90,15,167,528,584,0,20,51,824,25,19,728,5,186,320,74,1990,1581,553,184,1248,87,258
chr3.31,69,226,266,45,170,2751,69,3658,6776,82,395,1,7857,4,159,2,2,170,7470,485,9,5027,301,28,26,297,264,404,6,45,5,191,436,455,1,9,49,361,32,30,345,4,228,287,95,1197,335,490,189,1071,77,284
chr3.32,61,233,261,49,140,2541,60,3079,6662,88,384,0,7663,0,170,4,2,162,7302,384,6,5079,338,14,31,256,246,396,8,41,3,175,348,440,2,12,36,385,24,19,340,11,195,291,22,1341,386,479,209,962,93,231
chr3.33,44,153,203,40,156,2199,60,2375,5473,97,277,0,6483,0,175,3,3,156,6122,381,3,4127,273,17,38,267,233,281,1,31,4,203,338,433,3,4,43,328,25,13,242,9,223,229,47,941,289,386,161,841,90,208
chr3.34,60,192,214,47,155,2460,60,2342,5848,70,273,0,6836,0,155,7,2,188,6509,389,3,4473,297,10,31,226,255,285,5,43,1,153,356,446,1,12,33,319,36,18,229,9,166,199,21,1003,324,447,153,839,89,174
chr3.35,61,536,384,80,253,3478,108,11692,10845,163,561,1,12736,1,345,5,0,258,12331,452,17,8443,553,8,78,226,734,573,6,106,8,140,410,1125,3,12,42,842,46,38,447,8,165,461,28,2021,1386,1270,242,1346,166,270
chr3.36,68,614,512,83,214,5063,93,6436,12871,152,891,3,14772,3,390,11,9,344,14341,602,5,10063,716,13,67,238,738,913,8,114,17,152,562,1163,4,22,40,960,35,29,760,9,170,476,35,1229,1943,1352,192,1629,168,227
chr3.37,75,388,286,69,205,3801,62,9292,10466,131,465,1,11844,2,252,4,4,341,11480,549,5,8361,578,15,56,212,459,477,7,75,6,117,506,747,6,12,43,812,36,21,384,9,137,308,30,1343,1696,847,176,1185,138,206
chr3.38,33,161,235,17,144,2134,70,1714,5457,77,271,0,6225,4,151,3,0,170,6008,392,2,4061,291,11,20,164,169,277,3,46,1,118,366,337,0,6,26,311,17,13,224,6,131,235,18,907,341,330,172,879,43,190
chr3.39,49,261,240,51,138,2373,64,4903,6323,102,326,2,7426,1,196,4,1,221,7083,441,2,4647,347,11,44,229,337,336,4,55,4,167,408,558,2,10,33,437,25,30,267,7,180,258,21,918,470,598,202,966,103,223
chr3.40,51,286,222,80,133,2600,58,4715,6357,84,312,1,7509,5,171,6,2,168,7118,444,6,4727,337,16,58,230,371,322,3,51,5,157,417,570,3,10,27,367,28,19,256,6,179,272,23,840,499,657,193,969,146,216
chr3.41,62,237,230,53,139,2584,63,2680,6100,91,331,0,7131,6,166,5,3,176,6816,394,5,4644,322,17,33,197,328,347,11,45,1,113,358,514,1,16,36,374,20,16,285,7,135,232,23,868,405,565,147,877,96,170
chr3.42,68,239,226,34,142,2614,55,2089,6263,116,311,1,7258,1,160,5,2,179,6939,407,5,4784,289,21,30,230,279,325,8,40,3,136,369,479,2,14,38,376,40,19,268,8,162,221,18,1008,381,518,168,896,74,186
chr3.43,65,209,236,51,132,2223,67,2479,5578,72,261,0,6510,1,141,4,2,161,6185,392,5,4093,249,8,38,217,245,272,7,38,8,139,365,408,1,11,27,322,22,7,215,5,152,259,29,930,297,454,191,910,96,220
chr3.44,46,241,191,45,127,2638,62,2335,6011,79,309,1,7016,2,157,4,0,202,6736,374,5,4561,317,8,33,184,357,320,6,52,0,125,341,536,1,11,33,342,22,20,257,5,138,243,31,855,330,598,147,831,83,178
chr3.45,61,239,274,52,146,2874,64,2377,6705,98,248,1,7810,2,194,10,2,169,7486,401,3,5137,307,13,31,214,340,265,6,36,1,137,373,571,4,17,28,391,37,24,211,6,153,272,24,1021,446,579,161,988,91,185
chr3.46,43,181,230,42,121,1932,62,2303,5068,70,264,0,5870,0,138,3,3,159,5597,343,5,3718,261,10,15,203,187,273,6,44,1,145,315,346,1,9,28,309,21,22,219,1,160,222,22,878,268,368,170,817,61,192
chr3.47,56,216,233,38,142,2574,67,3327,5928,68,250,0,6908,2,162,12,6,198,6588,337,13,4470,305,13,39,215,261,267,5,47,1,133,321,451,1,17,16,372,28,15,202,3,159,260,24,777,374,477,174,859,86,198
chr3.51,54,151,251,39,128,1796,62,4094,5231,95,290,1,6141,4,177,3,0,156,5869,354,4,3831,311,10,39,176,249,300,6,43,2,108,338,448,4,10,16,376,22,15,245,4,122,270,26,860,393,400,173,901,82,199
chr3.53,42,140,226,31,153,1381,50,1807,4432,75,231,1,5221,1,125,7,2,141,4957,355,5,3096,226,5,20,185,173,248,9,32,5,133,332,322,1,17,23,339,24,14,194,8,143,226,23,828,247,313,210,832,61,233
chr3.54,47,166,251,44,143,1800,52,2690,4951,84,243,1,5831,1,180,2,1,174,5553,387,8,3507,256,8,32,189,200,250,4,39,3,126,359,407,0,7,28,329,27,13,201,4,142,232,19,744,294,366,202,897,81,221
chr3.55,50,434,242,50,146,3329,60,9921,9938,139,527,1,10997,2,173,7,2,205,10622,451,5,8083,679,9,47,251,269,545,10,92,4,187,422,478,2,18,29,719,36,16,431,5,201,283,41,1701,1516,703,181,1014,104,222
chr3.56,63,320,228,62,152,3568,73,8086,10579,156,426,1,11625,1,150,11,2,171,11279,397,7,8897,699,15,35,218,291,445,7,98,4,133,368,475,2,19,29,917,34,22,324,9,155,275,30,1396,2161,611,237,936,108,267
chr3.57,55,232,206,55,156,2900,67,5797,7545,117,361,0,8491,2,151,8,4,154,8186,382,3,6088,352,11,27,192,247,378,9,65,3,123,361,418,4,17,21,495,20,19,293,8,137,246,25,1424,800,479,189,858,94,214
chr3.60,49,368,298,41,107,3272,61,3578,7968,95,353,0,9076,2,187,4,1,195,8722,386,1,6177,361,16,43,251,379,363,6,50,4,185,359,586,3,10,27,523,20,19,299,6,202,314,25,1175,751,747,183,1021,91,208
chr3.62,43,287,243,44,194,2477,70,2190,6370,108,535,2,7487,0,221,6,1,173,7201,379,9,4749,295,3,30,186,311,557,14,75,10,131,352,567,0,22,27,447,35,15,450,3,143,283,37,943,479,598,204,940,78,241
chr3.63,44,331,342,82,181,2862,59,2124,7906,102,435,1,9236,1,268,9,3,224,8896,456,4,5877,316,14,49,184,442,451,6,86,6,122,423,750,4,16,33,496,40,25,343,5,140,399,19,1636,465,773,229,1241,139,248
chr3.64,55,301,290,77,172,2784,65,2979,7608,106,441,0,8800,1,210,8,7,204,8416,479,4,5682,267,17,47,226,335,461,12,79,6,150,441,571,2,20,38,355,26,19,356,6,171,341,27,1754,416,636,263,1138,137,290
chr3.65,32,241,202,41,162,3047,54,2488,7546,80,585,1,8462,2,158,6,2,163,8219,383,5,6030,329,9,24,154,255,600,8,84,8,108,349,457,2,15,34,448,44,11,493,5,122,282,21,1491,635,496,211,913,72,232
chr3.66,45,251,200,41,133,2593,50,5770,6095,97,783,0,7055,2,196,12,3,139,6776,381,1,4663,271,7,34,168,271,808,13,117,12,115,348,498,4,25,33,387,31,14,654,6,123,221,30,927,388,522,192,837,84,222
chr3.68,50,335,279,63,183,2955,54,5543,7459,118,290,1,8782,2,260,7,3,190,8439,387,9,5727,365,13,49,205,445,306,8,30,3,133,350,743,6,16,37,503,38,18,257,5,155,290,24,996,790,780,203,1000,120,227
chr3.69,66,525,344,87,217,4053,77,11902,11251,113,605,1,13142,3,371,11,4,183,12641,558,3,8878,603,24,65,304,694,633,16,76,10,211,520,1096,4,28,38,773,31,30,519,10,238,519,25,1491,1845,1219,185,1456,166,210
chr3.70,30,251,193,32,157,3004,46,1568,7069,99,443,0,7957,2,162,7,0,151,7695,376,5,5549,337,12,26,187,230,453,3,61,13,140,346,423,1,10,30,419,31,16,369,5,157,314,21,1218,472,481,197,915,63,218
chr3.71,77,457,283,66,198,4251,76,4166,10090,122,541,1,11532,1,246,7,1,189,11066,434,14,8108,481,25,60,314,433,563,14,71,6,198,391,702,4,22,43,606,23,16,464,2,237,350,21,1691,957,890,228,1094,129,249
chr3.72,54,256,209,32,166,2421,62,3716,6323,113,349,0,7350,1,194,3,2,160,7048,365,6,4838,320,10,35,216,282,358,6,36,11,146,339,497,2,9,26,490,21,18,302,7,162,249,29,1045,449,538,197,846,76,226
chr3.73,46,366,233,39,139,2519,65,2791,6267,93,225,1,7283,0,168,4,0,141,7010,377,1,4600,326,9,26,197,340,233,3,44,2,141,331,539,1,8,46,414,31,29,179,3,151,272,26,834,414,706,222,914,68,248
chr3.74,53,644,234,51,175,2667,67,3154,9140,156,585,1,10602,0,283,6,5,174,10295,434,2,7026,651,10,29,196,591,603,11,106,5,131,405,913,3,18,29,630,39,27,474,8,143,325,32,1588,1334,1235,241,1035,93,273
chr3.75,64,674,328,84,175,4033,86,5904,12201,223,1106,0,14291,2,468,12,0,189,13806,558,6,9745,520,20,75,287,834,1131,13,158,22,197,516,1344,6,25,42,948,42,32,926,12,223,338,29,1820,2201,1508,302,1272,171,331
chr3.78,61,510,291,78,264,4680,103,4961,13180,244,1477,1,14710,0,234,12,0,357,14297,570,12,10650,827,16,53,244,483,1504,14,213,36,155,534,750,0,27,36,896,33,21,1228,11,183,426,35,2339,1664,993,320,1320,142,355
chr3.79,73,375,263,49,162,5330,95,6058,13482,286,1370,0,14740,1,201,12,3,240,14358,537,10,11383,881,17,41,261,395,1390,8,238,53,161,505,619,1,20,32,963,23,26,1079,7,188,316,44,2014,1909,770,297,1140,100,341
chr3.80,92,744,445,124,184,5537,114,5343,14883,257,1500,1,16751,2,290,9,5,280,16194,598,5,11945,844,15,64,331,701,1521,11,241,44,219,546,1013,2,21,52,1070,22,26,1215,10,239,426,30,2137,2100,1445,387,1493,203,417
chr3.81,126,947,457,130,192,4223,112,9885,13108,204,1560,1,15854,0,487,10,2,329,15087,613,15,9728,584,22,119,472,1147,1584,13,250,57,309,568,1675,3,24,45,800,41,41,1253,20,346,548,50,2566,1351,2094,392,1662,271,442
chr3.82,92,470,299,77,181,3441,94,6296,9669,169,960,0,11387,3,314,6,2,288,10966,518,12,7397,632,16,44,277,670,969,3,123,30,157,494,1022,3,9,24,638,38,29,807,9,185,414,33,1191,1326,1140,218,1272,132,251
chr3.83,112,652,369,111,246,6105,115,5423,16444,318,1202,1,18663,2,437,11,9,469,18112,551,13,13395,1035,13,91,299,816,1230,16,176,32,161,523,1307,3,28,28,1237,54,32,994,11,187,585,41,2081,2619,1468,347,1562,222,388
chr3.84,117,842,509,130,282,6612,154,4407,18652,371,1662,2,21646,2,506,10,5,648,21045,593,11,14743,1193,28,89,337,1402,1688,14,250,39,181,556,1957,2,26,37,1221,49,53,1373,12,220,693,51,2835,2511,2244,518,1846,236,569
chr3.85,136,846,660,107,318,6561,193,5812,18719,311,1756,1,21982,2,513,19,4,560,21392,607,11,14636,1064,17,103,323,1600,1789,13,249,39,159,560,2162,9,33,47,1238,49,49,1468,18,187,724,61,3010,2452,2446,567,2049,232,628
chr3.87,132,909,393,89,220,5042,130,10458,15963,243,1359,2,18996,3,546,11,3,454,18457,639,13,12413,977,19,91,319,1555,1382,10,205,28,155,597,2144,3,23,42,1075,43,39,1126,11,187,548,41,2836,2240,2464,524,1626,194,565
chr3.88,123,589,335,99,136,3411,107,7633,10315,193,622,0,12475,0,395,8,7,241,11886,555,12,7749,567,28,60,400,900,636,6,76,11,237,516,1328,1,14,39,571,33,23,535,9,277,439,33,2046,961,1489,350,1363,175,383
chr3.89,82,561,432,75,205,4068,112,6174,13232,229,679,1,15579,2,406,9,0,440,15079,696,14,10099,752,38,44,353,1086,697,8,106,8,219,666,1530,4,18,30,828,38,21,565,8,271,565,40,2343,1879,1647,374,1735,127,414
chr3.90,81,744,588,94,224,4895,150,6413,15020,246,972,1,17662,4,475,9,4,474,17115,651,27,11330,660,25,68,343,1188,995,13,170,22,210,619,1721,7,23,32,852,58,24,780,11,262,582,33,3219,1458,1932,587,1886,177,620
chr3.91,113,577,341,69,223,3671,82,7267,10719,193,797,1,13574,5,535,9,7,221,13034,730,21,8045,604,26,75,358,1425,818,11,98,9,198,682,2010,5,21,48,751,50,42,690,5,245,372,38,1518,1308,2002,348,1498,156,386
chr3.92,120,756,396,86,255,4575,115,7272,14677,198,1282,1,18901,4,816,12,2,366,18194,738,17,11535,836,45,97,477,2264,1306,11,187,19,295,684,3147,5,24,54,1009,67,37,1076,17,357,450,47,2815,2102,3020,347,1656,202,394
chr3.93,141,999,424,80,393,5932,152,9618,17872,230,1248,0,22542,1,748,12,6,467,21720,779,20,14028,873,59,110,587,2474,1272,12,189,38,367,733,3303,3,24,46,1098,81,39,1021,14,446,546,72,3256,2639,3473,515,1833,210,587
chr3.94,65,712,440,66,213,4751,120,10634,14628,254,978,2,17577,6,483,15,4,215,16926,593,24,11830,901,39,109,434,1426,1002,7,131,10,306,555,1965,5,24,38,1050,56,14,837,8,369,398,36,2587,2287,2138,385,1492,187,421
chr3.95,78,454,363,73,184,3812,84,4548,9862,197,449,0,11965,2,323,6,1,238,11484,606,12,7412,558,23,61,322,990,461,6,66,2,209,573,1354,1,12,33,592,41,17,381,10,244,421,29,1253,1000,1444,321,1432,145,350
chr3.96,69,396,326,41,233,4221,98,5883,12139,188,578,1,14195,4,354,12,0,313,13838,660,11,9752,680,18,35,249,977,602,11,69,9,151,618,1368,3,24,42,783,37,15,500,4,180,359,24,1840,2040,1373,291,1385,80,315
chr3.97,56,267,244,31,201,2492,49,1819,6122,128,282,1,7388,2,220,4,2,177,7106,427,4,4458,323,8,24,212,456,291,4,34,4,144,398,734,3,9,29,324,58,18,244,2,156,295,21,869,322,723,212,1027,59,233
chr3.98,63,300,236,38,164,3063,49,2505,7591,131,343,0,8953,3,288,6,1,249,8636,497,5,5778,330,14,28,229,511,353,4,64,3,147,456,832,3,10,41,405,33,14,276,8,166,268,21,1151,698,811,225,1037,75,246
chr3.99,131,466,320,69,167,3057,72,6074,8382,137,391,0,10341,2,307,9,2,247,9798,515,5,6074,434,18,49,395,823,409,9,54,7,241,490,1177,3,18,25,483,47,9,330,8,264,409,39,1157,806,1289,300,1294,128,339
chr3.100,150,731,418,95,258,5085,117,10065,14748,212,851,1,18557,1,676,9,8,460,17770,611,24,11593,712,36,75,574,1909,873,12,109,19,364,577,2647,3,22,34,978,62,41,723,12,424,518,47,2344,2262,2640,326,1612,190,373
chr3.101,182,710,391,87,274,4796,126,6889,14508,247,565,1,18070,1,677,11,6,307,17317,521,17,11570,1071,37,69,558,1678,590,13,85,10,322,491,2409,5,25,30,1130,54,29,470,7,376,518,37,1940,2386,2388,420,1489,169,457
chr3.102,91,344,349,63,207,3751,83,3933,9772,178,416,0,11769,1,360,2,0,216,11305,548,6,7621,562,15,55,329,838,424,6,51,24,217,516,1243,4,8,32,705,45,14,341,8,238,377,23,1265,1160,1182,276,1323,126,299
chr3.103,77,544,320,50,204,3898,92,5043,10834,209,441,1,12684,0,332,4,2,197,12319,545,4,8485,578,17,30,267,820,452,6,60,3,169,517,1189,2,11,28,628,37,18,378,5,190,350,22,2058,1114,1364,351,1254,87,373
chr3.104,68,381,261,45,187,3647,68,3949,9418,165,369,0,11124,1,328,5,2,174,10790,484,9,7515,519,13,31,240,748,381,7,49,3,150,447,1117,2,12,37,621,41,19,317,3,172,302,19,1530,1033,1129,261,1090,81,280
chr3.105,62,291,268,46,176,2634,63,4740,6917,104,230,0,8514,1,287,2,1,173,8218,496,2,5078,313,12,32,202,750,240,8,37,1,126,456,1062,3,10,40,339,25,20,192,4,140,313,24,1360,328,1041,251,1105,83,275
chr3.107,109,468,369,85,218,3770,106,4841,10204,214,925,0,13514,4,707,8,5,266,12913,917,11,7411,517,37,85,388,1605,949,16,156,28,231,864,2385,2,24,53,582,73,23,741,10,279,405,32,1482,846,2073,311,1766,185,343
chr3.108,76,406,275,65,157,3236,85,5252,7946,116,502,1,10041,2,397,10,2,215,9633,693,6,5752,390,18,38,282,1017,516,3,72,9,182,658,1445,1,14,35,411,31,12,421,5,206,300,30,1184,415,1423,262,1300,110,292
chr3.109,59,278,244,38,163,2672,50,3087,7133,128,272,0,8456,2,196,5,2,166,8159,527,1,5339,326,15,41,201,579,284,7,40,5,126,496,813,3,12,31,376,38,16,227,1,142,295,28,1465,372,857,237,1107,82,265
chr3.110,69,283,244,36,173,2480,62,2376,6673,120,202,0,8015,3,239,1,3,161,7718,450,4,4951,314,10,19,225,543,211,8,28,2,142,415,810,5,9,35,414,28,15,172,2,156,278,18,1223,400,826,268,1005,60,286
chr3.111,64,335,235,51,163,2753,61,2390,7165,142,243,0,8831,1,312,5,2,175,8511,467,1,5296,409,11,32,223,750,253,5,33,5,147,442,1122,4,10,25,488,60,21,205,1,159,292,22,1033,471,1085,318,1058,86,340
chr3.112,49,606,383,38,177,3761,56,3427,9823,152,378,0,11954,2,417,7,4,237,11655,599,3,7228,476,12,50,182,1138,393,8,51,5,118,565,1599,6,15,34,638,44,21,322,8,133,474,27,1316,885,1744,242,1506,100,269
chr3.113,73,963,564,60,233,4185,64,1989,13423,234,696,1,16297,1,442,9,2,269,15872,855,2,9556,622,18,87,249,1671,718,12,114,4,156,806,2152,6,22,49,841,39,33,578,4,176,682,28,2469,1205,2634,467,2146,153,495
chr3.115,72,1077,473,109,263,4547,129,8557,15857,242,776,1,19510,6,590,9,2,403,19039,942,5,11830,968,15,69,250,2131,803,17,138,16,158,878,2790,11,27,64,1150,69,43,622,8,178,612,51,2072,2851,3208,415,2107,188,466
chr3.116,49,431,291,50,174,3116,79,2719,8136,127,247,0,9908,1,329,5,6,218,9598,602,3,5964,404,13,32,203,840,257,5,37,5,138,560,1209,3,10,42,484,40,24,205,8,154,366,19,1161,672,1271,218,1302,96,237
chr3.117,51,244,250,31,163,2592,59,1965,6457,133,300,0,7810,0,268,3,0,151,7531,439,6,4787,347,11,19,215,542,310,7,52,1,147,424,852,4,10,15,409,42,17,247,4,164,296,21,896,410,786,248,1031,54,269
chr3.119,73,234,230,55,186,2640,58,5414,6174,92,255,0,7465,0,233,5,1,161,7120,470,6,4544,268,14,35,236,422,271,11,34,4,143,435,702,6,16,35,308,47,22,217,2,163,273,14,939,297,656,220,1026,93,234
chr3.120,46,324,235,38,160,2353,55,2488,6071,118,265,1,7347,0,218,5,0,144,7072,423,2,4395,401,7,20,202,536,278,7,47,1,147,382,786,2,13,41,379,32,15,217,2,156,275,21,800,344,860,237,967,60,258
chr3.121,42,322,215,42,176,2649,56,3187,6468,87,389,0,7974,2,266,6,0,176,7656,484,7,4743,349,10,34,216,647,406,11,67,7,157,439,956,3,17,45,351,43,25,315,7,174,241,29,880,427,969,230,986,83,259
chr3.122,49,237,223,30,144,1968,50,2160,5295,111,229,0,6384,1,204,9,3,144,6113,444,2,3702,287,9,26,191,388,242,4,32,5,131,417,624,5,13,27,310,32,11,192,7,142,233,23,776,250,625,273,937,66,296
chr3.124,61,377,250,54,172,2230,72,3586,6662,126,317,1,8209,3,256,9,1,185,7826,525,2,4644,420,12,41,256,624,335,8,61,2,181,487,920,4,18,38,400,40,27,254,10,195,344,28,1016,452,1001,278,1163,106,306
chr3.125,60,256,212,33,157,2201,48,2567,5751,111,213,0,7065,0,264,10,2,161,6766,411,8,4119,346,10,29,213,499,232,9,36,1,135,382,810,3,19,29,375,47,19,176,3,153,300,25,758,328,755,245,973,67,270
chr3.126,60,205,216,26,201,1798,49,1875,5255,98,222,0,6552,3,245,3,4,159,6237,425,6,3647,300,13,34,236,443,233,8,32,10,157,394,732,11,11,31,346,44,16,180,1,176,286,27,792,313,648,263,982,65,290
chr3.128,58,301,244,47,158,3160,64,3539,8042,163,420,2,9451,0,262,5,2,163,9110,483,12,6280,402,14,47,225,542,434,7,61,4,141,455,846,4,14,28,445,42,17,355,6,167,292,24,1422,688,843,234,1065,102,258
chr3.129,44,286,227,53,150,2782,58,4511,7636,130,322,0,9115,1,271,6,3,175,8771,528,3,5768,406,6,38,221,610,341,13,64,5,168,493,927,2,19,35,433,46,11,253,9,177,298,29,1421,596,896,312,1101,103,341
chr3.131,50,290,229,37,156,2390,68,2712,6354,118,290,1,7769,2,256,2,2,174,7435,483,5,4564,400,7,34,246,572,301,8,50,3,184,438,857,5,11,45,355,29,19,237,2,196,324,23,902,399,862,243,1070,75,266
chr3.132,50,672,378,79,242,3489,87,3811,11000,183,435,0,13369,5,383,4,2,339,12914,655,7,8190,773,9,73,287,1137,443,4,81,9,221,612,1585,5,8,43,669,65,24,345,1,237,444,25,1384,1692,1809,268,1547,155,293
chr3.135,76,298,278,40,155,2635,63,2850,6904,119,315,0,8444,1,246,5,2,191,8114,484,3,4977,359,15,30,235,705,330,10,43,4,141,453,992,4,15,31,365,41,19,268,7,159,353,27,1101,398,1003,273,1160,79,300
chr3.136,78,402,262,53,173,2595,61,4907,6903,156,439,0,8573,0,239,2,1,179,8179,451,10,4971,414,11,63,259,758,450,9,59,9,160,435,1042,1,11,16,394,45,16,371,7,181,320,40,892,520,1160,261,1079,124,301
chr3.137,42,617,316,59,210,3700,79,5448,11791,219,555,2,13862,2,426,13,5,201,13446,511,4,9433,880,10,90,225,879,584,14,94,8,169,475,1366,8,29,36,828,61,24,453,6,183,386,24,1577,2229,1496,271,1282,160,295
chr3.138,59,266,245,35,179,2286,76,2961,6349,127,292,0,7656,0,239,2,2,137,7356,433,3,4665,357,9,26,223,472,302,8,44,1,152,401,752,1,10,32,354,41,7,247,4,164,318,22,1058,483,738,255,1038,67,277
chr3.139,35,229,235,28,168,2162,54,1859,5834,102,224,1,7105,3,239,3,1,163,6836,498,6,4150,325,10,20,202,504,235,7,31,4,151,455,780,1,11,43,342,37,15,189,4,167,259,17,893,326,733,267,1030,53,284
chr3.140,71,387,319,45,173,3248,69,2908,8142,130,300,0,9817,8,229,8,2,186,9487,655,5,5900,382,11,25,232,813,316,8,40,7,145,610,1103,6,16,45,401,61,15,253,2,161,404,21,1249,490,1200,249,1445,74,270
chr3.141,57,590,364,46,185,4436,85,5739,12606,179,658,0,14658,0,353,4,2,231,14334,632,2,9992,765,21,41,214,1036,672,10,78,17,134,589,1458,6,14,43,932,69,13,563,7,157,397,30,1541,2139,1626,351,1468,96,381
chr3.142,74,921,454,62,222,5462,121,9348,15685,219,1149,1,18958,1,489,12,2,425,18457,714,8,12195,927,38,59,349,1867,1166,4,163,26,229,662,2429,6,17,52,1135,73,29,960,11,275,469,43,2244,2208,2788,429,1716,134,472
chr3.143,51,503,369,50,189,3209,75,4166,9582,165,745,2,11808,0,324,12,3,311,11459,508,6,7092,537,19,35,232,1242,765,6,117,21,156,484,1613,3,20,24,706,47,30,607,9,181,435,22,1249,1226,1745,309,1362,97,331
chr3.144,46,997,581,78,303,4799,126,5716,16342,272,1051,0,20792,0,750,13,3,554,20300,750,14,12240,1057,27,66,312,2698,1073,9,158,17,225,711,3529,4,22,39,1169,81,34,876,11,266,634,52,2315,2628,3695,496,2050,158,548
chr3.145,63,696,431,60,239,4277,80,5470,12101,163,888,0,15511,3,674,11,2,373,15072,607,13,8990,666,27,46,305,1921,905,6,135,17,202,565,2652,6,17,42,760,57,31,736,6,242,549,30,1690,1434,2617,388,1650,114,418
chr3.146,49,243,269,40,170,2805,67,2397,6633,116,340,2,8069,1,264,3,2,165,7756,487,4,4775,350,19,35,212,585,351,6,65,1,140,462,886,3,11,25,342,37,16,274,12,163,367,21,864,298,828,287,1163,89,308
chr3.147,52,252,261,22,178,2640,51,1833,6414,127,321,1,7753,0,264,6,0,141,7474,478,6,4701,339,13,21,217,532,337,9,47,8,146,447,831,1,16,31,358,35,25,266,3,165,282,19,894,343,784,254,1057,46,273
chr3.148,61,342,321,40,172,3332,68,4535,7878,129,305,0,9398,2,301,7,3,176,9074,487,7,5823,426,13,29,236,609,317,5,51,3,155,476,956,2,12,11,459,46,12,251,2,175,375,35,916,561,951,305,1231,74,340
chr3.149,74,249,341,40,175,2924,65,2830,7487,145,324,0,8929,2,249,4,2,198,8595,556,9,5400,402,20,28,251,585,330,2,49,2,148,521,868,1,6,35,383,34,26,273,5,177,335,27,1131,415,834,354,1267,75,381
chr3.150,96,410,393,38,172,3555,75,2831,9639,155,554,0,11356,2,233,4,4,190,10937,583,10,7165,492,21,52,307,766,566,8,84,11,180,556,1051,5,12,27,535,52,15,459,4,211,486,18,1653,775,1176,374,1519,98,392
chr3.151,87,396,378,64,178,3714,79,4506,10627,175,563,0,12814,6,354,4,6,175,12380,631,8,7990,531,15,45,290,1103,574,7,125,3,180,588,1496,4,11,43,726,39,21,435,12,203,569,34,1554,1290,1499,429,1621,127,463
chr3.152,65,294,306,42,188,3095,67,4706,8635,146,459,1,10935,3,416,6,5,184,10512,594,19,6516,444,22,51,301,1142,473,7,80,4,195,551,1622,4,14,43,564,64,21,375,7,236,434,17,1383,884,1436,265,1402,105,282
chr3.153,71,301,291,29,160,2956,58,4207,7484,130,286,0,9233,1,319,4,5,185,8903,555,6,5469,390,20,32,244,847,301,11,50,2,147,524,1201,1,15,31,390,35,17,234,4,173,371,19,1240,363,1148,275,1253,70,294
chr3.154,64,278,285,47,178,3261,60,2702,7983,134,337,0,9962,1,393,12,4,181,9654,533,7,6041,443,20,23,215,992,353,4,49,1,124,509,1433,4,16,24,460,48,25,287,2,151,366,19,1128,615,1270,251,1236,76,270
chr3.156,88,460,357,62,158,3561,80,8117,9792,167,519,3,12184,1,417,9,3,286,11747,500,5,7376,631,18,45,288,1245,545,14,97,4,177,477,1717,9,26,23,692,55,17,418,12,200,429,39,1298,1027,1705,319,1350,122,358
chr3.157,77,303,286,46,164,3023,56,3649,7334,120,291,0,9192,2,332,4,7,182,8859,504,1,5379,406,11,39,227,916,298,3,52,4,138,464,1305,2,7,40,372,57,13,235,5,150,348,30,963,495,1219,287,1197,97,317
chr3.158,78,475,350,60,187,3358,65,6245,8432,136,418,0,10465,0,372,2,5,195,10099,501,6,6149,408,14,61,222,969,429,9,88,5,124,476,1415,3,11,25,457,74,23,325,7,144,424,25,1186,604,1444,287,1352,133,312
chr3.159,89,734,527,79,252,4793,104,11274,15578,273,1070,1,19371,2,715,14,7,434,18853,735,16,11976,904,14,97,291,2114,1095,10,157,27,172,700,2919,6,25,35,1031,90,33,886,17,202,625,44,2777,2198,2848,464,1983,200,508
chr3.160,138,987,571,91,276,5345,143,9008,17362,284,1410,2,22292,4,939,10,2,488,21624,692,17,13261,1287,32,113,415,2799,1435,13,179,33,228,658,3843,8,25,34,1138,105,49,1198,18,277,749,52,2417,2790,3786,505,2125,224,557
chr3.161,124,977,775,76,219,4475,130,6020,16345,311,1696,0,21198,3,1069,15,9,396,20540,766,12,12121,1181,31,105,412,2680,1732,21,250,29,245,735,3846,2,36,31,1196,97,26,1417,17,288,763,41,2222,2736,3657,478,2403,207,519
chr3.162,125,800,696,82,210,3968,124,5397,13495,233,1563,0,17228,5,759,15,3,355,16653,793,11,9611,940,27,112,323,1969,1598,20,219,36,160,760,2824,6,35,33,958,96,45,1308,15,198,640,61,1495,2017,2769,488,2231,212,549
chr3.163,134,749,590,89,213,5429,126,8487,17128,287,1353,0,20393,5,508,13,7,348,19787,796,11,13379,1255,24,115,344,1719,1383,17,192,34,175,747,2320,7,30,49,1248,93,65,1127,16,210,664,55,2247,2913,2468,475,2150,227,530
chr3.164,73,607,426,64,215,4192,92,7477,13178,217,764,0,15981,5,552,7,3,307,15490,778,13,10088,913,20,88,298,1376,782,11,108,20,192,723,2005,6,18,55,869,77,36,636,15,225,524,39,1960,1937,1983,367,1811,170,406
chr3.165,58,429,269,83,169,3178,75,5841,8882,166,551,0,11076,3,480,3,2,313,10709,638,4,6344,460,12,63,190,1039,559,5,82,10,116,597,1583,0,8,41,435,64,22,459,18,132,481,33,1531,574,1468,353,1452,166,386
chr3.166,65,239,325,64,151,2609,91,9327,8185,142,460,1,9958,1,328,2,0,290,9533,591,7,6006,383,14,66,278,720,467,4,82,3,192,549,1106,3,7,42,358,58,16,375,9,213,356,22,2042,472,959,337,1333,139,359
chr3.167,55,304,268,50,169,2491,57,2778,6602,138,302,0,8313,1,324,4,1,174,7953,529,8,4643,396,15,41,249,744,315,9,53,4,171,509,1125,1,13,20,338,57,16,245,5,194,380,17,849,431,1048,270,1235,97,287
chr3.168,59,289,310,36,154,2574,48,2407,6369,139,425,2,8020,3,337,4,2,174,7719,483,5,4485,291,13,37,204,745,437,6,64,2,127,440,1148,4,12,43,330,66,14,359,7,145,359,16,848,303,1034,235,1222,82,251
chr3.169,58,220,323,62,183,2318,80,2586,6143,136,345,0,7691,0,274,4,1,165,7353,474,4,4331,322,14,23,239,624,357,8,47,5,163,449,947,2,12,25,299,49,29,293,1,181,320,23,909,347,844,256,1168,87,279
chr3.170,60,530,343,58,193,3702,81,4650,10650,161,728,0,13310,3,552,6,5,239,12885,575,7,8156,602,15,85,248,1352,745,11,103,17,166,541,1961,3,17,34,687,57,14,608,9,188,491,39,2019,985,1882,260,1469,157,299
chr3.171,66,473,358,52,181,4252,77,1758,11216,151,1113,0,13870,1,682,4,1,174,13534,572,5,8882,566,6,53,215,1315,1123,6,174,23,138,542,2060,4,10,30,828,63,24,916,4,149,442,30,1789,1296,1788,257,1439,110,287
chr3.173,81,596,405,44,190,3768,84,6559,11078,166,699,0,13642,1,537,11,2,204,13239,546,6,8447,632,26,51,277,1273,719,9,82,11,164,514,1887,1,20,32,838,77,19,606,8,196,408,37,1666,1377,1869,415,1437,105,452
chr3.174,65,291,339,47,152,2269,61,2476,6510,120,319,1,8160,1,315,4,3,164,7818,507,7,4564,406,9,30,241,742,329,5,40,7,160,468,1095,2,10,39,382,38,16,272,10,176,326,22,1000,387,1033,279,1212,90,301
chr3.175,55,442,339,43,184,3572,77,4835,9182,131,507,1,11089,0,373,7,3,165,10806,595,5,6914,445,12,25,186,931,522,7,77,6,114,555,1363,4,15,40,568,59,12,424,11,131,397,33,1489,709,1373,281,1394,82,314
chr3.176,67,321,349,44,170,2947,54,2523,7873,125,261,2,9656,4,309,7,2,149,9349,540,5,5831,450,10,31,205,885,278,8,38,5,123,513,1252,0,17,27,519,58,13,218,4,138,379,27,1124,666,1206,264,1326,81,291
chr3.177,83,720,443,73,253,4578,87,6961,13890,241,580,2,17355,4,588,13,4,290,16886,636,8,10629,866,24,86,264,1988,607,12,76,5,149,593,2656,8,27,43,985,80,26,499,11,181,714,28,2033,1926,2708,396,1881,174,424
chr3.178,92,517,512,98,179,4385,82,4451,11733,210,559,0,14152,3,405,5,6,279,13665,637,6,8758,642,11,92,260,1203,573,9,71,9,151,606,1671,3,14,31,731,63,15,479,14,168,600,36,1564,1226,1720,376,1815,210,412
chr3.179,91,432,413,99,173,3368,103,3504,9142,153,414,2,11019,1,251,7,4,219,10552,539,5,6577,443,6,117,224,854,432,9,68,5,122,503,1134,3,18,36,490,29,24,341,4,133,492,35,1664,459,1286,408,1476,224,443
chr3.180,39,222,311,45,171,2386,54,1765,6327,137,333,0,7693,1,243,4,1,173,7407,523,7,4484,343,8,30,199,558,340,3,38,1,145,481,855,3,7,42,355,54,15,294,3,160,323,21,939,324,780,252,1214,79,273
chr3.181,50,292,242,48,167,1984,60,2555,5963,139,268,0,7444,1,286,7,2,147,7075,523,6,4079,370,5,45,250,555,282,7,54,4,189,489,885,5,14,34,367,44,23,210,9,200,357,22,885,334,847,273,1171,104,295
chr3.182,55,209,315,47,141,1934,60,1671,5796,114,264,0,7180,1,250,5,1,144,6853,484,1,4045,375,13,38,223,553,274,5,39,4,154,454,856,2,10,30,353,53,20,221,7,168,284,18,986,283,762,275,1138,93,293
chr3.183,64,343,279,63,199,2743,65,2599,7038,112,228,0,8674,1,276,4,2,179,8323,654,10,4965,383,10,46,223,705,238,6,28,2,139,606,1021,2,10,48,411,40,16,198,6,159,320,28,940,376,1048,252,1295,117,280
chr3.184,69,316,306,54,180,3035,90,2364,7318,112,1592,0,8992,0,310,2,1,179,8629,562,3,5266,393,12,55,237,690,1599,5,133,44,153,529,1041,3,7,33,389,41,22,1415,9,168,387,17,924,413,1006,260,1299,119,277
chr3.185,74,277,278,45,175,2166,60,1670,6065,115,1154,0,7685,4,332,6,0,175,7360,491,7,4233,346,9,32,226,660,1168,8,83,35,136,456,1060,4,14,35,341,68,14,1036,4,152,300,28,908,357,937,265,1141,81,293
chr3.186,76,250,288,37,143,2762,62,6186,6650,117,309,0,8039,0,275,7,1,156,7718,557,5,4824,353,21,18,251,528,320,4,62,5,149,522,863,1,11,35,379,60,14,242,3,175,292,21,853,360,778,247,1198,59,268
chr3.187,93,291,269,51,190,3014,74,5838,7120,133,459,0,8642,2,247,8,2,169,8266,572,6,5221,382,14,60,245,576,470,3,70,10,132,543,882,4,11,29,434,59,20,379,5,152,308,23,892,366,867,243,1212,118,266
chr3.188,110,541,335,89,193,4034,95,6971,10443,171,435,0,13221,2,470,7,3,282,12699,722,5,7801,540,20,69,335,1443,450,8,42,6,200,677,1968,3,15,45,740,55,17,387,9,225,386,33,1263,1053,1984,323,1501,170,356
chr3.189,87,494,402,105,210,4632,67,10103,12721,195,479,0,15679,1,522,8,4,312,15191,686,7,10061,833,17,81,267,1599,497,10,83,5,156,644,2193,7,18,42,969,72,16,391,12,180,372,29,1658,1774,2093,342,1539,202,371
chr3.190,56,272,307,59,149,2955,63,4242,8076,157,464,0,9873,1,334,14,3,299,9504,502,7,6046,402,15,79,204,833,480,2,74,3,126,466,1216,2,16,36,477,49,6,387,7,148,335,20,1478,577,1105,287,1195,148,307
chr3.191,72,276,285,46,160,1856,63,2368,5593,120,241,1,7118,3,291,5,1,132,6770,500,14,3779,304,10,25,257,619,252,5,37,2,161,468,954,1,11,32,362,44,16,202,5,185,327,28,830,307,895,249,1157,77,277
chr4.3,66,186,237,33,179,1773,75,1553,5036,107,244,0,6150,2,172,5,2,147,5842,374,5,3533,321,7,25,230,339,254,5,40,1,152,338,552,5,10,36,347,41,20,203,6,164,231,16,706,279,525,287,888,66,303
chr4.6,66,421,255,42,196,3709,109,2310,10246,169,509,0,11697,3,259,8,2,258,11332,452,3,8294,815,17,46,250,488,527,10,67,6,164,415,781,3,18,37,642,34,27,436,4,184,265,27,1651,1308,909,244,1009,94,271
chr4.7,76,295,214,61,152,2014,75,3357,6106,138,273,1,7252,2,172,5,1,159,6867,435,5,4342,429,13,53,245,341,289,10,38,2,151,399,534,5,16,36,339,21,17,233,7,169,309,29,975,447,636,301,984,122,330
chr4.8,54,238,233,45,154,1903,93,3085,5811,144,353,0,6866,1,153,8,1,224,6509,465,4,4004,411,11,34,252,272,373,12,66,6,183,428,451,1,20,37,368,26,24,281,4,198,330,32,779,399,510,260,1055,84,292
chr4.11,85,452,219,59,141,2801,123,3395,8036,157,342,0,9402,4,205,9,2,165,8961,403,7,6039,496,16,69,287,431,357,6,45,5,179,376,661,2,15,27,450,25,22,292,5,202,360,23,1380,755,883,351,1009,135,374
chr4.12,83,505,309,54,164,2765,114,6328,8831,157,603,0,10451,4,247,6,4,225,9926,504,6,6569,395,27,102,336,542,616,7,63,15,220,455,817,4,13,49,312,28,35,525,12,253,356,26,2474,466,1047,298,1201,172,324
chr4.13,112,779,437,56,195,4183,124,7168,12278,182,765,0,14562,3,398,9,3,286,14012,580,10,9325,734,36,92,380,981,776,2,81,13,222,535,1415,5,11,45,688,36,26,671,5,268,459,33,1857,1681,1760,348,1517,156,381
chr4.14,85,501,348,75,226,3610,109,1867,8962,124,468,1,10735,0,295,3,1,235,10317,400,4,6818,518,23,57,274,690,474,2,51,9,162,372,1020,2,6,28,474,35,26,408,5,189,315,26,927,1165,1191,291,1100,138,317
chr4.15,83,488,359,85,220,4526,126,1940,10231,143,643,1,12073,2,299,9,2,254,11611,433,7,7990,463,25,73,267,708,660,7,73,11,152,395,1034,6,17,38,480,27,40,559,16,184,369,23,1149,1229,1196,269,1194,176,292
chr4.16,65,256,231,60,146,2913,100,2256,6915,100,351,1,8131,2,160,6,4,157,7780,349,9,5362,402,17,42,227,438,364,6,65,9,136,328,619,3,13,21,371,21,22,277,3,162,251,25,958,618,694,259,855,109,284
chr4.17,61,595,250,30,231,3166,97,4949,8708,128,495,1,10466,2,246,7,1,348,10126,479,3,6413,509,12,50,238,823,509,6,79,6,162,449,1090,3,14,30,458,21,22,410,5,177,270,30,1265,887,1418,298,1023,86,328
chr4.18,53,513,284,40,209,3168,75,5124,8413,139,371,2,10076,2,247,3,3,272,9721,465,3,6238,539,14,48,241,744,382,6,55,4,171,432,1024,0,11,33,492,33,32,312,10,188,248,37,965,935,1257,324,1030,101,361
chr4.19,91,604,343,80,305,4296,111,7007,11708,152,673,0,14427,1,371,13,4,350,13826,579,10,9008,490,36,64,418,1292,697,11,113,13,281,542,1702,1,24,37,602,39,31,547,10,327,327,26,2113,1355,1896,439,1289,158,465
chr4.20,111,577,292,74,352,5246,164,7755,15021,239,1099,2,17899,4,510,9,10,472,17188,530,21,12449,833,43,49,540,1101,1127,17,171,19,365,489,1651,2,28,41,1049,40,25,909,6,429,229,45,2992,2090,1678,400,1093,139,445
chr4.21,81,490,300,64,234,3605,104,6083,11702,258,867,1,13905,5,431,12,5,258,13341,572,13,9466,795,31,44,409,820,891,11,116,12,284,538,1301,1,24,34,810,50,27,739,13,328,231,35,2108,1890,1310,322,1154,126,357
chr4.22,68,749,380,91,297,4388,133,8769,13392,211,1018,1,16040,4,429,9,4,298,15478,718,5,10515,781,17,84,345,1193,1039,11,152,19,255,671,1656,2,21,47,782,34,15,847,13,277,342,37,2460,1893,1942,336,1476,192,373
chr4.23,76,669,320,73,218,3219,113,5002,8884,152,924,0,10791,2,280,9,0,272,10350,571,10,6391,435,14,77,265,808,941,8,150,32,165,527,1135,3,17,44,482,47,20,742,7,189,315,22,1200,903,1477,301,1256,157,323
chr4.24,96,472,369,80,196,3317,103,3961,8456,126,901,1,10415,1,371,7,3,409,9897,516,6,5930,397,21,102,304,737,922,13,141,22,181,454,1142,7,21,62,394,34,24,738,7,208,433,27,1141,555,1209,269,1359,192,296
chr4.25,61,307,240,51,186,2504,91,3277,6557,103,502,1,7816,2,222,7,2,210,7473,400,6,4757,331,11,41,220,394,521,11,91,5,142,368,639,4,19,32,348,23,14,406,8,159,322,21,1033,438,701,282,989,102,303
chr4.26,79,177,232,43,131,2423,80,2824,5779,128,368,0,6812,1,163,9,1,136,6440,381,4,4310,284,7,47,255,267,386,9,46,5,165,346,450,0,18,35,260,20,21,317,7,176,227,22,939,276,444,273,860,98,295
chr4.27,62,253,263,41,150,2801,79,2451,6648,165,238,0,7636,1,150,3,1,185,7343,377,1,5052,285,6,34,200,303,247,6,35,3,131,350,466,1,9,27,272,13,22,200,7,138,223,29,1164,365,556,243,877,83,272
chr4.28,86,543,432,65,262,4480,124,6261,12983,266,630,3,15205,0,407,12,3,215,14651,440,5,10328,834,19,83,365,841,658,13,90,11,255,407,1282,6,28,33,795,34,43,529,10,279,462,33,2033,1920,1384,481,1374,161,514
chr4.29,112,879,417,102,300,6036,166,7435,17169,313,1189,2,20355,2,599,24,4,238,19536,454,17,13877,1204,26,107,538,1250,1236,21,164,32,383,429,1901,7,47,25,1093,52,52,993,19,426,494,47,2623,2608,2129,704,1424,232,751
chr4.30,141,862,487,96,305,7073,168,5840,19306,320,1472,2,22578,1,607,12,4,400,21724,565,27,15606,1379,35,100,613,1292,1499,13,222,36,410,541,1945,4,27,24,1143,46,38,1214,13,472,547,53,2971,2720,2154,744,1649,213,797
chr4.31,125,735,372,92,249,4921,151,3372,15038,237,1447,0,17396,1,417,13,5,296,16644,590,6,11865,719,23,81,526,748,1480,20,221,29,372,543,1206,5,33,47,718,41,33,1197,14,401,438,40,3598,1672,1483,664,1446,192,704
chr4.32,115,620,305,102,214,4583,164,3335,13744,244,1443,0,15851,2,365,18,2,248,15229,560,11,11073,785,23,53,413,714,1479,18,239,48,264,514,1107,4,36,46,637,28,34,1156,14,298,303,36,3412,1412,1334,561,1200,171,597
chr4.33,104,537,377,86,228,5401,207,5395,15351,262,1455,1,17890,2,516,16,5,461,17229,541,13,12628,1076,28,133,378,879,1490,18,242,35,233,503,1443,3,35,38,1070,48,22,1178,22,274,347,61,2315,2504,1416,374,1316,246,435
chr4.34,130,831,539,89,367,6433,209,7411,17953,333,1559,0,21250,3,677,16,6,403,20565,634,18,14536,1390,38,91,448,1326,1593,18,236,33,262,581,2036,4,34,53,1096,33,28,1290,14,318,428,60,2476,2808,2157,490,1638,200,550
chr4.35,123,716,564,105,282,6591,183,6897,17497,303,1326,0,20587,1,622,8,6,521,19922,481,19,14105,1211,30,84,427,1287,1343,9,175,24,255,449,1960,3,17,32,955,51,25,1127,25,304,415,63,2586,2459,2003,604,1514,220,667
chr4.36,119,537,482,110,181,5079,178,8150,14952,268,930,0,17438,1,505,4,8,309,16813,478,12,12166,915,34,113,361,948,949,15,109,22,196,446,1502,7,19,32,978,49,28,799,13,242,406,56,2526,2400,1485,483,1422,244,539
chr4.37,108,481,378,104,180,3516,143,6089,9914,175,399,1,11943,2,281,9,2,247,11368,481,8,7515,535,32,108,327,817,420,11,65,11,179,446,1131,5,21,35,537,33,30,323,11,219,414,33,1824,928,1298,330,1311,225,363
chr4.38,77,344,235,89,167,2672,94,4460,6705,114,364,1,8304,2,254,3,2,191,7868,392,6,4857,309,16,73,253,620,374,6,61,7,154,348,902,2,10,44,310,28,17,296,7,176,349,25,1092,360,964,293,1006,171,318
chr4.39,51,211,226,43,143,2303,80,2667,5356,105,271,0,6382,4,136,5,1,138,6041,388,2,3909,259,11,34,236,308,278,2,46,4,172,367,462,0,7,21,249,18,17,221,16,185,220,19,756,237,519,228,852,94,247
chr4.42,73,191,240,40,153,2796,99,4245,6803,138,385,0,8029,4,215,10,2,156,7677,417,6,5283,454,13,42,236,382,408,13,62,2,144,380,622,1,23,37,353,25,13,321,5,163,220,26,1102,440,573,256,903,89,282
chr4.43,72,299,339,74,213,3319,101,7229,8802,152,251,0,10932,2,459,6,4,171,10468,454,10,6874,501,19,76,290,856,266,9,35,3,189,428,1352,3,15,26,475,37,18,213,3,218,305,25,1658,769,1155,314,1138,157,339
chr4.44,92,679,571,123,269,5668,134,11686,15511,236,761,1,18655,4,625,14,5,393,18007,710,12,11892,631,27,127,359,1409,781,5,118,19,228,666,2093,4,20,44,862,59,45,624,10,267,621,44,3022,1473,2088,552,1965,265,596
chr4.45,79,741,519,91,263,5440,123,10198,15082,200,744,1,18074,5,550,11,0,356,17597,657,5,11836,792,17,95,239,1525,771,15,103,16,138,607,2129,4,27,50,918,54,16,625,20,160,543,37,2606,1880,2266,373,1777,206,410
chr4.46,117,786,539,112,318,4957,155,11934,14885,256,1152,0,18837,1,680,19,3,362,18109,611,25,11596,791,32,117,458,2013,1183,12,147,25,284,576,2751,4,31,35,913,58,25,980,6,341,504,41,2996,1683,2799,417,1716,238,458
chr4.47,86,860,573,138,309,4326,156,9503,14191,240,950,1,17826,3,637,8,4,521,17166,636,15,10404,841,24,102,384,1821,971,12,158,17,259,605,2510,6,21,31,753,52,45,775,8,298,555,51,2534,1710,2681,540,1822,252,591
chr4.48,92,482,331,64,174,3205,97,4346,9044,145,366,0,10874,4,284,6,2,259,10405,511,8,6672,573,16,75,302,778,380,8,52,6,186,471,1090,5,14,40,478,28,23,308,8,210,427,30,1316,955,1260,304,1302,149,334
chr4.49,52,232,204,52,152,2328,64,2620,5512,109,250,0,6655,1,176,2,0,143,6310,371,8,4054,308,13,49,234,384,256,4,34,5,161,351,582,1,6,20,262,22,8,211,3,182,230,18,770,277,616,251,828,104,269
chr4.52,101,408,307,42,153,3029,114,2482,8005,145,368,1,9646,5,225,3,4,218,9220,428,6,5871,450,16,43,313,703,377,5,62,5,190,398,948,3,9,30,366,20,29,301,10,212,380,36,1397,484,1111,325,1138,99,361
chr4.53,63,354,259,53,154,2962,122,2966,7898,130,353,1,9540,4,285,12,3,210,9095,476,9,5940,348,22,70,287,618,376,10,70,6,193,440,921,0,23,36,337,18,26,277,5,224,277,29,1809,354,972,327,1030,131,356
chr4.54,49,336,225,59,148,2410,73,1790,6813,116,237,0,8180,1,230,4,3,171,7845,490,1,5022,360,8,43,205,558,248,7,42,2,147,449,811,2,11,41,336,23,21,193,13,156,220,33,1461,339,894,293,960,118,326
chr4.56,99,769,407,123,291,5770,132,8729,16575,263,1147,0,20107,4,559,10,6,476,19426,630,20,13431,1075,38,126,388,1817,1168,11,181,24,231,592,2428,2,21,38,1049,52,29,942,13,289,415,49,2890,2384,2586,367,1506,268,416
chr4.58,128,662,554,128,293,7152,163,6976,18404,254,1573,1,21924,2,618,8,7,476,21166,704,15,14748,1101,21,124,456,1640,1596,14,225,36,292,665,2306,4,23,39,1033,48,56,1312,18,328,547,47,2860,2348,2302,606,1857,277,653
chr4.59,90,639,464,88,292,5984,199,5430,14177,191,1568,1,16652,3,410,6,6,349,16190,600,4,11066,636,20,84,252,1081,1582,7,281,37,138,567,1522,5,14,33,624,31,66,1250,15,162,413,49,2705,926,1720,526,1513,193,575
chr4.60,94,904,593,79,324,5238,199,4203,16115,265,1561,1,19119,6,618,8,6,551,18611,684,4,12140,809,9,92,297,1308,1575,5,264,40,190,645,1973,6,14,39,905,47,51,1257,14,203,491,45,2785,2138,2212,650,1821,191,695
chr4.61,104,978,611,89,363,5829,178,3503,18176,317,1731,0,22042,3,720,10,5,532,21305,746,20,14018,1193,35,106,495,1812,1753,12,262,52,336,716,2588,7,22,30,1133,56,65,1417,17,391,593,45,2973,2573,2790,581,2013,217,626
chr4.62,113,851,558,88,301,6001,187,8493,16472,251,1584,1,19869,4,541,13,3,304,19148,743,16,12943,817,38,122,455,1593,1611,13,264,50,288,687,2188,6,27,56,928,54,39,1270,22,342,492,65,2681,2265,2444,471,1853,235,536
chr4.63,105,674,601,114,301,6128,141,2899,16742,273,1284,1,19813,5,652,13,6,311,19262,591,8,13398,1023,15,91,301,1375,1306,8,197,34,173,557,2078,6,22,34,1045,51,25,1053,12,196,509,47,2406,2523,2049,580,1758,223,627
chr4.64,128,628,588,97,323,6422,132,7725,17259,233,1084,0,20055,4,485,12,9,332,19440,609,17,13893,1053,31,100,369,1186,1109,13,169,24,193,570,1726,6,25,39,1062,55,50,891,11,241,566,58,2735,2388,1814,529,1824,217,587
chr4.65,91,578,399,71,177,4049,98,5021,11180,153,468,1,13034,4,336,8,0,243,12530,526,9,8616,610,24,67,334,706,485,8,75,6,210,482,1075,5,17,44,711,33,40,387,11,243,361,33,1625,1468,1284,379,1324,149,412
chr4.66,105,446,324,91,159,3232,109,5969,7832,122,477,1,9372,2,207,8,6,204,8757,443,17,5736,402,14,84,394,413,498,12,65,11,258,406,657,4,21,37,353,37,20,401,17,289,355,27,938,689,859,273,1163,198,300
chr4.68,127,423,331,99,167,3329,95,4491,7819,115,441,1,9673,2,308,5,3,197,9009,455,17,5670,375,26,82,447,592,460,13,64,3,277,427,928,2,19,28,357,28,18,374,12,320,351,39,1028,466,1015,333,1167,196,372
chr4.69,64,242,303,53,196,2905,69,2389,6436,111,370,0,7972,3,332,4,5,176,7595,413,4,4684,278,16,67,234,538,378,4,68,11,150,389,894,0,8,24,312,24,20,291,7,170,297,35,768,310,780,266,1037,132,301
chr4.70,105,329,364,95,221,4431,102,4205,10068,138,641,1,12195,2,432,9,2,218,11594,465,14,7973,498,38,99,378,724,659,8,110,9,221,434,1203,3,18,31,589,47,20,522,7,273,369,15,1113,1204,1053,312,1248,203,327
chr4.71,90,265,276,63,175,3019,95,4309,7160,143,412,0,8584,3,232,3,2,200,8118,421,9,5376,364,25,46,336,424,420,5,56,5,212,383,688,2,8,38,325,32,23,351,8,246,294,26,1042,483,689,277,1025,119,303
chr4.74,61,195,210,38,154,2159,70,2283,5302,100,279,1,6412,5,206,3,0,138,6056,432,5,3821,307,24,37,262,296,289,6,55,3,172,404,530,5,10,28,258,28,15,221,4,201,208,20,741,256,491,258,883,79,278
chr4.75,52,221,246,48,133,2359,82,3477,5671,92,234,0,6764,1,181,6,2,176,6407,376,11,4119,317,29,51,237,316,248,8,43,3,145,353,521,2,14,23,268,24,18,188,4,185,220,25,802,281,537,268,868,105,293
chr4.76,69,215,235,43,153,2597,74,2572,6408,130,244,0,7488,1,185,4,2,135,7126,457,3,4881,307,19,30,273,285,253,5,54,2,182,423,491,2,9,34,276,21,11,188,4,204,179,26,1258,313,500,267,894,79,293
chr4.77,66,286,289,36,147,3332,143,4313,8794,162,374,0,10285,4,279,3,3,156,9836,470,12,6939,500,25,54,342,435,382,5,50,10,239,448,752,2,8,22,462,38,20,314,2,276,285,34,1639,844,721,313,1084,95,347
chr4.78,55,284,323,51,159,3633,109,7447,9278,191,323,0,10839,4,332,4,3,196,10391,516,20,7235,492,30,39,333,486,333,6,57,5,228,470,845,3,10,46,485,27,28,261,8,278,329,38,1578,856,770,326,1198,101,364
chr4.79,51,272,288,60,156,3154,103,5467,7887,143,254,2,9310,3,262,4,0,180,8886,525,9,6013,411,16,43,298,459,267,7,44,2,222,479,740,1,13,46,415,19,16,208,7,247,274,28,1178,712,731,290,1107,110,318
chr4.80,46,291,271,49,155,2904,76,3783,6676,111,328,3,7846,1,196,6,6,219,7509,433,3,4961,328,11,38,218,379,348,11,57,3,158,397,602,1,20,36,306,27,11,268,5,172,226,23,922,390,670,240,958,98,263
chr4.81,60,227,275,28,149,2226,72,2816,5558,107,228,1,6664,1,176,1,1,149,6332,391,7,4030,309,12,34,243,353,244,14,31,3,164,367,553,4,16,24,275,24,15,194,9,183,186,15,866,247,580,266,880,72,281
chr4.82,98,389,307,66,191,3138,84,4623,8974,156,552,0,10875,0,315,11,8,201,10337,396,9,7074,540,23,90,351,741,571,8,89,4,221,364,1088,3,19,32,534,32,15,459,4,253,250,21,1746,960,1130,318,988,168,339
chr4.83,48,275,281,38,180,3303,105,2522,8249,123,340,0,9473,2,207,6,1,210,9166,459,9,6344,430,8,42,197,393,363,17,53,4,132,426,632,1,23,33,400,32,23,283,4,149,335,18,1565,523,668,303,1108,85,321
chr4.84,61,210,275,29,146,3250,83,2437,7912,139,320,0,8908,2,191,6,0,170,8656,435,7,6245,395,9,37,173,287,329,3,48,5,96,405,515,1,9,30,478,37,13,267,2,112,279,28,1325,658,497,256,1027,68,284
chr4.85,50,193,248,32,175,2314,62,1946,5730,120,326,1,6747,3,208,5,3,145,6472,387,4,4234,297,13,40,183,275,339,7,53,3,116,357,505,2,13,30,328,22,17,270,1,133,191,28,776,399,468,285,850,76,313
chr4.86,69,303,244,41,167,3077,77,2122,6573,130,298,0,7732,3,189,2,2,156,7408,427,4,4941,336,12,28,240,372,304,4,49,1,155,396,591,3,6,31,294,30,17,248,4,171,208,20,752,352,675,254,912,75,274
chr4.87,68,325,260,65,124,2726,65,2020,6567,125,363,0,7855,3,240,3,1,206,7442,424,5,4861,315,20,44,283,425,372,6,57,2,190,399,686,2,9,25,306,21,20,304,8,215,208,22,1085,304,750,239,915,118,261
chr4.88,65,345,269,106,155,3148,93,4077,8662,186,884,1,10417,1,307,5,4,194,9811,443,15,6893,387,14,105,371,561,897,7,129,10,277,404,901,2,13,39,381,33,15,745,6,306,210,21,2258,533,906,270,957,221,291
chr4.89,75,411,272,87,147,3439,122,8102,9874,177,1582,1,11953,2,420,5,4,273,11339,452,9,7891,554,21,107,388,739,1597,9,225,21,283,431,1196,2,15,21,487,37,19,1336,11,313,231,43,2403,831,1150,280,994,209,323
chr4.90,84,563,337,90,189,4047,145,9635,10870,195,1428,1,13237,0,511,3,1,265,12746,508,2,8460,578,13,105,271,998,1440,8,208,19,172,490,1542,0,12,18,617,33,21,1201,12,187,224,32,1945,1078,1561,460,1102,208,492
chr4.92,72,414,207,57,168,2995,100,4746,7106,134,428,1,8543,2,237,2,1,175,8155,407,9,5325,330,8,62,249,519,438,7,68,6,160,378,781,1,10,29,290,25,21,354,7,177,202,18,1223,353,933,336,842,127,354
chr4.93,56,404,237,56,170,4159,107,1946,10385,188,896,0,11928,3,366,6,1,180,11631,407,2,8561,603,8,39,182,566,908,6,131,22,116,379,969,1,12,28,674,37,26,743,4,126,197,38,1823,1114,970,334,879,100,372
chr4.94,91,832,326,71,246,5426,165,4210,14512,264,1263,1,17250,1,544,9,6,257,16658,449,12,11845,756,26,68,419,1145,1282,9,185,34,290,428,1735,6,19,21,946,46,28,1044,8,328,291,32,2495,1958,1977,446,1118,153,478
chr4.95,85,713,356,83,207,4601,129,7753,12317,190,1066,2,15021,5,550,7,4,318,14424,429,23,9849,693,27,82,392,1179,1087,12,167,18,257,408,1771,3,21,21,895,42,20,881,10,307,285,33,1675,1795,1892,311,1115,179,344
chr4.96,74,339,262,87,140,3140,84,4339,7428,109,473,0,8887,1,235,4,5,218,8445,361,7,5656,421,18,68,266,523,481,4,48,8,167,345,793,2,8,16,497,35,19,417,7,192,249,22,871,618,862,300,909,167,322
chr4.97,84,299,234,57,158,2911,86,4577,6440,112,367,2,7670,1,215,1,2,196,7248,414,15,4735,304,16,67,280,321,373,3,72,3,165,387,564,3,6,27,324,28,12,292,9,196,216,27,762,322,620,304,895,135,331
chr4.98,73,361,283,56,194,3834,140,5797,8943,159,443,1,10569,1,259,7,1,221,10139,411,10,7124,428,33,55,299,569,456,5,63,13,183,380,862,2,13,31,533,34,17,367,5,226,202,22,1449,721,930,300,932,117,322
chr4.99,91,309,261,55,149,3249,119,3762,7415,162,298,1,8857,1,223,6,2,172,8444,403,6,5661,339,20,49,289,515,311,6,51,4,172,377,761,2,13,26,348,23,25,243,4,198,233,20,1212,351,824,329,922,110,349
chr4.100,76,204,299,44,165,2922,78,3038,6693,146,263,0,7957,2,224,5,1,186,7582,387,6,5154,341,15,40,271,387,272,4,41,4,174,364,646,1,9,23,330,35,17,218,8,195,179,34,1087,328,591,232,901,93,266
chr4.102,98,361,333,105,188,4279,100,8150,10303,187,581,0,12386,3,406,15,3,404,11863,465,13,7989,445,18,81,294,840,606,10,79,7,165,436,1272,3,25,29,598,26,29,495,12,196,372,40,1478,1002,1201,307,1199,201,347
chr4.103,79,237,223,48,141,2742,91,4725,6342,134,287,2,7586,3,223,7,3,176,7232,369,5,4854,316,17,40,237,409,304,8,53,5,136,342,658,6,17,27,311,26,15,229,6,158,238,21,957,394,646,203,862,97,224
chr4.104,83,268,241,42,165,2759,97,4630,7164,124,414,1,8437,1,240,7,5,261,8065,375,9,5442,381,18,44,258,368,427,5,61,10,148,355,639,1,13,20,428,31,20,343,9,175,223,24,1203,547,636,309,871,100,333
chr4.105,93,411,262,55,193,3463,104,7447,9386,151,587,2,11037,0,316,7,1,293,10525,502,14,7261,529,28,58,372,491,603,7,86,11,237,473,842,3,16,29,592,35,22,490,10,279,223,30,1462,1064,902,379,1025,124,409
chr4.106,78,362,203,49,195,3009,90,1516,7090,170,350,0,8369,0,228,7,2,149,7991,387,3,5425,391,15,31,274,356,364,7,43,8,178,366,616,2,14,21,396,32,12,299,8,196,202,23,934,525,718,325,826,90,348
chr4.107,64,374,205,40,182,3310,84,1941,7986,139,399,2,9391,1,312,10,1,196,9073,421,10,6251,477,9,42,208,478,421,10,59,9,125,386,821,1,22,35,551,31,19,331,4,144,209,29,902,872,852,281,867,87,310
chr4.108,83,323,273,43,157,2827,113,4861,6731,135,402,2,8352,3,276,3,4,228,7881,411,17,5002,425,29,45,355,581,418,11,71,8,226,389,880,4,16,22,345,23,18,323,5,272,192,26,782,488,904,254,903,97,280
chr4.109,70,646,362,59,216,3620,173,8019,11131,194,671,0,13528,8,366,19,2,434,12913,493,13,8342,734,35,67,439,985,697,7,102,9,321,462,1393,3,26,31,697,42,25,560,14,369,355,44,1679,1418,1631,427,1255,142,471
chr4.110,70,392,241,41,163,2901,81,2699,7194,140,243,0,8619,4,217,6,0,230,8201,388,11,5297,373,19,53,294,520,259,10,41,4,194,366,763,5,16,22,404,26,19,198,10,224,280,30,1082,397,912,312,940,104,342
chr4.111,68,400,268,34,191,3360,83,1486,7899,151,358,0,9338,2,263,8,0,273,9028,442,7,6005,493,12,45,211,566,372,6,53,5,124,415,855,3,14,27,405,26,13,300,4,143,193,26,987,609,966,276,932,83,302
chr4.112,69,347,240,60,178,3021,68,3522,7312,124,369,1,8645,3,244,8,4,230,8228,418,8,5526,323,21,54,255,403,389,11,45,7,157,384,670,2,20,34,346,23,26,317,21,186,228,36,1393,319,750,259,911,139,295
chr4.113,99,685,428,86,251,3865,147,7274,11823,218,926,0,14677,0,625,7,8,377,14043,508,8,8933,648,18,121,381,1150,947,14,142,19,256,467,1822,3,21,41,695,47,30,765,17,282,346,50,2282,1225,1835,463,1332,232,513
chr4.114,117,734,535,107,297,5301,169,9452,14911,237,1336,0,18602,4,770,6,11,494,17788,548,14,11681,996,41,123,533,1581,1353,11,172,28,361,508,2411,2,17,40,935,60,43,1136,19,416,346,49,2427,1785,2315,479,1491,260,528
chr4.115,105,574,498,108,298,4575,140,9224,13234,213,1381,0,16325,3,659,6,4,434,15623,545,15,10378,893,32,90,471,1252,1395,8,188,42,319,508,1951,3,14,37,994,40,35,1151,12,366,295,54,1859,1844,1826,418,1381,214,472
chr4.118,72,377,369,61,204,3843,108,4994,10004,157,689,0,11863,3,404,10,4,271,11479,550,6,7824,526,24,33,254,732,705,6,92,14,152,515,1163,0,16,35,611,27,35,583,13,182,263,27,1708,979,1109,288,1209,111,315
chr4.119,89,304,342,38,176,3394,119,4245,9484,159,513,2,11220,4,386,4,2,265,10842,504,14,7412,533,21,44,267,645,529,10,104,10,143,473,1063,3,16,31,605,32,22,399,7,178,293,23,1919,802,949,316,1174,91,339
chr4.120,68,303,261,59,169,3284,117,4224,8036,155,330,1,9570,2,277,5,3,215,9203,460,7,6200,443,19,44,247,568,339,3,52,7,153,426,881,5,9,34,425,36,19,271,3,179,255,29,1257,636,871,289,1017,109,318
chr4.121,66,223,222,36,187,2589,84,1827,5780,125,349,1,6878,1,200,4,3,158,6568,373,5,4375,291,13,33,221,296,358,4,47,10,137,348,517,2,9,25,282,21,12,292,7,155,155,21,848,240,519,239,773,79,260
chr4.122,81,279,289,47,130,3594,109,2363,7929,138,880,2,9148,4,237,4,2,201,8781,386,5,6197,352,18,34,263,345,890,4,121,22,159,360,613,2,10,26,369,31,17,737,7,182,191,35,1336,408,624,332,899,90,367
chr4.123,62,348,365,54,153,5067,114,4924,11536,180,1337,2,12944,2,269,11,4,296,12576,509,11,9308,551,21,26,260,470,1358,8,179,27,166,482,773,3,21,27,725,34,20,1131,1,198,318,33,1506,1279,818,336,1229,85,369
chr4.124,68,530,362,49,254,6215,145,7833,15863,244,1470,0,18151,2,457,17,1,450,17694,604,16,13075,933,40,54,317,932,1495,8,240,41,193,560,1432,3,25,44,1032,43,17,1189,9,249,337,50,2393,2258,1462,435,1349,113,485
chr4.125,75,435,280,45,231,3945,129,5082,11340,193,792,2,13257,1,335,13,0,393,12875,523,14,9054,674,25,36,272,798,816,9,114,17,158,484,1175,4,24,39,754,42,22,661,4,197,271,38,1911,1577,1233,320,1120,85,358
chr4.127,65,415,284,78,208,3478,89,3551,9129,163,503,0,10984,2,351,12,2,349,10557,414,10,7004,575,12,45,267,747,526,11,78,19,180,392,1131,4,23,22,526,33,20,406,10,202,273,33,1215,1047,1162,333,1008,135,366
chr4.128,88,692,502,93,267,6185,101,8215,15299,182,1398,2,18577,3,644,18,4,532,17924,486,23,12186,884,34,87,418,1554,1432,14,201,46,273,459,2257,5,34,27,993,59,46,1151,14,330,454,39,1669,2273,2246,357,1506,198,396
chr4.129,122,822,474,95,211,7063,107,5923,17840,281,1687,0,20733,2,527,10,3,517,20034,554,25,14542,1187,30,78,482,1311,1715,18,233,49,305,518,1876,10,28,36,1070,38,37,1405,11,360,428,44,2568,2373,2133,412,1504,187,456
chr4.131,149,1059,397,110,265,7526,155,6272,19426,352,2119,2,22953,2,723,15,4,348,22361,609,10,16093,1495,20,98,332,1733,2151,15,307,61,153,578,2515,6,32,31,1244,59,39,1751,14,183,346,59,3027,2449,2792,470,1417,226,529
chr4.132,142,773,296,93,253,5833,142,8377,16396,333,2048,1,19769,4,731,16,5,295,19165,605,12,13727,1216,34,89,363,1591,2087,22,287,59,175,558,2374,5,39,47,1053,52,30,1702,11,221,258,49,2985,2307,2364,358,1216,198,407
chr4.133,119,864,337,101,252,6558,138,9875,17975,351,2076,0,21839,5,836,21,6,503,21169,578,23,14767,1304,38,96,409,1912,2114,17,266,68,229,532,2804,7,38,46,1172,56,44,1742,15,290,342,56,2890,2492,2776,477,1320,218,533
chr4.134,110,989,479,83,251,7483,171,10066,19279,294,2049,1,23138,1,860,17,3,546,22519,617,14,15671,1181,29,78,412,1906,2082,15,288,44,259,579,2818,9,33,38,1244,52,45,1717,9,302,383,42,3017,2452,2895,498,1540,173,540
chr4.135,82,730,427,45,222,5827,162,9438,16105,287,1554,0,18508,2,503,19,1,391,18066,496,10,13302,1126,28,52,297,1029,1589,16,232,32,177,462,1577,4,35,34,1028,45,35,1290,10,215,351,43,2698,2336,1759,326,1323,108,369
chr4.136,92,416,288,55,128,3669,85,6167,9256,172,594,3,10682,1,214,9,2,187,10254,442,7,7265,531,18,80,258,535,616,10,99,12,141,419,785,4,22,23,493,36,19,483,10,166,233,35,1774,626,951,367,1003,147,402
chr4.137,55,228,235,37,160,2466,70,2602,5685,109,255,0,6631,0,178,7,1,153,6362,394,2,4203,302,8,33,177,246,267,5,39,2,112,360,447,3,12,34,287,23,17,214,9,122,172,26,736,303,474,254,827,80,280
chr4.138,67,232,209,41,157,2358,71,2187,5580,114,327,0,6631,0,179,1,5,148,6284,401,4,4115,317,16,39,252,279,332,4,48,4,165,365,476,1,5,36,281,18,13,275,5,185,189,23,757,288,511,249,818,90,272
chr4.139,68,468,269,57,149,3375,86,2911,8082,153,531,0,9517,1,248,6,5,222,9117,397,6,6214,401,17,47,273,522,540,3,62,9,182,368,800,3,9,29,393,30,16,460,8,205,174,26,1235,657,990,293,873,117,319
chr4.140,60,452,341,54,138,2972,99,2020,7987,127,1037,0,9527,0,292,5,3,237,9134,475,8,5898,348,27,45,271,574,1047,5,96,19,176,448,910,1,10,27,392,44,12,922,10,211,230,15,1625,434,1026,326,1091,112,341
chr4.141,56,296,289,42,143,2878,87,2769,7361,129,490,1,8744,0,252,3,1,226,8417,361,7,5671,390,19,43,225,550,503,9,45,10,143,342,826,3,13,19,392,24,14,435,3,169,213,24,1262,620,846,264,890,89,288
chr4.144,69,310,251,56,160,2972,93,4215,7274,137,251,1,8521,4,226,7,2,167,8169,375,2,5601,351,15,44,226,391,266,7,39,1,140,346,642,1,15,29,387,25,24,211,5,157,232,25,1270,484,701,288,884,107,313
chr4.145,61,262,334,50,187,3614,98,6314,8899,160,482,1,10247,1,270,10,1,171,9898,426,7,7064,450,25,57,221,411,498,5,80,4,128,401,714,1,16,25,483,33,27,398,3,160,299,33,1659,698,673,282,1093,111,315
chr4.146,62,200,264,60,167,2745,87,2897,6685,126,658,0,7958,3,304,1,2,160,7630,378,3,5152,336,7,40,217,355,661,2,87,23,145,351,691,1,3,27,391,32,19,548,3,155,213,31,1130,424,555,267,888,105,298
chr4.147,58,305,306,69,190,3264,113,3831,8557,154,1018,2,10180,4,424,9,3,340,9826,433,5,6590,409,9,54,197,509,1038,9,117,24,125,399,966,3,20,34,564,33,17,877,7,139,240,29,1434,765,814,294,1015,133,323
chr4.148,58,213,243,49,169,2483,66,2204,6685,131,449,0,7869,2,267,7,2,180,7585,364,6,5203,390,7,32,176,358,465,9,51,12,105,336,665,3,16,28,411,40,13,386,7,118,182,19,1260,528,571,265,832,90,284
chr4.149,55,162,246,51,184,2014,86,2043,5197,109,342,2,6216,1,175,5,2,166,5894,348,2,3788,288,8,33,222,226,353,4,54,5,157,322,427,0,11,26,293,26,18,283,2,167,168,20,834,250,388,281,788,88,301
chr4.150,66,269,258,59,145,2837,98,2944,6720,134,320,0,7854,4,172,6,2,195,7471,359,7,5127,379,18,42,256,314,334,8,57,2,165,335,508,2,14,24,311,22,12,261,6,190,185,23,1130,336,583,290,826,109,313
chr4.151,64,175,212,38,139,2133,78,1538,5285,98,262,1,6241,2,187,6,1,165,5939,361,6,3923,286,13,35,213,233,273,4,41,5,130,338,437,0,11,23,296,17,22,216,2,149,176,25,844,266,408,226,766,76,251
chr4.152,91,384,288,56,191,3580,106,4143,9131,155,395,3,10731,4,278,10,0,358,10212,472,12,6946,558,17,64,365,476,419,11,74,7,245,435,784,3,24,37,580,30,30,314,6,274,298,33,1048,1025,860,319,1091,126,352
chr4.153,97,460,305,64,218,4217,104,6298,10391,180,757,0,12385,2,428,7,3,196,11902,462,13,8332,588,23,61,328,712,771,7,93,17,195,418,1189,3,14,44,804,49,18,647,11,231,267,29,1217,1326,1172,319,1086,139,348
chr4.154,78,388,291,53,200,4265,123,4422,11042,172,1222,0,12706,3,310,7,2,265,12313,435,7,9005,680,15,29,293,611,1231,2,163,44,193,405,948,1,9,30,948,27,21,1015,4,215,256,45,1219,1721,999,335,1010,88,380
chr4.155,58,369,262,60,193,4242,109,5240,10352,160,1577,0,12038,4,362,5,2,325,11683,381,8,8410,511,9,69,196,640,1591,9,226,62,121,347,1029,2,14,34,737,27,19,1289,10,138,219,27,1469,1291,1009,338,891,141,365
chr4.156,66,345,231,56,189,3069,120,4808,7697,124,810,1,9460,5,336,5,0,242,9066,393,8,5836,420,19,50,265,707,821,5,133,12,172,364,1060,1,11,29,430,17,28,665,7,199,223,35,1338,455,1052,363,865,113,398
chr4.157,75,308,244,42,148,2604,91,4285,6967,127,500,0,8336,0,287,8,1,220,7958,391,5,5170,394,17,51,268,442,512,4,76,13,171,365,752,1,12,26,438,23,22,411,4,193,248,36,886,721,750,327,907,98,363
chr4.158,85,809,309,104,165,3963,142,6828,13084,213,1320,1,15575,1,451,10,4,261,14853,455,19,10336,975,36,85,485,976,1349,18,197,31,345,409,1462,6,29,46,929,35,39,1092,14,400,333,39,2107,2149,1785,497,1138,207,536
chr4.159,93,718,459,125,178,5390,163,7667,15075,271,1463,0,18000,4,603,12,6,430,17237,476,26,11927,991,41,121,470,1173,1489,14,224,40,310,442,1821,6,26,34,1056,45,39,1199,11,377,429,42,1870,2349,1891,549,1415,263,591
chr4.160,99,764,419,115,176,4296,142,8108,12435,154,982,4,15572,3,659,7,6,328,14876,506,18,9417,674,27,106,423,1404,1009,16,159,35,279,469,2123,7,27,37,727,60,34,788,16,324,445,45,2299,1267,2168,470,1437,243,515
chr4.161,77,687,373,94,157,3605,113,8830,10867,171,421,2,13520,2,489,8,3,385,12956,531,14,8000,646,29,70,363,1285,442,11,56,5,243,508,1819,3,21,23,638,45,30,360,11,286,338,34,1831,1109,1972,486,1290,178,520
chr4.162,79,865,412,88,174,4538,103,10867,14475,267,541,1,16623,8,358,11,10,362,16154,664,3,11221,1059,15,89,238,1008,571,18,80,14,141,611,1402,9,30,53,990,36,36,447,6,159,368,39,2215,2152,1873,499,1489,193,538
chr4.163,67,420,269,43,178,3239,90,6143,8495,175,436,0,9973,1,242,4,2,173,9580,440,4,6602,577,11,46,282,537,448,8,86,3,200,393,817,1,12,47,580,38,19,347,7,215,226,44,982,1049,957,301,974,98,345
chr4.164,82,636,392,82,177,4589,104,10533,12770,207,712,0,14992,10,382,12,1,338,14334,570,16,10143,801,22,68,452,869,742,18,143,4,332,527,1283,3,30,43,814,32,42,565,15,370,271,45,1959,1773,1505,330,1268,166,375
chr4.165,74,649,352,105,166,4988,127,9891,12743,192,810,1,14757,3,345,6,1,356,14096,572,11,10039,643,16,115,414,688,822,5,152,15,313,526,1060,1,12,46,784,27,26,643,11,340,223,59,1920,1512,1337,466,1175,232,525
chr4.166,64,455,200,44,129,3056,77,6453,7323,146,574,1,8569,3,204,5,2,253,8198,354,7,5519,364,11,44,260,439,588,8,85,15,178,321,669,1,14,33,344,26,19,474,4,196,192,18,1177,432,894,312,773,94,330
chr4.167,46,236,228,27,145,2041,60,1680,5118,110,238,0,5977,2,156,7,2,143,5726,341,7,3641,271,9,24,181,225,249,4,53,4,119,316,403,4,11,25,246,22,9,181,4,135,208,22,749,224,461,286,803,57,308
chr4.168,79,632,235,84,151,3065,112,6044,8527,150,600,1,10564,3,369,9,6,299,10047,452,9,6231,577,19,82,313,858,622,12,98,12,206,423,1257,2,22,29,479,30,30,490,7,234,291,30,1331,629,1490,325,1010,179,355
chr4.169,118,811,494,98,266,5460,173,4150,15960,255,1098,4,19258,3,711,5,8,549,18530,578,24,12639,1002,25,87,500,1371,1116,9,168,38,333,549,2131,3,18,29,960,49,38,892,14,382,361,33,2733,2229,2182,454,1485,207,487
chr4.170,104,698,356,95,216,4070,126,4089,12666,200,851,0,15297,1,582,4,5,476,14709,533,11,9693,712,19,94,358,1069,864,9,114,23,224,492,1701,3,13,41,659,50,23,714,22,254,336,40,2685,1367,1767,508,1278,216,548
chr4.171,78,365,248,60,182,2725,111,4915,7277,129,348,1,8748,2,277,11,0,213,8379,441,6,5435,337,19,54,227,510,369,9,54,3,124,408,809,3,21,33,304,22,18,291,5,149,242,26,1532,408,875,286,956,119,312
chr4.172,108,472,341,47,181,3537,110,5883,9120,142,475,1,10992,6,318,10,2,340,10466,499,8,6764,412,16,66,374,704,497,11,96,5,242,477,1055,0,22,22,458,33,25,374,9,266,280,32,1549,666,1176,367,1153,124,399
chr4.173,94,562,506,94,251,5230,147,9487,13692,224,457,0,16227,1,587,9,5,443,15721,552,14,10604,737,14,56,312,1007,484,18,77,6,190,521,1631,3,27,31,865,37,44,374,11,218,382,49,1933,1615,1569,547,1480,166,596
chr4.174,81,681,349,51,202,5081,106,5577,12768,200,397,1,15194,4,548,8,6,281,14791,526,6,10216,674,9,54,261,1124,411,5,61,3,165,490,1715,4,14,36,741,43,24,333,13,180,314,36,1981,1539,1805,337,1236,124,373
chr4.175,97,566,317,74,191,4332,109,6246,11224,196,584,0,13250,3,321,10,2,296,12771,472,12,8925,616,20,47,325,891,606,12,82,15,196,435,1247,6,22,37,757,35,16,487,6,228,287,33,1675,1349,1457,306,1117,129,339
chr4.176,107,907,443,101,178,5257,139,7454,14073,213,1299,3,17489,3,636,9,10,331,16674,680,19,10766,728,24,132,528,1597,1325,14,178,39,378,640,2284,3,26,40,977,51,39,1082,15,421,354,57,1798,1793,2504,493,1531,258,550
chr4.177,126,1273,560,128,262,6349,169,4259,18606,275,1531,0,22644,4,794,11,12,593,21827,823,17,14142,1365,36,109,522,1937,1554,12,271,44,343,770,2790,4,23,53,1103,59,67,1216,19,396,461,45,2615,2435,3210,638,1907,268,683
chr4.178,101,1197,426,119,317,5716,162,2552,17837,311,1538,2,21716,5,704,8,6,593,20948,716,24,13823,1367,31,96,506,1868,1563,15,230,38,350,663,2632,5,25,53,1187,60,42,1270,11,405,408,52,2877,2365,3065,575,1615,232,627
chr4.179,85,1189,416,107,339,4686,185,5237,15506,266,1281,1,18971,6,562,19,4,303,18367,726,9,11828,1169,19,49,401,1708,1311,10,206,24,288,670,2337,4,30,56,868,67,33,1051,7,316,401,60,2630,2209,2897,546,1614,167,606
chr4.180,77,672,363,79,282,4278,130,5947,12300,226,976,1,14570,1,316,12,0,290,13964,595,11,9600,901,28,38,450,903,1001,12,160,35,334,560,1252,5,25,35,807,33,13,781,13,373,333,41,1660,1728,1575,388,1329,130,429
chr4.181,65,257,221,42,160,2529,90,2400,5948,128,353,0,7043,1,154,2,11,182,6698,411,3,4373,373,11,31,249,322,358,3,48,5,170,377,500,1,5,34,313,24,13,300,6,184,217,22,733,297,579,251,874,90,273
chr4.182,62,189,239,34,164,2422,73,2603,5663,121,288,0,6641,2,176,8,0,173,6324,376,10,4171,292,10,40,223,227,301,5,47,5,141,340,424,3,13,36,290,21,23,236,5,161,215,20,716,330,416,254,854,79,274
chr4.183,60,196,230,44,181,2531,72,1769,5736,115,275,1,6798,0,193,9,3,132,6476,354,3,4354,307,10,30,224,266,291,6,49,2,151,324,487,1,16,30,325,28,15,224,5,164,195,19,782,294,462,240,808,82,259
chr4.184,75,306,237,73,185,2505,90,3556,6267,135,605,0,7647,1,264,16,3,160,7251,403,8,4578,381,19,38,247,406,632,11,110,14,145,377,709,4,27,26,358,39,22,481,7,172,255,27,806,393,712,275,938,121,302
chr4.185,90,542,332,77,149,3007,146,6345,9139,175,1167,0,10823,4,259,7,3,158,10262,407,8,6950,611,26,31,407,539,1193,19,188,25,283,373,828,5,26,34,492,30,33,954,13,317,360,48,1592,1073,1081,304,1134,124,352
chr4.187,115,875,344,78,286,4462,120,5031,13300,240,920,1,15872,2,400,9,3,392,15162,523,22,10342,953,33,56,533,1016,943,13,166,15,363,484,1456,3,23,39,805,40,37,739,15,418,331,53,1937,1945,1891,400,1241,152,453
chr5.2,88,457,330,112,235,1977,132,4206,7399,184,313,1,9510,2,329,9,1,204,8884,619,6,4838,659,32,80,404,739,337,14,44,3,278,578,1118,5,24,41,441,50,43,266,3,316,472,47,1050,527,1196,384,1476,196,431
chr5.3,93,840,685,197,390,4270,158,10499,16073,340,789,0,19600,4,484,16,4,309,18745,762,10,11860,1619,26,104,497,1547,827,22,117,19,368,724,2124,7,38,38,932,93,51,653,11,404,979,80,2926,1773,2387,500,2526,316,580
chr5.4,105,899,674,144,434,5354,184,6595,19049,390,1073,2,22634,1,531,13,2,380,21952,780,7,14737,1801,22,78,410,1663,1111,23,134,14,276,724,2285,3,38,56,1206,91,39,925,9,305,904,50,3371,2615,2562,583,2452,233,633
chr5.5,120,926,675,150,371,6171,199,7637,19545,350,1024,1,23015,10,476,9,0,454,22288,844,18,15259,1656,28,96,437,1624,1050,16,132,22,271,794,2173,6,26,50,1327,73,31,870,8,317,921,55,2835,2920,2550,374,2519,254,429
chr5.6,65,970,500,78,309,4485,152,7222,14399,281,466,1,17536,3,462,13,5,253,16970,917,6,10674,1159,28,89,360,1575,493,13,53,5,261,865,2110,3,27,52,988,73,34,408,4,295,651,30,1676,2085,2545,367,2144,176,397
chr5.7,66,805,417,92,295,3336,108,7157,10468,197,420,1,12912,3,357,8,2,244,12411,755,6,7145,663,17,86,290,1124,437,8,59,7,201,701,1540,7,17,54,609,59,21,354,11,224,627,93,1128,1212,1929,354,1865,191,447
chr5.8,80,824,439,101,273,3810,82,3387,12007,194,642,0,14558,5,493,11,4,209,14048,651,9,8790,691,11,104,266,1144,667,14,106,9,166,617,1686,3,25,34,748,49,37,527,5,186,682,58,2036,1311,1968,314,1824,214,372
chr5.9,73,1323,459,113,263,3896,151,5599,14109,217,762,1,18015,3,585,14,5,283,17473,961,9,10028,821,18,115,264,2289,795,18,105,9,164,909,2950,4,33,52,815,76,24,648,9,191,568,39,2504,1775,3612,420,2068,242,459
chr5.10,100,722,343,71,196,2633,113,6060,9997,187,726,0,12413,2,438,9,2,271,11955,805,7,7013,871,11,96,258,1164,751,16,101,14,140,759,1649,3,25,46,613,47,21,611,4,158,471,33,1406,1303,1886,315,1669,173,348
chr5.11,56,478,269,94,183,2475,81,5125,7277,164,340,2,9157,2,311,3,2,188,8720,539,8,5090,443,12,81,236,823,352,7,57,8,160,505,1179,7,12,34,393,45,13,275,10,180,341,15,1046,569,1301,337,1201,187,352
chr5.12,62,1016,392,122,273,4863,133,9363,14678,187,653,2,18312,4,701,14,3,191,17804,609,1,11456,812,14,119,215,1953,683,14,122,9,138,569,2720,8,30,40,1053,66,24,522,15,153,524,46,2077,2464,2969,412,1599,259,458
chr5.13,77,1177,637,162,328,6101,159,12194,18919,239,1026,0,23498,1,820,7,8,450,22837,788,9,14536,1199,23,115,331,2513,1043,10,148,17,222,755,3431,5,17,33,1253,98,38,861,27,254,699,61,2717,3027,3690,528,2227,312,589
chr5.14,66,716,501,155,277,4136,145,12006,12412,179,735,0,15597,0,600,11,2,246,14995,728,10,9251,736,22,104,308,1499,758,12,113,12,210,694,2161,1,23,34,826,62,44,610,10,242,528,40,1730,1644,2215,357,1820,271,397
chr5.15,59,347,307,28,200,2089,82,3152,6352,152,285,0,7795,2,286,6,2,184,7463,473,7,4372,372,11,35,244,505,298,7,49,5,167,446,829,1,13,27,347,38,20,231,8,185,334,35,1073,339,852,279,1153,73,314
chr5.16,63,884,333,67,322,3647,131,4674,12063,229,700,0,14366,0,481,8,3,178,13985,654,6,9078,910,13,77,198,933,728,20,102,13,116,626,1469,4,28,28,830,55,31,585,8,135,417,29,1675,1787,1817,455,1463,155,484
chr5.17,67,711,277,88,234,2543,119,5187,9095,196,563,0,11349,3,329,11,4,209,10870,603,7,6415,521,19,56,296,1043,588,14,71,7,203,568,1422,3,25,35,502,50,22,485,7,229,448,22,1844,809,1754,385,1381,155,407
chr5.19,70,878,555,138,278,5155,171,5561,17446,268,855,1,21400,3,599,5,3,514,20581,807,9,13177,1117,34,136,512,2029,871,10,125,15,399,759,2686,0,16,48,1042,58,24,715,11,442,763,61,3189,2406,2907,667,2183,288,728
chr5.20,69,964,522,139,295,6723,168,8817,19999,297,1365,0,24501,0,646,7,4,493,23684,711,9,15693,1223,23,142,494,2509,1387,15,181,34,393,675,3222,6,22,36,1320,67,60,1150,16,425,785,46,3521,2609,3473,719,2091,301,765
chr5.23,90,1342,628,181,331,6740,174,8123,17788,226,1385,2,22100,4,709,16,3,369,21254,711,20,13489,873,31,128,483,2166,1414,11,213,37,342,666,2961,4,29,45,1025,86,54,1135,18,393,521,50,2746,1879,3508,620,1950,330,670
chr5.24,92,1236,706,135,331,7021,165,11728,18991,297,1628,0,24500,7,1002,17,6,411,23555,762,28,14339,1299,37,189,556,2939,1655,10,227,46,399,732,4068,5,27,30,1338,127,82,1355,25,464,818,41,1743,2641,4175,591,2418,355,632
chr5.25,117,1433,776,139,375,7104,134,10637,20698,303,1735,2,26725,5,1111,16,9,472,26014,885,14,15441,1499,27,139,368,3596,1769,16,253,34,210,822,4807,10,34,63,1388,100,57,1448,17,251,972,46,2509,2638,5029,606,2743,304,652
chr5.26,124,1106,653,182,402,7603,186,10108,21816,333,1521,0,27523,9,1107,12,4,589,26646,984,21,16727,1763,35,141,503,3047,1542,9,251,37,323,915,4242,7,21,69,1459,88,53,1233,17,379,908,54,2646,2923,4153,735,2640,344,789
chr5.27,118,1344,586,190,350,7223,207,11960,21720,382,1479,2,26849,7,903,13,7,496,26006,1019,23,16674,1829,18,110,489,2730,1507,13,266,56,330,949,3729,11,28,70,1323,96,60,1157,12,371,882,62,3082,2835,4074,586,2594,319,648
chr5.28,124,1183,653,132,282,6280,186,11477,19612,267,1702,0,23338,7,766,2,8,487,22480,955,41,15167,1348,43,98,588,1557,1715,11,247,43,380,887,2400,10,13,68,1389,77,47,1412,12,464,620,47,3453,2430,2740,443,2315,250,490
chr5.29,130,817,604,123,277,6040,190,11747,18635,290,1487,1,22697,3,933,12,7,340,21814,784,21,14899,1286,35,126,582,1696,1512,12,221,49,396,731,2712,5,25,53,1327,83,28,1217,17,452,527,47,3230,2726,2513,584,2003,273,631
chr5.30,127,1319,518,155,375,6226,181,10521,18381,301,1478,2,23935,10,960,14,11,255,22970,995,28,14083,995,25,154,585,2977,1508,14,223,32,405,932,4033,7,30,63,1214,96,64,1223,20,458,516,70,3120,2227,4296,554,2132,340,624
chr5.31,68,1188,399,140,378,5720,129,10992,17529,222,1206,2,21580,4,803,7,5,295,20897,971,14,13703,1040,18,181,311,1990,1226,11,189,32,211,917,2861,2,20,54,1278,68,42,985,22,243,487,59,2643,2800,3178,383,1927,348,442
chr5.32,54,554,289,83,259,3199,105,3672,9375,159,447,1,11442,2,384,5,2,261,11028,612,6,6987,474,9,71,229,849,461,8,81,10,160,562,1289,4,14,50,627,56,16,356,13,175,308,32,1617,911,1403,312,1269,169,344
chr5.33,49,431,269,77,213,2465,124,3778,7476,202,363,0,9181,1,277,1,2,178,8810,523,5,5444,495,14,39,238,675,371,7,45,2,170,491,997,2,8,32,460,45,16,316,6,189,299,29,1048,774,1106,285,1138,124,314
chr5.34,68,793,267,44,263,3511,116,5645,10446,193,564,0,12838,3,405,11,2,198,12383,488,14,7951,710,19,44,336,1103,581,6,68,9,235,467,1558,2,17,21,729,50,20,487,9,268,389,36,1244,1564,1896,302,1196,99,338
chr5.36,77,569,278,97,164,3153,94,7919,8436,167,630,0,10750,1,388,5,2,197,10278,452,8,6109,501,21,52,301,1153,643,8,97,15,195,428,1584,3,13,24,527,43,25,518,6,224,476,35,914,847,1722,292,1252,157,327
chr5.37,56,399,235,40,142,3367,110,3991,7825,135,314,0,9219,2,238,7,1,182,8905,495,7,5848,423,9,50,203,553,324,3,45,5,131,444,828,1,10,51,403,37,25,264,8,147,311,25,978,542,952,304,1079,99,329
chr5.39,67,394,318,59,193,3778,102,7615,9510,191,480,0,11366,1,345,4,0,172,10955,562,4,7339,569,8,59,273,765,491,7,79,3,194,522,1150,2,11,40,537,40,25,398,8,206,400,26,1440,824,1159,272,1322,126,298
chr5.40,80,562,350,78,186,2913,113,4987,8400,170,505,0,10402,1,362,5,4,207,9895,653,4,5869,385,20,64,346,773,517,7,65,7,242,619,1196,3,12,34,472,61,21,433,2,266,431,15,1347,582,1335,289,1498,148,304
chr5.41,105,601,353,48,175,2955,117,6302,8598,163,352,0,10774,4,363,5,7,209,10237,671,10,5965,377,25,56,410,938,359,2,61,7,270,645,1347,3,7,26,402,46,21,284,5,305,429,27,1470,598,1539,319,1502,116,346
chr5.42,71,698,376,98,194,3447,97,8004,9593,151,460,0,12363,3,502,14,3,247,11762,660,16,6757,476,20,84,375,1322,488,14,60,2,268,622,1878,1,28,38,492,54,33,398,10,304,477,28,1281,910,2020,316,1568,195,344
chr5.43,80,685,351,64,210,3690,136,8493,10338,188,592,0,12381,0,313,14,5,194,11944,561,4,7649,629,15,72,271,907,610,4,62,9,172,523,1260,3,18,38,725,40,23,521,7,191,511,23,1158,1259,1592,338,1466,148,361
chr5.45,92,780,399,82,230,4609,186,5640,13697,200,740,3,17324,2,579,11,4,470,16745,731,18,10090,686,29,85,363,1996,770,16,114,12,224,699,2632,5,30,32,909,57,24,614,13,271,681,26,1829,1857,2776,491,1873,184,517
chr5.46,148,1151,511,138,353,4208,189,8553,16301,280,995,2,21657,4,814,11,7,723,20703,858,32,11645,904,51,150,604,2955,1024,16,125,19,373,818,3860,4,29,40,1260,91,37,851,22,456,686,44,2531,2462,4106,642,2150,317,686
chr5.48,168,790,465,96,205,4453,90,8073,12680,148,920,1,15156,2,353,12,8,298,14280,685,28,9338,638,40,116,601,908,954,21,137,15,365,627,1305,1,34,58,622,44,23,768,19,433,538,38,2335,1142,1698,504,1733,239,542
chr5.49,136,435,352,82,173,3197,76,4628,8836,100,698,1,10485,2,266,8,4,196,9886,547,18,6499,463,25,66,419,500,713,6,87,19,240,501,801,2,15,46,467,35,37,592,11,283,390,31,1427,845,935,347,1326,163,378
chr5.50,89,425,325,61,134,3080,98,2651,7562,101,423,3,8743,0,181,4,4,210,8348,485,13,5402,389,13,23,287,360,438,8,54,2,172,446,554,2,15,39,360,13,21,367,5,198,314,31,988,484,785,347,1139,93,378
chr5.51,66,367,297,53,135,3110,92,2752,7397,93,349,3,8609,5,198,11,2,156,8234,430,8,5472,374,20,31,262,386,368,5,40,3,168,397,610,1,19,33,364,26,22,306,3,196,296,18,1053,478,753,338,1050,89,356
chr5.52,50,183,243,23,109,2429,89,2007,5779,94,253,2,6675,3,152,6,5,149,6395,386,6,4304,300,10,28,197,233,270,9,45,2,131,358,418,2,17,28,287,33,16,206,7,147,212,26,921,273,416,258,876,63,284
chr5.53,57,331,269,50,111,2883,96,2176,6525,88,257,1,7581,1,164,4,2,159,7242,444,4,4787,290,12,39,231,322,269,7,31,4,158,411,510,3,12,33,265,24,12,222,4,174,229,35,1011,250,653,256,969,95,291
chr5.54,70,355,259,58,119,3152,81,2435,7112,95,459,1,8267,1,174,5,5,181,7868,411,14,5288,340,13,25,295,358,471,6,80,9,198,389,556,2,12,22,325,24,18,370,3,225,238,27,1076,300,713,333,934,91,360
chr5.55,52,320,244,67,134,3270,80,3010,7679,102,503,0,8969,4,202,2,4,206,8569,451,3,5769,310,13,48,266,452,512,7,67,20,198,430,676,3,9,21,344,22,19,416,2,214,304,26,1402,341,772,337,1024,121,363
chr5.57,55,237,270,52,126,2719,78,1758,6861,85,314,0,8051,3,209,5,1,177,7705,380,5,5294,341,12,55,214,400,327,8,61,7,142,364,640,0,13,16,293,31,22,246,8,159,173,21,1572,284,637,287,854,116,308
chr5.58,71,330,256,45,119,2862,105,3253,6945,95,330,0,8060,1,207,4,5,158,7738,424,4,5176,291,8,38,217,337,338,4,50,9,134,398,569,0,8,26,302,25,21,271,8,146,254,23,1300,326,667,303,959,96,326
chr5.60,68,465,321,109,251,5053,133,8181,13573,184,855,1,16074,2,462,11,4,306,15568,669,9,10904,812,24,54,292,1103,881,14,128,16,191,627,1611,4,26,42,834,46,31,711,19,224,411,33,1970,2051,1568,429,1451,186,462
chr5.61,63,273,207,46,109,3608,86,4605,8479,102,403,0,9666,3,236,8,1,179,9351,426,5,6824,466,21,26,211,421,420,9,51,5,122,384,677,3,17,42,481,20,23,347,11,148,197,25,1240,927,694,322,853,84,347
chr5.62,37,240,233,25,124,2688,78,3547,6261,84,292,0,7248,3,188,1,1,195,7026,401,7,4681,257,6,27,156,342,298,5,34,5,106,368,563,1,6,33,300,33,29,253,4,119,181,14,1006,346,582,286,849,57,300
chr5.63,62,203,227,49,140,3050,95,3824,6850,83,254,1,7923,4,188,6,3,147,7589,401,4,5324,344,14,28,229,290,268,7,50,3,149,369,504,5,14,32,386,26,22,201,7,167,182,23,1054,407,493,316,841,87,339
chr5.64,81,240,235,33,117,2790,111,2300,6105,84,380,0,7143,3,162,3,1,153,6836,374,6,4524,328,8,26,234,308,388,5,70,7,139,331,503,1,8,43,253,33,13,303,2,153,215,25,793,276,548,325,858,62,350
chr5.65,68,267,241,37,123,2684,79,3160,6035,58,294,0,7075,0,184,8,2,143,6746,359,9,4489,287,19,29,242,296,310,8,60,3,146,326,509,2,16,33,291,29,19,231,3,174,205,23,847,322,563,287,836,71,310
chr5.69,43,237,244,21,118,2726,95,2088,6190,77,342,0,7039,1,165,2,2,134,6818,385,3,4690,274,8,22,154,232,356,12,44,4,100,343,415,2,14,42,290,18,14,294,7,111,189,26,1060,263,469,269,838,52,295
chr5.70,56,253,252,50,133,2409,80,2687,5806,70,417,0,6786,0,162,7,1,137,6465,350,4,4261,282,20,23,231,264,428,4,68,7,151,318,446,0,11,32,269,20,20,342,5,175,216,12,996,235,517,305,838,79,317
chr5.71,59,273,220,54,144,2287,82,3086,5534,81,408,3,6614,2,164,5,1,142,6265,382,7,3996,298,10,25,245,317,424,8,65,8,169,348,505,1,16,34,262,24,18,335,6,186,187,20,857,211,590,295,814,86,315
chr5.73,49,438,265,66,143,2555,89,3337,6286,95,380,0,7658,2,233,4,5,158,7282,372,2,4471,320,10,72,216,506,388,4,71,2,155,344,764,4,8,28,258,25,20,307,7,167,241,29,957,286,944,288,907,150,317
chr5.74,61,343,288,57,131,3188,78,2535,7048,90,239,0,8318,2,217,4,3,146,7984,401,5,5359,355,10,43,208,482,251,8,30,2,132,354,727,4,12,47,382,28,16,207,9,147,206,22,956,388,825,263,927,112,285
chr5.76,58,229,225,43,126,2850,88,2460,6462,98,296,0,7430,1,155,5,1,124,7123,378,1,4992,435,16,30,217,270,303,2,50,1,142,349,447,2,7,29,338,22,10,245,8,159,186,20,853,418,499,296,813,82,316
chr5.78,49,233,227,30,117,3052,70,1885,6654,80,277,0,7634,3,198,5,4,135,7358,390,3,5160,330,5,31,185,289,289,7,46,4,128,357,517,1,12,33,376,30,20,227,11,136,204,13,954,368,522,271,852,76,284
chr5.79,73,323,272,43,138,3173,122,2837,7398,94,386,0,8591,2,197,3,3,244,8276,442,2,5612,334,13,40,209,398,399,10,68,6,121,417,618,0,13,25,376,23,21,312,5,136,217,22,1183,452,721,245,954,91,267
chr5.80,72,543,334,60,169,3727,104,3388,9776,116,560,0,11309,2,320,5,1,334,10968,490,2,7298,442,10,42,220,558,573,8,98,13,136,446,919,1,13,44,461,41,28,449,3,148,362,55,1869,683,1101,331,1228,106,386
chr5.81,87,740,553,92,264,5470,158,4745,16140,258,1186,0,18346,6,339,13,0,520,17824,627,10,12548,977,25,30,365,851,1205,6,163,26,243,589,1262,1,19,38,854,72,28,997,10,278,540,55,2905,2084,1591,528,1793,132,583
chr5.82,78,933,548,119,262,5999,192,7277,16452,224,1197,1,19745,3,519,17,2,584,19086,606,15,12599,1136,29,40,447,1594,1230,15,172,27,325,565,2180,9,33,41,937,67,40,998,15,369,517,45,2130,2173,2527,571,1747,176,616
chr5.83,66,671,363,94,175,4009,141,4871,12108,136,528,2,14652,2,409,3,1,512,14152,594,14,9210,617,15,43,336,1259,540,7,73,10,241,551,1728,0,12,43,582,60,20,445,12,270,319,36,2338,1528,1930,383,1336,150,419
chr5.84,64,612,322,96,168,3616,155,5999,10525,138,443,0,12648,3,359,7,6,242,12239,471,7,7961,663,13,43,229,995,464,14,57,13,145,441,1391,3,21,30,584,37,27,373,11,165,416,36,1786,1174,1607,435,1249,156,471
chr5.85,61,462,260,66,178,3675,156,3865,10409,124,358,1,12502,3,410,3,3,296,12164,512,5,8041,686,10,46,202,967,366,4,42,1,126,473,1421,1,8,39,591,44,22,315,10,141,394,34,1799,1166,1429,387,1211,125,421
chr5.86,74,437,368,75,174,4093,142,3252,12850,174,373,2,14995,2,461,7,1,339,14567,558,5,10080,586,11,30,296,893,387,5,48,10,206,512,1401,3,14,46,836,47,21,315,10,222,388,44,2688,1703,1330,612,1364,116,656
chr5.87,54,230,233,51,152,2901,97,3262,7125,99,403,1,8395,3,235,2,1,156,8028,406,9,5505,404,17,38,258,380,411,5,54,8,178,377,654,1,8,29,385,39,10,341,8,204,232,30,1223,493,610,322,911,98,352
chr5.88,82,267,262,64,134,3263,104,5410,8552,117,595,2,10045,1,266,5,5,210,9592,412,7,6807,484,25,48,311,500,612,10,82,12,197,376,802,5,17,36,474,36,22,501,7,229,244,27,1603,866,767,296,959,124,323
chr5.90,51,391,297,48,151,3145,96,2218,8260,119,493,2,9431,1,211,7,5,179,9127,396,6,6380,470,10,30,197,378,514,12,66,10,130,364,620,4,21,32,484,31,19,417,2,146,224,32,1468,694,769,338,952,85,370
chr5.91,60,255,287,56,149,3822,111,4767,8511,112,423,0,9691,0,242,5,1,158,9339,425,9,6749,432,14,54,222,306,437,9,60,7,139,402,568,3,14,23,456,20,23,356,5,162,260,42,1310,617,561,309,995,116,351
chr5.92,46,293,254,65,132,2619,81,4000,6706,93,315,0,7847,2,182,5,4,151,7490,370,7,4999,379,10,36,231,359,325,5,53,5,168,342,571,4,10,28,378,30,12,257,9,185,279,27,1103,427,652,317,937,114,344
chr5.93,81,194,267,36,98,2592,64,2913,5796,96,269,0,6666,0,151,1,0,134,6360,347,4,4316,270,13,23,237,224,276,6,61,1,139,332,402,4,7,15,293,27,14,207,3,156,253,20,807,258,418,247,898,62,267
chr5.94,73,361,287,55,125,3128,110,5106,8547,109,453,0,9954,0,272,8,2,262,9609,480,7,6459,428,9,44,214,523,475,14,71,8,125,441,827,1,22,39,456,32,16,374,8,141,270,35,1546,792,884,376,1070,109,411
chr5.95,86,423,314,58,151,2663,119,2934,8519,112,463,1,10174,4,302,6,1,338,9741,503,12,6153,437,12,50,298,622,479,9,69,6,188,472,952,2,16,31,386,28,35,388,6,212,290,26,1920,635,1045,435,1137,115,461
chr5.98,129,357,449,85,152,4484,138,7086,13821,214,633,4,15832,0,418,8,3,329,15173,472,17,11392,871,29,82,457,602,655,10,93,6,282,447,1062,5,22,25,875,42,25,534,10,328,312,34,2995,1953,959,446,1280,180,480
chr5.99,90,333,274,90,126,3618,106,5622,9826,108,532,0,11495,1,282,9,4,250,10951,415,11,7962,552,25,49,368,585,551,10,68,15,242,388,893,2,19,27,626,26,15,449,13,278,241,25,1934,1124,918,309,958,156,334
chr5.100,66,492,285,74,158,3476,112,4275,9118,110,717,0,10882,1,340,5,2,220,10427,415,12,7024,469,19,55,303,671,728,6,88,19,206,388,1039,3,11,27,441,28,19,610,9,237,243,27,1788,740,1163,390,974,140,417
chr5.101,93,795,398,86,227,3436,177,4338,13370,212,1383,0,16386,2,591,14,2,291,15877,499,18,10438,953,25,46,327,1449,1420,23,205,42,191,458,2103,2,37,41,888,63,30,1136,9,234,331,39,2924,2025,2244,547,1293,143,586
chr5.102,95,866,455,114,163,4725,180,8034,16011,219,1446,1,18942,0,537,9,5,364,18331,477,17,12646,1154,32,50,403,1390,1475,19,230,33,259,442,1977,7,29,35,1006,50,44,1183,10,308,317,49,3308,2234,2256,786,1306,179,835
chr5.103,109,486,382,86,125,4473,140,4915,12813,145,1106,0,14717,0,309,5,4,357,14151,446,18,10283,611,46,45,403,727,1124,13,171,35,230,416,1073,1,18,30,633,37,23,900,10,294,334,25,3289,1132,1213,476,1200,145,501
chr5.104,73,276,303,52,134,3267,111,2405,8493,105,565,1,9739,1,198,5,1,229,9396,417,17,6570,377,22,30,246,427,576,5,125,11,134,379,658,1,11,38,361,33,12,429,2,173,270,26,2017,443,703,389,1024,85,415
chr5.105,50,327,311,43,138,2927,82,2096,7454,100,372,0,8736,2,210,7,3,204,8425,409,10,5546,392,13,33,210,516,383,4,49,8,137,381,751,1,11,28,426,25,15,315,9,160,258,18,1162,539,843,365,1004,88,383
chr5.106,58,374,292,49,143,3181,84,2846,7535,107,393,1,8844,1,196,8,0,179,8528,406,7,5646,449,21,32,211,538,409,7,46,9,125,359,766,3,16,47,419,32,19,338,7,153,268,27,913,577,912,321,1001,88,348
chr5.107,81,601,348,92,170,4445,125,6826,11233,138,516,0,12969,1,270,8,3,377,12520,537,14,8516,655,19,45,285,688,533,9,79,6,171,507,992,4,17,30,649,34,24,431,6,204,410,26,1020,1609,1289,390,1333,146,416
chr5.108,53,371,335,53,193,3746,107,6537,9130,109,340,0,10549,3,213,7,3,311,10209,456,7,6936,449,12,42,215,530,355,8,71,6,143,415,779,1,15,41,505,36,28,263,9,162,347,27,1244,883,901,318,1175,107,345
chr5.109,59,239,236,64,121,3141,100,3992,7251,86,285,1,8352,2,177,6,4,159,8004,377,6,5672,317,9,49,205,319,298,6,47,7,131,357,532,5,13,20,376,36,15,231,11,146,235,17,1258,494,558,296,889,128,313
chr5.110,36,376,277,55,128,3682,103,5258,9162,120,434,1,10547,3,284,6,3,158,10197,416,7,7207,544,11,34,220,500,462,21,77,4,166,383,804,2,28,33,543,20,21,353,7,184,280,34,1283,1035,876,391,995,99,425
chr5.111,71,581,377,79,161,3687,130,7793,11616,168,550,1,13853,2,376,12,6,215,13398,530,4,8804,808,20,64,257,1080,585,22,105,6,162,502,1491,3,35,28,705,35,41,439,12,186,469,54,1956,1480,1661,542,1414,161,596
chr5.112,49,285,277,39,130,2530,79,3078,6200,84,231,0,7459,0,236,8,3,141,7171,378,5,4518,364,16,35,198,501,242,3,50,3,128,351,762,2,11,27,303,25,25,178,2,149,241,29,874,363,786,304,923,79,333
chr5.113,61,477,264,48,130,2928,85,1932,8085,107,346,0,9392,1,257,6,4,169,9075,405,10,6192,529,12,23,224,479,356,4,57,4,141,368,775,3,10,37,485,39,20,285,7,163,226,23,1367,776,956,306,937,82,329
chr5.114,81,974,366,76,153,4225,144,4851,12986,157,711,0,15029,0,378,8,2,236,14574,523,12,10105,706,34,53,293,876,728,9,93,6,166,470,1291,7,17,53,780,37,30,612,14,212,338,48,2716,1521,1850,359,1271,145,407
chr5.115,65,507,379,71,152,3677,117,2798,9773,109,474,0,11665,0,345,9,3,169,11234,450,11,7587,591,29,46,280,802,498,15,68,11,175,415,1192,4,24,35,554,45,18,395,7,215,327,33,1561,1095,1309,299,1205,127,332
chr5.116,80,367,312,61,114,2804,124,6129,7776,101,368,1,9230,0,211,2,1,151,8781,430,11,5810,449,15,49,323,532,376,5,49,6,217,409,767,2,8,21,446,24,26,313,7,243,270,34,1292,718,899,374,1038,118,408
chr5.117,121,644,405,110,187,4676,150,6147,13728,200,735,0,16124,2,355,8,6,229,15418,529,24,10861,862,37,66,491,962,751,8,100,23,309,492,1353,4,16,37,800,36,29,612,15,370,410,32,2624,1699,1606,585,1384,197,617
chr5.118,95,638,323,71,147,4190,158,2973,12633,180,819,0,14778,1,328,9,8,375,14231,496,24,9752,641,25,48,386,915,836,8,103,14,242,451,1293,2,17,45,767,50,25,702,16,291,396,44,2616,1358,1553,582,1267,143,626
chr5.119,66,268,273,46,129,2915,106,6078,7496,126,361,0,8635,1,186,11,3,183,8298,390,9,5767,419,14,22,236,358,378,6,64,3,147,366,567,1,17,24,458,23,21,294,12,170,237,24,1114,735,626,332,924,83,356
chr5.120,69,310,253,46,131,2853,91,3841,7118,100,296,0,8213,2,204,7,1,202,7891,407,3,5331,340,13,21,229,314,311,8,41,6,144,377,551,0,15,30,347,33,14,249,8,160,255,26,1285,406,624,320,948,76,346
chr5.121,63,296,243,52,149,2995,89,2276,7342,102,304,1,8525,0,225,9,1,191,8191,443,2,5473,370,12,31,221,357,322,8,39,6,144,423,611,3,18,20,311,29,21,259,11,158,261,41,1404,291,653,370,979,95,411
chr5.122,61,321,311,60,126,3477,92,2666,7861,109,366,3,9030,1,217,9,1,187,8694,482,0,5922,337,8,30,211,366,391,13,67,2,142,445,615,2,25,37,329,32,21,297,8,150,272,37,1350,320,687,306,1099,99,343
chr5.124,65,321,270,53,141,2641,89,2574,7068,102,314,0,8189,0,186,5,0,143,7847,394,6,5179,327,11,33,238,334,326,7,49,5,156,366,549,1,12,28,286,29,23,260,6,173,294,31,1535,288,655,412,988,92,443
chr5.125,56,534,307,51,143,3536,141,4966,10326,144,708,0,11977,3,241,4,5,192,11579,425,10,7976,570,10,47,272,697,719,7,99,12,196,402,969,1,11,23,480,31,24,597,9,216,307,33,2350,896,1231,527,1071,112,560
chr5.126,85,446,376,43,154,3833,154,4979,10995,168,690,0,12729,3,346,14,6,245,12326,436,12,8533,681,14,35,283,651,715,11,82,4,172,403,1023,1,25,33,630,26,25,604,8,198,380,37,1870,1351,1097,516,1219,92,553
chr5.128,66,227,242,34,143,2415,78,2066,6038,97,277,2,7109,1,191,9,1,176,6802,363,3,4416,339,11,24,217,314,300,12,42,4,137,325,543,0,23,38,325,38,14,231,7,151,281,31,923,317,541,288,924,66,319
chr5.129,48,171,208,48,150,1791,79,1781,4990,84,306,0,5959,1,151,2,0,128,5639,372,2,3527,288,15,26,229,235,316,8,40,2,164,330,420,5,10,42,286,34,14,264,6,181,216,21,836,242,406,328,835,80,349
chr5.130,53,267,226,65,140,2214,101,2568,6101,98,240,0,7172,3,152,5,2,164,6805,409,5,4415,411,11,32,239,285,256,11,34,3,170,367,463,5,16,42,320,26,21,203,10,186,266,21,986,386,552,307,932,109,328
chr5.132,60,346,247,78,140,2402,96,3826,6487,77,320,0,7564,1,167,4,1,174,7184,443,9,4598,396,16,27,256,272,334,10,68,2,171,421,461,1,14,22,305,22,14,250,3,196,315,28,1035,383,618,321,1028,109,349
chr5.133,49,463,289,99,110,3104,110,6947,9120,114,437,0,10437,1,218,11,1,186,9981,469,8,6931,521,23,38,292,401,454,6,95,7,212,433,641,3,17,36,523,22,23,335,8,243,337,23,1622,1047,864,396,1120,146,419
chr5.134,51,390,243,44,119,2864,77,2780,7655,113,332,0,8734,2,199,6,2,139,8415,432,2,5826,420,10,25,224,351,347,9,61,3,161,391,564,1,15,41,438,14,19,268,7,173,281,17,1291,700,741,307,971,78,324
chr5.137,51,252,268,48,170,2316,62,3616,6416,72,334,0,7524,1,225,12,2,226,7216,437,2,4590,390,9,45,184,314,350,4,54,7,122,406,568,1,16,31,374,29,9,273,12,133,255,26,1067,371,566,352,990,107,378
chr5.138,77,383,265,63,168,2754,92,3617,7401,104,314,0,8711,3,256,5,5,190,8359,496,3,5405,477,13,31,231,415,327,8,35,4,138,455,698,0,13,41,430,27,12,275,6,154,268,28,1108,532,798,354,1056,105,382
chr5.139,64,207,243,31,121,2174,80,2142,5620,89,290,1,6586,1,160,12,0,147,6281,441,1,3967,287,10,18,230,277,307,4,53,3,155,403,460,3,17,38,312,23,11,234,8,166,268,38,854,251,484,295,978,57,333
chr5.140,58,277,331,41,127,3201,80,2941,7370,100,245,2,8520,2,219,5,2,186,8198,372,5,5567,358,18,24,232,372,259,7,33,7,151,351,621,3,14,21,434,30,18,205,7,174,262,21,960,514,649,333,998,74,354
chr5.141,68,606,368,59,152,4107,92,8771,11905,133,549,0,13614,4,351,6,4,271,13149,538,7,9294,607,28,64,297,620,573,18,94,8,194,497,1000,3,24,41,721,29,15,447,13,229,430,38,2061,1665,1226,342,1368,140,380
chr5.142,73,432,266,51,124,2567,96,5266,7316,97,570,0,8619,1,227,5,3,216,8210,419,6,5385,335,20,63,274,419,580,5,78,12,175,388,674,1,10,31,345,28,11,480,7,201,302,27,1570,471,851,257,1016,124,284
chr5.143,51,451,272,62,123,2877,93,2714,7806,83,435,2,8981,1,217,2,5,263,8637,484,4,5695,389,8,63,197,364,444,5,69,7,134,447,615,1,9,37,405,34,18,359,7,146,260,26,1390,551,815,336,1051,137,362
chr5.144,43,311,305,57,132,3319,71,2983,7891,99,583,2,9046,2,237,6,3,202,8732,445,6,5872,369,7,41,179,375,602,11,100,7,123,418,638,1,19,27,397,26,23,476,13,136,277,36,1239,449,686,419,1054,114,455
chr5.145,78,282,272,46,124,3007,94,4654,6844,100,410,0,7906,0,175,5,3,163,7557,371,7,5112,303,10,59,224,291,419,4,61,4,129,346,495,1,9,25,399,29,13,345,8,146,287,24,961,342,573,319,960,116,343
chr5.146,58,283,202,50,114,1897,99,1896,5460,86,257,1,6444,0,146,4,4,165,6100,447,8,3755,296,11,38,237,253,267,5,28,4,160,422,427,1,10,25,315,28,18,225,5,179,243,18,891,270,536,328,921,97,346
chr5.147,41,273,243,42,132,1863,104,2516,5478,73,352,0,6499,2,173,3,0,174,6200,432,4,3727,369,14,20,221,292,360,5,49,8,162,395,486,1,8,37,312,21,18,295,6,180,281,17,801,309,565,312,978,68,329
chr5.148,60,358,279,48,110,2453,75,2616,7018,92,273,0,8013,2,182,8,1,173,7675,440,8,5130,480,11,31,233,265,290,9,45,1,154,412,472,1,17,28,431,25,16,227,6,173,263,27,1057,617,623,331,1008,86,358
chr5.150,56,688,373,81,177,4203,108,8945,12861,158,666,0,14700,3,324,15,3,446,14214,543,7,9846,858,14,59,300,708,691,10,107,9,223,499,1068,3,25,44,834,36,32,550,15,244,424,51,1868,1925,1396,455,1379,158,506
chr5.151,77,257,214,33,140,2109,84,1951,5645,93,212,0,6726,0,198,2,3,148,6405,408,8,4038,347,7,32,239,311,222,8,41,1,147,381,536,1,10,27,327,27,22,170,4,162,243,22,859,303,568,292,893,72,314
chr5.153,63,1252,232,53,203,3891,99,1949,12414,169,502,0,15024,4,419,7,2,230,14486,545,9,9298,818,21,44,399,1295,529,20,70,5,306,493,1770,4,27,52,812,56,20,427,9,336,385,34,2008,1600,2547,414,1222,108,448
chr5.154,64,522,271,54,134,2377,110,3443,6983,101,268,0,8430,3,208,8,1,219,8071,489,5,4844,411,18,29,254,603,280,4,39,4,167,451,844,1,12,38,396,33,16,225,6,190,277,29,1016,543,1125,315,1071,90,344
chr5.155,59,543,298,34,184,3467,130,4051,9085,101,357,0,10800,2,233,5,1,224,10346,637,8,6615,538,26,22,358,683,377,15,64,2,265,586,947,4,20,51,514,31,21,291,17,299,332,38,1118,877,1226,373,1302,74,411
chr5.156,66,315,287,43,168,3058,97,3945,8426,91,354,2,9701,3,212,6,2,215,9302,473,8,6423,513,23,29,297,371,370,8,69,5,200,444,611,0,16,29,476,28,17,280,9,231,307,38,1425,860,686,351,1095,83,389
chr5.157,62,280,260,69,116,2102,99,2852,6924,110,320,2,8173,3,193,7,3,234,7751,501,6,5011,348,14,42,279,400,339,10,44,5,197,452,612,1,19,49,296,19,26,271,7,217,255,29,1879,276,680,327,1036,121,356
chr5.158,60,646,540,106,187,3767,137,8411,12506,157,842,2,14657,7,368,13,5,353,13990,630,12,9360,670,24,68,436,738,873,16,116,10,340,584,1160,2,31,46,570,54,29,716,14,376,379,63,3133,1063,1384,504,1605,193,567
chr5.159,67,1105,589,111,219,4654,130,5351,14720,186,973,0,17790,2,581,4,2,376,17109,544,28,10950,799,35,97,431,1407,985,8,142,17,301,507,2040,5,12,37,885,52,42,814,26,364,538,38,2523,1903,2512,533,1728,236,571
chr5.160,70,792,433,103,200,3369,115,5441,11088,136,612,2,13466,2,369,6,7,354,12944,600,10,7889,758,32,62,309,1127,630,10,79,9,197,559,1541,5,18,41,656,45,30,524,21,239,494,33,1530,1440,1919,458,1577,193,491
chr5.161,106,1127,522,100,243,5221,129,3806,16836,218,1097,0,19788,8,526,5,3,333,19228,610,28,13023,1053,26,50,367,1446,1109,7,136,29,207,570,2020,4,12,40,1074,48,32,932,20,261,503,48,3087,2370,2573,634,1687,173,682
chr5.162,91,1440,635,135,240,5193,175,3739,17856,215,1592,0,21344,6,543,8,4,248,20675,772,20,13169,1073,35,44,439,1805,1614,14,217,34,293,713,2404,4,22,59,1078,56,37,1341,19,348,700,61,3133,2477,3245,790,2167,202,851
chr5.163,103,1456,619,120,246,4513,177,5624,17098,274,1513,0,20169,5,450,13,4,279,19520,790,12,12566,1433,21,76,402,1477,1541,15,226,45,266,739,1999,7,28,51,1182,72,36,1242,14,299,635,58,2344,2820,2933,652,2123,214,710
chr5.164,57,1061,441,119,182,3907,130,7615,13283,180,1154,1,15003,6,231,12,4,292,14483,648,3,9746,1114,20,44,317,621,1176,9,183,32,237,594,888,1,22,54,898,36,22,939,8,260,546,60,1536,2111,1682,466,1672,175,526
chr5.165,62,512,224,60,136,2290,103,4366,6515,80,419,1,7771,1,177,3,1,200,7375,452,4,4499,401,14,30,275,412,434,11,76,8,195,409,621,0,15,43,331,32,15,335,14,213,267,26,986,411,924,320,975,105,346
chr5.166,61,780,328,51,143,3949,138,6939,11188,121,339,1,12851,0,282,4,3,217,12450,556,8,8516,721,15,25,301,663,350,6,47,2,217,516,981,3,11,40,558,36,19,290,10,240,359,34,1980,1187,1443,376,1282,89,410
chr5.167,49,581,237,79,199,2967,111,3572,9335,99,305,3,10992,1,298,6,2,210,10553,493,5,6976,594,17,53,276,578,320,6,59,2,205,467,908,5,15,26,451,32,20,244,13,227,335,28,2022,843,1159,450,1102,147,478
chr5.168,58,354,229,60,136,2523,91,3364,7015,95,354,0,8283,1,221,7,3,199,7883,454,10,5153,447,10,45,267,385,367,6,51,5,189,415,641,1,13,39,343,35,18,298,11,209,258,27,1353,392,739,322,977,119,349
chr5.169,61,289,217,46,134,1826,76,2221,5282,66,269,0,6320,3,184,1,0,150,5985,453,8,3563,349,8,26,249,284,275,5,50,3,172,425,493,2,6,28,265,25,21,216,5,188,262,20,778,279,573,305,959,77,325
chr5.170,61,402,251,52,141,2447,103,2609,6605,92,313,0,7757,0,175,6,1,181,7427,369,2,4756,462,11,32,229,371,324,5,54,5,155,342,578,1,11,27,327,32,18,254,5,168,268,25,973,455,773,334,921,90,359
chr5.171,68,611,231,94,141,2882,103,3529,8504,126,500,2,10186,2,250,10,5,266,9685,492,9,5956,568,11,65,311,656,518,6,90,6,223,469,937,0,18,23,392,31,24,404,6,243,454,41,1505,483,1267,429,1208,170,470
chr6.2,71,304,230,57,175,2176,79,2367,6332,122,349,1,7640,2,216,6,4,172,7212,538,6,4486,302,15,59,285,373,366,10,60,6,193,500,626,2,17,38,399,37,17,283,4,214,327,23,1081,406,677,233,1134,124,256
chr6.3,54,231,214,28,165,2063,78,2417,5702,138,345,0,6883,3,231,5,2,146,6559,461,2,4094,258,11,47,227,351,360,10,49,3,160,423,614,0,15,38,306,32,18,293,2,173,283,18,989,340,582,237,990,79,255
chr6.4,60,239,238,21,149,2076,53,2472,5588,115,286,0,6618,1,192,4,2,171,6333,452,6,3919,272,15,30,211,321,299,9,54,3,130,416,543,2,13,36,311,30,14,229,7,151,292,15,881,264,560,246,1014,60,261
chr6.5,71,376,256,48,139,2651,63,2288,6913,137,342,0,8099,0,205,2,2,171,7766,443,3,4999,314,16,50,222,414,349,5,43,3,132,415,651,1,7,28,370,32,18,296,4,151,351,23,1142,385,790,275,1083,104,298
chr6.6,55,293,252,41,148,2242,65,2349,6275,132,240,0,7406,1,202,5,1,144,7092,461,3,4555,310,7,39,215,367,252,7,34,0,150,426,604,2,12,35,422,35,11,206,5,160,265,14,1023,426,660,278,1015,86,292
chr6.7,53,450,259,54,169,2478,77,4631,7329,127,269,1,8797,0,208,6,2,180,8393,527,6,5187,413,22,60,273,575,279,3,48,3,192,485,818,0,10,42,390,35,19,218,5,220,387,15,1223,556,1025,305,1208,121,320
chr6.8,57,318,272,60,164,2157,56,2990,6159,119,295,0,7378,4,165,3,0,149,6977,542,5,4250,315,21,50,274,390,303,5,44,5,191,503,598,0,8,39,321,43,19,246,5,217,294,18,1008,330,708,297,1151,115,315
chr6.9,63,436,332,78,186,3117,72,2581,8585,174,461,0,10127,2,221,8,4,178,9626,496,8,6509,493,21,55,333,536,477,8,54,7,241,468,783,2,16,28,628,26,19,400,13,270,313,26,994,1103,972,274,1169,150,300
chr6.10,79,639,371,98,203,4148,104,2499,11603,206,754,1,13509,3,264,16,7,199,12826,498,18,9070,746,27,93,436,618,784,13,104,16,312,462,916,9,30,36,864,34,38,634,16,357,427,32,1718,1388,1257,320,1339,214,352
chr6.11,86,426,251,49,159,2888,90,2333,7535,151,348,0,8933,1,220,7,2,151,8472,466,7,5588,380,17,78,308,429,364,9,49,2,198,436,688,3,16,30,439,39,17,297,7,222,334,20,1281,449,855,279,1093,136,299
chr6.12,79,236,265,45,137,2299,55,2732,6034,139,230,1,7180,5,209,9,5,160,6810,495,5,4282,326,15,53,237,336,248,8,39,2,138,470,584,0,18,25,336,39,15,189,7,158,270,18,850,332,572,293,1069,110,311
chr6.13,67,324,288,58,166,2795,61,5301,7308,152,294,0,8581,3,232,7,2,188,8210,508,2,5383,333,10,58,222,409,317,16,42,2,143,474,675,2,23,34,383,34,25,250,5,155,299,15,1223,497,733,276,1131,123,291
chr6.14,52,258,236,50,160,2490,59,2188,6512,135,258,1,7607,1,196,2,0,145,7304,486,7,4801,333,13,32,203,350,269,8,27,2,131,447,573,4,11,39,346,27,24,229,6,151,247,15,1108,389,608,296,1000,88,311
chr6.15,80,364,271,50,178,2660,76,3143,7193,164,454,1,8569,3,215,2,0,185,8202,497,2,5255,351,10,44,251,517,464,7,36,1,159,468,755,1,10,29,402,23,15,417,9,171,341,12,1215,463,881,252,1133,103,264
chr6.16,67,321,265,50,146,2333,58,2376,6524,156,277,1,7774,2,202,2,1,166,7425,506,3,4659,311,16,40,241,464,288,8,36,6,155,476,697,3,11,30,355,31,20,235,4,174,300,22,1138,366,785,262,1105,95,284
chr6.17,79,268,241,34,162,2438,51,2155,6512,142,324,0,7735,1,199,6,1,183,7388,482,1,4702,329,8,53,242,424,335,5,54,2,154,449,663,2,11,33,410,40,12,268,5,163,346,16,981,402,692,260,1111,93,276
chr6.18,69,279,283,50,169,2310,48,2794,6310,141,481,0,7514,2,213,5,3,151,7165,447,6,4596,308,7,51,220,383,493,7,71,5,138,420,638,4,12,27,430,42,17,405,11,151,272,21,981,426,662,240,1048,115,261
chr6.19,75,319,248,58,178,2710,53,2862,7580,107,380,0,8831,3,203,3,2,178,8409,517,8,5703,428,10,82,255,369,391,8,46,2,162,487,598,2,11,30,457,26,17,332,11,180,302,22,1255,746,688,272,1095,153,294
chr6.20,82,363,255,71,214,3366,59,3659,9928,134,701,0,11421,2,254,8,2,174,10994,520,8,8023,651,22,83,252,513,718,9,86,11,140,500,793,1,17,20,673,26,11,604,0,170,295,16,2281,918,876,270,1097,156,286
chr6.21,48,262,274,49,200,2194,57,1965,6246,105,375,0,7473,1,217,2,2,145,7164,475,6,4520,363,11,47,198,411,382,5,52,4,133,449,661,2,7,26,351,33,20,319,5,150,299,24,1116,391,673,225,1083,103,249
chr6.22,49,282,288,49,212,2459,62,2506,7502,152,412,0,8778,0,243,5,3,152,8457,507,9,5664,420,9,43,211,401,423,6,58,6,144,463,681,2,11,44,482,37,22,348,4,162,301,19,1472,679,683,265,1135,99,284
chr6.23,58,435,314,51,164,3371,75,2785,11473,192,884,0,13054,4,310,2,2,177,12691,507,7,9283,610,10,61,226,626,898,12,129,18,151,479,979,3,14,28,938,43,16,737,5,168,401,16,2117,2055,1061,321,1268,119,337
chr6.24,62,594,295,54,162,4225,106,3722,12446,179,882,1,14510,1,426,8,3,172,14117,536,6,10037,756,7,86,228,932,896,5,118,10,153,511,1403,7,14,25,1101,45,13,754,7,166,480,38,1684,2092,1526,274,1363,150,312
chr6.25,65,271,247,65,152,2590,47,3030,6994,118,316,0,8406,2,238,5,4,150,8034,545,13,5209,330,8,63,220,579,328,7,51,6,134,514,841,2,12,31,426,24,12,259,6,155,286,22,1143,602,850,250,1104,138,272
chr6.26,61,281,325,45,145,2595,55,3061,6672,125,276,0,8026,2,252,3,4,174,7652,536,7,4754,315,20,64,242,505,288,9,39,3,154,494,780,2,12,42,367,23,18,234,5,181,287,13,941,411,786,282,1173,118,295
chr6.28,96,518,363,76,190,3179,62,4325,9295,191,632,0,11315,3,314,5,2,221,10775,756,5,6644,565,25,86,351,868,645,8,60,11,225,714,1228,4,13,42,489,46,23,561,9,255,456,23,1554,666,1386,287,1625,173,310
chr6.29,97,502,364,68,198,3170,89,4452,8973,147,361,0,10883,5,304,6,0,202,10417,713,7,6395,591,23,85,289,799,373,6,61,3,162,669,1157,8,12,44,495,54,18,297,7,192,444,32,1255,737,1301,295,1583,160,327
chr6.30,88,409,322,83,156,2725,75,4450,7920,113,339,0,9683,0,261,7,4,211,9114,625,4,5624,467,15,148,304,655,358,12,61,6,197,587,963,3,19,38,410,47,24,272,11,216,404,25,1166,743,1064,273,1401,246,298
chr6.31,60,200,241,59,159,1705,54,2456,5402,128,289,0,6533,1,203,11,2,158,6190,490,5,3676,329,6,31,228,338,306,6,34,3,157,453,575,0,17,37,290,34,22,252,5,168,316,22,893,331,538,277,1081,97,299
chr6.33,68,198,225,34,121,2201,47,3183,5638,81,319,3,6639,3,157,5,2,149,6298,444,11,4111,314,10,48,231,310,335,8,44,4,142,424,492,4,16,20,266,25,17,271,7,163,242,9,905,344,508,239,940,91,248
chr6.34,62,256,233,35,162,1644,62,2931,5629,125,249,1,6829,0,180,9,3,145,6456,561,6,3817,399,16,44,274,382,264,5,32,2,190,529,603,1,15,32,334,41,25,215,2,212,294,21,918,397,638,276,1130,84,297
chr6.35,47,236,258,40,160,1666,43,1975,5195,118,222,1,6286,1,176,7,1,149,5962,461,3,3555,335,15,39,224,354,239,9,30,3,159,436,564,2,17,25,278,34,14,189,2,177,249,16,848,310,590,255,1004,82,271
chr6.36,49,185,242,42,154,1713,59,2523,5068,102,259,1,6054,2,136,6,4,142,5723,445,6,3509,298,9,37,226,281,270,4,29,2,162,414,442,2,11,31,316,25,11,228,9,177,258,11,789,291,466,263,972,92,274
chr6.37,60,184,252,42,180,1621,47,2557,5089,108,197,0,6179,2,215,3,1,139,5844,524,4,3468,282,12,42,233,282,207,7,23,2,157,485,528,2,10,39,292,31,17,172,5,173,233,11,895,270,466,259,1042,90,270
chr6.38,62,309,264,49,147,2181,55,2565,6015,135,439,0,7155,2,185,5,4,178,6796,528,6,4169,352,15,33,259,354,446,2,48,0,176,504,579,4,7,24,337,40,19,391,5,197,247,18,846,318,663,279,1083,91,297
chr6.39,56,228,268,55,117,2487,53,2841,6283,118,226,1,7478,0,204,4,4,133,7151,460,4,4652,322,10,33,222,464,236,5,35,2,152,438,698,2,10,22,362,30,15,189,3,166,257,16,955,408,692,252,1017,95,268
chr6.40,70,363,258,75,145,2782,73,3799,7605,150,409,0,9363,0,315,7,1,188,8953,535,12,5635,455,17,44,273,779,423,7,66,8,174,507,1130,1,14,28,459,36,23,335,3,203,309,24,950,839,1142,269,1139,123,293
chr6.41,50,426,292,104,187,2763,75,5590,7990,134,428,1,9830,1,260,4,2,215,9369,531,12,5768,446,18,67,266,805,440,7,57,4,186,498,1117,2,12,33,451,52,23,367,9,216,393,21,1212,762,1231,319,1270,182,340
chr6.42,60,255,227,77,155,1966,60,3079,5700,105,198,0,6950,2,209,7,1,132,6557,490,3,4010,347,8,49,245,415,212,7,26,3,174,465,642,3,14,25,311,18,18,169,5,185,270,13,921,360,670,282,1008,132,295
chr6.44,56,207,246,50,142,1479,66,2600,4872,120,222,0,5968,2,185,3,1,137,5613,453,2,3278,335,12,49,240,320,227,2,38,6,170,424,533,4,5,29,299,28,18,178,8,184,252,11,749,296,527,266,983,108,277
chr6.45,41,343,221,60,136,2258,52,2598,6408,131,326,0,7615,1,187,5,0,158,7277,595,3,4530,349,8,43,211,458,339,8,63,3,159,570,681,0,13,25,384,36,13,260,10,170,296,15,963,445,801,237,1148,113,252
chr6.46,69,286,269,61,142,2521,59,2560,7079,153,346,0,8559,0,272,1,0,183,8133,507,13,5234,363,20,36,319,534,348,1,55,0,217,474,853,3,2,33,397,47,15,291,8,250,274,15,1278,522,820,293,1100,105,308
chr6.47,71,211,254,78,145,2744,60,3644,6927,113,369,0,8460,4,266,9,0,150,8004,539,8,5168,367,18,47,302,572,386,8,59,3,205,502,872,2,17,37,356,34,16,307,8,231,286,23,1132,456,783,278,1115,133,301
chr6.48,85,336,252,95,175,2542,68,3042,7337,120,355,1,8823,3,197,5,3,201,8299,553,8,5351,409,21,75,332,487,363,2,69,7,218,520,719,3,8,33,367,35,22,279,8,247,322,20,1428,485,823,277,1165,181,297
chr6.49,91,835,466,97,199,3746,99,5717,12774,154,876,1,15196,3,295,9,5,233,14451,706,26,9487,685,23,138,457,1054,902,16,123,20,317,661,1379,2,26,45,881,30,41,733,19,366,581,23,2552,1469,1889,400,1785,259,423
chr6.50,101,652,326,99,176,3504,90,9441,10131,121,784,1,12579,1,283,13,5,277,11864,623,17,7315,514,45,123,448,1148,803,5,104,10,285,591,1467,2,19,32,620,36,32,670,20,347,452,29,1575,981,1800,423,1439,247,452
chr6.51,91,834,467,190,232,4751,113,4420,14521,225,998,1,17782,3,408,13,2,398,16810,664,14,11066,785,43,150,581,1480,1024,12,113,21,433,628,1944,5,26,36,1064,56,48,864,20,490,629,26,2132,2109,2314,384,1821,362,410
chr6.52,86,496,332,116,162,3352,76,2490,9117,139,486,1,11068,1,238,9,4,194,10391,546,7,6752,514,22,127,407,757,501,5,74,4,292,518,1036,3,15,28,656,41,31,408,7,321,441,14,1149,942,1253,308,1363,254,322
chr6.53,60,249,256,57,156,2170,71,2336,5711,103,228,0,6911,0,193,8,1,158,6540,513,2,3991,281,22,43,247,368,243,7,43,0,163,480,602,2,15,33,262,41,10,185,8,187,267,16,858,317,617,249,1079,109,265
chr6.54,61,254,244,63,193,2468,54,3492,6179,102,276,0,7402,0,220,2,1,144,7039,456,5,4487,341,10,54,231,360,285,7,40,5,155,431,613,3,9,25,349,33,21,231,5,170,300,13,872,355,614,257,1036,123,270
chr6.55,86,647,360,72,166,3088,79,9660,9175,121,796,2,11148,1,273,11,1,348,10600,553,10,6405,396,35,88,356,866,822,13,127,15,225,515,1180,3,26,38,458,41,19,654,4,270,473,28,1731,611,1513,339,1430,165,367
chr6.56,62,505,366,85,187,3981,72,9431,11894,176,982,1,13976,2,340,8,2,274,13440,491,13,9255,609,39,70,344,914,1002,11,164,20,230,466,1287,2,20,25,741,33,31,798,13,282,519,26,2400,1348,1419,425,1411,170,451
chr6.57,43,308,276,35,162,2793,48,3077,7008,96,513,0,8218,1,221,5,2,164,7940,475,7,5111,350,13,26,199,467,522,4,99,5,136,459,722,1,9,16,386,34,11,409,6,156,377,12,1062,424,775,273,1163,69,285
chr6.60,191,481,425,117,291,4458,126,9619,14807,252,651,2,18289,4,723,11,4,479,17414,870,24,11352,862,31,105,605,1398,671,7,70,11,359,820,2190,4,20,50,1025,69,20,570,20,414,662,29,2271,2484,1879,485,2030,246,514
chr6.61,100,369,344,79,222,2879,77,5266,8131,128,464,1,10361,2,418,6,5,344,9734,586,14,5596,404,28,108,401,851,482,11,76,4,259,555,1304,3,18,31,433,35,32,384,14,301,504,31,1025,727,1220,322,1472,206,353
chr6.63,103,923,541,96,225,5603,97,3760,18529,348,1283,1,22873,2,778,15,4,546,22258,683,13,14562,1340,36,115,349,2548,1309,10,192,29,197,650,3407,5,26,33,1209,81,47,1062,23,246,569,38,3130,2932,3471,615,1879,238,653
chr6.64,98,844,547,100,297,6023,121,3484,19012,293,1436,1,23462,5,817,10,3,527,22864,597,9,15137,1415,33,82,360,2537,1463,16,224,40,220,574,3434,9,27,23,1294,80,61,1172,21,262,686,32,3244,2868,3381,572,1919,206,604
chr6.65,105,582,569,87,234,6297,125,3901,18144,255,1295,0,21913,4,795,12,4,292,21266,629,15,14968,1381,28,122,371,1896,1327,20,220,26,223,598,2763,7,32,31,1248,72,59,1049,27,266,629,35,2883,2904,2478,374,1906,240,409
chr6.66,95,713,571,83,232,6071,109,3494,18044,262,913,0,21413,3,709,6,3,417,20969,781,5,14444,1181,12,62,258,1811,927,8,152,14,146,758,2584,7,14,23,1243,64,33,747,21,163,665,37,2830,2857,2524,376,2088,169,413
chr6.67,88,630,382,68,161,3951,67,6040,12115,156,398,1,14480,4,446,9,2,320,14078,700,7,9134,654,24,61,241,1248,414,6,55,5,122,666,1735,9,16,34,758,41,36,338,10,153,570,35,1895,1720,1878,299,1702,141,334
chr6.68,70,360,334,54,163,2894,42,3634,7470,122,276,0,9033,2,245,3,0,165,8696,532,4,5442,314,15,55,206,750,283,4,44,1,117,507,1021,2,7,25,352,26,22,231,13,136,330,15,1262,498,1110,268,1224,122,283
chr6.69,88,388,348,89,229,4660,117,7552,12237,189,521,0,14430,4,386,5,1,270,13979,501,6,9890,582,16,76,249,966,538,12,77,6,139,477,1396,1,17,24,828,44,30,438,15,161,463,13,1988,1643,1354,333,1357,181,346
chr6.70,87,378,448,83,233,4591,103,5668,12510,176,281,0,14382,3,271,2,5,222,13933,506,5,10094,591,17,73,261,781,294,11,52,2,152,486,1087,5,13,20,912,35,17,227,11,174,474,23,2214,1610,1159,343,1468,172,366
chr6.73,95,242,269,48,152,2904,66,2962,7350,136,376,0,8792,0,248,11,2,174,8385,455,10,5628,372,16,43,286,546,397,10,66,6,165,432,817,1,21,23,406,23,24,304,7,191,269,12,1176,634,788,276,1017,100,288
chr6.74,117,658,403,86,247,4392,111,6520,12089,173,774,2,14913,1,468,12,5,306,14236,498,14,9308,631,33,99,445,1270,801,13,108,13,281,483,1789,4,27,15,715,51,33,653,14,328,467,11,1807,1590,1928,401,1423,204,412
chr6.75,134,777,465,71,261,4296,100,8502,11228,154,907,0,14401,3,492,10,5,330,13659,580,30,8083,469,45,115,519,1536,926,9,151,20,310,546,2070,3,19,34,586,42,35,736,10,385,510,22,1540,1038,2313,423,1600,201,445
chr6.76,107,555,412,72,194,3653,80,7281,9830,139,580,0,11999,1,286,12,5,242,11445,450,21,7456,493,22,88,362,1018,600,8,101,6,212,424,1341,1,20,26,517,37,20,473,6,255,358,27,1412,1242,1573,309,1258,171,336
chr6.77,77,355,348,56,147,2902,49,2911,6750,89,373,2,8125,4,201,6,1,158,7746,398,7,4929,312,15,43,247,562,388,7,68,0,148,381,800,3,15,17,331,37,15,305,13,170,296,18,917,378,917,230,1082,113,248
chr6.78,93,376,372,52,148,3456,57,3051,8668,153,567,1,10660,0,309,5,3,309,10233,423,7,6447,442,22,36,312,1026,582,9,88,8,190,405,1360,1,15,18,436,25,23,471,9,219,323,26,1104,856,1402,368,1144,100,394
chr6.79,79,406,308,50,139,3217,61,3091,7652,113,634,2,9672,1,348,5,2,245,9257,413,10,5449,348,29,27,313,1022,651,10,99,5,195,394,1405,2,17,19,400,35,23,530,5,234,399,18,882,489,1428,389,1157,84,407
chr6.80,83,348,300,59,112,3139,79,4847,7959,147,419,1,9360,1,185,2,3,191,8941,503,10,5936,320,11,31,303,574,432,10,72,3,199,479,791,3,13,24,430,32,19,344,9,220,348,16,1311,589,922,295,1186,102,311
chr6.81,76,355,347,64,154,2970,66,6436,7907,141,391,0,9514,1,234,4,2,220,9114,576,5,5590,387,9,37,274,727,406,11,57,4,184,554,987,3,15,22,410,26,21,330,7,198,419,25,1179,503,1082,351,1371,110,376
chr6.82,73,711,285,53,154,3481,96,8871,9555,145,583,0,11775,2,323,6,1,376,11354,682,14,6596,405,21,31,309,1179,600,11,88,6,201,659,1549,2,17,23,534,47,35,489,8,236,452,40,1059,972,1890,376,1468,93,416
chr6.85,63,281,308,59,160,2947,68,2865,7157,131,228,0,8549,4,217,8,2,157,8197,457,4,5397,353,14,37,223,574,244,8,32,1,142,436,812,2,16,21,398,21,15,195,11,160,275,17,913,655,855,248,1063,109,265
chr6.86,53,337,324,61,133,3248,47,3179,8132,127,298,1,9734,0,263,14,2,178,9384,489,3,6121,435,15,52,209,771,321,8,36,8,138,465,1072,6,23,24,452,38,25,254,3,156,352,20,1067,792,1108,280,1209,118,300
chr6.87,54,260,260,45,154,2835,67,1685,6580,116,252,1,7744,0,172,3,4,114,7429,388,5,5022,300,13,28,226,422,259,3,33,3,154,372,628,1,7,16,380,34,15,216,5,172,229,23,796,595,682,268,912,82,291
chr6.88,75,529,280,61,175,4043,79,4483,10297,171,508,0,11857,1,212,7,1,172,11460,564,10,7981,515,21,51,259,664,522,7,64,4,153,541,909,1,14,23,544,33,32,440,10,184,361,24,1571,1137,1193,353,1239,123,377
chr6.89,69,826,398,93,270,5396,109,6600,14398,267,729,0,17409,2,592,12,7,249,16903,565,10,11481,708,25,85,279,1473,750,9,111,10,175,549,2126,3,21,16,888,61,27,608,19,210,493,28,2457,1765,2299,328,1520,204,356
chr6.90,99,789,395,93,253,6632,106,9088,17023,306,1130,0,20185,1,621,11,4,188,19575,508,22,14081,855,22,95,370,1505,1162,21,192,24,227,489,2193,5,32,19,1046,67,57,914,15,271,576,38,3019,2223,2294,386,1551,207,424
chr6.91,83,737,388,110,235,4974,139,10215,13532,212,1347,1,16437,2,602,17,6,249,15811,594,12,10572,570,31,91,369,1234,1378,13,217,15,243,570,1905,1,31,24,660,69,43,1115,17,286,624,36,2888,1268,1971,288,1676,224,324
chr6.93,85,736,378,121,149,4696,89,9316,11093,157,752,3,13891,0,506,11,3,277,13348,553,10,8271,458,19,76,296,1454,782,16,115,8,182,526,2017,7,30,27,423,57,46,629,17,211,423,35,1854,683,2190,367,1418,217,402
chr6.94,63,493,354,89,139,3729,46,4197,9411,151,381,1,11589,3,369,8,4,209,11215,470,3,7268,470,9,56,195,1209,398,8,47,5,120,448,1619,5,17,22,551,41,21,329,10,132,293,17,1394,973,1702,281,1163,159,298
chr6.95,74,729,540,119,238,5158,105,6994,15352,229,611,0,18393,3,480,13,1,378,17941,701,7,11982,903,7,107,194,1712,629,5,84,11,106,678,2246,5,18,23,932,54,30,516,10,120,542,26,2298,2462,2441,419,1842,237,445
chr6.96,75,489,379,132,184,3833,84,3908,11187,165,462,3,13246,1,318,10,4,323,12801,591,7,8457,580,9,64,208,1001,488,13,73,4,117,562,1346,3,26,29,681,27,23,385,10,133,510,14,1599,1599,1490,398,1510,210,412
chr6.97,49,426,340,79,149,3676,69,5176,9427,150,309,0,11226,0,325,9,4,254,10786,488,7,7204,466,21,71,248,790,332,14,58,4,171,462,1141,1,23,26,520,26,31,247,15,199,354,18,1361,1031,1216,311,1209,169,329
chr6.98,65,365,324,90,156,3234,70,3356,8380,181,501,0,10120,0,300,8,3,170,9677,445,6,6365,411,22,52,271,732,516,7,71,7,178,431,1071,0,15,14,499,39,29,423,12,206,342,21,971,1069,1097,319,1150,157,340
chr6.99,74,656,442,109,273,5443,76,5501,15452,273,1016,1,17831,0,435,13,5,220,17369,632,9,12481,942,16,60,244,1073,1045,15,177,21,145,609,1568,5,29,23,1137,60,31,818,15,170,440,33,1787,2899,1729,512,1579,189,545
chr6.100,111,712,459,139,198,6617,95,8937,17785,287,1168,1,21531,3,713,15,2,358,20754,651,14,14337,1012,37,100,483,1896,1200,16,176,16,321,632,2676,7,32,19,1100,67,46,976,18,372,522,37,2445,2876,2608,656,1706,259,693
chr6.101,71,860,471,119,220,5526,84,10090,16549,244,1032,2,20111,2,571,12,6,421,19469,657,17,12883,902,31,78,394,1982,1058,12,155,15,275,635,2616,5,26,22,1128,63,53,862,17,323,547,37,2298,2785,2842,615,1743,220,652
chr6.102,42,385,304,68,143,3183,62,3836,8604,151,366,3,10434,7,286,5,4,163,10008,471,9,6547,413,25,48,265,871,387,13,59,5,189,450,1199,4,21,21,479,42,23,302,13,223,331,19,1542,779,1256,357,1152,133,376
chr6.103,73,270,274,64,159,2819,75,3725,6993,119,266,1,8450,1,210,7,2,164,8015,467,5,5157,319,20,63,279,544,285,11,47,3,181,443,788,1,19,24,351,34,21,216,7,206,290,24,1190,359,814,325,1066,136,349
chr6.104,58,212,252,62,169,2012,42,2452,5082,94,206,0,6264,3,223,5,2,132,5920,439,3,3549,232,8,34,221,375,224,13,39,0,152,420,627,2,18,19,207,29,23,167,4,163,211,14,728,276,587,248,933,102,262
chr6.105,53,258,273,33,142,2575,53,1675,5862,90,179,0,7058,6,215,3,4,132,6743,444,4,4242,272,9,31,224,444,192,10,26,1,158,427,686,1,13,17,274,27,18,152,4,171,232,12,745,286,702,250,977,72,262
chr6.106,54,154,208,30,140,2050,43,1405,4864,85,171,0,5825,1,148,4,1,131,5551,394,2,3503,230,10,31,198,328,177,2,25,1,132,384,504,2,6,10,251,28,12,145,7,144,212,15,650,237,482,233,844,69,248
chr6.107,50,290,263,41,104,2797,64,2339,6466,105,248,0,7673,2,206,5,3,153,7355,432,3,4826,278,13,34,222,484,257,4,39,2,156,414,721,2,9,18,340,31,11,207,7,172,235,17,893,413,774,237,963,85,254
chr6.108,48,173,247,47,129,2347,45,1233,5453,100,203,0,6506,0,167,3,1,122,6225,409,3,3997,265,8,38,183,397,210,4,37,4,124,390,598,6,7,19,268,34,12,162,5,135,206,18,694,323,570,263,902,91,281
chr6.109,57,405,256,50,147,3109,61,1974,7515,112,288,1,8785,2,248,4,3,180,8513,456,1,5671,358,3,18,185,511,297,4,46,4,124,434,790,2,9,22,416,31,14,238,5,128,239,21,984,692,916,271,984,76,292
chr6.110,60,600,378,43,137,3785,83,3345,10372,145,449,1,11890,2,251,6,4,230,11596,478,5,8028,495,11,33,188,717,467,11,69,11,112,459,1004,4,18,19,631,36,24,369,6,128,327,16,1763,1209,1317,287,1223,86,303
chr6.111,60,583,361,59,139,3067,70,3025,8115,141,360,1,9774,3,280,12,6,184,9408,502,8,5820,263,9,36,226,770,386,13,53,5,149,472,1084,0,26,30,381,34,17,302,10,166,308,24,1432,536,1353,316,1205,111,340
chr6.112,83,649,471,101,141,4821,84,8859,12763,160,630,0,15694,4,477,12,6,317,15103,653,10,9731,468,7,78,360,1598,656,14,117,9,260,620,2115,6,26,33,777,40,32,504,16,277,430,30,1945,1560,2247,444,1600,201,474
chr6.113,57,415,317,53,134,3141,73,5186,7412,127,330,0,9028,1,249,9,3,186,8611,461,12,5469,298,15,47,288,710,345,6,45,4,204,434,992,2,15,27,447,33,22,281,10,231,264,14,852,604,1125,262,1077,113,276
chr6.114,88,341,307,80,122,3389,79,6172,8412,138,394,1,10117,2,276,6,3,208,9629,504,8,6361,430,11,62,310,707,413,12,64,6,203,481,1016,2,19,23,472,33,24,324,12,222,296,19,1163,769,1048,350,1142,157,369
chr6.115,69,497,342,88,146,3951,54,1991,10242,159,402,0,12229,2,348,12,1,227,11825,597,3,7892,456,9,57,230,1001,421,7,58,8,149,563,1383,5,19,34,615,34,16,336,7,161,304,20,1398,1313,1498,342,1282,153,362
chr6.116,65,204,309,96,122,3102,47,3678,6780,124,225,0,8189,0,251,3,1,178,7829,373,7,5197,309,8,32,212,588,233,5,33,4,132,356,880,6,8,17,343,41,13,188,11,147,240,20,842,477,792,240,969,140,260
chr6.117,101,539,409,78,151,4536,73,9586,11549,198,615,0,13714,3,328,7,3,301,13179,484,21,8954,541,27,68,350,1034,635,13,73,14,201,469,1406,5,20,15,702,44,19,528,13,249,411,19,1691,1286,1573,408,1353,162,427
chr6.118,97,476,335,81,141,3733,64,6882,9773,153,643,0,11725,0,285,7,4,209,11242,527,8,7437,429,31,47,327,946,660,10,74,15,191,503,1264,3,17,24,599,33,18,554,7,230,313,21,1658,865,1422,434,1211,139,455
chr6.119,103,517,387,51,167,4126,90,4371,11569,179,621,0,13319,3,228,9,3,227,12912,515,11,9156,624,22,25,298,833,644,14,109,10,162,495,1086,2,23,20,761,25,14,502,4,195,299,26,2057,1409,1350,426,1228,83,452
chr6.120,83,550,421,98,157,3688,74,5270,9910,155,504,0,12270,1,341,9,6,340,11797,554,11,7318,430,19,60,278,1271,519,6,90,8,165,534,1656,3,15,20,646,44,28,406,15,195,371,26,1523,876,1821,299,1393,179,325
chr6.121,76,620,418,117,244,4938,103,7292,14282,255,946,0,16847,3,344,6,5,353,16248,715,19,11324,786,29,50,403,1234,958,6,168,20,279,682,1619,6,12,33,1106,41,25,758,9,327,356,21,1760,2479,1854,444,1536,181,465
chr6.122,71,367,249,60,168,3500,81,4827,9372,171,569,1,10770,2,202,5,6,194,10369,480,7,7507,508,20,22,293,529,579,4,99,11,195,457,748,2,10,23,766,17,26,459,8,222,234,21,920,1642,896,292,982,96,313
chr6.124,59,370,360,45,163,3841,81,3473,9546,130,515,1,11386,2,299,7,4,333,11002,560,10,7325,446,18,31,271,878,531,8,85,9,184,545,1212,1,16,15,594,35,15,421,15,212,295,16,1265,1049,1248,271,1251,95,287
chr6.125,51,250,291,67,163,3227,66,6070,7394,126,822,1,8847,2,229,5,2,182,8503,457,8,5658,325,13,42,210,617,833,5,118,18,138,428,880,0,11,29,375,34,9,686,10,159,245,19,1202,403,867,283,1027,121,302
chr6.126,56,493,379,63,165,3674,90,4729,9284,142,713,0,11020,1,253,12,3,206,10642,548,10,6973,410,17,52,217,806,746,21,110,12,134,526,1103,3,33,22,414,44,19,591,9,161,288,16,1710,623,1299,359,1262,127,375
chr6.127,68,488,302,55,133,3089,66,5522,8019,133,300,0,9671,2,245,5,5,186,9296,647,11,5754,374,19,33,262,798,314,9,42,4,164,618,1078,2,14,29,411,35,30,254,4,194,308,19,1147,600,1286,283,1294,97,302
chr6.128,79,423,226,45,167,2613,65,5551,6718,133,352,0,8270,0,270,3,0,161,7955,502,11,4878,366,14,21,236,708,360,5,59,1,132,479,1005,2,8,23,412,27,25,292,5,157,230,15,831,523,1131,256,987,71,271
chr6.129,71,346,237,51,148,3069,69,2279,6905,110,251,0,8502,0,277,7,2,234,8193,547,5,5034,254,10,24,216,759,264,6,35,3,130,523,1071,2,13,24,348,35,19,213,3,145,237,11,853,400,1105,238,1058,80,249
chr6.130,113,447,344,54,215,3902,82,4732,8630,128,364,0,10547,1,332,11,2,310,10100,566,7,6321,307,34,38,317,805,389,14,75,3,163,543,1173,0,25,23,415,36,15,286,10,204,244,19,1009,560,1252,364,1190,104,383
chr6.131,70,391,283,49,150,3046,86,3728,7461,114,709,1,8977,3,266,10,3,245,8588,581,9,5381,315,14,44,262,590,729,9,69,10,169,561,891,1,20,20,386,35,17,630,8,192,255,19,983,537,981,288,1155,104,307
chr6.132,53,245,272,62,143,2445,69,1512,5784,108,215,1,7003,0,190,3,3,148,6653,423,8,4196,274,20,25,242,445,227,8,45,4,161,402,657,2,12,21,272,22,20,166,6,189,191,24,773,324,690,263,910,96,287
chr6.133,51,234,273,62,185,2958,44,5001,6453,101,300,1,7719,1,212,8,2,167,7388,472,6,4820,256,14,30,213,472,314,5,38,4,142,461,706,1,14,11,309,22,12,258,9,162,210,16,801,395,706,248,978,103,264
chr6.134,70,274,255,72,180,2432,47,2784,5971,110,244,1,7278,3,224,4,5,161,6846,409,9,4326,260,21,41,287,399,258,9,44,7,187,390,648,4,14,19,275,25,25,193,10,217,215,17,913,336,673,285,908,128,302
chr6.135,79,248,249,64,134,2561,63,2241,6015,105,262,0,7281,3,187,12,3,166,6865,452,8,4397,217,13,44,269,436,286,12,48,4,169,429,653,5,24,23,275,30,13,210,9,190,205,17,933,306,684,263,941,120,280
chr6.136,71,248,247,47,151,2658,61,1883,6147,97,220,1,7321,1,180,4,2,160,6973,427,12,4556,278,18,18,266,399,229,4,32,1,165,400,614,2,9,27,360,35,19,187,5,195,211,17,768,395,647,260,922,72,277
chr6.137,69,392,384,60,160,3495,55,2804,8197,140,467,0,9876,2,311,3,2,179,9461,470,16,6196,322,26,46,280,720,474,4,67,9,169,452,1049,0,7,18,490,18,18,391,18,211,243,19,934,815,1112,296,1115,126,315
chr6.138,100,489,371,74,143,3954,88,2745,10135,141,740,0,12005,1,342,4,4,246,11557,477,13,7913,471,28,31,310,824,751,7,100,20,169,457,1191,3,11,20,738,25,20,620,17,210,268,22,1235,1374,1313,326,1144,126,348
chr6.139,74,391,325,77,161,3505,77,3355,8239,110,525,1,9881,0,251,8,3,253,9458,475,11,6260,387,18,40,272,692,541,7,79,14,169,456,981,1,16,19,478,38,40,432,15,198,205,14,961,819,1083,275,1044,135,289
chr6.140,49,227,267,31,126,2751,58,2428,6062,86,302,0,7202,0,186,6,0,137,6901,402,4,4550,236,24,27,219,437,316,8,48,2,142,384,655,3,14,18,304,32,20,252,10,170,171,8,832,341,664,277,875,68,285
chr6.141,74,203,269,36,140,2406,61,2287,5895,133,187,0,7100,2,214,6,1,141,6753,414,11,4360,264,20,29,259,410,197,4,26,2,154,394,657,3,10,20,343,33,18,159,10,185,227,13,820,394,613,247,946,76,260
chr6.142,73,275,271,70,179,3070,69,2953,7498,134,373,0,9018,0,285,10,1,158,8674,406,11,5799,318,10,42,207,609,389,6,56,5,113,396,928,3,16,10,603,34,20,312,8,134,260,15,894,780,884,291,974,121,306
chr6.143,59,397,355,84,199,3745,61,1928,9884,143,381,0,11795,1,326,6,1,245,11418,512,8,7629,445,13,49,219,914,393,6,52,4,139,493,1274,2,12,19,675,34,24,325,11,160,328,17,1271,1350,1311,375,1231,145,392
chr6.144,72,437,316,63,175,3111,64,2130,8217,150,460,1,10205,2,336,3,3,182,9797,482,8,6110,341,20,47,269,982,469,5,64,7,169,452,1341,0,9,30,514,23,23,389,15,197,309,22,1285,709,1419,336,1130,128,358
chr6.145,75,309,341,67,159,2342,69,1797,6902,159,565,2,8298,5,244,10,0,138,7917,537,7,4995,346,19,42,244,512,584,7,82,7,143,505,787,0,19,32,431,31,15,476,4,169,305,14,1166,551,821,248,1214,113,262
chr6.146,66,298,300,59,155,3228,63,2047,7262,155,208,0,8472,2,198,7,5,148,8122,413,5,5549,273,11,30,234,410,222,7,25,2,152,397,642,2,14,16,369,34,20,181,6,168,218,15,1038,486,708,299,967,100,314
chr6.147,70,192,277,38,153,2229,45,2100,5715,125,199,0,6801,1,192,9,1,169,6491,419,3,4170,283,16,18,235,355,213,5,29,2,146,408,578,3,14,11,319,31,18,168,3,165,177,22,872,342,547,268,907,60,290
chr6.148,85,234,229,43,165,2324,46,1314,5754,123,277,0,6984,2,244,6,3,163,6623,432,5,4253,265,11,43,253,394,291,8,38,3,152,413,658,4,14,19,338,20,19,236,3,168,192,13,848,355,628,215,877,92,228
chr6.149,82,314,299,53,138,3985,75,2729,9048,155,322,0,10950,3,331,7,1,247,10532,562,12,7136,509,21,40,303,910,334,5,49,5,188,541,1271,1,12,21,607,30,11,268,6,221,218,19,895,985,1224,241,1110,100,260
chr6.150,63,450,422,102,155,4456,72,4431,12308,204,550,0,14540,4,407,7,0,369,14064,594,8,9766,619,15,47,299,1081,566,9,80,11,213,573,1529,5,16,21,842,41,23,459,8,236,303,20,1862,1783,1531,356,1365,157,376
chr6.151,77,413,312,72,140,3679,71,2754,10009,141,593,1,11919,3,355,4,4,329,11468,442,9,7894,369,21,44,293,860,609,11,76,9,186,424,1248,3,16,18,612,33,23,508,19,216,243,23,1744,1349,1273,327,1033,139,350
chr6.152,61,305,256,36,116,2587,57,2050,6450,110,250,0,7614,1,200,7,0,182,7314,464,5,4689,248,16,27,217,464,263,6,30,3,135,447,691,3,13,17,278,27,14,217,6,156,204,31,1130,336,769,302,954,69,333
chr6.153,72,553,330,78,151,3579,59,5351,9587,155,361,1,11379,1,321,2,1,281,10957,474,8,7221,309,19,50,275,807,366,2,35,3,176,454,1160,1,5,20,409,32,22,323,12,203,328,28,2109,660,1360,349,1165,141,377
chr6.155,53,240,249,27,147,1831,41,1367,4866,103,220,0,5936,1,202,5,3,140,5651,388,4,3420,224,10,20,216,363,230,5,37,2,149,370,597,0,10,18,276,32,10,181,8,163,164,17,727,259,603,238,833,58,255
chr6.156,64,250,245,47,163,2493,58,2709,6262,119,307,0,7547,2,219,2,0,203,7218,433,6,4593,304,11,16,249,481,319,10,45,7,168,409,735,2,12,24,373,35,25,255,3,185,232,31,844,460,731,248,947,66,279
chr6.157,64,284,304,39,146,2415,69,3424,6286,133,318,1,7603,2,220,6,1,195,7260,473,5,4452,301,13,37,241,508,334,9,48,2,159,448,759,4,16,25,358,31,18,268,7,177,263,14,791,454,792,279,1075,84,293
chr6.160,80,493,365,42,165,4516,71,2992,11175,164,781,1,13022,4,373,9,3,230,12664,629,1,8840,617,14,42,245,832,796,5,117,7,150,600,1253,5,15,29,938,48,20,657,7,165,296,20,860,1745,1325,277,1343,94,297
chr6.161,82,659,407,72,172,5041,85,1861,13411,200,524,0,15457,1,366,9,3,301,15079,549,8,10807,778,10,45,231,991,541,8,73,5,131,522,1411,6,17,27,1099,54,31,446,9,149,296,22,1406,2283,1650,333,1312,129,355
chr6.162,99,883,407,63,197,4897,95,2493,15122,287,974,0,18258,0,604,18,3,278,17822,560,9,12117,1032,16,62,260,1749,1009,17,136,28,136,534,2408,3,35,26,1222,55,30,810,13,161,396,25,2030,2649,2632,423,1421,141,448
chr6.163,77,533,370,70,182,3260,72,2302,9322,203,467,0,11718,3,477,5,4,229,11254,572,9,6920,619,15,61,304,1155,479,7,64,8,203,545,1678,3,12,27,571,46,16,395,10,227,337,21,1437,830,1688,321,1328,145,342
chr6.166,79,517,311,44,157,2972,88,3680,8218,132,560,4,9789,2,251,11,3,177,9404,503,7,6049,481,24,31,265,660,590,15,107,12,155,478,941,0,30,25,486,30,28,441,10,186,335,26,1316,662,1177,272,1179,88,298
chr7.2,68,438,221,53,158,1632,108,2965,6045,152,271,0,7510,4,234,9,2,200,7085,572,6,4019,512,15,30,314,494,286,6,46,4,225,530,774,3,15,42,473,46,14,221,7,246,266,43,766,484,932,269,1108,92,312
chr7.3,55,316,206,42,166,1412,102,2250,5381,148,271,0,6697,3,250,6,1,190,6331,490,9,3576,372,12,33,275,394,279,2,36,5,199,456,682,2,8,34,429,38,30,230,4,220,242,19,784,431,710,310,978,80,329
chr7.4,85,377,245,40,187,3652,96,5240,9821,179,346,1,11361,2,228,4,4,164,10861,562,5,7836,539,22,66,362,480,358,7,51,5,250,535,757,3,12,27,627,49,16,290,14,277,271,35,1841,998,857,312,1130,124,347
chr7.8,54,196,194,57,158,2516,58,2741,6065,96,276,0,7306,2,240,5,1,166,6967,453,6,4545,276,14,41,222,407,286,5,26,2,148,424,686,0,10,29,300,39,14,248,6,168,209,17,1054,303,603,271,895,105,288
chr7.9,64,523,262,121,251,3492,116,5344,10585,173,458,0,13127,2,489,4,5,255,12611,515,5,8200,574,15,78,275,1126,476,14,66,5,191,480,1659,7,18,35,681,44,29,387,17,211,352,43,1877,1403,1649,399,1180,221,442
chr7.10,99,821,442,136,313,5704,190,5127,18026,324,869,1,21544,2,667,8,10,447,20955,729,7,14284,1301,19,92,309,1681,892,14,131,17,184,691,2426,3,23,38,1266,78,62,721,17,210,504,60,2417,3272,2502,674,1756,255,734
chr7.11,94,946,389,102,309,4895,163,4898,15414,262,650,0,18393,0,522,9,5,332,17883,634,3,12089,1035,23,63,316,1403,666,7,113,4,196,592,1997,2,16,42,1161,72,35,533,8,222,435,40,1908,2828,2349,512,1532,178,552
chr7.12,62,455,252,89,190,3743,97,4077,9436,156,542,0,11812,2,502,5,4,199,11380,473,7,7388,513,10,51,259,1105,553,6,73,3,180,446,1657,1,11,27,707,50,16,466,16,197,315,28,1187,1082,1560,309,1091,160,337
chr7.13,83,470,270,103,157,3166,99,3855,8793,173,717,2,10729,0,373,6,1,233,10247,511,4,6665,428,15,52,295,795,739,14,85,14,193,470,1198,2,22,41,511,30,29,618,9,212,277,21,1600,787,1265,315,1090,165,336
chr7.14,68,531,337,98,221,3994,100,5185,11407,177,1199,1,13674,5,393,4,4,238,13196,596,7,8634,564,15,82,267,1030,1211,7,153,36,177,563,1468,1,12,33,691,45,30,1010,10,199,504,38,1989,1219,1561,498,1483,194,536
chr7.15,81,743,469,79,317,4303,128,5130,11270,159,1279,0,14008,2,491,10,3,268,13522,622,6,8111,514,16,105,259,1263,1298,9,156,40,156,589,1807,2,19,33,706,53,27,1083,19,178,611,40,1289,1140,2006,377,1757,206,417
chr7.16,90,922,372,53,221,4006,160,4079,11242,191,1122,0,13841,2,505,8,1,300,13412,567,4,8276,514,14,59,280,1229,1134,4,149,31,172,524,1789,1,12,43,878,55,40,942,22,190,407,61,1121,1566,2151,296,1402,135,357
chr7.17,73,318,226,60,150,2597,93,3113,6834,124,379,1,8104,2,211,2,2,170,7702,480,7,5032,405,24,27,292,390,388,6,53,8,188,448,625,4,9,32,370,24,16,318,10,219,260,27,1101,435,708,301,994,99,328
chr7.18,95,249,219,39,215,2804,89,2291,6463,107,327,0,7790,0,215,6,2,180,7325,458,4,4794,316,24,37,364,314,334,1,61,1,241,433,558,1,7,25,302,29,28,265,16,269,233,29,882,383,563,272,940,94,301
chr7.19,66,652,273,54,214,4048,125,7931,11523,215,297,1,13370,1,338,4,2,260,12927,529,7,9016,583,17,43,319,685,308,6,41,0,229,495,1065,1,11,34,704,42,26,256,13,253,248,41,2351,1115,1337,477,1093,112,518
chr7.20,111,1104,310,71,223,4500,157,5183,14544,224,506,1,16977,2,420,4,5,292,16464,614,13,11298,870,16,32,381,1078,517,6,80,5,241,567,1540,4,11,47,828,42,33,421,11,270,373,47,2998,1878,2182,469,1343,119,516
chr7.21,105,578,251,97,185,3038,124,5097,9572,182,411,0,11463,2,325,5,3,220,10953,486,8,7347,466,24,54,331,707,423,7,55,4,194,449,1072,2,12,37,413,40,20,352,11,226,308,23,2544,704,1285,337,1087,165,360
chr7.22,116,497,247,107,229,3476,127,5744,9253,181,401,0,11226,3,322,5,3,185,10643,596,4,6918,514,18,83,358,686,416,10,50,10,220,569,1034,0,15,27,532,26,21,341,14,242,352,43,1242,973,1183,394,1221,207,437
chr7.23,85,338,214,62,214,2936,114,4316,7478,130,263,1,8943,3,228,6,2,182,8503,494,5,5584,415,11,51,297,439,283,13,37,3,196,468,697,2,20,26,363,30,21,223,5,212,283,38,1148,592,777,322,1023,120,360
chr7.25,81,463,276,77,188,3131,106,6490,7946,148,326,0,9704,2,304,3,1,176,9218,707,8,5654,402,21,36,358,639,332,3,54,4,248,658,978,2,6,49,355,35,25,268,6,277,315,35,1101,517,1102,293,1335,120,328
chr7.26,57,498,292,49,201,2816,107,3393,8091,133,301,0,9767,1,306,8,4,176,9387,629,8,5791,516,12,32,266,648,318,9,54,1,189,588,988,5,17,41,395,34,24,246,11,209,298,31,1324,607,1146,347,1258,96,378
chr7.27,45,348,251,93,166,2769,105,3627,7297,140,236,0,8835,2,251,4,5,171,8361,491,7,5416,461,21,46,312,514,245,5,29,7,239,460,793,4,9,31,379,28,25,200,7,267,293,18,1195,472,862,280,1067,151,298
chr7.28,59,368,230,33,186,2466,98,2689,6468,134,276,0,7881,3,239,5,0,154,7501,476,7,4612,323,16,28,299,471,289,8,43,3,217,452,749,2,13,24,302,39,23,230,4,240,306,20,1030,357,839,277,1053,65,297
chr7.29,58,416,209,77,163,3459,99,3159,8190,138,250,0,9616,3,241,6,3,173,9240,544,5,6244,401,17,29,238,509,268,12,41,2,158,514,788,2,18,30,461,38,17,207,8,180,268,34,1213,572,925,283,1061,117,317
chr7.30,58,351,217,35,151,2370,73,1980,6244,126,313,0,7551,1,265,4,3,155,7225,507,1,4448,312,9,24,251,453,319,2,59,4,183,473,757,1,6,34,313,39,11,250,6,193,270,31,946,381,804,253,1034,68,284
chr7.31,44,242,172,61,140,2027,92,2079,5456,107,217,1,6598,0,198,5,3,143,6273,474,5,3907,296,14,21,223,365,229,6,37,5,160,443,585,1,12,31,306,22,19,175,5,179,224,21,814,357,607,253,893,90,274
chr7.32,63,533,266,83,227,3314,99,6556,9837,170,557,2,12278,1,446,10,1,294,11774,650,6,7213,451,22,81,308,1108,576,7,99,10,217,617,1611,2,19,33,502,57,26,448,11,245,431,41,1982,794,1641,381,1406,176,422
chr7.34,53,304,239,36,160,2594,84,2526,7245,135,423,1,8646,0,261,1,3,198,8312,485,7,5439,415,19,30,245,525,437,12,47,4,166,451,823,2,14,34,431,37,15,372,6,192,290,20,1084,780,829,253,1053,75,273
chr7.35,63,582,328,58,198,3165,101,11285,10068,162,663,0,12197,3,351,9,3,310,11658,602,13,7379,513,22,71,372,896,677,5,128,11,274,557,1291,0,14,45,611,44,32,524,18,309,349,41,1959,969,1478,445,1323,150,486
chr7.37,65,399,232,44,182,2479,83,3091,6861,127,241,0,8326,3,226,6,4,216,7929,527,3,4855,368,20,30,291,546,250,3,33,3,203,492,803,2,9,35,391,31,15,205,16,226,306,32,829,661,945,277,1098,94,309
chr7.38,66,605,248,46,234,3630,107,5076,11713,206,275,0,14012,0,481,4,3,231,13573,571,5,9270,802,16,52,318,972,284,5,48,6,231,538,1519,3,9,33,914,66,19,221,11,252,351,59,1243,2475,1577,356,1239,112,415
chr7.39,62,436,316,50,215,3712,85,3176,10393,165,343,0,12419,3,405,1,1,191,12040,589,5,8162,637,8,43,269,885,348,4,51,5,194,561,1347,1,5,28,657,57,23,287,8,207,350,24,1481,1510,1321,301,1313,102,325
chr7.40,65,358,290,68,187,2967,81,5052,8194,149,342,0,9815,2,279,2,3,218,9366,586,6,6122,460,15,37,320,583,354,10,61,5,234,542,904,4,12,44,475,42,17,276,7,255,301,31,1294,777,941,267,1223,115,298
chr7.41,95,544,327,58,196,3112,94,2981,10457,194,502,0,12162,1,267,8,2,206,11694,507,8,8131,854,21,31,357,647,513,3,70,5,233,475,947,2,11,32,925,33,15,427,8,262,399,27,996,2050,1191,299,1268,99,326
chr7.42,103,1078,389,53,203,4142,127,7712,14760,329,552,1,17134,3,306,4,4,252,16515,580,15,11602,1388,31,41,502,1073,559,2,73,8,353,544,1425,4,7,36,1239,46,17,471,9,399,470,38,1087,3417,2151,330,1489,107,368
chr7.43,83,612,331,51,170,4368,119,3581,14455,271,503,1,16197,2,262,4,2,194,15730,517,5,12001,1197,25,33,350,688,521,13,79,4,237,484,986,1,18,33,1162,36,16,420,11,267,381,46,2086,2917,1300,356,1266,97,402
chr7.44,54,465,228,75,131,3078,117,4031,8502,146,311,0,9893,1,217,6,2,169,9499,531,3,6466,610,9,33,259,497,326,9,57,2,193,498,749,2,15,33,447,35,23,252,9,205,282,29,1225,960,962,307,1078,119,336
chr7.47,94,529,260,66,169,3838,126,3193,9269,156,565,1,10950,1,240,9,0,279,10460,608,8,6978,633,25,41,349,626,585,10,72,5,222,568,896,1,20,40,464,30,14,488,13,255,298,39,1182,705,1155,263,1197,120,302
chr7.48,88,373,226,47,202,2302,84,2523,6499,126,277,1,7868,1,222,12,0,177,7449,505,5,4616,377,16,33,316,407,292,2,40,2,207,476,664,1,15,29,389,35,25,235,7,228,292,25,941,481,780,259,1059,87,284
chr7.49,99,555,328,88,205,3768,145,3514,11816,214,512,0,13786,4,342,7,4,449,13262,673,6,9006,671,27,78,328,708,527,8,83,2,196,628,1096,2,15,45,704,46,24,427,7,229,307,33,1958,1691,1263,439,1356,177,472
chr7.50,123,1184,508,82,283,5225,209,9085,17661,267,576,1,20780,3,483,3,1,483,20064,785,15,13724,1170,28,112,485,1395,593,13,74,13,319,728,1911,5,17,57,1186,33,25,489,16,362,421,45,2810,3066,2579,481,1752,211,526
chr7.51,104,528,298,76,220,2941,109,4509,8462,142,373,2,10630,4,315,2,4,274,9967,579,10,6003,474,24,80,476,816,385,8,48,5,338,532,1176,3,12,47,468,45,39,320,11,372,368,36,1214,764,1344,334,1293,171,370
chr7.52,101,821,218,103,247,2705,100,7314,8331,136,756,2,10912,2,482,11,4,219,10260,581,5,5673,459,24,98,407,1045,779,10,103,12,277,533,1582,0,23,48,444,55,31,641,15,306,351,31,1335,594,1866,406,1205,220,437
chr7.53,116,1268,356,119,336,4714,220,12600,15107,259,1333,1,19048,3,779,10,3,376,18154,729,12,11296,874,33,126,604,1651,1358,14,186,34,443,684,2491,5,25,45,943,61,37,1113,14,488,503,42,2675,1831,2919,495,1654,262,537
chr7.54,108,1326,474,117,334,5990,198,13641,19616,338,1417,0,23425,3,715,17,4,528,22530,752,17,15415,1554,28,114,593,1606,1457,23,200,32,440,705,2382,4,40,47,1438,61,55,1185,24,485,640,52,2584,3511,2932,370,1931,259,422
chr7.55,92,946,375,72,263,4293,166,10926,13706,258,902,1,16292,5,382,7,4,394,15576,707,8,10343,833,19,80,514,1000,922,12,138,19,395,646,1441,4,20,61,959,59,43,745,21,422,494,49,1960,2040,1946,351,1639,177,400
chr7.65,66,853,354,77,289,4405,130,5653,14943,281,815,0,18128,3,539,11,5,213,17578,764,8,11768,1403,36,86,353,1604,834,8,102,6,243,721,2216,7,19,43,1075,73,20,707,7,287,472,54,1721,2883,2457,438,1670,175,492
chr7.66,76,744,398,63,344,4736,158,8207,15562,293,716,0,18754,2,523,7,4,231,18142,709,9,12526,1612,33,79,428,1494,738,15,115,6,310,658,2078,10,22,51,1143,61,22,595,14,352,446,43,1749,2993,2238,433,1624,160,476
chr7.67,59,416,299,40,191,3418,127,3892,10056,213,455,0,11626,3,275,11,2,186,11266,539,8,7921,851,8,41,247,582,471,5,49,1,172,515,892,1,16,24,733,35,23,405,11,188,322,33,1146,1560,998,316,1196,94,349
chr7.68,51,777,358,63,285,3431,189,8258,12957,273,643,1,15925,3,409,11,3,179,15263,826,10,9923,1190,41,77,476,1372,671,16,89,7,374,776,1832,4,28,50,976,51,19,547,12,425,369,30,1839,2214,2149,472,1608,155,502
chr7.75,54,278,284,32,154,2794,71,2408,7785,142,374,0,9133,1,256,5,1,183,8810,530,4,5866,482,8,42,230,518,387,8,51,13,164,502,800,2,13,28,481,26,23,310,4,176,331,26,1113,854,796,262,1173,79,288
chr7.77,77,453,315,53,170,3826,89,3933,10961,190,1431,0,13071,5,314,9,2,311,12520,615,6,8322,595,26,41,427,940,1447,7,187,30,318,590,1300,3,16,25,768,46,18,1214,7,350,490,25,1467,1476,1393,409,1469,103,434
chr7.78,94,415,253,54,125,3115,112,2406,8658,173,1515,1,10449,1,259,5,1,150,9796,464,11,6596,424,32,49,526,618,1528,7,200,40,389,417,901,1,13,47,381,24,23,1275,9,432,357,32,1929,574,1033,367,1099,113,399
chr7.79,59,626,330,71,202,4206,115,4529,12462,171,1554,1,14715,1,446,7,1,199,14249,625,8,9804,605,25,52,311,969,1570,8,207,42,219,597,1470,5,16,28,769,55,27,1305,14,252,476,37,2720,1333,1595,333,1491,138,370
chr7.80,59,544,359,79,169,4027,87,7830,12654,210,1638,0,14988,0,498,7,1,247,14415,563,4,10110,569,22,90,371,962,1656,11,205,38,286,532,1505,3,18,31,753,45,18,1395,14,312,437,26,3163,1388,1506,347,1407,184,373
chr7.81,78,456,279,80,173,3790,87,3495,11878,223,1533,1,14028,2,460,6,5,313,13524,592,10,9395,572,23,47,341,888,1553,13,260,31,230,550,1386,0,20,42,584,38,19,1242,9,263,355,43,3300,926,1344,426,1264,141,469
chr7.82,95,736,330,82,274,4665,140,3373,14669,227,1280,1,17048,2,474,8,5,297,16527,792,11,11629,881,25,51,340,918,1302,13,170,55,209,752,1444,0,22,40,884,52,20,1055,19,245,444,56,3218,1754,1654,365,1618,157,421
chr7.83,103,653,411,122,263,5342,117,7499,17240,301,925,1,20615,7,596,7,4,373,19882,776,17,13816,1199,36,103,455,1598,945,12,146,15,299,729,2262,3,20,47,1166,68,26,764,22,352,577,35,2969,2839,2251,570,1835,251,605
chr7.84,57,417,335,71,172,3455,101,7612,10783,173,371,1,13070,4,385,6,4,274,12544,594,5,8111,655,15,88,337,1048,384,6,61,3,260,551,1488,1,13,43,779,55,27,307,9,280,586,36,1576,1473,1465,402,1571,172,438
chr7.85,52,380,308,80,159,3048,63,4801,8541,137,383,2,10490,2,341,8,1,185,10055,561,7,6373,524,13,54,270,906,401,8,54,7,198,526,1292,2,18,35,506,45,24,322,10,218,425,26,1196,962,1286,257,1341,145,283
chr7.86,78,721,458,90,213,4504,172,4482,14399,218,999,1,17847,2,641,9,5,197,17317,602,5,11533,902,17,88,309,1841,1018,9,108,21,209,567,2533,3,19,35,1023,51,24,870,17,231,480,36,2549,2337,2562,345,1594,200,381
chr7.87,61,663,329,79,198,3233,129,5062,9435,168,693,0,11873,2,442,10,5,130,11339,581,9,6973,486,19,72,340,1091,719,16,99,15,251,546,1577,3,26,35,614,44,30,579,10,279,403,34,1372,1100,1754,289,1360,166,323
chr7.88,44,427,311,33,187,3808,90,4092,9302,157,340,0,10969,0,340,7,2,169,10656,465,5,7324,472,12,30,228,692,351,4,38,4,167,426,1077,1,11,39,645,45,14,298,9,184,294,33,1015,1227,1119,264,1116,74,297
chr7.90,67,394,294,47,176,2833,90,2953,7361,125,304,0,8801,1,229,9,4,166,8414,459,7,5332,381,18,44,267,529,319,6,49,3,175,425,787,2,15,34,362,29,16,252,9,200,356,22,1166,465,923,320,1140,104,342
chr7.91,84,498,285,75,180,4160,87,5711,12026,200,416,0,14235,3,425,9,2,386,13658,566,12,9450,712,20,55,412,912,434,9,58,8,296,534,1365,6,18,32,761,28,27,350,12,328,424,34,1985,1632,1410,350,1309,144,384
chr7.92,76,239,246,37,172,3486,88,3007,8648,149,598,0,10702,2,490,5,3,213,10323,462,3,6902,482,13,43,276,892,607,4,79,10,184,446,1415,2,9,16,519,33,20,509,9,200,273,32,1177,1089,1131,259,1016,92,291
chr7.93,80,387,302,58,165,3349,82,2142,7838,113,520,1,9570,1,316,7,1,164,9110,576,7,5714,341,18,35,337,677,538,10,73,12,232,547,1025,2,18,29,404,32,24,435,10,257,309,28,1002,505,1064,332,1221,104,360
chr7.94,81,721,280,76,173,3781,116,4185,10011,174,596,0,12189,2,324,9,3,201,11534,717,19,7206,571,32,63,477,885,618,13,82,12,345,674,1234,1,22,43,540,25,30,502,12,396,444,37,1128,1012,1606,374,1467,154,411
chr7.96,59,388,318,55,158,2055,100,3632,6512,123,325,0,8139,2,255,8,1,167,7651,495,11,4418,471,21,48,362,584,339,6,61,0,271,454,881,1,14,41,380,42,28,264,6,303,354,24,942,447,972,319,1210,110,343
chr7.101,64,596,330,94,197,3666,92,4450,9427,126,448,0,11707,0,399,8,3,170,11139,588,7,7071,517,13,89,347,993,470,14,69,9,263,563,1423,0,22,25,539,31,23,370,13,283,330,30,1292,931,1589,289,1279,199,319
chr7.103,51,274,238,45,182,2220,77,1868,5901,114,274,2,7115,3,169,6,3,151,6759,448,7,4168,308,16,41,247,404,287,5,50,3,173,416,599,3,13,32,314,26,16,221,4,196,296,27,883,329,678,280,1011,93,307
chr7.104,62,398,293,54,164,3010,113,2396,7883,139,279,0,9725,1,297,5,3,182,9269,478,6,5868,448,20,70,308,779,286,2,47,3,220,449,1109,3,7,29,444,33,12,229,13,246,318,26,1204,623,1177,305,1125,140,331
chr7.105,49,436,197,34,141,2516,73,1879,6701,133,281,0,8083,1,201,6,2,163,7730,528,4,4799,326,15,54,239,577,294,7,45,2,171,487,815,1,13,41,307,37,15,234,10,190,268,19,1151,366,1013,275,1031,100,294
chr7.106,62,510,346,75,200,4452,131,5404,13124,246,717,1,15465,3,392,15,3,307,14919,644,5,10360,843,17,99,316,1015,751,18,78,10,232,601,1464,3,34,43,853,57,32,629,16,254,480,33,1774,2192,1525,409,1530,193,442
chr7.107,83,684,469,73,195,5032,127,5248,14573,261,1032,4,17284,2,494,11,5,316,16632,633,13,11499,856,23,132,400,1196,1057,10,116,28,281,571,1737,3,25,62,948,47,34,888,15,317,467,30,2207,2195,1880,438,1619,225,468
chr7.108,55,409,291,49,172,3478,104,2707,9487,199,2540,0,11198,0,346,7,4,169,10769,515,8,7486,670,14,76,270,622,2555,8,115,44,193,475,1006,2,15,40,722,38,16,2381,15,215,311,20,1200,1217,1031,268,1157,144,288
chr7.109,77,287,295,40,159,2909,87,2741,7391,137,505,0,8921,2,285,4,3,168,8558,475,7,5550,435,15,36,260,600,517,8,54,8,161,436,921,3,12,39,409,36,17,443,10,183,322,16,1064,596,887,258,1131,89,274
chr7.110,57,491,335,56,178,3347,99,4832,9274,157,508,0,11093,5,308,13,4,189,10653,453,13,6989,499,19,67,274,754,528,7,58,6,185,428,1102,3,20,25,567,40,19,444,14,217,473,32,1570,849,1245,290,1304,141,322
chr7.111,69,558,522,85,193,4225,110,7478,13398,227,733,1,15584,2,320,11,2,376,14970,625,18,10178,782,30,88,397,901,757,12,95,5,280,593,1269,5,24,32,976,48,28,633,16,328,740,27,1960,2008,1459,339,1940,191,366
chr7.112,70,365,423,70,153,4501,132,4278,12234,236,523,0,13917,1,241,7,0,327,13405,579,17,9460,649,32,63,357,614,536,6,63,9,238,547,886,3,13,32,1047,31,18,451,8,287,595,42,1538,1489,979,422,1631,141,464
chr7.113,82,361,322,86,183,3814,126,6964,10525,196,433,0,12331,1,265,9,1,287,11811,581,10,8103,531,31,70,337,687,449,7,59,6,214,548,977,3,16,33,745,25,11,368,9,255,464,41,1689,1128,1048,352,1395,166,393
chr7.114,79,193,218,50,162,2505,73,2663,6236,126,334,0,7526,2,201,10,0,192,7111,487,3,4518,310,26,49,286,410,350,6,48,4,178,449,640,2,16,38,301,29,15,282,12,207,285,26,960,316,603,300,1021,111,326
chr7.115,63,334,275,81,197,2773,85,4604,8295,142,480,1,10007,2,309,6,3,223,9592,544,3,6237,451,8,57,249,660,496,9,68,3,175,505,1015,0,16,39,436,46,19,409,7,186,338,26,1629,806,994,299,1203,148,325
chr7.116,79,792,480,74,266,4857,142,8911,15876,253,979,1,19156,0,539,10,8,294,18422,755,16,12426,1123,24,111,495,1552,1009,19,140,12,376,715,2138,7,30,40,1153,47,28,827,16,416,610,47,2518,2522,2344,437,1899,209,484
chr7.117,96,865,486,64,211,5745,177,11466,16711,240,1159,2,20335,2,747,12,2,484,19747,755,9,12924,1021,17,106,365,1855,1191,18,157,25,243,699,2648,3,32,56,1192,46,37,977,17,269,602,56,2333,2393,2720,499,1892,189,555
chr7.118,85,495,325,45,164,3509,114,6886,9460,168,554,0,11351,5,361,6,5,188,10992,530,8,7181,571,8,49,235,856,564,4,74,12,134,489,1254,0,10,41,649,37,30,468,10,150,382,34,1273,1011,1351,295,1274,109,329
chr7.119,95,484,329,55,198,3624,102,3057,9120,147,700,0,10544,5,223,10,3,203,10151,579,3,6555,367,13,61,239,485,720,10,79,14,128,544,731,4,20,35,408,23,26,607,10,144,505,53,1555,454,969,382,1440,129,435
chr7.120,80,347,294,84,151,3118,96,4693,8350,136,962,2,10253,3,403,8,4,181,9801,527,7,6130,430,18,77,249,761,984,12,120,16,144,504,1204,3,22,23,425,40,24,826,13,169,511,38,1455,566,1108,295,1375,178,333
chr7.121,79,502,326,82,213,3325,72,5227,9127,137,610,1,11222,1,427,9,1,235,10749,533,9,6595,455,12,86,272,871,631,11,89,10,172,500,1337,0,21,33,482,39,26,511,10,193,517,39,1497,699,1373,354,1415,179,393
chr7.122,73,631,434,75,244,4510,89,5069,12397,224,799,1,14937,0,531,8,6,247,14442,590,14,9572,709,16,75,303,1139,818,10,105,10,200,561,1712,5,19,29,809,42,35,684,17,230,479,41,1770,1550,1770,363,1550,173,404
chr7.123,81,920,618,141,323,5393,150,7649,18081,296,1061,2,22142,4,650,8,4,459,21283,866,21,13996,1171,41,141,540,2015,1077,6,152,28,397,825,2729,7,16,41,1319,64,30,881,13,459,711,53,2967,2850,2935,421,2266,299,474
chr7.124,76,789,443,157,236,3226,77,8599,12950,232,564,0,15752,3,421,10,5,351,15069,754,7,9623,852,14,125,350,1340,589,15,92,7,253,717,1806,6,25,37,1007,45,31,465,18,274,508,48,2038,2268,2129,397,1756,305,445
chr7.125,63,318,251,68,136,2225,88,2289,6394,129,205,0,7737,0,207,3,2,151,7339,483,4,4572,383,8,47,261,486,217,9,39,0,186,448,721,2,12,35,346,28,15,166,8,198,287,22,1067,422,804,293,1051,125,315
chr7.127,58,351,224,41,162,2091,72,2151,5910,126,241,1,7023,0,157,7,0,164,6699,424,6,4116,332,8,40,229,371,252,3,31,2,157,390,555,2,11,34,282,27,26,208,3,171,288,26,948,337,722,289,965,84,315
chr7.129,65,540,250,59,193,2823,117,6080,8641,134,427,2,10416,4,292,4,3,194,9995,478,4,6411,551,12,59,269,719,441,8,69,5,188,442,1044,4,14,36,434,33,21,353,13,204,374,42,1630,839,1259,327,1139,134,369
chr7.130,70,479,245,98,183,3116,119,3184,8344,155,368,1,10125,2,268,2,3,178,9714,491,9,6270,534,5,47,244,762,378,7,60,2,160,467,1068,3,10,24,426,38,24,306,7,174,306,31,1297,742,1241,317,1083,155,348
chr7.131,41,299,253,77,155,2616,68,2121,6730,140,376,0,8098,0,269,3,1,155,7746,437,5,4962,346,6,52,196,497,383,4,31,6,144,402,793,4,7,35,407,27,12,339,19,155,303,25,1003,450,796,280,1024,149,305
chr7.132,61,341,239,32,155,3388,108,2501,7485,123,327,0,8705,3,192,5,1,170,8384,511,7,5630,402,14,31,239,417,336,4,48,3,157,484,636,4,9,27,361,27,17,276,6,178,297,22,876,480,758,254,1078,70,276
chr7.133,71,480,255,59,164,3294,119,4433,9099,165,381,0,10888,1,241,9,0,161,10430,567,7,6981,511,22,53,311,765,401,11,53,10,211,525,1048,3,20,42,575,42,21,318,14,240,300,31,1487,949,1245,300,1167,126,331
chr7.134,61,829,409,74,266,5573,156,6941,16815,295,989,1,19633,2,424,7,4,337,19113,830,4,13425,1126,25,85,329,1395,1005,8,139,18,239,784,1876,2,16,46,1178,57,25,832,10,268,417,41,2467,2786,2224,500,1715,173,541
chr7.135,72,489,315,62,175,3294,112,6317,9273,188,631,1,11340,3,324,6,5,206,10900,587,4,6912,669,12,57,290,982,643,5,62,10,202,536,1340,5,12,51,555,34,23,559,11,218,406,29,1166,1040,1471,301,1347,135,330
chr7.136,56,272,249,68,187,2288,93,3556,6332,154,321,0,7785,3,208,4,1,152,7376,458,26,4560,373,7,45,280,526,329,4,46,2,191,415,764,1,8,43,324,30,22,273,4,224,304,26,1076,345,798,288,1042,118,314
chr7.139,75,515,305,65,157,2844,78,8519,8017,142,422,1,9723,1,285,8,0,163,9261,491,4,5762,434,16,80,289,697,440,9,55,15,194,471,1009,4,18,20,404,27,21,352,9,214,413,34,1369,569,1212,309,1240,154,343
chr7.142,104,836,370,80,173,3579,132,5725,11816,208,657,0,14613,3,434,5,1,281,13944,601,11,8641,688,25,91,471,1353,669,7,61,17,331,560,1823,4,12,41,615,36,22,579,11,367,636,45,1995,1556,2189,380,1647,183,425
chr7.143,116,1377,592,133,380,6112,205,12258,20219,341,1091,0,25106,8,751,9,4,446,24068,971,27,15246,1356,34,125,727,2462,1109,9,133,31,550,920,3264,6,18,51,1194,51,48,927,23,611,884,55,3380,2863,3839,594,2504,285,649
chr7.148,82,393,225,47,166,2232,98,5738,6370,110,311,1,7877,1,207,3,0,231,7450,512,11,4218,410,14,64,296,572,322,7,49,4,189,472,816,2,11,40,326,37,29,258,8,214,396,32,839,301,965,332,1172,119,364
chr7.149,53,209,212,27,167,2094,92,2123,5680,135,274,0,6865,2,214,4,0,139,6556,406,0,4147,347,11,28,241,379,282,4,28,4,177,378,617,3,8,28,321,24,17,242,3,188,248,26,959,291,588,273,893,58,299
chr7.153,69,451,299,79,187,2558,120,4414,7364,152,380,0,9148,3,262,12,2,248,8613,632,2,4801,416,18,68,350,640,400,8,44,5,261,592,942,2,20,40,349,40,24,331,13,281,523,57,960,366,1091,327,1496,162,384
chr7.154,61,288,273,65,153,2312,84,3039,6274,119,316,0,7748,1,243,9,0,151,7234,481,8,4372,377,13,95,325,452,337,12,44,6,243,441,723,1,21,40,332,28,31,266,7,264,342,30,918,314,740,305,1125,167,335
chr7.155,90,531,361,63,188,2507,93,6194,8923,206,491,1,10724,1,266,9,3,187,10115,743,11,5959,522,14,85,413,608,519,18,78,7,298,694,911,6,28,49,506,37,47,406,16,323,596,58,1596,622,1139,435,1743,167,493
chr7.156,68,374,297,44,159,2217,91,4488,7229,148,375,1,8822,4,237,3,3,174,8394,567,10,4978,456,14,58,294,634,388,9,64,7,202,541,915,4,13,26,413,44,26,304,12,226,454,35,1295,449,1008,320,1366,117,355
chr8.2,67,631,374,96,147,2901,124,3965,9126,131,599,0,10844,4,301,9,4,168,10331,546,8,6585,724,21,53,326,600,618,10,75,8,230,519,934,3,19,27,757,33,32,516,11,259,421,50,984,1088,1231,316,1377,164,366
chr8.3,92,847,351,107,234,4205,141,8931,13206,157,836,0,15547,4,488,15,1,387,14991,803,6,9826,880,15,94,312,874,861,10,128,31,199,747,1410,2,25,56,1063,48,35,677,13,220,660,48,1764,1757,1721,247,1864,215,295
chr8.5,97,766,411,130,212,5480,139,8887,14819,198,1165,0,17062,3,406,19,3,445,16426,746,4,11222,889,18,123,320,785,1206,22,179,22,201,700,1256,4,41,46,1114,65,32,964,16,223,613,76,1566,1975,1551,504,1839,272,580
chr8.6,109,821,461,120,259,5441,157,11674,15903,218,946,0,18095,3,352,12,5,329,17448,661,6,12551,1107,21,88,393,734,973,15,126,21,257,613,1129,3,27,48,1310,43,42,799,11,284,480,57,1930,2545,1555,498,1648,224,555
chr8.10,60,390,233,61,130,3010,104,2713,6765,97,305,0,8149,1,257,5,1,170,7790,416,8,5046,366,6,50,225,504,317,7,39,3,151,403,791,2,12,13,474,30,18,263,9,165,227,28,580,519,894,235,908,121,263
chr8.11,68,476,237,57,120,2893,85,2909,7034,96,274,2,8234,0,189,5,3,144,7854,427,6,5200,397,13,73,227,399,287,6,43,5,140,399,615,1,13,28,505,27,16,226,7,159,220,35,727,582,875,278,912,140,313
chr8.14,84,508,380,54,190,5324,116,5640,13326,164,912,1,15693,1,543,4,5,405,15232,546,12,10646,898,20,48,331,1001,923,6,151,30,215,526,1600,4,11,20,1009,56,23,731,11,247,452,53,1270,1981,1509,309,1438,118,362
chr8.16,134,548,433,78,153,6446,107,8118,15837,234,1262,0,18150,4,421,15,5,191,17389,467,12,13222,810,18,64,564,813,1295,18,182,37,400,448,1292,4,33,19,1226,58,32,1043,13,430,399,44,2064,2442,1361,497,1361,160,541
chr8.17,117,399,308,55,132,4828,102,5475,11212,143,943,0,13207,0,420,8,5,245,12601,494,14,9009,461,24,70,445,703,959,8,141,24,290,470,1155,6,16,24,868,32,27,778,15,328,321,36,1328,1381,1102,367,1161,145,403
chr8.18,67,186,228,37,120,2407,66,2418,5426,84,466,0,6376,0,197,6,0,123,6059,349,5,4039,280,13,24,242,215,478,6,72,6,157,329,447,0,12,20,358,35,19,388,2,175,178,28,622,288,401,276,790,63,304
chr8.19,67,190,251,44,130,2656,69,2937,5841,89,632,0,6905,0,232,6,0,127,6555,374,6,4334,273,11,41,241,263,647,9,88,5,157,356,515,2,15,18,366,20,21,539,9,174,205,19,650,300,453,318,852,94,337
chr8.20,56,283,255,45,135,3030,73,2045,6881,85,524,0,8048,0,228,6,3,134,7721,367,7,5228,324,8,39,225,383,536,6,69,11,154,350,632,3,12,17,428,21,17,444,3,169,257,20,899,462,666,317,903,90,337
chr8.21,59,582,339,95,161,3561,89,6092,10342,139,559,3,11936,2,264,3,3,142,11437,528,8,8029,633,19,60,320,535,573,8,83,5,234,498,845,2,14,30,767,46,21,471,5,261,392,41,1351,1578,1117,266,1307,163,307
chr8.22,61,399,289,52,132,2531,75,4160,7418,97,418,0,8807,1,257,7,3,149,8346,435,9,5577,478,21,56,322,431,435,10,54,6,231,421,721,1,17,14,555,33,12,358,10,261,237,35,904,1012,830,284,995,121,319
chr8.23,62,176,233,29,112,1844,71,2024,4728,63,247,0,5617,2,178,9,2,107,5293,371,8,3388,258,7,24,244,174,264,8,36,2,167,350,382,2,17,21,379,30,16,209,6,182,173,23,588,256,350,239,809,61,262
chr8.24,81,260,242,58,128,2758,102,4655,6415,84,331,0,7749,0,261,4,3,128,7328,374,6,4884,302,18,43,301,389,342,7,40,5,196,356,683,1,11,18,439,33,14,286,5,220,228,37,863,438,649,247,878,109,284
chr8.25,63,305,297,86,176,3613,91,8324,8224,89,468,1,9818,2,272,8,2,157,9281,503,13,6311,403,29,77,345,488,484,7,58,11,240,486,790,4,16,17,546,30,20,399,9,282,318,39,917,743,793,270,1152,174,309
chr8.26,75,256,291,36,170,2787,100,5224,7075,83,566,0,8616,1,283,13,3,134,8138,439,13,5248,417,18,57,344,486,590,11,77,2,238,416,793,3,24,23,468,24,22,487,13,269,352,26,942,551,742,304,1109,109,330
chr8.27,55,237,277,53,153,2893,74,3569,6763,100,396,0,7921,1,227,12,0,156,7617,405,6,5132,428,9,33,195,373,414,6,42,6,125,386,627,1,18,19,442,27,17,348,4,140,303,22,649,620,610,213,1013,90,235
chr8.28,55,207,197,44,144,2191,71,2662,5182,82,289,1,6214,0,185,4,3,147,5889,358,6,3787,289,9,31,226,282,300,6,47,2,156,329,492,0,11,29,358,25,32,240,10,171,178,18,558,309,489,258,758,88,276
chr8.29,55,196,220,40,143,2071,63,1595,4849,83,206,0,5771,0,169,5,1,118,5476,315,9,3547,253,14,39,196,227,221,10,36,0,118,288,421,2,15,27,313,25,16,170,4,141,161,15,547,280,423,259,723,84,274
chr8.30,62,308,255,79,142,2463,72,1977,5837,65,292,0,7070,1,235,4,2,127,6666,408,10,4174,277,11,43,260,354,305,9,43,4,177,373,615,1,13,35,321,26,19,245,6,198,257,29,803,245,662,259,947,130,288
chr8.31,56,221,227,55,124,2507,68,1942,5724,92,311,0,6785,3,170,3,5,129,6434,331,8,4289,294,9,41,232,320,322,8,52,1,159,308,518,2,11,23,398,28,15,258,4,176,223,25,697,301,541,262,811,105,287
chr8.32,59,550,392,84,182,4688,128,6626,12796,147,789,1,14711,2,327,10,4,391,14158,592,16,10004,675,16,91,338,696,815,15,107,15,247,558,1052,3,26,34,1065,29,28,667,8,279,457,36,1315,2114,1246,343,1473,187,379
chr8.33,68,456,429,77,166,4889,143,7028,12112,133,843,2,13805,5,288,9,5,412,13271,569,11,9559,675,30,86,327,514,868,14,133,15,218,523,850,3,25,46,981,48,24,695,9,259,373,26,970,1911,970,261,1422,177,287
chr8.34,64,560,342,58,211,3177,99,6350,9802,132,544,0,11962,1,361,7,2,344,11545,559,9,7222,550,16,80,244,1032,571,20,79,6,155,524,1433,5,27,35,767,40,20,459,5,180,387,35,1195,1401,1592,328,1333,145,363
chr8.35,83,814,570,115,287,4908,131,8340,15109,199,1126,1,18889,0,659,12,5,434,18292,714,16,11410,768,29,91,343,2037,1159,20,150,25,215,669,2765,4,33,45,1214,69,35,951,10,260,628,61,1727,2594,2851,439,1985,221,500
chr8.36,66,784,517,109,266,4157,124,8453,13959,196,1216,1,17145,5,619,14,3,298,16631,843,15,10516,807,21,85,256,1613,1251,20,151,25,154,788,2282,5,35,55,1084,50,22,1040,21,190,624,41,1777,2495,2397,309,2039,218,350
chr8.37,67,804,352,71,235,3937,94,3617,13104,207,865,2,15437,2,375,11,3,313,14899,755,8,10049,853,31,91,328,1051,895,17,108,20,222,718,1466,1,30,37,957,40,27,737,13,261,402,34,1942,2153,1855,367,1550,178,401
chr8.38,72,461,275,46,157,1892,67,2102,6234,106,271,1,7691,1,239,3,5,178,7261,588,7,4047,364,24,59,301,523,282,7,32,2,198,532,803,1,11,56,380,41,23,237,7,229,315,34,961,344,984,312,1220,117,346
chr8.39,50,244,245,42,180,2116,61,1759,5833,107,275,1,7101,3,257,4,0,144,6808,531,10,4119,369,5,30,201,440,285,5,32,6,136,496,734,4,10,35,423,37,16,237,7,151,246,17,764,340,684,267,1063,79,284
chr8.40,81,328,259,76,151,2938,97,8608,7950,114,447,0,9818,5,305,6,5,195,9353,648,8,5861,514,20,54,296,812,463,10,56,9,187,606,1155,3,16,42,452,38,30,382,13,215,283,21,1280,563,1140,322,1231,148,343
chr8.41,50,551,377,62,189,3405,119,9151,10318,147,684,0,12604,0,432,7,5,178,12131,587,10,7845,747,17,86,293,1037,698,7,102,14,216,544,1505,2,14,43,772,36,21,568,13,243,392,42,1385,1389,1588,323,1394,166,365
chr8.42,54,426,306,44,159,2813,76,3363,7709,114,290,1,9143,0,247,7,1,175,8764,612,9,5486,542,15,62,249,534,309,11,46,3,171,570,820,1,19,42,503,39,21,241,4,195,349,22,938,576,960,311,1307,111,333
chr8.44,184,1091,532,125,303,3631,144,12379,15154,236,698,0,19023,4,541,9,5,480,18162,904,16,10838,1253,40,105,586,1966,720,13,108,11,346,850,2561,3,22,54,1088,54,49,579,14,402,726,65,2020,2610,3057,466,2219,249,531
chr8.46,88,686,352,58,175,3194,92,2532,9559,172,398,1,11319,6,265,5,1,197,10853,692,9,6794,589,26,34,345,716,413,9,75,6,222,648,1027,1,15,44,699,46,29,317,7,257,448,38,1146,994,1402,322,1539,100,360
chr8.47,90,1375,470,81,193,5692,108,9514,17038,260,905,1,19983,4,517,7,0,544,19513,938,8,12303,682,23,100,255,1603,927,14,129,8,134,901,2174,4,22,37,1270,54,29,768,8,165,782,57,2211,2188,2978,536,2248,189,593
chr8.48,103,1427,604,102,246,5510,114,7177,17500,298,964,0,20863,4,679,8,3,475,20368,952,5,12594,956,11,112,249,1765,978,6,149,18,130,907,2508,7,14,45,1411,64,26,797,11,146,782,64,1527,2892,3192,569,2409,228,633
chr8.49,76,1001,463,73,232,3972,84,7447,14324,256,477,1,16836,1,470,8,6,322,16372,849,7,10628,947,21,69,282,1210,499,13,81,14,178,800,1732,2,22,49,1024,52,24,382,11,206,584,30,2245,2184,2211,421,1950,159,451
chr8.50,76,562,353,82,166,3123,80,6467,9236,195,405,1,11307,1,311,11,7,209,10702,633,13,6482,490,22,86,396,864,425,8,60,9,285,588,1220,2,20,45,574,45,16,336,13,320,520,44,1413,687,1426,415,1553,188,459
chr8.51,94,448,281,75,169,3571,96,7869,10115,166,476,1,12013,2,293,7,4,195,11465,563,11,7712,532,28,79,365,758,491,7,65,5,232,536,1085,2,15,27,684,34,18,406,8,271,430,40,1741,1018,1206,426,1310,166,466
chr8.52,87,448,240,103,214,3558,132,9422,10703,222,438,0,12983,1,415,6,4,415,12407,722,8,8164,637,23,97,341,895,452,8,68,4,223,680,1358,5,14,42,822,48,34,366,16,254,328,20,1752,1173,1343,327,1343,220,347
chr8.53,76,483,338,128,252,3460,91,8189,12113,204,426,0,14357,6,436,10,3,441,13829,1004,9,8975,780,10,110,249,901,442,6,76,5,154,950,1373,3,16,54,815,36,36,345,16,173,394,45,2335,1381,1384,394,1775,257,439
chr8.54,119,472,416,72,257,3592,108,8005,11135,204,419,1,13051,3,319,8,6,371,12484,861,9,8039,544,19,98,352,627,441,13,57,0,205,801,984,2,22,60,716,38,24,362,14,233,474,34,1979,1004,1099,442,1791,190,476
chr8.55,85,600,443,88,212,3857,84,7099,10585,163,676,0,13076,2,497,8,2,289,12614,841,9,7477,503,16,56,283,1189,692,8,82,14,173,796,1733,3,16,45,723,47,19,580,15,198,514,38,1278,953,1789,361,1848,161,399
chr8.56,53,445,381,55,197,3377,51,3701,8527,176,416,0,10262,2,334,6,3,164,9941,616,6,6226,438,10,47,195,796,427,5,59,6,126,571,1166,2,11,45,514,36,13,351,8,142,383,18,1059,662,1241,279,1418,113,297
chr8.57,60,503,334,81,250,3659,75,6808,11395,246,376,2,14120,2,501,2,6,275,13688,929,8,8494,536,27,46,271,1422,388,8,44,5,176,878,1968,3,12,51,685,45,25,327,14,211,389,48,2484,884,1925,395,1700,147,443
chr8.58,48,380,250,76,170,2768,63,3302,7947,166,254,0,9948,2,392,8,2,195,9583,629,3,5808,410,13,59,206,969,269,7,39,1,142,605,1403,5,15,24,441,42,20,214,5,158,323,41,1542,481,1349,296,1249,142,337
chr8.59,53,430,266,97,179,2812,79,4997,7875,137,266,0,9772,2,305,6,4,251,9371,642,2,5540,388,17,67,208,905,280,8,40,5,136,611,1238,1,14,31,421,28,23,221,9,155,375,33,1272,510,1335,314,1312,177,347
chr8.60,55,522,384,112,198,3529,120,4397,10162,204,549,3,12615,0,509,11,4,406,12124,667,3,7178,441,7,115,225,1077,577,14,87,6,160,632,1644,4,28,35,517,58,43,456,7,170,536,54,1726,761,1599,368,1649,238,422
chr8.61,71,843,517,111,263,3670,117,8064,13152,227,672,2,16037,7,543,10,4,444,15508,878,4,9361,819,19,91,285,1388,693,9,99,13,191,831,1976,3,21,47,944,45,31,560,10,214,613,51,1636,2065,2231,411,2056,216,462
chr8.62,66,661,635,111,326,5141,127,8360,16539,260,822,1,19286,8,486,9,5,400,18727,935,13,12674,1085,24,88,320,1189,841,9,132,7,217,885,1735,5,19,50,1321,60,28,683,8,254,697,52,1938,2929,1850,452,2332,212,504
chr8.63,67,404,364,65,193,3758,78,7306,10578,181,415,0,12267,1,297,5,4,209,11815,752,9,7944,600,17,91,266,630,431,11,56,4,173,703,966,2,16,49,708,39,26,355,9,199,540,39,1217,1480,1034,298,1697,169,337
chr8.64,64,287,293,59,184,2902,57,3740,7409,150,289,3,8848,0,237,3,2,161,8488,562,4,5452,438,10,64,217,574,302,7,46,5,139,528,838,3,13,34,480,27,12,238,5,153,372,15,949,533,861,252,1257,130,267
chr8.65,62,380,314,69,180,2865,78,5098,9162,181,296,1,10747,0,241,5,5,224,10353,616,4,6961,459,15,55,230,659,315,13,50,2,149,585,933,2,19,31,671,33,16,244,16,168,312,24,1691,1094,1039,313,1277,145,337
chr8.66,53,397,312,72,247,4903,121,10405,16163,350,745,0,18553,1,428,8,2,187,18088,772,12,13587,1012,19,77,290,1075,757,4,121,9,206,738,1557,5,12,34,1320,54,26,615,11,237,377,47,2894,3108,1472,453,1520,162,500
chr8.67,73,490,332,62,285,4166,105,4901,13276,232,641,1,15416,2,395,10,2,238,14929,720,6,10604,909,19,44,341,810,670,18,109,11,243,688,1263,3,29,32,1038,58,33,521,7,268,381,73,2072,2187,1300,402,1494,115,475
chr8.68,62,382,302,67,228,3055,77,3540,8147,159,344,1,9851,2,352,8,2,217,9455,678,9,5933,393,19,41,263,607,359,6,51,2,173,648,1003,3,15,30,500,44,12,291,6,201,305,38,1153,673,989,277,1332,116,315
chr8.69,59,615,390,48,268,3592,118,4855,12064,208,688,1,14110,4,480,7,1,438,13664,818,21,8960,650,14,53,312,687,709,13,109,11,218,777,1214,1,21,41,906,47,24,568,7,253,459,52,1918,1686,1302,307,1715,109,359
chr8.70,48,784,396,52,289,4261,93,8617,13659,218,621,0,16009,3,443,12,9,477,15477,898,18,10298,737,29,71,363,956,640,7,84,9,268,853,1436,0,19,45,900,37,30,528,15,315,450,53,2301,1881,1740,273,1781,147,326
chr8.71,44,336,264,37,169,2735,56,3673,7194,140,273,1,8521,1,254,2,1,202,8186,546,7,5231,349,15,45,236,480,286,10,47,0,170,499,767,1,13,47,425,33,18,226,2,192,308,20,1191,391,816,268,1152,85,288
chr8.72,65,445,320,56,207,3554,70,3076,10383,184,413,1,12031,2,318,13,1,233,11592,609,6,7888,580,16,78,273,568,433,6,72,6,186,583,932,3,20,26,702,46,23,335,9,208,518,42,1434,1434,1013,302,1496,144,344
chr8.73,100,708,436,108,288,3730,113,6055,12385,201,1002,2,15083,7,519,6,4,351,14537,728,11,9008,738,17,59,327,1197,1028,18,145,25,199,682,1751,4,26,46,839,35,31,832,15,227,692,48,1947,1553,1905,379,1895,186,427
chr8.74,159,966,625,88,358,4702,156,6767,15502,234,1128,2,19252,6,620,18,4,428,18713,943,8,11333,1067,26,58,347,2006,1157,9,169,38,154,888,2697,6,29,55,1164,71,45,921,7,188,691,46,1913,2253,2972,419,2336,157,465
chr8.75,116,1151,577,102,286,4981,154,8808,16833,277,992,0,20124,4,552,6,0,428,19582,897,20,12617,1074,32,54,354,1696,1009,11,141,22,186,849,2309,2,17,48,1397,61,37,829,11,238,555,54,2260,2628,2847,515,2092,167,569
chr8.76,68,746,474,89,191,4150,117,7866,13833,249,562,0,15959,4,376,10,3,315,15489,844,12,10461,760,23,53,294,928,581,9,76,9,191,794,1348,0,19,50,1082,44,26,477,8,226,530,27,2148,2072,1674,410,1892,153,437
chr8.77,54,607,325,85,178,3408,71,5936,11075,187,441,0,13190,2,363,5,9,309,12736,747,11,8149,652,16,64,265,1006,454,8,56,6,184,716,1412,0,13,31,725,43,26,379,16,211,493,36,1679,1498,1613,383,1608,174,419
chr8.78,52,311,236,48,162,2345,64,1954,6512,149,271,1,7771,0,249,6,1,164,7470,596,1,4616,341,9,41,197,443,280,2,35,4,135,554,732,0,9,42,437,40,20,232,5,145,298,31,941,403,754,240,1170,95,271
chr8.79,62,358,290,57,225,2844,64,2708,7497,127,364,0,9066,1,277,7,4,149,8708,602,4,5407,338,17,58,214,599,379,8,62,8,131,565,922,4,15,37,424,46,17,294,9,152,386,20,1236,438,957,264,1328,128,284
chr8.80,77,852,342,119,251,4688,119,9881,15584,255,1024,0,19023,1,661,10,7,385,18437,850,13,12152,856,22,116,313,1752,1044,10,161,21,201,797,2483,6,20,53,1094,70,40,842,10,236,478,44,3014,2245,2604,435,1746,252,479
chr8.81,69,1360,450,124,406,6049,135,10706,18819,287,1218,1,23407,1,805,9,9,438,22709,951,24,14588,980,30,117,410,2476,1239,11,166,25,287,892,3349,3,21,59,1351,68,47,1027,16,341,513,59,3195,2726,3836,410,1985,266,469
chr8.82,73,1178,497,134,332,5648,116,7289,15430,173,946,1,19571,7,798,5,4,359,18851,900,5,11375,643,24,136,399,2107,969,17,134,19,297,846,2973,3,23,54,1019,68,32,793,17,326,658,44,2093,1799,3285,384,2126,291,428
chr8.84,56,622,364,71,182,3285,92,5611,9203,133,554,0,11244,2,271,8,2,243,10792,588,6,6612,441,27,62,282,1006,576,14,74,11,193,544,1315,3,22,44,639,38,15,469,11,226,451,20,1274,840,1628,285,1444,146,305
chr8.85,120,1141,620,70,333,5907,143,8735,19050,272,1131,1,23093,2,684,13,3,532,22561,855,6,14566,1188,16,68,346,2289,1158,13,159,24,204,811,3035,5,27,44,1346,62,57,948,16,226,744,45,3047,2806,3430,485,2286,157,530
chr8.86,77,1205,462,62,308,6161,106,7239,19920,337,1101,0,23757,2,714,10,3,605,23339,825,3,15611,1452,19,81,243,2233,1120,9,165,28,144,791,3005,6,19,34,1419,58,38,908,8,166,648,55,3477,2765,3438,465,1999,154,520
chr8.87,80,772,400,59,231,3917,101,6104,13335,245,574,3,15939,2,474,9,2,300,15559,772,7,10294,792,7,85,195,1370,598,12,83,6,101,731,1892,4,24,41,1082,48,25,485,13,115,460,21,2205,2053,2142,287,1684,159,308
chr8.88,76,578,307,38,202,3602,77,5118,10115,176,412,0,12084,0,353,5,1,299,11689,773,9,7450,593,12,71,271,908,418,1,81,5,174,721,1295,1,6,52,715,34,22,326,8,195,379,30,1313,1051,1486,276,1494,118,306
chr8.89,51,798,382,56,173,4114,110,5290,13418,209,561,0,15983,6,481,11,3,325,15593,942,8,10187,667,21,54,245,1362,580,8,72,10,165,884,1892,3,19,58,1099,49,17,479,7,194,431,25,2133,1965,2160,308,1807,120,333
chr8.90,48,870,477,50,260,4799,103,9354,15791,222,974,0,18626,5,591,7,1,254,18220,992,11,12141,856,15,64,256,1405,995,14,133,17,182,956,2066,2,21,36,1216,70,21,824,9,208,585,27,2866,2182,2275,422,2126,124,449
chr8.91,48,568,314,58,202,3459,72,6466,9860,162,773,0,11662,2,334,7,1,206,11261,756,8,7240,552,16,53,258,746,792,12,125,16,186,723,1127,4,19,33,639,47,28,632,10,210,407,28,1334,1094,1314,309,1528,122,337
chr8.92,64,281,229,45,185,2347,60,2621,6687,120,271,1,7879,2,192,4,2,161,7561,570,3,4792,353,8,32,224,395,282,6,37,2,149,540,629,0,11,30,373,42,17,232,2,160,346,23,1270,329,676,268,1187,81,291
chr8.93,51,352,297,51,200,2843,78,6559,8000,131,310,0,9421,1,244,5,1,162,9083,697,3,5896,471,14,45,223,529,321,6,43,3,155,653,805,1,11,44,512,32,12,264,6,172,307,19,1073,866,881,257,1334,103,276
chr8.94,69,538,316,47,200,4020,84,4673,10879,210,374,0,12906,1,401,8,3,196,12525,786,8,8341,605,17,40,265,904,390,8,56,3,171,747,1362,6,16,39,813,57,21,315,9,196,401,24,1211,1482,1442,250,1566,99,274
chr8.95,49,449,244,46,169,3337,75,2163,8765,152,335,0,10434,3,341,2,1,196,10106,796,7,6400,418,16,29,234,708,341,4,54,3,162,759,1097,2,6,37,597,48,21,278,9,185,362,20,888,1008,1157,275,1452,85,295
chr8.96,49,227,202,39,196,2369,62,1934,6043,111,262,1,7182,4,177,3,1,135,6899,553,5,4385,285,5,43,183,399,269,3,31,3,124,521,598,1,7,32,402,22,11,228,6,134,282,12,847,371,626,235,1060,89,247
chr8.97,54,295,263,63,190,2383,69,2110,6811,149,291,1,8227,1,298,3,0,188,7901,567,8,4906,380,22,42,203,491,298,3,45,0,119,530,831,1,7,37,453,42,12,246,10,149,294,22,1045,496,786,263,1167,115,285
chr8.98,53,287,281,36,166,2567,59,2990,6815,119,270,0,7964,1,199,6,1,181,7654,604,9,4798,351,12,27,226,392,288,12,39,4,152,571,614,3,18,33,379,23,16,227,1,173,352,20,989,393,679,273,1263,65,293
chr8.99,53,231,235,51,174,2153,85,2925,6313,131,276,1,7534,1,228,9,3,145,7220,606,2,4458,334,13,33,203,385,292,6,49,3,135,574,648,2,16,32,367,35,17,224,7,150,333,15,1166,307,616,271,1211,94,286
chr8.100,50,318,245,37,166,2631,65,3025,7001,128,289,1,8219,1,218,2,1,180,7895,592,4,5069,335,13,55,207,415,300,8,44,3,140,565,663,5,11,27,439,30,11,242,12,157,284,31,1113,423,733,266,1156,105,297
chr8.101,56,463,266,59,179,3273,80,3855,9106,162,300,0,10583,2,290,4,1,156,10214,657,3,6900,496,7,50,229,537,313,9,27,2,163,626,849,0,13,31,590,22,20,271,15,173,358,22,1350,1029,1000,264,1303,125,286
chr8.102,58,750,339,81,216,4489,68,5048,14527,279,748,0,16727,2,403,4,2,208,16236,814,11,11552,1064,20,88,288,979,765,13,109,6,199,762,1425,5,17,52,1264,43,22,633,13,230,458,37,1577,2879,1729,342,1659,184,379
chr8.104,76,481,264,48,186,3870,97,6116,10619,189,889,1,12336,4,334,7,2,244,11958,853,7,8125,428,21,42,251,691,904,7,96,24,147,812,1056,0,15,41,740,31,28,769,16,175,307,20,1813,1085,1172,297,1455,108,317
chr8.105,80,733,347,61,238,4080,115,11849,14232,244,1002,1,16336,1,419,5,3,193,15882,877,11,11273,875,30,54,314,821,1013,5,128,20,193,832,1297,3,11,45,1174,57,18,854,10,234,438,30,2424,2476,1554,320,1722,128,350
chr8.106,71,501,373,77,226,4122,102,4958,11680,177,523,1,13789,1,399,6,2,282,13365,897,8,8707,635,24,79,240,921,540,10,72,13,137,846,1357,5,17,51,852,37,28,438,8,169,516,43,1465,1456,1422,328,1828,166,371
chr8.107,78,483,313,81,232,3418,112,7295,9838,155,376,0,12055,6,416,5,4,239,11602,789,10,7278,542,17,78,263,968,387,6,52,6,158,751,1420,2,11,38,680,36,20,318,10,185,358,41,1536,947,1451,315,1498,173,356
chr8.108,99,826,479,117,279,4353,120,11772,17647,299,991,1,21725,6,820,8,11,456,20994,1164,13,13664,1244,33,110,455,2048,1006,6,151,20,310,1101,2948,3,15,63,1412,80,24,820,17,356,580,64,3179,3177,2874,387,2306,255,451
chr8.109,105,1036,751,108,362,4471,160,6110,19219,335,1481,0,24486,2,1078,5,8,519,23659,1090,6,14324,1331,29,139,535,2750,1501,15,217,32,395,1028,3918,10,20,62,1463,90,30,1232,15,430,758,62,3599,3125,3786,639,2699,270,701
chr8.110,117,1150,757,124,304,4982,128,6060,19076,332,1701,1,23831,1,995,10,7,578,23179,1034,10,13932,1096,13,128,361,2588,1718,6,232,56,221,981,3671,7,17,53,1311,88,38,1413,14,244,829,65,3362,2849,3738,686,2715,273,751
chr8.111,131,1234,600,139,375,6172,154,11319,20816,318,1557,1,25791,0,1011,7,7,633,25002,915,10,15814,1168,22,163,442,2573,1577,12,170,50,279,852,3657,7,20,63,1404,73,35,1337,18,311,841,84,3856,2896,3807,653,2436,327,737
chr8.112,144,1135,547,112,424,7220,153,10616,22039,331,1073,1,26266,5,727,10,2,527,25532,893,8,17646,1581,23,141,434,2119,1095,11,128,28,259,840,2916,2,22,53,1503,70,40,917,18,290,640,55,3701,3310,3254,554,2152,273,609
chr8.113,116,850,328,83,338,6368,122,5171,16744,290,765,0,19235,2,380,5,0,293,18748,693,9,13703,1034,26,70,313,1107,775,5,91,16,162,642,1544,1,10,51,1273,57,11,658,9,197,487,41,2646,2092,1957,337,1566,162,378
chr8.114,75,619,325,80,266,4344,116,4981,12058,213,589,0,14109,0,311,7,0,224,13699,657,8,9376,740,21,42,264,909,601,5,73,11,160,625,1259,2,12,32,919,39,19,505,12,189,420,42,1938,1222,1528,374,1443,134,416
chr8.115,69,442,378,59,234,3734,71,7394,10554,179,447,0,12408,1,300,13,6,268,11961,600,9,8082,610,17,53,294,752,474,14,81,6,199,574,1102,5,27,26,705,50,25,360,7,225,419,40,1621,1233,1194,295,1452,125,335
chr8.116,66,271,271,46,188,2440,66,6899,6962,142,384,0,8352,5,223,5,0,222,7889,605,9,4995,343,21,43,352,413,394,5,69,7,256,584,673,2,10,21,424,37,14,308,7,286,318,26,1278,368,684,238,1233,96,264
chr8.117,70,383,262,61,175,3142,74,3881,8138,126,516,0,9767,2,273,8,3,211,9268,645,7,5996,412,30,52,354,578,533,9,71,3,247,604,881,3,17,41,466,30,19,442,10,284,310,24,1360,490,961,285,1250,126,309
chr8.118,74,323,240,25,199,2641,79,2482,7147,146,438,0,8613,0,341,1,1,177,8271,613,5,5174,451,19,41,259,471,445,6,51,3,161,577,846,3,7,36,400,34,19,384,9,185,322,26,1023,513,794,250,1212,76,276
chr8.119,65,524,314,43,179,3136,102,3162,9184,164,659,1,10889,3,374,1,2,251,10536,711,5,6490,522,23,49,238,668,665,4,99,9,145,666,1071,4,6,45,600,29,16,551,12,173,447,29,1386,682,1192,398,1505,106,427
chr8.120,35,493,415,57,198,3602,91,4070,9578,166,546,1,11133,0,276,3,4,241,10775,714,6,6874,556,14,64,213,595,558,8,82,7,158,669,908,3,12,45,652,37,23,457,8,178,449,27,1019,879,1088,339,1618,133,366
chr8.121,49,265,249,38,200,2239,45,1942,6311,129,253,1,7467,3,201,4,2,147,7152,756,4,4287,338,13,33,225,360,264,6,48,3,159,702,596,1,11,54,368,35,20,202,3,176,353,19,883,330,625,214,1394,76,233
chr8.122,44,368,263,64,160,2718,52,3022,7250,149,301,0,8605,2,220,4,3,162,8223,589,9,5178,384,13,50,244,510,314,9,39,1,178,558,761,0,13,31,426,31,14,261,6,200,405,26,1096,405,878,245,1288,123,271
chr8.123,49,314,262,46,176,2306,71,2460,6687,122,244,1,8069,1,252,5,2,173,7731,660,9,4582,392,11,43,226,515,256,6,38,2,157,622,797,0,12,38,411,30,19,204,8,177,391,21,909,442,829,265,1343,99,286
chr8.124,80,513,289,93,156,3308,81,4610,9409,150,573,0,11386,3,329,7,4,231,10907,737,9,6812,573,22,105,259,888,585,5,64,2,148,700,1261,2,12,37,585,44,28,507,3,179,475,29,1412,784,1401,293,1547,205,322
chr8.125,88,386,260,50,142,2209,147,3567,6728,150,707,1,8214,0,262,6,3,198,7783,670,8,4555,386,25,61,292,474,723,9,38,2,171,624,766,3,16,46,367,30,10,667,9,204,388,12,1078,365,860,246,1351,123,258
chr8.126,74,364,267,60,175,2962,101,2688,7914,127,343,0,9435,1,262,6,2,202,9054,702,5,5604,444,24,46,255,571,355,6,44,4,152,671,864,4,12,31,450,31,21,295,5,181,428,32,1164,457,935,290,1432,113,322
chr8.127,90,569,340,58,202,4040,108,2556,12061,184,435,0,13915,1,309,6,6,321,13516,711,5,9203,795,19,39,270,802,448,7,69,3,156,670,1145,4,13,41,756,34,22,363,12,180,496,28,1871,1557,1371,367,1585,115,395
chr8.128,41,399,276,38,187,2828,60,2525,8538,156,281,0,9893,0,230,5,3,209,9569,614,5,6335,520,14,53,202,522,301,15,41,1,142,586,784,2,20,28,610,32,19,239,8,161,383,27,1372,849,921,274,1307,102,301
chr8.129,56,863,457,81,265,4756,94,11474,16789,241,626,2,19519,3,561,12,5,445,19039,982,11,13129,1108,20,109,243,1268,655,15,85,6,156,947,1891,2,29,35,1390,62,31,535,10,187,523,49,2015,3619,2131,308,2026,205,357
chr8.130,54,406,336,69,215,3319,86,6803,11038,212,365,1,13121,2,426,6,3,248,12696,708,10,8562,723,20,78,244,887,384,12,45,3,160,672,1357,2,19,36,807,44,21,317,10,190,454,35,1832,1669,1293,266,1544,160,301
chr8.131,58,365,286,44,172,2456,82,3108,7542,155,276,0,8982,3,241,5,3,198,8580,643,5,5250,470,16,66,266,522,288,7,34,8,187,609,784,2,12,34,478,21,40,234,8,208,466,31,1070,621,887,261,1418,121,292
chr8.132,56,381,263,57,182,3337,91,5545,9503,180,307,1,11408,2,343,8,4,183,10938,633,8,7267,556,19,71,307,787,328,12,37,1,224,583,1162,3,21,50,628,32,14,269,8,251,430,35,1419,1147,1168,294,1361,140,329
chr8.133,65,576,383,90,248,3670,86,4318,12316,179,627,2,15123,2,539,10,3,248,14587,805,8,9282,782,21,94,306,1334,651,12,86,10,212,760,1937,2,24,45,930,64,24,531,17,241,677,35,1490,2231,1910,284,1931,204,319
chr8.134,73,820,538,125,321,4860,135,7295,16908,320,1248,1,20093,4,576,15,1,351,19430,1100,11,12764,1076,18,141,340,1420,1286,22,173,25,238,1039,2066,5,38,61,1188,70,39,1050,14,267,713,55,2857,2463,2240,523,2426,281,578
chr8.135,77,1228,731,105,303,5813,133,9984,20238,326,1422,1,24852,5,745,9,7,616,24082,1152,11,15016,1343,33,168,428,2590,1455,23,170,37,307,1108,3408,11,33,44,1539,73,44,1215,24,351,895,64,2445,3550,3818,481,2862,304,545
chr8.136,67,840,485,138,321,3837,92,8287,13752,232,1032,0,17967,5,722,7,4,399,17350,1078,2,9784,976,20,140,295,2379,1046,7,139,25,206,1022,3185,9,14,56,906,84,27,868,21,228,734,55,1773,2060,3219,341,2390,303,396
chr8.137,59,693,387,89,254,3452,101,8432,11806,197,519,2,14538,4,455,8,3,369,13986,960,4,8288,742,18,121,301,1314,540,11,89,11,220,915,1825,3,21,45,751,56,42,419,13,242,709,52,1635,1511,2007,303,2115,226,355
chr8.138,47,303,234,52,187,1752,57,2091,6025,144,288,0,7335,1,227,7,0,158,6990,564,7,4091,404,14,51,220,450,300,5,35,1,152,534,721,1,12,30,437,44,22,252,9,173,361,21,945,409,753,270,1204,112,291
chr8.140,78,737,361,89,208,2412,99,4737,8890,194,381,0,10947,2,311,4,4,233,10402,763,7,5812,656,15,104,323,832,396,11,68,2,223,714,1205,7,15,49,628,62,31,311,8,245,560,45,1183,739,1569,341,1753,205,386
chr8.141,60,479,245,61,201,1868,86,3590,6808,147,281,0,8448,4,283,7,4,223,8008,655,9,4403,548,14,55,296,583,297,9,43,7,213,614,913,4,16,41,513,47,26,231,4,236,443,42,858,469,1062,288,1394,124,330
chr9.2,65,408,306,88,135,3580,106,7532,9873,160,430,1,11186,3,217,9,3,221,10757,537,14,7629,481,16,51,245,384,458,18,70,5,150,498,643,4,28,39,639,42,26,355,11,180,371,30,1463,1306,792,341,1260,153,371
chr9.3,63,243,199,68,117,3056,73,2289,7012,137,319,0,8089,1,210,8,2,162,7767,425,5,5473,302,9,46,186,318,333,6,49,4,109,391,565,3,14,34,450,37,14,266,5,123,216,40,1129,399,561,237,880,121,277
chr9.4,57,239,234,53,120,3016,70,3464,6981,119,351,0,8097,4,239,5,1,177,7800,467,6,5367,274,14,47,166,373,367,11,65,5,89,429,629,2,16,38,439,17,14,281,10,109,215,30,1065,454,612,236,935,111,266
chr9.5,72,143,223,45,139,2421,62,2274,5502,112,305,2,6443,2,171,3,2,152,6154,445,3,4007,218,15,32,195,247,315,5,70,2,105,411,451,5,10,34,279,33,15,233,3,123,210,28,734,243,390,274,916,82,302
chr9.6,59,179,215,32,111,2631,86,1527,5760,96,221,0,6656,3,169,4,2,191,6400,367,5,4283,228,5,28,178,246,230,5,29,4,109,346,443,3,9,21,267,28,18,188,4,119,227,24,781,280,425,253,840,66,277
chr9.8,75,567,287,58,159,2946,98,3650,9326,152,467,0,10935,4,294,8,3,223,10590,578,4,6876,407,12,34,226,678,484,9,71,7,135,531,1007,3,17,47,604,35,26,389,3,151,387,41,1629,1138,1245,338,1290,98,379
chr9.9,68,732,332,47,210,2926,117,5995,10533,199,894,0,12474,3,368,12,5,407,12150,692,10,7609,551,17,40,194,835,921,15,127,11,99,643,1290,5,27,49,869,87,29,756,8,126,412,32,1346,1718,1567,283,1528,100,315
chr9.11,66,436,543,124,319,5539,124,4937,14191,204,1293,1,17154,5,571,11,4,504,16466,684,18,10919,593,33,136,382,1189,1315,10,209,26,265,633,1832,5,22,51,828,72,37,1058,15,316,574,61,2312,1443,1625,428,1878,279,489
chr9.12,77,568,503,141,259,5430,151,3139,15826,218,1577,1,18609,0,497,10,4,581,17925,726,25,12259,774,36,111,378,1128,1607,19,205,31,240,682,1689,4,30,44,965,64,24,1341,20,301,579,64,2786,2086,1696,518,1876,276,582
chr9.13,71,382,309,75,180,3316,106,2701,9945,156,1373,4,11734,3,342,14,3,367,11295,531,8,7448,467,17,72,247,686,1401,10,204,33,151,502,1064,4,28,29,651,36,28,1136,11,176,442,36,1787,1071,1068,398,1322,161,434
chr9.14,50,354,266,40,146,3549,97,2888,8617,128,907,2,9843,2,210,9,2,197,9580,425,4,6749,384,11,36,154,480,933,15,134,16,89,395,720,2,26,30,557,30,26,757,3,104,263,32,1282,849,834,303,986,81,335
chr9.15,40,213,265,49,131,2956,108,3275,7013,141,460,1,8149,0,215,6,3,127,7896,446,2,5410,256,9,41,141,398,470,3,77,3,90,422,644,3,10,24,377,31,21,380,9,101,227,30,1226,454,611,271,972,102,301
chr9.17,58,506,285,21,163,3637,95,1488,9634,171,739,1,11040,1,270,6,0,191,10718,621,7,7476,469,18,32,248,524,751,5,125,9,165,586,826,2,12,35,647,32,24,605,8,190,244,32,1262,1290,1030,253,1184,61,285
chr9.18,40,362,297,40,164,3184,67,2264,9125,129,699,0,10532,4,290,5,3,184,10212,601,5,7149,453,18,67,190,530,712,8,112,9,127,570,856,3,13,31,716,36,21,578,3,150,262,27,1079,1588,892,219,1199,113,246
chr9.19,48,296,271,29,136,2571,102,2400,7911,130,665,1,9118,0,239,8,1,167,8827,475,10,6079,467,14,47,195,414,682,8,97,9,123,446,678,4,17,29,545,25,18,559,2,147,306,26,1104,1262,710,269,1081,79,295
chr9.20,61,296,259,52,163,2517,96,2085,6971,102,324,1,8202,1,201,4,1,197,7887,481,7,5113,333,14,42,201,416,334,5,53,7,119,447,657,5,10,34,429,40,10,264,8,140,303,23,1177,555,712,284,1088,103,307
chr9.21,49,225,253,49,132,2368,65,2362,6533,110,349,0,7503,4,164,1,3,168,7243,390,8,4950,296,14,35,154,315,358,8,60,7,83,354,513,1,9,36,391,34,11,282,6,105,237,24,1353,432,540,274,915,93,298
chr9.22,61,289,248,117,123,3494,110,2345,7799,97,336,0,8947,0,162,6,1,199,8537,479,7,5988,301,10,37,228,320,352,10,43,5,150,453,505,3,16,26,395,23,13,288,11,167,294,19,1322,379,609,267,1047,166,286
chr9.23,50,401,383,71,125,4324,130,5007,9670,111,554,1,11183,1,288,6,2,214,10825,540,6,7289,334,26,55,202,574,574,13,79,12,120,498,900,4,20,42,638,38,21,463,7,152,518,44,884,998,975,256,1483,135,300
chr9.24,87,653,448,81,154,4678,178,8001,13064,177,1152,0,15444,1,424,18,3,241,14886,545,10,10060,703,15,123,307,1018,1187,17,156,31,195,517,1490,4,35,28,1018,48,43,965,8,220,647,34,1361,2123,1671,389,1692,215,423
chr9.25,134,958,558,96,239,5164,216,8288,16266,288,1220,1,19439,3,517,13,5,271,18735,647,35,12639,882,19,144,406,1442,1252,18,164,31,218,611,2014,5,32,36,1154,55,54,1025,18,272,604,43,2758,2393,2400,487,1869,263,530
chr9.26,87,733,481,85,164,4814,177,6112,14312,211,1128,1,16780,0,432,12,6,379,16299,529,25,11339,627,18,89,268,1160,1153,12,207,29,138,485,1646,4,25,44,1015,54,26,892,8,181,465,28,2649,2023,1893,328,1533,188,356
chr9.27,94,480,338,79,164,3719,118,4860,10862,182,564,0,12679,5,303,11,3,318,12283,580,10,8395,467,7,59,216,794,588,13,105,14,105,523,1139,2,24,57,746,42,17,445,10,122,358,29,1791,1490,1274,345,1320,151,374
chr9.28,94,322,242,97,141,2831,104,2907,7304,113,484,0,8606,1,193,0,1,250,8178,582,8,5275,259,8,64,248,411,491,7,74,6,138,536,629,1,7,46,413,25,19,404,10,154,313,39,1150,509,733,261,1163,172,300
chr9.29,67,599,387,71,194,4717,117,4308,13632,174,1082,0,15588,2,351,6,4,448,15100,693,18,10628,689,23,86,305,762,1093,5,173,19,197,652,1157,1,11,41,832,44,17,890,9,238,438,38,2540,1676,1361,383,1563,170,421
chr9.30,98,713,489,67,238,5252,167,3644,16233,271,1465,1,18849,3,459,10,4,565,18248,760,20,12642,846,31,80,406,1096,1486,10,197,26,257,708,1610,1,21,52,1058,55,26,1242,20,308,500,52,3018,2197,1809,485,1805,171,537
chr9.31,86,547,544,135,202,5655,152,4702,15569,258,1383,0,18365,3,531,12,11,494,17662,704,29,12082,721,29,104,397,1156,1414,19,171,32,253,656,1739,4,31,48,967,52,52,1180,22,311,581,56,2651,1830,1703,505,1885,272,561
chr9.32,52,551,354,93,161,4605,140,3130,12012,168,950,1,14018,6,352,8,3,418,13502,595,17,9208,542,16,76,301,789,970,11,107,32,216,557,1189,1,20,38,786,48,36,811,17,249,327,41,1951,1156,1340,481,1325,189,522
chr9.33,83,400,263,55,150,3019,90,3149,7981,109,362,1,9467,1,227,5,4,317,9067,441,9,5903,418,16,43,271,583,380,12,63,4,163,409,846,2,18,32,477,36,25,295,8,188,287,26,1094,786,983,317,1029,110,343
chr9.36,61,147,232,31,146,1991,81,1644,5152,96,252,0,6178,1,210,1,0,152,5904,468,7,3627,293,7,38,193,288,255,2,26,1,118,430,525,1,3,38,290,27,15,225,8,132,217,17,701,256,435,276,945,77,293
chr9.37,49,236,232,58,149,2115,83,1888,5770,114,243,0,6916,1,194,2,1,171,6587,454,5,4120,353,10,46,212,360,251,6,31,5,148,421,585,2,8,33,327,31,15,207,3,163,248,23,889,322,596,269,967,108,292
chr9.38,48,196,222,33,178,2143,65,1646,5460,103,1212,0,6550,2,202,3,1,162,6263,426,6,3963,360,10,45,192,324,1220,5,77,21,128,381,560,3,8,45,316,34,10,1114,6,144,212,20,741,300,520,246,897,85,266
chr9.69,62,174,186,84,116,2250,68,2079,5519,102,288,2,6701,2,229,3,0,153,6332,403,4,4070,264,10,36,231,374,298,5,37,3,155,373,629,3,10,30,311,26,16,248,6,169,253,15,870,273,548,246,871,126,261
chr9.71,53,422,261,86,144,3491,115,3216,8347,116,592,0,10201,3,365,7,4,193,9755,592,13,6182,401,20,52,278,751,606,7,85,10,192,564,1149,5,14,28,473,33,31,497,9,225,343,25,866,835,1173,293,1234,151,318
chr9.72,52,289,251,51,127,2523,72,2470,6121,130,460,0,7342,3,250,12,6,177,6962,475,8,4391,274,17,28,266,360,477,5,69,14,189,442,642,1,17,33,307,32,16,377,9,214,242,26,873,284,649,253,1001,94,279
chr9.73,86,433,299,72,145,3442,110,3509,8643,158,873,0,10120,5,236,9,3,186,9659,600,11,6452,460,29,72,279,499,896,14,134,15,153,563,761,1,23,37,511,26,25,724,7,193,315,30,1067,814,932,302,1241,154,332
chr9.74,92,645,409,97,180,4664,154,6111,13261,240,814,0,15317,4,402,18,3,180,14803,697,18,10394,788,24,88,289,760,837,5,135,32,155,654,1208,5,23,43,854,46,24,647,10,197,496,33,1650,2198,1405,378,1653,198,411
chr9.75,90,479,326,79,152,3161,97,6196,8498,153,483,0,10131,1,305,12,3,182,9652,607,15,6251,470,30,52,314,572,502,7,73,12,179,557,905,4,19,50,453,28,17,398,11,224,306,27,1217,797,1051,299,1271,145,326
chr9.76,75,386,267,51,137,2540,101,5947,6850,131,439,0,8246,3,295,4,0,182,7865,548,4,4947,312,23,35,274,451,453,10,74,7,172,517,777,1,14,31,322,31,13,358,4,199,237,30,1255,387,837,239,1084,90,269
chr9.77,80,283,224,48,122,2781,71,3662,6778,141,401,0,8222,2,283,4,3,166,7826,504,4,5107,343,13,53,266,537,420,15,65,5,169,468,855,1,19,36,314,35,11,331,5,186,221,16,1134,394,820,245,985,109,261
chr9.78,67,359,232,55,125,2864,70,2778,7473,129,428,0,8726,0,220,8,5,184,8342,474,4,5649,496,14,38,266,423,440,4,66,3,181,438,674,2,12,36,409,31,16,359,8,199,267,22,954,797,782,268,1006,106,290
chr9.79,67,610,405,68,138,4361,82,5415,12208,211,386,0,13678,2,248,6,4,199,13239,515,2,9680,682,14,70,266,532,400,8,59,11,183,481,811,3,14,34,792,31,27,316,15,199,424,32,1721,1913,1142,313,1378,157,345
chr9.80,68,605,425,59,171,5211,156,4394,14358,246,507,0,16366,2,365,10,3,189,15917,476,5,11864,778,34,56,301,822,530,13,63,12,194,444,1232,2,23,32,991,45,32,432,5,233,445,25,2246,2392,1427,295,1393,123,320
chr9.81,62,471,305,45,176,3740,128,2092,9696,185,680,0,11694,1,397,9,3,208,11261,468,5,7594,498,30,48,304,819,703,14,86,6,207,432,1261,3,23,36,584,45,33,588,9,242,304,33,1268,1319,1290,277,1125,105,310
chr9.82,68,437,228,66,134,3494,125,2900,8714,162,663,1,10462,1,334,12,2,191,10011,461,14,6691,559,24,61,294,675,683,7,65,7,188,426,1038,2,20,35,523,29,24,591,7,226,323,35,978,975,1112,322,1043,136,357
chr9.83,43,291,271,68,113,2968,87,2973,6940,109,464,0,8369,0,292,6,3,159,7956,408,8,5297,298,21,70,249,484,478,8,54,4,177,380,816,4,14,28,371,40,17,406,9,206,220,22,1014,537,775,251,943,150,273
chr9.85,66,394,286,81,149,3018,84,2151,8084,169,468,0,9404,3,196,6,7,197,8990,437,2,6190,384,15,69,241,446,479,5,76,3,158,412,673,3,11,25,403,31,18,389,2,175,251,32,1721,495,840,276,1008,159,308
chr9.87,63,340,234,39,106,3650,93,1886,8124,136,672,0,9511,2,275,4,3,183,9164,503,12,6289,361,20,33,246,542,683,7,103,6,151,471,841,5,11,32,414,24,20,563,13,183,253,42,1083,645,882,255,1019,88,297
chr9.89,56,251,215,35,97,2527,112,3083,6463,123,342,1,7657,2,235,3,1,135,7333,389,4,4952,361,13,39,225,397,359,13,52,4,152,364,661,3,17,25,391,29,18,286,5,169,228,19,887,663,648,253,864,80,272
chr9.91,72,282,227,74,140,2841,91,3016,6377,145,233,1,7692,0,209,9,1,153,7221,421,12,4814,294,14,59,308,366,254,11,43,1,210,396,613,1,21,25,338,38,11,189,8,236,208,18,871,325,648,242,895,142,260
chr9.92,54,286,213,39,134,2526,66,2560,6198,127,243,0,7333,3,211,1,1,164,7011,411,5,4610,320,12,32,237,356,246,2,60,1,166,374,613,1,3,37,342,46,15,182,7,183,227,17,915,380,642,254,898,79,271
chr9.93,54,244,193,51,132,1910,56,1839,5271,113,232,0,6319,2,221,3,1,155,5981,395,10,3797,315,14,40,234,271,236,1,40,4,156,370,522,1,4,25,329,30,30,188,6,180,188,25,854,276,515,243,807,98,268
chr9.95,50,210,232,42,164,2024,80,1410,5483,97,225,0,6649,3,216,7,1,165,6312,427,5,3868,320,14,33,240,328,235,3,31,3,171,403,585,3,10,24,307,41,23,191,8,190,214,23,787,333,538,318,917,84,341
chr9.96,55,272,238,43,141,2411,89,1659,6023,119,315,1,7192,3,222,6,2,164,6869,429,3,4372,340,17,26,232,372,330,8,51,3,157,390,616,3,15,39,309,22,15,261,2,177,246,23,872,321,644,261,938,73,284
chr9.98,40,247,219,62,123,2375,80,2043,5741,112,255,0,6827,3,202,9,3,145,6459,390,3,4214,300,11,47,235,272,269,5,54,2,181,360,515,1,14,30,319,41,18,199,4,195,231,30,746,362,519,246,882,116,276
chr9.99,50,397,284,44,121,3123,84,2299,7882,133,241,1,9273,3,207,1,2,189,8910,495,4,5926,425,12,28,268,575,252,9,33,4,202,448,823,1,11,47,451,41,18,204,7,218,282,23,958,836,972,267,1103,81,290
chr9.100,34,237,264,33,113,2939,74,1539,6734,121,267,0,7847,3,208,2,2,136,7564,427,3,5192,322,6,41,194,407,273,4,29,7,151,394,643,5,6,33,428,28,11,231,4,160,194,23,834,548,644,245,918,80,268
chr9.101,50,354,303,98,142,3306,77,6225,8056,142,480,2,9733,1,331,6,6,200,9252,560,2,5949,413,16,88,259,597,500,12,71,5,191,538,977,4,20,22,440,49,25,404,9,209,370,28,906,742,951,263,1286,201,291
chr9.102,90,785,453,94,179,4186,124,9012,12209,191,898,0,14940,3,547,14,6,212,14232,730,15,9104,736,25,116,453,1121,920,8,114,19,323,694,1720,6,22,36,762,52,35,765,14,363,541,41,1204,2025,1906,302,1782,230,343
chr9.103,103,790,437,113,182,5401,126,8852,15635,208,1339,1,18582,3,579,15,5,287,17757,744,9,12268,861,32,132,528,1166,1370,15,196,28,384,703,1814,4,31,41,1033,69,41,1115,13,425,612,35,2250,2515,1956,417,1866,263,452
chr9.104,81,527,313,99,150,3852,97,7774,11395,222,720,1,13392,1,365,7,2,256,12774,650,14,8798,672,25,90,396,706,739,11,116,8,276,611,1132,6,19,39,776,61,25,596,11,315,408,26,1478,1798,1233,386,1438,202,412
chr9.105,46,259,232,39,95,2655,77,1866,6152,125,323,2,7149,4,162,7,1,185,6862,411,5,4567,317,13,41,181,339,337,5,35,3,117,373,538,3,14,38,335,37,12,285,7,135,244,13,762,373,598,226,927,88,239
chr9.106,40,570,284,57,116,3611,89,2056,9468,165,579,0,10881,2,293,3,2,219,10551,396,3,7386,590,8,42,210,540,588,6,64,5,159,369,878,4,9,27,616,45,22,510,8,170,306,23,1048,1356,1110,258,1035,109,281
chr9.107,75,366,242,58,113,2737,97,1869,6810,129,466,0,8121,1,237,9,1,157,7720,417,4,5008,355,18,48,269,441,482,7,46,6,172,390,700,6,16,27,358,22,15,414,8,194,283,33,974,455,807,283,970,115,316
chr9.108,67,468,257,47,105,2603,104,2327,6544,137,621,0,7789,1,199,10,1,146,7430,433,5,4681,295,19,39,248,437,640,9,63,9,157,393,677,0,19,40,268,41,23,549,4,181,280,24,1103,275,905,232,1011,91,256
chr9.109,45,245,223,34,112,2302,75,1988,5657,114,321,0,6635,1,168,1,1,152,6281,388,3,4127,302,10,32,272,242,326,4,61,1,214,368,437,0,5,20,318,27,9,259,9,227,228,29,786,305,487,256,866,76,285
chr9.110,56,241,223,32,121,2789,78,2516,6655,116,360,0,7906,0,267,1,1,179,7510,424,9,5061,324,19,27,323,345,366,5,46,4,239,395,656,0,6,29,397,44,13,310,7,267,264,18,828,607,586,232,955,67,250
chr9.111,67,254,231,36,112,2973,81,4592,7064,140,448,0,8203,1,223,5,1,149,7859,406,8,5508,340,23,24,266,346,456,3,67,8,168,373,602,4,8,33,376,33,18,373,8,199,223,18,1141,538,600,253,897,69,271
chr9.112,39,130,244,47,128,2103,52,1283,5071,114,214,0,5979,5,188,2,2,144,5681,342,2,3719,269,7,16,212,216,224,8,45,8,164,318,430,1,10,24,240,26,17,161,6,173,207,20,737,256,346,247,820,71,267
chr9.114,45,248,195,46,118,2411,72,2037,5680,117,284,1,6806,2,219,7,2,140,6470,380,3,4160,269,15,27,241,344,297,5,53,5,178,345,600,0,13,35,370,37,17,226,5,196,259,19,686,307,592,262,871,80,281
chr9.115,51,275,242,46,153,3180,104,4522,7381,102,308,1,8561,0,175,7,5,147,8188,470,12,5651,359,19,26,273,353,327,11,60,2,191,432,550,1,19,38,399,22,18,246,4,222,267,31,1090,521,628,279,1002,81,310
chr9.116,60,407,279,55,165,3953,101,5842,10249,144,589,1,11746,2,270,13,2,189,11366,565,3,8179,629,31,27,267,544,611,8,77,8,173,523,851,5,22,42,721,37,26,504,5,207,314,22,1236,1496,951,263,1200,89,285
chr9.117,53,949,329,74,149,3529,114,8655,11888,226,507,1,13884,2,360,13,1,167,13468,527,7,9093,792,10,68,237,923,531,10,73,6,167,504,1317,4,24,23,913,34,39,428,10,184,452,27,1463,2170,1872,301,1346,153,328
chr9.118,63,1113,418,120,168,3948,115,7138,13147,247,784,0,16114,0,584,9,4,222,15585,640,8,9846,855,19,100,270,1522,808,15,83,17,180,594,2155,6,24,46,1111,49,48,684,11,207,562,30,1386,2299,2635,262,1675,235,292
chr9.119,54,766,366,103,189,4809,115,9521,14347,256,871,0,17200,2,535,6,1,238,16680,649,7,11517,864,26,98,285,1444,895,18,127,16,198,605,2029,5,24,44,1191,50,17,728,7,231,506,26,1907,2490,2210,257,1576,209,283
chr9.120,43,473,292,62,151,3173,102,6046,9216,130,404,0,10889,4,299,12,1,197,10469,478,5,7148,609,14,62,266,657,423,7,65,3,204,449,1000,1,19,29,630,44,23,336,6,223,321,20,1160,1446,1130,263,1136,131,283
chr9.121,42,168,191,26,129,2200,61,1239,5323,113,233,0,6203,1,165,2,0,145,5913,397,8,3969,263,5,22,222,215,243,8,38,5,167,347,400,1,10,50,304,20,11,190,9,180,196,16,805,284,383,229,805,57,245
chr9.122,51,276,209,46,130,2268,95,2447,5646,123,249,0,6765,4,185,7,1,139,6392,382,10,4142,319,14,37,267,303,263,7,40,1,192,351,521,3,14,31,335,33,17,208,4,216,206,25,787,310,579,247,833,88,272
chr9.123,48,231,205,30,115,2010,80,2290,5361,107,230,0,6397,1,184,3,3,150,6088,374,4,3928,289,10,30,235,308,237,4,32,7,173,356,532,2,7,18,352,40,15,191,3,187,179,16,790,380,539,261,800,66,277
chr9.124,51,277,224,45,129,2093,67,1682,5617,125,247,0,6704,1,197,3,4,169,6367,406,8,3972,307,11,31,243,323,255,5,38,1,173,380,554,2,8,26,306,34,23,208,5,192,243,20,818,323,600,281,909,85,301
chr9.125,50,197,258,55,136,1799,50,1257,5129,104,210,1,6102,3,192,4,1,184,5783,450,3,3583,276,12,17,231,241,220,5,36,3,166,422,468,1,10,28,301,35,20,171,2,181,182,23,763,340,438,231,926,75,254
chr9.126,52,298,278,43,129,2736,83,2456,6739,130,300,0,7975,1,226,7,8,177,7641,432,3,4958,395,12,36,227,424,313,6,40,7,160,395,690,3,13,37,362,40,26,253,6,175,245,22,869,466,722,300,998,93,322
chr9.127,44,230,183,36,111,1815,92,1505,5007,107,219,0,6038,2,206,6,4,156,5727,398,3,3578,297,3,32,226,285,226,1,34,3,176,365,517,2,7,33,347,26,19,182,4,182,174,14,729,283,515,253,783,76,267
chr9.131,46,241,230,31,130,1848,84,1715,5318,117,252,0,6443,2,193,4,3,155,6114,410,3,3688,333,21,38,238,344,265,9,36,2,168,385,582,2,13,25,348,45,28,214,4,192,245,20,734,308,585,299,932,76,319
chr9.132,53,267,247,32,146,2090,85,1929,5835,125,260,1,7019,1,233,2,2,176,6670,431,5,4164,352,10,33,263,349,275,12,41,1,195,385,604,2,15,46,366,22,14,218,3,210,229,16,875,356,616,289,931,70,305
chr9.133,64,239,224,72,120,1856,79,2172,5400,92,203,0,6587,2,220,2,1,176,6191,469,7,3749,351,7,49,260,337,212,7,32,0,182,441,592,1,9,28,290,35,21,171,3,196,215,35,821,339,576,271,944,125,306
chr9.135,65,420,313,73,169,2701,115,3976,8491,166,405,1,10141,3,242,11,6,253,9639,519,8,6160,724,18,45,347,583,427,10,61,3,256,488,864,5,22,31,528,39,30,341,6,282,360,43,1100,941,1003,388,1236,130,431
chr9.137,74,213,204,45,159,1001,98,1745,4360,128,223,1,5656,0,236,7,1,165,5238,423,4,2734,337,15,43,303,350,241,10,34,2,210,384,621,3,18,39,379,35,19,187,8,229,311,27,546,343,563,261,976,97,288
chr10.2,59,579,333,76,207,2927,77,3685,9769,188,396,0,11347,1,248,7,1,203,10950,654,4,7041,664,9,59,230,610,417,14,57,2,158,613,897,3,21,41,551,39,41,337,9,171,495,38,1718,993,1189,382,1524,145,420
chr10.3,73,911,480,96,241,4466,96,5467,14220,269,746,1,16802,4,424,7,9,242,16304,840,7,10640,755,35,86,276,1278,760,6,108,12,161,793,1747,5,14,47,787,45,37,626,13,203,673,31,2681,1682,2189,361,2043,204,392
chr10.4,63,503,284,41,173,2629,73,2305,7943,158,345,1,9412,1,239,4,2,215,9080,518,9,5692,476,26,35,232,622,363,13,46,7,134,492,891,3,18,26,412,30,20,292,3,169,371,32,1560,457,1125,305,1206,81,337
chr10.5,53,385,295,39,158,3135,73,1708,8055,146,469,1,9364,4,224,6,1,168,9032,561,12,5883,377,23,25,246,495,481,5,52,9,158,527,746,2,12,34,394,27,27,408,5,193,424,27,1411,420,880,283,1309,70,310
chr10.7,94,283,267,40,151,2824,65,2833,7946,136,268,0,9227,3,207,6,2,223,8878,570,8,6001,388,13,49,238,478,281,7,45,1,123,539,716,1,13,31,450,31,21,222,4,144,342,14,1372,831,761,224,1211,95,238
chr10.8,110,466,335,42,175,3528,73,2156,10032,162,291,0,11822,4,279,3,2,166,11437,568,6,7753,582,21,70,258,834,296,2,58,5,121,537,1157,1,5,31,632,44,18,228,4,148,394,32,1624,1225,1300,299,1342,118,331
chr10.9,164,639,347,104,164,4031,90,8412,11570,224,636,0,13691,2,353,2,9,253,13133,543,16,8816,526,19,81,341,915,647,9,112,11,142,509,1309,1,11,34,685,41,23,513,10,177,473,29,1913,1437,1554,446,1405,204,475
chr10.10,104,504,441,76,210,4810,120,8370,14433,244,756,1,17019,1,558,7,4,433,16570,656,10,11213,719,21,89,247,1204,773,9,98,13,112,610,1807,3,17,46,890,45,31,645,15,143,600,33,2839,1711,1708,519,1745,184,552
chr10.11,65,449,436,55,208,4196,129,5040,14642,230,582,0,16907,5,511,6,2,441,16563,787,6,11423,913,15,48,214,1030,593,5,91,5,128,745,1584,3,11,42,965,43,32,486,9,149,515,29,2888,2231,1479,527,1784,114,556
chr10.12,63,236,212,55,177,2212,73,1578,7243,143,298,1,8534,2,248,6,3,206,8248,630,3,5334,518,12,27,182,479,309,4,39,8,104,604,755,1,11,26,447,28,16,251,6,119,265,18,1211,803,715,325,1136,91,343
chr10.14,60,320,247,36,162,2567,67,2010,6771,133,320,1,7900,0,219,5,2,158,7648,536,1,4916,380,11,24,174,406,330,4,46,2,102,505,648,1,10,31,388,23,26,272,6,114,293,7,895,553,726,267,1100,68,274
chr10.15,71,382,249,48,182,2885,69,2992,7416,143,306,0,8726,1,233,8,0,175,8430,523,7,5427,382,20,19,202,510,325,11,52,6,104,497,763,1,19,26,357,20,24,248,7,131,359,21,1035,625,892,255,1152,74,276
chr10.16,80,569,277,44,215,2733,88,3913,8130,146,445,0,9965,2,331,7,1,150,9661,628,4,5700,403,10,42,196,867,460,8,78,6,102,587,1228,1,15,41,423,30,26,361,4,116,467,16,1370,625,1436,296,1403,91,312
chr10.17,86,672,283,72,211,3725,67,4054,10645,207,445,2,12816,1,363,9,4,206,12407,697,12,7875,514,14,55,250,1083,466,10,66,7,138,653,1484,3,21,44,562,38,24,372,6,164,546,35,1714,1153,1755,304,1567,137,339
chr10.20,86,639,473,70,269,4156,84,9566,14312,275,941,0,16944,2,504,11,3,373,16474,723,17,11077,929,34,53,304,1255,969,17,123,12,167,685,1809,8,28,38,1101,50,30,806,10,218,521,18,2107,2509,1894,450,1775,136,468
chr10.21,58,610,330,28,203,3588,91,9420,12289,244,983,0,13977,1,338,6,2,220,13663,621,13,9749,831,28,38,229,706,994,5,120,15,130,582,1080,3,11,39,1002,36,24,848,5,171,425,27,1820,2264,1316,280,1415,73,307
chr10.22,68,286,270,53,155,2510,60,4897,7191,143,440,0,8392,0,217,5,1,179,8085,519,4,5265,437,13,36,199,430,454,9,84,3,114,495,679,2,14,24,462,32,9,353,4,131,359,15,1193,520,716,287,1182,94,302
chr10.23,46,350,239,43,124,3156,80,2194,7580,126,270,1,8868,1,249,5,0,167,8601,451,3,5691,334,15,36,166,541,283,7,53,4,102,430,817,1,13,21,386,27,15,213,8,120,376,16,1261,428,891,274,1094,87,290
chr10.24,57,569,254,56,184,3608,71,3105,9016,153,300,0,10658,1,274,5,1,220,10294,567,6,6690,409,22,60,227,718,313,8,52,6,142,527,1023,3,13,40,460,31,22,242,6,170,386,19,1344,716,1287,286,1241,123,305
chr10.25,61,301,189,68,158,2902,77,5749,7610,144,444,1,8960,0,222,16,4,186,8607,494,8,5849,350,12,44,203,510,471,10,86,8,122,467,762,1,27,27,358,30,17,350,7,142,308,20,1521,574,811,245,1022,123,265
chr10.26,59,593,320,94,198,3141,57,3555,8879,132,549,1,10536,4,262,5,1,291,10218,615,5,6214,441,11,34,166,810,562,7,72,5,91,584,1084,2,13,31,415,12,20,472,6,107,461,26,1519,566,1403,337,1410,135,363
chr10.27,98,670,459,73,243,3814,76,5527,11001,142,314,1,13175,2,332,6,1,454,12699,763,9,7765,632,17,73,304,1012,331,10,55,7,180,720,1379,3,17,43,546,35,35,252,6,206,552,34,1701,930,1682,266,1812,153,300
chr10.28,55,288,286,42,143,2723,68,2600,6906,133,249,0,8022,0,186,3,2,160,7781,496,1,5056,396,11,30,155,449,253,1,39,3,88,455,664,1,4,41,390,29,22,207,8,100,280,15,997,417,737,302,1092,82,317
chr10.29,83,292,286,46,173,2855,61,5642,7724,156,433,0,9111,2,236,5,2,151,8772,529,5,5809,377,16,31,242,548,443,5,61,5,138,494,814,0,10,35,418,30,29,367,6,159,317,16,1253,750,840,295,1162,85,311
chr10.30,68,384,218,42,136,2754,58,1739,7037,141,500,1,8320,0,227,3,2,164,7992,458,5,5154,386,15,30,242,498,508,4,82,7,154,423,761,1,8,35,423,36,14,411,4,174,356,20,944,506,882,268,1069,78,288
chr10.31,67,383,275,40,155,2915,84,3895,7189,135,347,0,8442,2,220,1,0,199,8140,486,8,5190,376,18,21,227,468,350,2,57,4,134,448,712,1,3,38,377,24,26,286,9,160,311,21,966,421,851,297,1097,70,318
chr10.32,51,463,268,36,134,3266,69,2989,8023,138,247,0,9595,0,332,7,0,217,9369,512,2,5868,389,10,28,149,790,256,2,38,2,86,473,1143,4,9,39,469,21,13,207,4,98,420,20,1049,557,1253,238,1225,68,258
chr10.34,64,295,254,41,153,3154,51,3689,7317,132,426,0,8528,2,214,6,4,172,8249,500,3,5391,367,18,28,181,492,446,14,59,4,96,472,728,2,20,28,411,22,13,363,3,117,390,20,894,433,787,280,1168,76,300
chr10.35,38,337,317,35,144,2720,50,3320,6968,116,589,2,8107,2,205,6,4,191,7867,495,7,5064,354,13,24,159,459,603,6,83,8,101,462,705,3,14,33,426,41,13,498,2,121,275,14,1028,420,796,259,1131,65,273
chr10.36,59,287,262,37,164,2475,48,1998,6501,125,344,1,7562,1,193,6,1,154,7297,516,6,4681,343,10,33,179,357,355,4,58,5,104,470,584,1,11,46,348,34,15,281,3,120,290,18,964,426,644,277,1103,74,295
chr10.37,72,737,359,48,230,4671,103,7378,13922,254,799,1,15767,4,353,12,2,312,15450,682,8,10866,722,15,28,207,794,825,13,120,15,112,653,1195,5,26,29,1004,48,17,664,2,135,583,31,2271,1944,1531,330,1677,80,361
chr10.41,73,467,258,52,169,2387,90,3714,7073,119,306,0,8718,1,263,3,3,164,8376,493,6,4966,461,20,41,233,745,313,4,39,3,134,469,1044,4,7,24,375,36,15,264,5,160,382,26,1124,500,1212,298,1173,101,324
chr10.42,70,745,335,37,185,3297,97,7940,9721,168,451,1,12005,1,423,10,2,321,11636,512,8,7074,462,21,42,256,1174,470,8,78,7,157,484,1633,1,19,28,522,36,27,366,12,186,398,26,1676,949,1919,282,1282,93,308
chr10.51,84,484,416,51,173,4071,120,3852,11744,193,779,0,13874,4,350,8,3,407,13513,610,12,8751,486,24,50,222,1088,795,8,124,15,102,571,1476,1,16,39,734,38,16,640,15,138,595,20,1953,1314,1572,444,1660,119,464
chr10.52,133,724,456,85,136,3569,117,9196,10570,186,1074,0,12887,1,483,8,8,303,12403,673,5,7481,507,20,60,303,1054,1090,8,185,23,145,641,1580,3,16,32,636,43,15,866,11,170,487,27,1423,1160,1778,401,1662,164,428
chr10.53,132,806,561,98,192,4557,104,7490,15295,252,1478,0,18313,0,606,7,3,468,17778,694,7,11689,1114,15,95,310,1528,1491,6,237,40,156,668,2187,6,13,26,1041,53,22,1201,16,178,529,32,2207,2518,2334,488,1843,212,520
chr10.55,146,823,583,92,273,5903,110,6026,17324,302,1272,1,21028,3,663,11,5,431,20472,699,8,13547,1280,15,90,332,2057,1297,13,176,33,163,663,2765,8,25,36,1138,45,33,1063,9,186,645,41,2231,2693,2880,514,1980,196,555
chr10.56,109,736,609,122,232,5314,140,3488,16875,276,1072,1,20604,2,700,15,6,464,19988,644,18,13289,1171,29,93,339,1981,1104,16,127,25,183,603,2741,9,32,41,1151,60,34,920,22,230,621,27,2565,2812,2717,442,1943,243,469
chr10.57,77,505,322,50,186,3150,69,4620,8717,134,734,0,10972,2,458,4,4,286,10605,658,10,6200,436,21,54,239,1139,747,9,102,9,131,618,1633,3,13,40,387,36,20,623,5,162,432,20,1276,817,1644,271,1451,113,291
chr10.58,53,468,259,35,207,3420,73,3116,9075,123,597,0,10733,2,378,5,2,179,10512,599,3,6973,524,9,29,141,755,606,4,92,14,76,558,1157,1,9,41,638,24,19,491,3,88,310,16,908,1360,1223,251,1193,69,267
chr10.59,58,268,213,37,155,2403,55,5635,6404,133,302,1,7456,1,221,6,3,152,7226,416,0,4808,328,12,31,140,370,317,8,41,6,70,390,612,1,15,26,337,21,13,255,3,82,231,20,1214,393,638,282,882,74,302
chr10.60,58,310,226,44,146,3115,60,3249,7636,134,415,0,8828,1,263,4,2,170,8558,437,6,5895,312,17,33,167,423,432,13,64,8,86,406,716,1,17,31,339,30,15,343,6,109,287,27,1577,418,733,268,981,85,295
chr10.61,84,277,257,44,167,2807,52,2404,7154,130,408,1,8358,3,230,6,2,159,8065,453,5,5350,339,9,25,205,438,420,5,52,4,107,433,692,1,12,20,328,24,25,352,2,121,331,26,1301,445,715,275,1066,73,301
chr10.62,70,392,281,36,167,3089,65,1567,8153,137,271,0,9600,3,263,8,1,242,9316,483,9,6038,460,15,43,182,639,284,5,43,1,88,439,931,3,13,44,445,29,14,227,6,112,360,18,1185,722,1031,322,1156,86,340
chr10.63,50,510,278,60,166,3020,72,3997,8306,128,412,1,10247,2,406,5,3,180,9965,473,3,6168,473,9,25,165,976,427,9,82,3,103,449,1421,7,15,24,527,39,24,327,12,115,357,24,970,1050,1486,285,1154,100,309
chr10.64,68,620,394,63,192,4179,96,5407,11750,186,989,1,14558,2,705,11,5,294,14192,583,8,8858,599,25,66,205,1392,1008,7,153,23,104,552,2154,1,19,31,739,57,34,813,6,137,597,44,1719,1436,2012,325,1632,140,369
chr10.65,90,578,404,127,230,3972,105,5441,11512,186,1152,0,14406,2,644,8,5,317,13964,544,11,8709,644,28,73,212,1410,1169,9,172,34,83,508,2117,4,17,36,931,63,23,946,6,122,554,40,1270,1706,1988,339,1569,211,379
chr10.69,50,255,228,32,132,2061,61,2697,5812,115,276,1,6924,1,188,7,2,153,6657,466,4,4122,414,15,38,176,443,290,6,53,1,107,441,652,5,14,25,321,21,13,222,4,126,282,12,846,365,698,276,1002,76,288
chr10.70,47,391,226,36,139,2215,70,2901,6246,126,269,0,7315,2,193,5,0,183,7062,412,4,4427,427,13,25,179,389,277,3,50,2,115,382,607,0,8,30,373,25,17,217,3,132,283,30,906,380,780,277,946,64,307
chr10.71,45,308,222,34,140,1770,49,2046,5311,106,243,0,6234,0,172,9,2,180,5980,426,7,3624,350,8,25,173,289,256,4,36,2,113,397,480,0,13,29,284,19,9,205,7,128,269,18,785,329,597,255,936,68,273
chr10.74,43,208,274,31,141,2183,45,1664,5684,158,269,0,6625,1,205,8,2,160,6390,436,8,4056,313,12,24,161,284,280,3,41,3,98,409,520,1,11,27,340,31,15,225,5,118,249,16,769,293,492,269,991,62,285
chr10.75,55,247,273,26,151,3252,42,1340,7450,131,619,1,8659,0,290,4,1,137,8426,530,4,5711,429,13,20,176,444,625,1,88,10,104,505,783,4,6,25,448,49,18,521,4,121,256,26,813,638,691,248,1112,51,274
chr10.76,50,359,271,47,121,3380,73,2377,8079,157,531,1,9378,2,270,5,0,150,9116,424,4,6334,469,8,20,180,536,542,5,90,11,118,398,843,1,11,26,536,37,18,430,2,130,251,20,865,927,895,251,984,69,271
chr10.77,37,332,210,24,157,2235,60,2414,5981,121,371,0,6996,1,189,5,2,158,6756,400,3,4272,350,16,12,181,332,386,10,52,3,125,375,558,2,15,25,337,37,18,316,5,144,298,23,839,390,664,268,947,43,291
chr10.78,48,302,224,29,127,2123,55,2178,5669,118,284,0,6783,1,199,10,0,149,6539,467,5,3939,315,8,16,178,466,301,7,54,7,117,434,688,4,17,33,336,23,15,223,3,130,275,19,699,348,768,275,993,48,294
chr10.80,57,760,340,89,162,3842,101,5832,11692,190,675,0,13764,1,362,3,6,203,13366,468,11,9181,757,31,73,205,1017,695,17,109,13,106,435,1411,2,20,33,841,32,22,553,4,148,337,33,1530,2021,1777,346,1179,172,379
chr10.81,82,817,499,97,212,5586,137,6291,16209,309,1064,1,19553,4,682,8,6,460,19104,566,7,13123,867,26,76,231,1812,1091,18,177,25,116,524,2546,2,27,42,1106,52,34,862,8,149,412,33,2423,2832,2629,263,1531,187,296
chr10.82,62,996,514,69,237,5160,121,8700,16192,339,963,1,19034,2,486,19,4,237,18627,437,6,13150,913,19,91,191,1548,1002,19,147,35,104,418,2077,11,39,19,1071,43,33,781,11,129,433,28,2849,2818,2544,353,1438,175,381
chr10.83,53,587,312,45,142,2938,72,6360,9709,206,428,2,11487,0,326,12,5,210,11139,459,7,7414,617,17,65,202,852,454,12,72,5,125,432,1216,8,26,27,631,38,26,351,5,149,355,18,1837,1185,1439,320,1172,120,338
chr10.84,66,392,394,81,154,3689,83,3894,10995,210,615,0,12961,5,357,8,2,221,12521,562,10,8639,887,22,82,238,908,637,14,96,7,140,530,1289,0,22,32,785,24,26,512,10,172,352,32,1435,1633,1300,377,1332,175,409
chr10.85,56,500,339,37,173,3028,68,3089,8769,188,380,2,10450,1,359,11,1,274,10130,603,2,6358,501,6,68,182,731,404,11,60,5,118,566,1120,7,24,37,467,30,5,315,7,126,335,32,1237,937,1231,316,1314,113,348
chr10.87,43,160,271,30,116,2621,56,1538,5688,124,238,0,6542,0,178,3,2,137,6308,386,4,4218,232,15,22,170,248,247,6,38,3,108,360,448,2,9,26,226,22,13,197,1,127,224,18,757,258,408,259,905,55,277
chr10.88,57,227,264,19,121,2654,49,2148,5995,106,238,0,6894,0,193,5,1,145,6645,409,3,4395,265,15,32,178,262,253,10,27,1,103,389,480,0,15,20,289,25,17,210,4,121,248,15,788,293,489,275,946,56,290
chr10.89,67,399,266,46,149,3368,67,6624,9340,160,358,0,10594,2,198,6,0,227,10259,488,11,7311,583,22,42,228,482,373,9,46,5,128,468,703,3,15,20,602,23,17,307,2,161,320,16,1353,1245,881,293,1100,90,309
chr10.90,48,455,281,45,133,3738,66,3644,9050,154,262,0,10313,0,229,9,0,213,10032,458,8,6979,497,17,24,186,527,283,12,42,1,113,438,783,3,21,20,469,27,23,219,5,138,333,21,1107,1014,982,284,1102,74,305
chr10.92,62,264,260,30,133,2310,65,1791,5661,118,243,0,6657,1,219,2,2,141,6401,386,5,4063,315,12,27,181,283,254,9,37,6,102,368,542,1,11,18,280,40,18,200,4,119,272,16,771,269,547,240,959,63,256
chr10.93,44,228,227,35,126,2279,47,2604,5622,107,335,1,6675,1,207,5,1,139,6432,390,5,4075,281,19,27,164,396,348,7,48,3,96,350,637,1,13,40,292,34,20,284,2,120,250,22,829,287,624,270,902,65,292
chr10.95,59,280,270,50,103,2383,52,2582,5828,95,210,0,6901,0,235,3,0,160,6620,388,2,4163,277,11,47,172,373,217,4,32,0,100,359,637,3,7,29,301,29,27,178,5,113,288,18,785,322,653,231,978,102,249
chr10.96,54,304,281,42,127,2018,50,1991,5473,105,245,0,6506,0,209,8,0,147,6243,402,1,3791,297,8,39,163,353,259,6,40,4,100,373,593,5,14,29,284,31,35,201,5,109,247,22,805,282,657,239,966,86,261
chr10.97,46,248,276,27,130,2169,58,1593,5818,125,268,0,6792,2,241,5,3,160,6552,427,8,4162,333,11,21,171,286,283,10,34,1,106,401,546,2,15,26,327,19,20,233,1,125,237,10,853,355,534,276,961,52,286
chr10.100,46,361,219,31,121,2133,60,2328,6028,122,224,0,7113,4,205,6,3,159,6844,440,2,4270,356,12,34,179,397,237,7,45,2,119,406,635,0,13,34,347,33,36,177,5,133,267,15,917,395,758,261,959,73,276
chr10.101,50,190,244,31,140,1719,43,1373,4880,123,239,0,5749,3,180,7,3,125,5507,366,5,3436,292,12,22,167,239,251,5,35,2,100,339,444,2,12,27,295,25,23,202,4,117,214,16,745,262,429,264,851,60,280
chr10.103,54,233,249,29,132,2075,57,2337,5459,112,236,0,6363,2,181,5,2,131,6118,402,5,3903,324,11,25,164,271,249,8,39,1,94,375,470,1,13,27,290,18,18,196,10,110,239,12,785,317,504,271,909,66,283
chr10.104,59,834,463,68,216,3919,97,8739,13726,225,644,1,15969,2,466,12,4,323,15560,594,7,10606,931,8,74,224,1028,677,20,107,10,150,560,1521,5,33,34,1034,27,37,527,4,165,494,38,2055,2442,1862,332,1583,150,370
chr10.105,71,894,585,71,209,4909,98,9330,15097,285,1056,0,17814,2,553,6,2,529,17390,612,6,11449,995,16,79,229,1375,1086,24,187,21,136,576,1986,3,30,36,1078,58,29,848,11,158,537,26,1468,2714,2269,433,1795,163,459
chr10.106,82,928,558,74,256,4643,120,1863,14983,296,1010,1,18352,1,721,10,9,590,17922,595,11,11438,960,20,92,224,1785,1030,9,144,17,111,565,2563,9,20,30,1163,57,23,849,10,142,472,39,1688,2688,2713,331,1691,185,370
chr10.107,70,989,597,61,253,4001,100,4969,15971,302,982,0,19138,6,748,16,3,506,18660,698,23,12065,1059,30,85,287,1530,1014,16,154,19,164,659,2336,1,32,39,1231,58,31,809,4,217,688,45,2408,3064,2519,351,2042,153,396
chr10.108,60,956,411,72,175,4146,106,5025,14467,239,632,0,17155,4,599,9,2,426,16748,718,8,11026,862,25,59,238,1337,652,11,86,14,145,698,2000,1,20,20,958,64,26,532,12,178,510,32,2147,2674,2293,361,1704,145,393
chr10.109,57,519,263,46,156,2313,53,2356,6891,117,251,0,8189,2,218,10,2,194,7875,435,8,4876,396,16,38,209,529,266,5,32,5,128,403,775,0,15,32,382,28,16,214,2,152,308,25,1100,568,1048,255,1034,88,280
chr10.110,57,412,227,42,143,2642,57,2689,6793,119,304,1,8210,0,274,2,1,165,7938,417,10,4920,368,14,34,173,643,321,14,39,3,92,390,945,2,17,27,357,28,21,262,5,116,304,24,969,465,1055,301,978,82,325
chr10.111,82,491,221,88,167,2749,81,3480,7712,131,409,2,9567,1,348,6,1,174,9194,536,9,5627,488,17,59,199,843,429,12,72,5,91,508,1234,1,20,28,467,43,19,332,5,117,279,18,814,978,1334,346,1080,153,364
chr10.112,52,214,257,29,137,2256,55,1829,5803,138,336,0,6759,1,218,3,1,143,6535,459,2,4141,328,8,15,167,298,346,7,66,4,105,429,540,0,10,30,322,24,19,266,1,115,280,14,749,348,512,276,1020,46,290
chr10.113,57,230,198,40,123,2167,52,2603,5457,106,288,0,6435,3,197,4,2,120,6156,385,4,3946,295,16,42,177,303,302,10,52,7,100,363,524,0,14,22,284,24,16,229,1,120,262,21,814,280,533,279,869,85,300
chr10.114,49,320,256,38,121,2706,62,2665,7301,160,430,0,8580,2,257,3,3,184,8328,381,3,5507,408,21,35,153,557,443,10,55,6,80,366,844,2,13,15,460,30,15,369,8,104,345,16,1023,750,877,275,1014,84,291
chr10.115,60,664,361,61,187,4046,70,3784,11487,170,796,1,13693,0,462,8,4,289,13367,514,6,8793,810,20,48,192,1113,813,8,126,14,106,483,1623,3,17,31,760,48,36,656,4,132,472,23,1050,1957,1777,332,1398,117,355
chr10.116,55,417,252,47,147,2831,72,2608,7386,150,482,1,8986,3,262,7,3,198,8645,459,6,5425,463,13,51,214,752,499,9,96,11,140,428,1040,3,17,31,428,26,24,375,6,159,322,15,947,606,1169,271,1062,107,286
chr10.117,67,462,225,53,114,3292,95,2995,8355,154,473,0,9964,0,324,6,2,176,9646,464,7,6468,473,12,43,196,735,492,13,76,2,110,444,1082,1,19,20,542,23,21,395,5,129,272,16,1229,778,1197,250,985,103,266
chr10.118,55,354,217,34,135,2152,54,2121,5867,112,259,1,6890,1,173,7,2,159,6615,394,8,4204,354,19,34,187,365,274,7,38,2,105,368,559,0,15,26,375,21,14,219,2,132,249,15,815,396,719,261,881,72,276
chr10.119,52,381,252,69,107,2826,69,2796,7656,129,252,1,8837,0,205,8,0,155,8519,439,3,5802,467,8,52,178,453,270,9,37,9,115,411,687,3,18,28,430,29,30,206,1,126,295,24,1237,713,834,275,1018,122,299
chr10.120,69,322,227,49,121,3117,73,5718,7679,132,462,1,8829,2,195,15,2,148,8505,493,6,5884,377,14,38,198,412,491,13,84,6,109,455,632,4,29,38,389,25,16,372,6,129,274,18,1364,505,734,293,1023,95,311
chr10.121,53,209,272,32,124,1790,72,2726,5070,136,363,0,5991,1,179,15,1,158,5742,418,7,3509,258,9,21,166,272,387,9,70,12,97,394,476,2,24,24,285,25,18,281,4,113,239,14,778,262,481,231,956,58,245
chr10.122,59,353,248,38,138,2709,93,4889,7249,161,312,1,8507,1,220,6,0,167,8214,420,8,5421,452,14,39,195,487,329,10,55,5,114,386,734,1,17,34,436,27,27,252,3,136,350,25,974,689,840,237,1046,80,262
chr10.123,62,409,299,43,114,2593,104,3904,7957,146,301,0,9095,3,207,9,2,261,8798,375,6,5942,582,13,28,203,386,317,7,49,5,122,356,623,4,16,19,495,30,23,247,2,141,332,15,1165,961,795,297,1040,75,312
chr10.124,61,283,257,35,110,2493,62,1615,6429,120,363,0,7535,2,214,6,2,142,7251,430,3,4709,351,23,35,195,416,375,6,43,4,108,409,650,0,12,21,344,20,23,316,3,134,293,16,1025,376,699,276,1000,75,292
chr10.125,49,355,295,34,132,3042,75,1594,8732,163,472,0,10022,2,235,3,0,173,9775,426,7,6780,610,15,24,169,561,485,10,58,7,98,393,836,6,13,33,523,40,17,407,5,120,390,12,1544,898,916,278,1157,63,290
chr10.127,72,422,347,60,154,2868,81,6240,8889,150,452,2,10554,2,349,8,2,212,10197,586,12,6557,628,12,56,207,683,472,10,54,9,111,545,1073,4,20,41,493,41,28,389,10,135,416,25,1506,912,1105,292,1394,128,317
chr10.128,62,721,356,62,171,3965,119,8545,12772,199,598,0,15447,3,636,6,2,181,15023,725,11,9904,1032,24,51,286,1282,612,8,90,8,189,685,1961,1,14,40,839,43,42,500,6,224,450,23,1707,2162,2003,369,1575,121,392
chr10.129,58,550,320,47,154,2914,89,4489,9121,193,422,0,10894,2,388,3,3,182,10539,535,11,6837,742,21,46,236,739,436,11,58,10,146,502,1175,4,14,33,650,48,26,354,7,178,351,23,1119,1219,1289,293,1258,103,316
chr10.130,75,1011,506,109,200,4017,121,5100,14753,262,764,1,17267,6,445,13,7,275,16738,803,8,10945,1365,23,78,298,1173,789,11,100,15,192,766,1664,6,25,37,932,46,31,649,6,223,703,51,2024,2345,2184,422,2064,200,473
chr10.132,72,441,252,42,132,1667,72,2541,6010,135,333,1,7412,3,266,9,2,220,7072,475,8,3917,509,15,38,233,556,349,6,41,2,138,445,858,4,16,30,449,36,27,290,6,161,355,28,753,404,997,291,1122,88,319
chr11.3,88,311,252,71,129,1663,59,3203,5475,116,291,0,6729,3,232,4,1,169,6281,398,16,3728,413,11,39,315,358,303,8,55,2,200,367,618,2,12,31,338,28,15,234,7,227,224,34,858,340,669,342,904,118,376
chr11.6,97,563,324,74,151,4104,80,8121,10977,178,445,0,13108,0,360,6,1,267,12600,529,16,8621,656,15,76,334,988,457,6,81,12,206,493,1392,6,12,36,700,44,20,352,11,237,316,38,1471,1512,1551,293,1219,162,331
chr11.7,76,390,251,44,134,2594,48,3255,6916,118,265,0,8415,2,257,6,1,208,8041,468,3,5027,393,15,50,258,654,278,7,44,0,164,442,943,2,13,26,402,32,12,221,6,182,277,22,945,575,1044,259,1030,101,281
chr11.8,81,515,319,57,108,3287,55,5359,8341,117,320,0,9645,1,263,6,6,254,9296,403,5,6274,455,9,41,228,496,332,6,47,1,133,377,792,0,12,26,506,33,17,272,4,147,269,30,1037,872,1011,260,1024,108,290
chr11.9,50,260,236,39,121,2525,55,3191,6526,145,259,0,7570,1,168,5,3,176,7265,416,3,4938,348,11,39,203,378,271,7,52,6,139,385,563,3,12,31,345,17,15,201,8,153,187,20,1084,491,638,275,859,89,295
chr11.11,56,209,226,30,117,2505,53,2050,5994,119,254,0,6943,2,187,0,2,150,6646,389,8,4526,326,12,24,226,278,259,5,44,3,150,363,482,1,5,26,336,17,19,207,8,170,197,24,882,358,487,253,830,64,277
chr11.12,48,272,249,33,105,2446,52,2245,6173,118,400,0,7163,0,175,5,2,138,6849,368,9,4603,355,20,38,225,314,411,6,60,8,148,319,519,3,11,49,347,30,14,332,5,177,203,27,839,498,586,296,853,78,323
chr11.13,57,159,185,35,137,2004,65,1627,5134,119,541,2,6101,2,162,11,1,145,5794,391,3,3776,279,7,18,227,284,561,7,83,9,160,351,458,1,20,40,298,12,15,449,4,170,181,20,819,257,443,261,770,58,281
chr11.14,48,306,192,57,102,2697,65,2947,6545,116,336,0,7745,4,189,7,3,181,7392,430,6,4929,326,10,40,227,461,349,6,37,4,163,400,680,4,13,30,326,30,13,295,9,179,214,29,1123,341,767,247,870,109,276
chr11.16,54,652,269,73,137,3170,76,2899,7702,115,621,3,9461,3,322,8,4,172,9110,474,6,5559,399,23,29,224,831,635,3,77,7,141,446,1195,1,14,28,387,42,22,537,4,170,241,26,993,495,1483,286,1027,110,312
chr11.17,62,245,199,49,151,3007,44,1642,6686,132,517,1,7858,1,220,4,2,199,7544,401,4,5158,315,8,36,198,413,533,11,82,11,124,369,663,1,16,32,340,30,13,424,12,136,184,13,977,387,658,273,815,99,286
chr11.18,42,278,211,43,114,2076,44,3089,5799,114,296,0,6962,3,221,3,2,161,6643,505,5,4053,329,11,43,212,432,307,8,40,4,154,470,686,0,11,35,292,33,13,252,5,170,265,27,867,375,710,286,1014,93,313
chr11.20,54,247,233,44,133,2579,58,3105,6308,133,383,0,7460,2,219,4,2,220,7144,433,4,4611,351,9,35,216,409,393,6,83,2,149,401,645,1,10,32,305,17,18,298,7,162,220,22,849,394,656,303,904,88,325
chr11.21,61,593,287,99,151,3098,67,4901,9253,181,451,2,11046,5,272,6,4,292,10621,591,3,6765,607,10,38,254,835,466,7,81,8,180,553,1150,5,15,38,486,43,18,362,10,193,330,22,1378,1015,1428,350,1256,151,372
chr11.22,61,941,404,119,143,5045,87,4626,14623,245,972,0,17405,2,454,11,6,492,16924,672,8,11286,753,21,65,254,1577,990,7,158,23,164,646,2071,3,18,26,851,40,24,791,17,193,408,38,2241,2151,2518,355,1527,207,393
chr11.23,71,682,350,85,140,4253,67,5253,10332,177,761,1,12839,2,524,8,4,310,12378,655,8,7530,451,16,61,270,1274,781,11,89,18,175,613,1839,3,20,42,549,41,22,654,19,199,397,30,1241,859,1956,353,1446,169,383
chr11.24,90,795,317,55,151,3767,69,4696,11124,186,1145,0,13905,2,650,9,5,208,13299,683,17,8181,434,31,61,449,1251,1160,6,157,14,311,643,1955,2,15,40,629,54,19,974,19,359,437,35,2137,1028,2046,447,1493,140,482
chr11.25,82,815,342,83,156,4522,101,6657,12592,189,1310,1,15196,1,504,18,8,268,14615,619,4,9646,582,21,61,391,1202,1337,8,166,26,284,594,1766,2,27,25,810,60,31,1118,10,309,417,39,2390,1153,2017,413,1440,162,452
chr11.26,103,858,426,53,129,5330,83,7863,15313,245,1003,0,17877,1,505,16,7,246,17280,654,11,12280,874,23,73,422,1212,1033,14,125,17,285,605,1755,3,30,49,995,38,22,861,11,319,422,33,2458,2378,2070,369,1543,144,402
chr11.27,89,552,361,63,126,4014,79,3759,11036,173,607,1,12927,2,333,14,2,245,12436,656,5,8505,564,16,74,306,828,641,19,89,6,196,614,1195,5,34,42,613,34,17,512,10,217,357,41,1726,1415,1380,297,1413,149,338
chr11.28,52,490,259,32,120,2721,72,3432,7139,134,446,0,8400,1,205,6,0,180,8091,561,7,5039,372,10,43,209,525,459,7,77,6,140,528,760,4,13,33,345,30,12,363,11,157,268,26,1015,452,1015,300,1122,86,326
chr11.29,88,465,314,51,130,3582,61,5154,9070,156,582,1,10679,1,279,16,1,257,10215,512,6,6883,500,19,51,320,635,609,10,79,12,207,474,954,1,27,38,462,40,14,491,13,232,328,21,1345,838,1100,275,1195,116,296
chr11.30,74,920,382,72,188,5220,81,4019,14986,224,966,5,17617,7,483,14,5,424,16986,810,9,11447,892,32,105,394,1219,1004,19,157,24,279,763,1731,2,38,47,956,29,33,785,10,320,476,38,1810,2345,2139,454,1699,192,492
chr11.31,63,991,299,84,140,4633,55,4634,12122,233,726,0,13999,1,373,5,4,184,13612,594,4,9398,769,7,62,215,880,740,9,86,12,141,549,1295,6,14,45,747,42,22,628,7,152,293,27,1373,1643,1871,308,1234,157,335
chr11.32,40,575,269,55,144,3448,61,4382,9442,164,514,0,11057,1,346,5,0,266,10720,499,7,7228,601,13,47,211,691,528,9,67,13,151,466,1073,1,14,33,560,36,16,434,9,171,281,22,1311,1144,1266,285,1086,111,307
chr11.33,67,555,310,76,127,3170,66,4242,8397,150,344,0,10015,2,302,7,2,233,9607,551,9,6182,551,17,41,263,688,354,3,55,6,170,519,1017,1,10,32,436,27,25,283,14,196,253,32,1184,691,1243,255,1142,133,287
chr11.34,46,382,262,65,125,2609,38,1750,6659,107,251,1,7786,1,236,4,0,196,7469,508,3,4733,350,3,39,192,381,259,3,40,3,140,467,647,2,8,41,316,30,19,208,12,146,260,18,971,380,763,279,1062,116,297
chr11.35,54,215,203,63,120,2031,51,2105,5474,104,220,0,6467,3,172,7,2,155,6101,462,8,3853,373,14,27,258,262,229,2,40,5,182,430,456,1,9,32,253,22,9,175,4,204,241,17,809,283,477,318,929,96,335
chr11.36,45,338,238,28,139,2590,52,2144,6555,122,296,0,7585,1,181,3,0,127,7288,425,2,4865,363,6,36,213,334,306,7,42,11,160,401,542,1,10,24,335,27,19,243,9,168,229,18,1020,435,672,295,920,73,313
chr11.37,48,502,220,45,152,2468,66,3957,8230,194,440,2,9639,1,231,6,3,198,9279,474,4,6274,512,7,39,249,566,457,9,65,13,190,450,831,3,17,24,540,34,20,362,6,201,251,17,1336,1224,1068,271,982,93,288
chr11.38,73,928,427,96,226,4754,123,8993,15555,252,1239,0,18476,0,465,10,10,395,17848,621,20,12162,941,32,111,381,1424,1255,6,198,33,256,595,1944,5,16,26,1003,55,50,1008,14,308,391,34,2471,2741,2352,542,1499,231,576
chr11.39,67,764,457,89,188,5610,126,8582,16349,263,1565,0,19565,1,648,8,6,553,18921,605,10,12810,652,29,74,443,1569,1587,14,230,43,337,552,2258,8,22,53,948,41,26,1292,9,376,478,42,3061,2276,2333,606,1589,178,648
chr11.40,106,1344,491,90,236,5816,118,11259,16029,248,1499,1,20224,5,804,17,4,487,19533,687,14,12094,629,26,107,447,2262,1525,8,207,35,301,653,3150,5,26,34,926,84,22,1257,12,341,401,41,2869,1606,3606,457,1668,213,498
chr11.41,91,1080,436,84,242,6082,99,11200,15974,240,1514,2,20136,2,898,8,5,562,19509,576,6,12324,962,16,94,409,2219,1537,13,208,32,296,542,3194,14,23,34,1018,77,34,1274,10,318,549,49,1528,2494,3299,350,1652,193,399
chr11.42,89,900,346,100,252,5844,108,7801,16328,314,1021,0,20395,4,782,15,5,342,19683,738,11,13006,1208,26,121,431,2133,1057,21,202,40,305,705,2995,4,36,33,1044,80,34,779,15,342,514,48,1932,2664,3033,396,1682,241,444
chr11.43,91,949,365,77,227,5170,96,8404,16873,295,879,0,20419,3,689,14,7,297,19701,687,15,13447,1266,32,129,460,1734,908,15,137,20,322,652,2505,3,29,35,1077,82,51,722,13,369,494,46,2629,3010,2683,534,1631,226,580
chr11.44,66,557,326,72,142,3097,70,4147,9310,178,365,0,11156,3,342,10,1,238,10745,526,7,6890,567,12,57,256,858,382,7,49,3,171,486,1223,7,17,40,558,23,34,313,5,190,368,31,1449,1041,1415,333,1250,135,364
chr11.45,55,431,275,33,126,2460,54,2381,6802,126,254,3,8110,1,211,10,3,194,7767,524,4,4790,376,13,35,248,538,273,6,37,2,176,493,785,0,19,31,362,36,19,215,4,193,261,34,1041,425,969,274,1096,75,308
chr11.46,61,417,266,40,109,2377,57,3173,6782,120,271,0,8083,1,234,4,3,218,7724,517,7,4717,421,11,32,269,506,283,8,43,4,190,488,776,5,12,29,333,36,28,224,2,208,264,29,894,572,923,321,1088,77,350
chr11.47,48,230,203,23,116,1697,44,1526,5065,108,216,2,6067,1,221,0,0,115,5784,393,1,3580,310,11,27,222,310,223,5,33,4,162,363,559,3,7,30,289,28,10,179,3,174,249,19,862,314,540,263,876,53,282
chr11.53,142,979,460,118,218,4094,115,7312,14499,206,853,0,18073,3,568,14,4,458,17243,775,19,10660,895,28,132,518,1793,883,16,120,8,329,725,2411,5,30,50,859,50,44,725,25,376,645,48,2535,2071,2772,425,1935,279,473
chr11.54,69,308,274,38,187,2196,70,4307,6330,112,318,0,7873,4,258,8,2,197,7459,542,10,4321,357,17,54,292,589,333,7,54,1,196,509,872,5,15,33,359,25,13,263,9,223,298,33,914,383,897,339,1144,103,372
chr11.55,97,741,413,78,200,2916,83,4829,8615,146,378,0,10915,1,333,7,4,278,10415,624,9,5716,425,17,85,308,1154,395,10,49,7,185,591,1517,1,17,33,365,30,33,322,7,211,497,36,1247,617,1895,276,1565,174,312
chr11.56,87,463,272,64,169,2713,66,3449,6997,119,265,0,8926,3,341,3,4,219,8461,484,8,4845,361,27,72,306,851,273,5,44,4,184,451,1229,0,8,33,340,37,22,217,8,219,384,21,840,472,1314,287,1177,148,308
chr11.57,89,595,325,75,155,2990,72,3558,8406,144,302,0,10585,2,396,8,2,257,10015,534,22,5874,344,20,99,374,951,314,4,36,1,243,510,1382,0,12,24,387,35,24,265,6,285,436,33,1538,471,1546,328,1330,182,361
chr11.61,49,316,204,44,191,1331,74,2521,5028,130,247,0,6410,2,252,4,2,162,6033,503,6,3245,396,14,42,271,430,256,5,28,1,202,472,740,2,9,31,326,58,21,218,7,222,270,28,739,323,746,277,1037,95,305
chr11.62,61,205,278,35,205,1424,68,1814,5134,137,439,0,6365,5,256,6,2,151,6030,538,9,3339,363,17,28,250,332,449,4,37,8,163,502,623,3,10,36,317,35,41,394,5,189,252,19,780,318,537,308,1106,70,327
chr11.69,28,279,208,39,149,1891,56,2409,5475,107,233,0,6604,3,219,10,1,148,6313,425,4,3819,356,13,44,183,387,250,7,39,2,138,410,633,0,17,15,310,27,26,192,4,155,292,23,832,323,666,255,952,88,278
chr11.70,48,188,211,30,161,1740,57,1810,5036,115,278,0,6090,1,179,2,1,154,5820,456,3,3452,271,8,22,206,358,282,2,39,7,147,436,566,2,4,20,261,29,12,232,6,158,266,23,766,299,546,272,964,59,295
chr11.71,52,174,217,23,159,1846,46,1958,5014,86,238,0,6018,1,200,0,1,131,5766,395,1,3567,269,12,22,197,310,242,4,36,5,132,362,547,0,4,33,259,37,18,197,4,145,252,17,821,286,484,243,901,50,260
chr11.72,37,268,217,39,144,1865,48,2196,5481,105,250,0,6648,1,187,6,1,161,6338,482,10,3674,306,16,30,229,455,258,2,39,3,166,458,665,1,8,24,300,23,21,208,2,192,336,26,797,301,723,295,1059,72,321
chr11.73,48,278,214,29,138,1847,56,2327,5443,121,246,0,6542,2,161,9,2,164,6260,500,3,3679,346,11,23,208,430,258,3,33,3,146,469,623,3,12,31,288,32,14,210,6,160,279,15,766,311,708,297,1028,60,312
chr11.74,46,196,234,31,122,1843,42,2192,5085,141,231,1,6049,1,176,4,2,149,5804,496,2,3490,286,10,26,172,358,242,6,39,3,114,458,555,0,11,38,236,21,10,189,2,126,257,19,700,284,554,234,1008,61,253
chr11.75,42,228,234,45,121,2160,44,2763,6140,106,275,0,7271,0,217,5,0,171,6977,562,3,4393,359,17,33,201,413,285,5,41,3,139,539,672,3,10,23,407,42,15,231,5,159,272,12,869,492,641,250,1113,83,262
chr11.76,65,517,354,60,138,4019,105,6792,11477,186,621,0,12992,2,206,10,2,234,12590,688,5,9009,609,21,60,254,609,636,5,95,12,163,665,870,1,15,23,854,55,19,514,9,189,354,26,1924,1417,1126,275,1452,131,301
chr11.77,66,773,403,94,212,4081,113,11712,12349,204,1085,0,14622,1,397,10,5,209,14159,597,13,9500,548,12,82,243,1035,1113,18,147,28,152,568,1485,3,28,29,753,53,45,910,10,177,500,20,2899,1015,1808,299,1556,191,319
chr11.78,72,1026,385,90,222,4597,109,10302,14879,254,917,2,17735,3,480,11,3,264,17273,571,11,11539,842,14,87,241,1515,942,12,122,23,144,547,2063,4,25,24,973,68,51,772,13,169,599,35,2905,1968,2541,405,1627,193,440
chr11.79,58,829,319,72,219,4016,72,7951,12106,194,506,1,14058,4,316,4,3,230,13674,492,4,9355,706,19,63,212,921,523,12,82,2,131,477,1277,4,17,15,847,40,34,422,13,154,509,19,1694,1898,1750,315,1364,151,334
chr11.80,61,397,275,55,158,3304,51,2732,8270,138,326,1,9725,0,226,7,1,139,9414,478,1,6262,465,7,27,208,664,338,4,41,2,139,448,935,4,12,30,533,45,18,283,8,147,408,20,790,1032,1061,269,1210,91,289
chr11.82,59,365,361,42,171,3054,54,5037,8860,165,361,1,10633,5,299,4,3,251,10290,441,6,6714,585,11,53,221,853,373,7,49,7,145,423,1205,5,12,18,544,53,17,305,7,162,424,25,1131,1235,1218,257,1284,105,282
chr11.83,58,236,228,25,115,2399,35,1743,5838,114,287,0,6850,1,171,4,7,160,6579,386,2,4302,327,6,24,204,393,297,6,48,8,138,366,591,2,10,20,297,27,14,231,0,146,239,18,831,334,629,253,882,56,271
chr11.84,67,485,316,37,152,3140,58,2222,8445,123,425,0,10050,0,273,6,1,296,9678,463,5,6255,449,12,53,261,712,439,8,58,8,177,436,1023,3,14,27,495,38,26,359,6,194,317,22,1243,805,1197,262,1137,97,284
chr11.88,87,852,432,76,208,4641,99,9394,12896,212,1313,1,15894,4,590,19,4,408,15269,606,12,9564,698,39,50,450,1416,1344,11,185,29,312,583,2066,0,31,23,690,60,28,1099,10,363,454,40,1979,1344,2268,512,1552,140,552
chr11.89,55,792,364,50,213,3953,77,6064,11677,193,988,0,13673,1,381,14,1,438,13304,618,12,8555,657,14,38,237,908,1023,21,143,21,156,594,1337,0,35,24,723,48,30,824,7,182,435,35,1696,1333,1700,410,1465,96,445
chr11.90,62,430,277,39,152,2790,45,3799,6880,128,412,0,8289,2,227,6,4,177,7936,436,5,4887,328,21,31,259,603,422,4,52,2,171,407,859,1,10,29,360,29,17,358,8,197,349,32,793,488,1033,274,1092,82,306
chr11.91,63,337,231,44,138,2891,76,3143,6890,137,361,0,8050,1,132,5,4,189,7690,409,4,5141,314,26,34,258,430,373,7,45,7,165,383,586,1,12,26,350,24,18,309,7,195,285,33,1033,416,767,246,950,89,279
chr11.92,42,298,232,27,138,2956,48,1461,7141,129,274,0,8128,1,150,3,1,126,7851,442,6,5501,377,13,25,204,345,287,10,36,4,143,419,524,3,13,23,412,29,10,234,6,162,275,24,983,644,643,230,981,59,254
chr11.94,64,826,386,88,222,4766,124,8309,16565,306,1034,0,19143,5,430,10,3,499,18561,623,20,13184,1201,29,62,391,1151,1056,12,153,17,278,589,1650,1,22,34,1087,69,35,864,11,327,522,45,3007,2817,1977,444,1601,164,489
chr11.95,89,990,466,119,206,6412,115,6944,19285,349,1378,0,22612,7,581,13,4,456,21842,622,15,15424,1436,44,122,485,1581,1392,1,171,50,337,596,2236,6,14,26,1215,74,39,1157,19,396,748,51,3055,2957,2571,483,1916,264,534
chr11.96,64,866,386,101,224,6331,77,8890,17025,257,1409,1,19900,0,518,10,11,467,19296,532,14,13642,1247,28,108,340,1366,1433,13,223,57,234,510,1970,1,24,22,1116,86,24,1129,20,276,596,56,1932,2759,2232,455,1601,240,511
chr11.97,79,719,291,53,188,4181,93,7271,11665,188,944,0,13654,1,409,9,4,318,13243,520,9,9006,605,9,85,237,848,960,7,122,43,140,496,1297,1,16,24,706,40,23,779,15,158,444,40,1744,1582,1567,303,1296,157,343
chr11.98,88,457,218,48,158,3365,67,5892,9280,143,627,1,11015,0,335,7,3,342,10513,410,10,7147,565,31,55,368,612,649,14,77,20,239,392,1008,3,22,18,539,61,27,530,6,280,321,22,1478,1057,1069,333,1013,112,355
chr11.99,105,275,268,58,143,2517,50,2380,6370,99,508,2,7573,1,184,8,4,200,7156,361,6,4612,352,17,52,284,357,522,4,40,3,156,346,593,1,14,15,284,52,25,465,4,179,315,23,986,374,632,290,997,118,313
chr11.100,82,423,257,52,132,3455,65,3354,9385,111,336,0,10821,0,271,7,5,239,10423,464,3,7374,349,12,39,285,508,347,4,58,5,188,445,841,2,11,19,497,62,26,273,6,203,313,24,1824,1138,931,263,1098,102,287
chr11.101,87,685,344,59,211,4536,76,3332,13790,191,347,1,15952,6,318,5,4,526,15475,516,12,10864,505,18,76,308,1007,359,6,31,7,191,484,1398,5,12,32,822,73,25,309,12,221,440,36,2770,2040,1692,349,1378,151,385
chr11.102,75,606,392,91,196,3630,86,2837,11323,180,630,0,13367,2,277,2,4,415,12910,463,9,8618,528,14,77,264,989,641,9,63,12,166,449,1305,2,11,14,530,39,32,555,8,189,426,33,2485,1265,1595,336,1322,180,369
chr11.103,64,706,404,62,185,4532,89,4407,12612,222,700,1,14709,1,305,14,7,348,14318,482,5,9851,598,9,61,228,1086,726,11,82,8,150,462,1432,2,26,20,706,41,33,610,6,164,405,32,2332,1461,1792,349,1334,136,381
chr11.104,64,562,318,47,195,3702,64,4652,9990,168,456,0,11679,3,236,5,2,225,11328,483,4,7656,625,19,53,218,805,474,13,77,10,131,450,1079,4,18,33,603,38,26,369,10,154,335,37,1389,1169,1367,344,1178,112,381
chr11.106,50,438,321,45,135,3857,80,1957,11239,202,528,0,12594,1,159,5,3,332,12232,512,14,8817,707,19,49,238,585,541,8,58,8,155,483,778,3,13,29,674,34,28,462,13,188,461,23,1576,1801,1023,304,1331,110,327
chr11.107,50,276,295,34,134,3433,59,1446,8531,140,377,0,9503,1,137,2,3,220,9249,436,3,6671,469,6,35,170,368,382,3,56,4,111,413,525,0,5,23,574,20,15,317,6,120,324,21,948,1107,644,273,1075,78,294
chr11.108,48,280,286,33,151,3084,63,2430,7413,149,326,0,8424,2,156,7,3,176,8108,399,8,5601,343,11,41,215,303,340,7,30,11,148,377,481,1,14,22,399,22,14,285,8,167,348,31,1051,575,583,277,1056,85,308
chr11.109,54,303,245,37,132,2445,60,2175,6394,99,330,0,7435,0,126,4,3,173,7141,405,4,4678,379,8,30,209,397,341,7,38,4,143,383,555,2,11,22,325,32,22,288,4,155,300,20,926,504,700,246,984,74,266
chr11.110,44,557,252,29,136,3057,54,3557,8605,139,443,0,9876,2,172,4,0,176,9568,384,4,6555,584,15,43,218,576,457,10,67,8,155,367,773,2,14,17,436,25,22,368,2,174,285,31,1299,1040,1133,341,948,74,372
chr11.111,48,326,246,65,137,2636,53,3472,7569,168,329,0,8932,1,208,10,1,151,8577,370,10,5843,525,17,38,227,586,346,7,50,3,152,347,818,4,17,23,560,24,28,276,6,179,291,22,910,1044,912,288,935,110,310
chr11.112,36,457,281,57,134,3435,69,3957,10640,183,525,0,12463,3,299,14,5,176,12073,490,7,8552,911,12,61,225,882,551,12,81,12,170,465,1230,1,26,25,805,49,17,432,13,189,312,41,1125,2093,1339,313,1133,136,354
chr11.113,47,427,269,66,139,2948,83,4060,8637,146,430,2,10362,0,241,7,7,192,9964,452,8,6573,660,14,46,258,828,446,7,77,4,189,421,1105,3,16,31,567,36,22,349,5,211,385,35,880,1372,1255,279,1145,124,314
chr11.114,45,297,229,30,118,2094,59,2122,5739,130,228,0,6744,2,125,3,2,160,6423,315,7,4240,365,7,47,221,353,237,6,37,1,162,296,507,4,9,19,342,29,16,190,10,176,245,16,871,438,650,217,822,89,233
chr11.115,82,226,239,41,117,1905,55,2161,5369,105,252,0,6343,2,120,5,4,167,5971,366,6,3800,317,10,60,251,281,265,8,39,4,153,336,430,2,13,30,317,29,16,209,1,169,247,17,845,311,507,289,883,106,306
chr11.116,49,312,243,34,126,1930,56,2241,5388,108,299,1,6440,4,145,5,2,149,6095,383,3,3715,369,11,30,248,360,315,10,41,3,185,353,525,3,16,30,340,20,16,255,11,199,288,17,687,281,672,262,937,77,279
chr11.117,64,464,269,48,148,2264,55,3200,6505,125,331,2,7609,2,148,5,1,182,7235,412,2,4553,390,12,44,259,345,348,10,58,2,181,392,527,2,17,20,337,34,23,271,3,195,282,19,970,467,809,299,999,96,318
chr11.118,46,399,249,36,131,2598,64,4038,7145,128,308,0,8288,0,164,8,4,181,7967,387,6,5238,445,13,43,214,441,328,12,48,4,149,366,627,0,20,21,429,22,22,256,4,168,355,18,860,778,840,296,1013,87,314
chr11.119,53,544,307,26,142,3992,78,4647,10837,185,366,0,12367,7,219,2,0,289,12088,539,3,8559,683,5,38,198,776,373,5,57,3,137,514,1031,5,7,25,746,36,16,306,3,145,235,27,1009,1944,1320,316,1122,67,343
chr11.120,53,500,297,50,156,3039,63,3131,8708,150,298,0,10411,3,236,3,1,236,10063,480,7,6494,479,21,44,230,872,310,9,34,0,149,453,1136,1,12,27,509,28,12,264,8,177,348,31,1479,838,1372,309,1154,103,340
chr11.121,77,522,365,65,206,3378,65,6542,10328,196,442,0,12545,2,296,2,2,399,12059,498,11,7718,619,25,56,344,1130,447,3,67,5,231,475,1460,1,5,23,677,34,23,370,12,267,410,27,1593,1255,1652,365,1308,135,392
chr11.122,53,402,263,43,129,2679,57,1645,7152,130,303,0,8444,6,175,3,4,179,8117,432,3,5260,505,11,44,205,578,321,15,47,2,138,413,779,3,18,19,416,26,22,254,7,152,264,23,882,648,980,304,988,98,327
chr11.123,53,458,210,34,134,2475,61,1954,6912,144,336,1,8285,3,173,9,2,157,7942,432,3,5000,448,13,41,239,641,355,9,64,3,170,409,835,0,19,23,401,21,21,269,5,186,325,29,848,684,1099,280,988,82,309
chr11.124,70,708,333,69,189,4185,95,6402,13311,211,598,0,15672,3,363,10,7,385,15149,689,10,10306,836,21,106,308,1154,622,14,99,6,207,655,1554,4,24,34,988,37,17,493,6,238,403,38,1397,2689,1862,428,1466,188,466
chr11.125,70,602,283,66,146,3437,71,3401,9404,144,379,0,11256,5,287,6,3,233,10775,579,5,6945,552,21,54,333,839,394,9,39,7,237,540,1154,2,15,39,581,28,20,333,5,263,383,39,1125,1106,1441,318,1275,128,357
chr11.126,57,304,223,60,119,2390,57,3939,6009,113,381,0,7164,3,172,8,6,167,6736,325,6,4392,297,13,60,277,360,399,10,69,3,201,310,551,0,18,15,294,19,28,309,4,220,286,20,978,320,664,264,853,130,284
chr11.127,67,262,203,23,119,2211,58,2648,5784,118,268,0,6842,1,179,4,2,150,6477,358,7,4276,373,13,32,290,306,278,6,46,3,203,335,516,0,10,23,320,31,16,219,7,223,219,23,909,345,568,277,811,64,300
chr11.128,66,856,348,55,184,3584,86,6474,12041,223,617,0,13704,3,274,6,3,319,13296,542,2,9192,822,10,79,246,679,627,4,68,8,168,517,985,6,10,25,683,32,16,541,12,180,399,37,2039,1841,1535,326,1327,149,363
chr11.129,59,947,534,52,260,5451,95,4281,17180,308,1005,0,19808,3,410,8,2,420,19364,742,4,13457,1260,19,108,247,1374,1027,14,156,5,165,703,1829,2,22,39,1146,45,22,844,10,188,668,52,2253,3039,2321,336,1991,172,388
chr11.130,65,893,542,79,279,4876,107,5646,15119,259,822,3,17710,6,366,7,6,374,17244,796,0,11521,908,6,106,232,1316,843,11,125,5,161,746,1739,4,21,50,840,57,38,692,16,167,491,70,2203,2435,2209,390,1890,207,460
chr11.131,56,573,344,56,153,2917,82,3566,8750,183,465,0,10584,3,253,6,3,190,10173,515,11,6325,612,8,87,233,897,482,11,80,0,158,477,1188,6,17,38,524,38,22,385,12,177,376,42,1336,753,1470,357,1279,158,399
chr12.2,40,216,244,56,167,2048,87,1557,5441,122,219,0,6656,2,240,6,1,129,6353,473,6,3783,306,8,31,195,385,230,5,32,2,141,435,658,2,11,38,296,33,18,185,7,155,273,20,716,295,601,283,1025,95,303
chr12.3,55,541,279,48,193,2447,86,3984,7402,145,300,0,9004,3,299,3,3,129,8666,562,3,5110,458,13,31,235,651,311,8,64,1,164,522,985,6,11,40,397,35,17,235,7,180,439,25,1114,549,1192,294,1321,89,319
chr12.4,43,286,250,50,171,2136,82,2546,6317,154,332,0,7506,2,191,5,5,143,7162,517,3,4338,430,13,44,226,367,341,4,62,4,167,487,592,2,9,30,367,34,29,266,8,183,414,31,855,396,653,307,1217,107,338
chr12.5,69,471,321,83,161,2868,104,4491,8405,144,285,1,10001,3,282,3,1,216,9604,605,5,5913,722,17,66,230,623,292,3,43,5,139,583,934,2,7,22,443,29,27,237,7,161,448,35,1063,673,1094,367,1405,157,402
chr12.6,61,502,309,94,168,3135,133,5072,9235,162,367,0,10729,3,200,5,3,220,10260,602,6,6659,696,15,71,272,492,382,10,80,3,190,557,724,4,15,45,451,32,36,284,11,211,391,48,1370,845,994,464,1338,179,512
chr12.7,64,221,259,51,167,1622,92,2080,5287,129,289,1,6469,2,230,4,4,162,6129,533,4,3474,367,11,42,227,328,299,5,53,3,148,495,583,4,10,38,354,25,17,233,4,163,309,22,710,292,549,286,1130,101,308
chr12.11,85,280,332,55,162,3508,95,3252,8551,136,306,1,10069,2,245,4,3,208,9597,456,5,6511,503,12,63,330,526,314,3,47,4,228,431,789,2,8,25,477,18,19,255,11,245,408,28,1197,690,806,307,1216,132,335
chr12.12,64,188,273,41,141,2605,84,2124,6417,126,277,0,7709,4,279,3,0,133,7401,450,8,4748,302,10,47,205,452,281,1,37,5,123,418,759,12,4,32,346,28,13,235,7,141,312,14,913,456,640,274,1075,95,288
chr12.13,46,163,240,41,169,1915,85,1595,5117,109,231,0,6209,0,190,5,2,127,5930,467,0,3526,270,10,28,194,331,241,5,45,5,138,442,559,2,10,25,268,38,17,181,4,148,289,17,724,240,494,269,1036,75,286
chr12.14,70,317,251,62,172,2186,124,5046,6300,103,404,1,7922,2,263,7,2,209,7538,458,3,4303,407,13,48,246,655,418,6,58,3,160,431,942,0,14,27,321,24,23,343,10,176,363,23,971,315,972,353,1096,122,376
chr12.15,74,326,281,89,165,2366,99,4165,6623,132,287,0,8394,1,286,8,1,193,7955,481,3,4667,375,14,55,271,746,298,3,32,1,180,448,1068,2,11,33,306,36,26,254,11,197,341,29,1196,292,1072,277,1141,156,306
chr12.16,51,275,259,47,163,2811,83,3720,7060,118,394,1,8594,0,300,7,1,178,8283,446,5,5256,333,14,39,196,649,412,10,63,5,126,419,977,2,18,27,359,28,21,326,10,145,336,32,1178,457,924,255,1071,97,287
chr12.17,74,212,340,61,136,2961,115,4290,7627,140,674,2,9242,1,351,12,8,249,8821,489,7,5559,395,19,54,264,551,702,14,95,13,164,444,943,1,28,45,532,41,14,566,5,190,433,28,875,656,763,302,1304,128,330
chr12.18,114,550,349,99,200,4874,192,7893,13555,214,1182,1,16589,4,551,13,8,444,15852,604,21,10625,886,45,86,500,1298,1211,15,153,16,320,566,1905,5,29,38,851,56,28,1013,11,386,485,44,2015,1785,1848,421,1499,204,465
chr12.19,98,427,276,80,195,4123,136,7591,9330,115,1117,1,11581,2,355,15,6,401,10921,558,22,6803,449,46,84,455,855,1140,7,166,20,289,530,1260,4,23,28,445,50,26,931,10,357,474,28,1087,584,1282,333,1362,180,361
chr12.20,92,291,276,61,171,2998,83,3483,7324,135,680,1,8777,4,241,7,1,178,8378,507,5,5359,406,17,37,274,540,694,6,99,13,160,472,800,4,14,35,356,19,23,568,8,182,390,24,949,515,831,272,1196,107,296
chr12.21,98,546,302,55,237,3347,103,4771,10506,215,958,0,12975,4,461,7,2,183,12538,671,21,7985,866,25,62,287,1177,972,7,151,19,143,630,1692,8,14,41,777,54,27,788,13,189,390,44,1170,1610,1723,350,1425,132,394
chr12.22,89,371,315,83,205,3259,113,5631,9288,179,613,1,11433,0,343,3,2,223,10913,593,5,6897,700,35,83,330,924,624,7,100,8,201,552,1307,1,11,41,673,40,29,505,11,241,424,32,838,1248,1295,403,1373,179,435
chr12.23,76,364,282,71,154,3045,78,1975,7848,156,388,0,9375,1,223,7,4,180,8967,466,9,5738,501,13,46,268,630,400,5,62,6,170,439,887,5,12,27,448,34,14,320,6,192,394,34,945,643,994,371,1181,127,405
chr12.24,75,436,297,57,232,4480,123,2558,11990,219,546,0,13925,4,350,10,1,338,13456,594,4,9369,905,18,103,275,719,566,10,94,4,178,566,1111,8,20,28,789,42,33,448,9,200,427,37,1091,1885,1155,451,1368,170,488
chr12.25,77,355,289,49,243,4956,118,1237,12866,262,397,0,14573,3,338,5,3,362,14173,635,6,10442,1098,15,82,240,556,409,7,44,2,142,601,946,2,12,34,961,52,19,351,11,163,344,30,1012,2153,911,388,1322,145,418
chr12.26,75,321,361,60,123,3467,81,3064,9106,166,522,0,10567,1,223,8,0,186,10167,485,13,7047,798,23,52,266,598,536,6,77,14,155,460,857,1,14,25,615,36,18,431,7,191,363,30,1165,836,919,294,1246,119,324
chr12.27,51,226,239,31,158,2654,77,1475,6503,119,247,1,7722,0,200,4,2,155,7454,479,5,4825,336,6,38,186,482,253,1,49,3,124,460,716,0,6,19,342,34,16,195,5,135,260,24,1015,359,708,279,1012,76,303
chr12.28,60,237,243,27,143,2383,74,1675,5767,127,231,0,6826,0,192,3,0,132,6565,464,8,4108,310,12,24,199,360,235,1,43,5,119,437,581,1,4,27,299,29,17,183,7,139,259,36,729,260,597,270,996,58,306
chr12.29,55,482,305,45,195,3137,99,2181,7876,136,378,1,9337,2,216,7,1,218,9020,471,7,5708,450,10,51,194,609,393,7,73,2,122,446,850,6,15,25,385,25,23,303,9,139,330,24,1097,503,1091,309,1137,106,333
chr12.30,88,839,308,44,171,3332,150,2239,9044,174,593,1,10743,3,231,7,3,199,10318,548,9,6361,500,25,50,299,682,612,11,84,4,177,526,953,5,19,22,466,40,23,505,7,211,360,22,1224,665,1521,379,1261,104,401
chr12.31,75,921,297,67,194,3906,161,3584,10539,185,603,1,12466,4,280,12,2,198,11965,615,9,7716,732,23,39,351,756,629,13,96,10,244,590,1071,3,26,25,617,35,29,497,12,276,343,34,1253,1023,1677,383,1293,120,417
chr12.34,133,823,351,129,167,3532,166,11482,11465,200,701,1,14113,3,407,12,5,385,13338,680,19,8228,754,43,117,478,1089,727,13,96,10,283,638,1540,3,26,42,623,44,36,595,17,345,484,35,1795,1324,1912,440,1562,268,475
chr12.36,91,434,375,80,231,3973,117,3405,10660,176,725,0,12559,7,299,8,5,239,12090,698,5,8159,602,17,66,283,747,740,7,111,14,170,641,1082,3,15,57,797,36,19,600,13,192,386,33,1495,1116,1181,314,1498,164,347
chr12.37,67,358,360,67,193,3565,100,2777,8918,142,337,1,10897,1,369,4,1,276,10559,542,2,6647,502,13,58,191,940,345,3,32,9,109,511,1348,0,8,31,569,39,25,296,12,124,422,25,1056,813,1298,263,1363,138,288
chr12.38,62,614,365,70,246,4756,84,3504,14114,246,600,1,16329,1,362,6,1,350,15949,637,6,11202,828,12,70,217,1110,613,6,89,9,137,591,1505,4,13,46,884,33,33,502,8,155,453,48,2351,2137,1724,408,1492,149,456
chr12.39,57,482,337,69,170,3461,105,2915,9444,180,393,0,11354,4,293,4,1,251,10956,473,6,7288,558,11,68,233,906,401,4,49,8,159,449,1237,1,8,24,618,38,26,336,15,176,287,32,1517,954,1388,267,1136,153,299
chr12.40,80,634,318,44,189,4529,128,5104,11436,166,473,1,13421,6,283,8,1,225,12950,529,7,9001,479,25,53,339,883,494,12,77,3,227,491,1197,1,21,38,612,31,19,393,7,259,346,26,2251,964,1517,337,1225,105,363
chr12.41,64,536,293,79,158,2978,94,3020,8133,126,387,0,9850,7,261,8,3,230,9458,515,3,5921,448,9,50,220,768,407,12,50,9,144,488,1073,1,20,27,492,44,22,328,13,156,291,21,1237,640,1304,303,1144,145,324
chr12.42,64,513,311,80,195,3826,102,3258,9588,159,420,0,11391,0,310,8,4,275,10993,524,5,7258,490,22,68,217,753,434,6,62,14,126,492,1108,2,14,32,526,45,23,344,15,153,329,27,1394,863,1266,326,1211,167,353
chr12.43,54,319,277,42,183,2936,86,3760,6738,96,311,0,8054,1,209,7,1,202,7711,413,5,4965,317,11,40,240,473,323,5,44,3,170,384,704,2,12,29,348,22,10,264,7,186,264,10,944,324,792,276,978,90,286
chr12.44,89,308,248,75,208,3273,86,7005,7172,124,295,0,8505,6,222,4,0,191,8105,446,10,5407,350,18,36,266,389,304,5,25,6,149,423,639,2,9,23,379,28,19,264,8,177,278,18,779,502,697,255,1002,119,273
chr12.45,53,210,264,102,198,2234,64,3283,5850,108,281,0,7134,2,194,4,7,199,6727,432,9,4152,335,11,47,232,382,291,6,30,1,159,403,615,3,10,29,285,39,17,250,7,179,272,24,860,330,592,277,1010,163,301
chr12.47,52,216,251,105,192,1751,70,1749,5105,115,229,3,6235,0,176,2,4,150,5914,408,3,3528,313,10,20,171,333,245,11,32,3,106,380,547,0,16,28,312,38,17,194,5,119,238,22,764,273,549,275,935,134,297
chr12.49,53,259,217,98,167,1908,84,2650,5400,112,273,1,6746,2,231,6,2,151,6339,433,5,3723,307,10,32,256,414,284,4,46,4,188,389,688,2,11,44,267,43,21,223,6,203,294,22,852,277,673,278,989,138,300
chr12.50,72,275,228,87,189,1740,72,2970,5644,136,302,0,6932,0,195,11,0,178,6491,490,8,3834,390,17,54,269,357,326,13,68,5,172,460,586,4,24,30,308,34,15,229,7,197,294,33,951,309,632,293,1050,148,326
chr12.51,40,298,299,66,187,2146,92,2475,5699,100,236,1,6992,2,199,5,4,157,6665,401,5,3933,313,13,33,202,440,251,9,35,5,144,365,687,1,15,36,301,48,14,196,5,162,267,25,810,263,738,304,1016,108,329
chr12.55,58,393,252,362,143,2383,87,3946,6838,115,342,1,8674,1,208,7,5,170,7764,450,6,4958,414,22,51,474,456,355,5,60,3,388,421,696,2,13,29,398,32,16,279,4,416,269,25,1191,457,849,303,1005,422,328
chr12.56,52,472,352,133,210,3139,73,5054,8428,144,781,0,10257,5,235,4,3,238,9571,473,11,6183,477,23,65,462,581,794,9,103,13,376,432,860,2,13,41,424,44,22,665,5,410,355,33,1398,601,1053,298,1226,206,331
chr12.57,92,684,475,167,199,4554,141,6774,12052,144,845,0,14559,3,356,8,1,369,13857,526,12,8725,467,28,111,398,1069,858,5,99,18,266,485,1465,3,13,41,633,40,32,728,9,306,656,30,1929,998,1753,552,1700,288,582
chr12.58,81,1002,571,236,223,5633,161,9645,16129,216,1134,1,19781,4,601,11,6,359,18958,554,12,12221,1003,22,139,397,1794,1154,8,169,39,282,530,2445,5,20,24,999,50,42,926,21,316,648,56,2000,2370,2796,671,1828,402,727
chr12.59,74,694,353,248,201,3757,112,7049,10597,191,702,0,13302,2,464,12,3,255,12649,494,5,7893,556,18,78,298,1232,717,3,80,13,201,460,1739,3,15,34,672,43,22,609,9,224,432,37,1427,1290,1926,414,1325,338,451
chr12.60,69,448,252,149,181,2811,91,2222,7281,139,486,0,9261,1,296,2,2,224,8777,502,8,5177,347,8,37,277,885,494,6,76,5,192,476,1224,1,8,26,343,43,21,405,10,208,338,23,1164,373,1333,295,1136,198,318
chr12.62,59,270,254,214,154,2829,119,2699,6960,143,348,2,8563,2,230,7,0,184,8077,525,2,5110,330,20,44,206,574,364,7,53,7,125,498,844,1,16,27,325,40,16,288,4,147,313,21,1161,322,844,266,1133,262,287
chr12.63,85,406,297,274,212,3069,124,3378,8256,126,488,0,10048,2,191,5,3,208,9337,619,4,6134,379,24,106,301,536,500,7,80,4,188,571,745,1,12,48,419,18,15,404,13,216,229,33,1718,423,942,314,1164,396,347
chr12.64,58,336,229,185,177,3259,91,2644,9171,156,412,0,10835,0,217,4,2,182,10252,543,8,7347,411,26,94,286,562,422,6,59,10,194,511,813,3,10,32,552,34,20,343,6,228,233,15,2051,918,898,263,1042,287,278
chr12.65,77,450,311,262,189,2969,111,3955,7800,109,281,0,9874,2,310,4,3,216,9256,612,6,5619,317,19,43,291,807,293,8,33,5,189,585,1156,3,12,27,399,39,20,243,5,214,258,24,1376,449,1257,287,1223,313,311
chr12.66,73,256,212,556,156,2523,75,2634,6307,106,254,0,8145,1,189,8,1,165,7192,538,7,4574,341,12,91,282,434,268,6,42,9,190,497,654,1,14,41,368,31,16,203,8,209,251,21,820,416,690,273,1033,656,294
chr12.67,52,339,272,337,161,2807,82,5334,6766,94,288,0,8472,2,229,4,4,165,7824,447,5,4948,353,12,78,208,566,301,9,44,6,139,415,815,2,13,32,304,20,16,238,6,156,286,25,1037,353,905,266,1027,425,291
chr12.68,60,498,270,257,194,2895,125,7099,7975,106,491,0,10240,3,322,8,8,220,9487,641,6,5639,343,15,127,326,834,509,10,89,5,245,604,1193,3,18,37,305,37,29,397,14,266,337,32,1659,331,1332,306,1288,406,338
chr12.69,73,627,315,271,195,3028,96,4309,8643,103,483,1,10842,4,290,11,2,182,10143,618,8,6254,449,19,90,310,891,499,4,69,7,210,581,1209,3,16,37,511,28,22,407,6,237,330,22,1364,799,1518,270,1294,369,292
chr12.70,71,667,392,306,222,5443,132,10082,14118,183,1143,0,18037,4,634,8,2,248,17052,685,20,11178,808,37,137,499,1878,1158,7,151,29,371,647,2580,6,15,38,923,68,38,963,22,428,502,35,1496,2325,2545,367,1653,467,402
chr12.71,92,850,357,303,204,5667,178,7083,14066,191,1145,1,18212,2,657,9,4,292,17218,514,19,10960,726,37,121,526,2068,1166,11,168,15,378,476,2770,4,21,38,792,45,47,962,17,434,515,51,2007,1577,2918,476,1435,445,527
chr12.72,73,609,387,245,188,3685,115,4429,9377,147,732,1,12014,1,406,9,2,183,11337,518,8,6823,390,27,92,302,1220,753,11,95,10,194,484,1657,1,21,34,426,31,27,627,14,229,362,42,1638,537,1829,425,1299,353,467
chr12.73,60,380,257,179,173,2570,92,1670,6417,128,341,2,7918,3,206,7,6,192,7471,433,3,4534,309,7,30,208,566,356,6,54,2,138,411,789,3,15,22,293,17,22,285,6,148,308,15,926,308,946,273,1018,221,288
chr12.74,41,605,355,159,157,3509,97,2131,8742,147,405,0,10502,2,245,5,1,207,10109,472,5,6371,406,18,31,186,840,412,2,60,2,122,439,1113,2,7,33,422,28,15,343,7,145,352,27,1315,572,1445,336,1209,198,363
chr12.75,71,878,366,143,157,4209,126,2446,11729,201,832,0,14571,2,517,3,2,198,14104,542,6,8872,541,12,52,241,1528,844,9,117,15,152,510,2092,1,12,32,819,47,35,700,15,170,371,43,1899,1203,2406,423,1327,212,466
chr12.76,55,473,353,266,198,3541,121,6425,11042,188,853,0,13716,4,446,7,3,222,13024,541,10,8629,723,24,109,275,1151,874,14,130,26,186,510,1663,1,21,31,748,66,27,697,14,220,378,35,2052,1377,1624,383,1339,392,418
chr12.77,71,378,303,147,153,3172,88,3913,7791,143,417,0,9286,0,235,6,2,185,8856,442,4,5869,371,11,48,213,557,429,6,59,9,127,408,824,0,12,34,408,32,20,349,8,142,261,31,1277,498,935,302,1038,205,333
chr12.78,71,473,341,107,165,4377,153,7790,11370,190,754,0,13615,5,511,8,3,212,13166,511,4,9138,709,19,55,250,924,772,10,136,10,156,484,1478,5,18,27,923,43,19,608,11,179,327,26,1316,1623,1397,318,1227,176,344
chr12.79,69,597,393,186,256,4470,118,4288,11812,147,906,3,14436,0,530,11,3,309,13931,583,6,9093,470,19,50,231,1158,930,10,135,18,137,532,1745,1,24,51,707,57,32,753,11,162,438,42,2102,1197,1755,324,1472,250,366
chr12.80,80,431,331,168,171,3262,112,2736,8646,156,1065,0,10500,2,326,12,6,206,9979,464,7,6576,379,11,60,250,676,1084,7,153,30,152,442,1050,2,19,22,471,48,22,882,16,170,283,38,1713,595,1107,293,1128,250,331
chr12.81,96,862,423,172,211,5280,150,6247,14966,220,1432,3,17334,4,372,15,2,387,16637,552,27,11702,701,35,79,381,890,1467,17,237,36,223,508,1310,2,35,44,1023,48,27,1159,24,285,416,67,2565,1913,1752,528,1441,277,595
chr12.82,72,608,444,270,219,4673,142,2968,13653,215,1160,0,16054,4,322,12,3,338,15289,639,12,10693,645,25,68,385,906,1178,6,164,22,276,607,1275,1,18,32,805,47,20,974,17,313,433,47,2769,1586,1514,430,1564,358,477
chr12.83,73,636,363,141,204,4762,130,4853,12862,161,1280,1,15076,1,314,5,5,342,14417,595,13,9972,539,30,129,346,868,1300,14,177,25,230,559,1221,1,20,36,677,39,19,1078,17,273,376,48,2588,1245,1504,510,1374,292,558
chr12.84,85,641,387,190,179,4729,148,9503,13557,176,1103,0,16096,4,403,10,3,442,15271,514,22,10519,640,30,178,394,940,1137,24,146,23,257,477,1387,2,34,37,920,44,18,934,22,309,456,31,2211,1843,1581,547,1403,393,578
chr12.85,82,480,319,138,162,3477,119,7172,8616,124,694,1,10406,2,249,6,3,294,9824,428,17,6351,351,22,73,334,641,717,16,105,14,213,403,927,3,23,25,509,37,16,575,9,252,335,34,1208,682,1121,356,1122,223,390
chr12.86,64,275,226,187,146,2839,105,4807,6552,113,528,1,7961,2,201,7,3,210,7448,427,3,4815,292,20,42,252,415,543,7,77,7,165,402,645,2,15,25,277,29,22,444,12,188,291,23,1063,231,690,261,975,244,284
chr12.87,72,475,293,73,143,3034,91,4835,7983,115,345,0,9575,0,240,7,1,159,9155,493,4,5868,302,18,93,227,670,357,5,44,3,133,458,938,1,12,35,422,28,19,298,14,155,312,31,1441,554,1145,332,1127,181,363
chr12.88,88,626,390,97,152,3937,119,6822,10164,166,550,0,11886,1,237,9,1,181,11384,552,15,7608,346,22,55,313,679,577,18,86,5,188,519,949,2,27,33,538,33,28,459,8,225,327,41,1841,780,1305,409,1304,161,450
chr12.89,56,429,296,86,176,3155,121,2288,7494,123,413,0,9014,2,201,7,3,178,8590,433,5,5465,283,11,70,241,553,428,8,37,6,169,411,799,5,15,22,378,45,20,370,7,185,337,33,1187,339,982,298,1116,166,331
chr12.90,51,255,234,81,158,2269,90,1966,5752,103,245,1,7010,2,202,4,2,149,6648,403,5,4146,299,11,54,204,406,261,11,36,4,137,385,648,2,16,18,296,40,12,205,3,153,276,23,849,330,661,252,955,140,275
chr12.91,41,227,236,74,145,2639,94,1710,6141,123,261,1,7382,3,212,6,2,159,7054,410,3,4533,276,13,33,204,438,271,3,44,2,147,383,674,2,10,27,318,24,15,215,2,163,254,14,851,326,665,291,926,111,305
chr12.92,51,298,247,66,158,2462,77,2649,6039,120,238,1,7273,1,194,3,2,171,6939,416,2,4317,264,14,30,218,430,247,5,27,1,151,389,665,2,9,27,302,41,14,210,8,167,273,18,835,334,728,283,979,106,301
chr12.93,39,213,216,156,159,2414,92,2342,5685,106,225,0,6940,2,187,7,4,160,6511,396,6,4158,267,11,43,206,367,238,6,38,4,150,366,575,1,13,30,291,21,10,183,5,167,230,25,829,251,580,276,864,208,301
chr12.94,49,465,325,107,196,4118,124,7287,10256,146,453,0,12284,1,382,7,4,201,11805,442,4,8190,548,14,100,237,813,473,13,82,9,170,413,1229,2,20,29,582,34,16,362,10,188,271,36,1799,997,1278,308,1074,221,344
chr12.95,57,475,332,133,166,3825,102,10517,9318,161,540,0,11376,1,396,6,3,211,10850,450,11,7194,407,6,107,259,831,550,4,97,10,185,418,1264,1,10,32,472,37,14,433,13,202,291,37,1509,820,1306,313,1111,256,350
chr12.96,49,437,303,72,200,3349,103,2906,9143,143,436,1,11134,3,325,6,1,185,10766,454,4,7180,540,13,54,214,955,454,11,74,2,148,409,1320,3,18,45,593,40,22,360,6,165,236,34,1411,1144,1392,289,1036,133,323
chr12.97,38,372,296,65,193,3476,82,4263,8935,155,446,1,10858,0,345,8,4,208,10512,430,2,7032,520,6,57,196,910,462,7,67,6,150,398,1302,2,16,32,652,47,19,373,8,158,266,32,1227,1002,1282,278,1041,134,310
chr12.98,59,517,337,144,200,2939,95,4917,8075,146,552,1,10370,3,354,5,1,191,9875,493,8,5830,381,18,54,269,1121,569,11,69,6,184,460,1505,1,17,33,435,30,16,477,7,210,391,34,1286,643,1638,265,1252,206,299
chr12.99,78,237,342,161,191,2604,97,2851,6596,104,317,0,8184,2,254,1,3,160,7711,507,4,4749,314,16,24,273,545,325,7,42,8,175,465,827,5,8,42,357,28,19,267,2,195,284,27,930,440,782,266,1166,190,293
chr12.100,92,452,315,145,231,3820,123,5330,9571,142,504,1,12069,6,433,12,2,206,11501,555,4,7161,570,24,83,302,1091,526,9,63,12,182,520,1576,2,22,35,633,52,26,429,8,210,471,34,1015,981,1543,349,1395,238,383
chr12.101,53,284,246,74,162,2717,79,3305,6605,128,296,0,7997,0,221,7,0,156,7636,391,6,4889,343,7,44,224,531,311,8,45,2,158,369,790,2,15,22,356,38,26,249,4,171,296,27,973,372,815,288,973,122,315
chr12.102,57,269,274,97,159,2577,64,1860,6300,101,221,0,7551,1,222,2,1,201,7186,407,6,4590,295,9,27,221,413,232,9,28,1,149,382,663,2,11,25,353,28,18,192,7,164,242,31,953,311,682,266,953,132,297
chr12.103,61,413,229,77,177,2846,73,3401,7464,134,353,0,8722,2,201,6,1,182,8365,506,6,5486,433,15,23,241,434,362,3,61,3,159,466,651,3,9,40,436,16,26,289,4,180,273,25,978,659,847,321,1027,105,346
chr12.104,47,424,237,88,186,2822,75,3441,7164,133,399,0,8582,2,213,5,3,171,8192,389,6,5307,432,7,31,252,519,409,5,66,2,192,362,767,2,10,27,425,35,21,331,4,205,291,29,975,520,943,293,954,126,322
chr12.105,50,606,290,51,160,3207,99,4413,9245,167,304,1,10871,2,234,5,3,208,10498,583,3,6812,544,11,39,260,728,316,6,49,1,196,534,994,5,12,49,548,32,21,254,6,210,379,21,1248,1098,1334,320,1289,99,341
chr12.107,46,202,232,61,174,1815,77,1570,5004,114,215,2,6119,2,190,9,0,137,5795,383,2,3453,237,7,36,205,303,231,5,32,5,150,361,540,2,16,22,291,47,16,178,4,159,258,28,744,252,505,293,922,101,321
chr12.108,56,384,276,60,166,2408,99,3232,6678,123,267,2,8168,2,239,3,9,178,7773,447,8,4692,436,17,39,266,544,279,7,49,4,185,423,830,2,12,24,357,47,15,214,7,210,331,29,890,478,928,324,1103,115,353
chr12.110,53,324,258,78,172,2049,104,3578,5946,111,565,0,7318,1,193,5,1,202,6942,400,3,4074,368,9,54,223,485,574,4,48,7,158,370,720,1,9,30,342,42,24,510,10,170,323,27,854,350,809,313,1024,143,340
chr12.111,70,733,351,95,200,2878,137,5366,9316,165,401,0,11557,1,322,18,1,220,10994,544,2,6512,635,21,72,352,974,432,13,71,1,259,508,1341,1,31,36,556,45,30,329,11,282,471,46,1201,1077,1707,408,1412,179,454
chr12.112,89,838,368,71,224,2778,174,4957,8929,186,691,1,11230,4,298,8,3,200,10667,459,9,5889,810,16,49,398,996,716,16,85,9,284,424,1340,6,25,35,416,46,20,597,13,309,617,62,991,708,1834,470,1496,136,532
chr12.113,65,410,288,40,161,2477,124,3737,7185,137,434,1,8760,3,236,7,1,145,8319,412,6,5108,514,19,64,305,583,453,11,62,9,215,383,849,2,19,29,350,30,23,363,9,240,397,24,1196,434,993,376,1129,114,400
chr12.114,61,297,246,52,176,2217,111,3392,6312,113,252,0,7767,1,200,11,3,155,7376,431,4,4548,428,11,43,265,540,270,7,31,4,189,415,777,2,18,16,349,37,20,217,9,204,278,36,1016,425,837,299,994,107,335
chr12.115,58,268,258,79,188,2104,70,5191,6633,134,344,0,8142,2,236,2,7,170,7707,426,7,4825,417,11,37,293,533,354,8,51,4,217,396,816,1,10,30,449,47,22,289,7,235,249,33,1014,707,801,381,981,130,414
chr12.116,51,489,289,119,193,3495,108,6765,10718,147,515,1,12970,4,325,9,3,286,12386,630,9,8108,725,14,103,324,1003,535,10,82,6,250,580,1367,5,20,50,637,39,18,427,11,273,452,30,1456,1648,1492,411,1415,236,441
chr12.117,61,242,242,50,190,2119,96,3398,6129,132,331,0,7487,1,221,5,2,188,7114,455,6,4383,350,13,47,254,438,347,11,62,2,174,422,699,1,16,33,389,40,18,267,3,193,280,27,923,470,680,293,1018,102,320
chr12.121,49,231,229,49,182,2039,71,2139,5397,103,256,0,6550,1,207,4,2,155,6229,436,8,3809,295,17,40,216,336,266,6,31,3,142,407,579,3,10,29,314,36,18,222,3,167,228,21,787,271,567,267,932,94,288
chr12.122,67,295,238,41,203,1629,72,2802,5342,115,276,0,6683,2,237,8,0,180,6330,483,7,3511,336,16,45,243,443,290,6,50,4,153,443,713,3,14,40,324,33,18,222,8,176,291,26,768,339,738,297,1048,94,323
chr12.123,93,716,394,127,275,3459,128,8186,10428,168,675,2,12981,5,411,7,3,341,12437,640,7,7497,643,16,99,274,1137,697,13,127,9,158,596,1606,3,22,44,632,58,38,539,14,181,385,53,1534,1061,1853,361,1480,243,414
chr12.124,86,873,501,125,288,4040,113,9126,13777,212,943,1,16913,8,435,9,5,550,16319,910,5,9858,929,16,116,301,1620,967,14,121,21,194,861,2141,8,24,49,951,86,43,801,15,215,542,57,1564,2162,2493,435,2047,261,492
chr12.125,89,1344,501,109,264,3985,142,11504,15106,280,924,0,19222,7,551,12,3,534,18396,938,14,10650,1069,29,125,547,2267,946,10,112,18,415,882,2884,4,22,56,945,66,46,794,13,458,489,57,2280,2091,3611,543,1998,250,600
chr12.126,78,937,494,126,359,3692,127,7515,12700,222,555,0,16484,5,588,4,6,417,15692,962,5,8953,853,25,128,492,1849,577,18,79,4,384,897,2506,4,22,65,825,69,42,472,13,414,449,50,1593,1768,2786,392,1978,273,442
chr12.127,108,710,358,129,306,4005,110,4414,13144,249,805,1,16223,6,414,12,4,298,15421,937,6,9742,975,31,109,506,1395,837,19,98,14,361,864,1861,7,32,73,817,52,28,693,16,398,484,65,2084,1612,2105,515,1838,258,580
chr12.128,102,535,295,64,223,2932,105,4129,9639,196,519,0,11758,4,253,8,3,319,11169,681,5,6956,943,31,84,409,907,538,11,78,5,271,645,1202,2,19,36,583,42,23,436,6,307,312,70,1240,1062,1442,446,1332,157,516
chr13.18,69,275,231,30,164,2435,74,1624,6081,129,274,1,7154,0,184,2,1,174,6845,510,3,4354,354,18,30,233,318,285,8,39,3,143,488,526,1,11,22,326,24,21,232,4,164,230,7,760,350,593,278,996,65,285
chr13.19,73,367,272,64,218,3341,90,5541,9550,152,523,1,11180,2,263,10,3,296,10682,527,16,7427,589,25,54,336,518,551,17,66,7,222,482,824,4,28,45,548,43,20,450,11,263,269,19,1779,1018,885,349,1115,132,368
chr13.20,75,431,253,47,238,3901,88,6930,11483,225,685,2,13153,3,277,7,5,317,12631,501,10,9328,915,21,65,366,517,703,9,105,13,260,461,822,3,18,40,720,28,33,567,18,291,254,35,2035,1532,948,328,1039,135,363
chr13.21,68,248,203,39,167,2461,77,2054,6180,120,324,2,7264,1,196,2,0,167,6934,365,5,4707,359,16,31,237,283,343,15,36,6,148,336,510,2,19,29,339,31,18,282,3,169,202,12,1000,428,531,256,803,73,268
chr13.23,58,338,394,72,164,3450,89,2755,9003,177,415,0,10499,1,245,7,0,195,10085,422,7,6859,520,15,42,281,556,430,8,74,5,201,385,829,2,15,37,488,28,19,336,3,223,410,18,1475,749,894,346,1256,117,364
chr13.24,58,317,309,44,188,2564,80,3620,7109,120,306,1,8580,0,271,6,3,174,8201,450,3,5190,447,13,65,246,519,325,12,55,6,172,399,824,2,19,51,458,34,29,245,2,188,302,19,987,614,836,317,1097,114,336
chr13.25,83,357,322,79,187,2709,82,2833,6978,132,236,2,8522,1,241,10,4,211,8063,448,8,4952,370,11,47,305,541,256,8,46,2,203,414,816,5,20,34,327,34,18,188,3,222,302,28,984,430,898,335,1111,133,363
chr13.26,109,622,330,77,199,3514,92,5466,9702,178,298,2,11721,3,277,10,3,254,11128,511,13,7171,723,21,75,411,826,320,10,59,3,268,475,1135,4,22,36,595,32,18,236,2,302,354,20,981,1180,1448,418,1231,157,438
chr13.27,62,343,240,34,152,2852,54,2020,6520,111,226,0,7567,1,147,3,3,180,7230,380,6,4885,341,15,40,244,330,239,10,38,1,161,339,504,3,13,41,352,27,15,187,2,182,225,19,788,441,673,230,875,79,249
chr13.28,63,310,266,33,136,2834,87,2639,6791,95,228,0,7801,1,147,4,2,199,7503,363,9,5062,360,10,25,219,323,242,10,51,3,137,331,489,1,14,32,391,19,23,174,4,156,264,13,916,466,633,290,913,64,303
chr13.29,63,349,297,52,164,3248,98,3803,7562,151,290,1,9042,2,261,4,3,183,8702,388,4,5671,406,13,30,232,586,307,12,47,3,152,354,878,4,17,34,387,31,31,240,4,169,299,11,868,611,935,329,1019,89,340
chr13.30,43,246,259,25,165,2764,86,3143,6465,91,272,1,7635,3,240,6,4,155,7363,353,8,4957,356,14,32,195,381,281,2,44,3,130,317,647,0,9,36,372,26,8,225,4,152,218,16,886,488,627,253,856,65,269
chr13.31,59,375,255,39,179,3001,68,3073,7238,98,393,3,8550,0,227,5,0,155,8231,391,5,5516,400,12,31,220,491,417,16,78,1,144,358,746,1,24,33,424,28,11,314,5,161,221,24,949,644,866,289,896,75,313
chr13.32,53,369,366,28,208,3624,79,4419,10199,140,651,2,11844,1,347,7,4,166,11536,360,6,8316,511,14,48,196,656,673,13,86,15,123,329,1050,3,22,31,735,47,15,550,9,143,308,32,1985,1321,1025,264,1084,89,296
chr13.33,44,362,269,26,207,4337,75,3122,12601,248,649,0,14068,1,352,4,4,123,13809,384,7,10921,895,4,19,191,529,660,7,81,5,136,339,926,1,11,45,990,45,15,563,7,147,238,22,2078,2373,891,266,937,56,288
chr13.34,66,517,246,34,166,3475,84,4262,10449,172,496,1,11918,2,290,3,2,169,11592,435,2,8498,782,19,32,235,569,513,13,71,10,148,401,893,3,17,34,752,34,19,415,4,169,207,25,1536,1781,1086,330,925,72,355
chr13.35,64,507,258,46,179,4380,73,5044,12012,208,674,1,13750,0,356,9,3,207,13336,456,10,9923,693,16,46,286,681,698,14,86,7,196,408,1072,1,24,48,848,35,18,581,9,222,260,31,1815,1979,1188,351,1010,104,382
chr13.36,69,345,288,51,192,3879,102,3473,9740,152,478,0,11115,1,247,7,2,285,10766,469,5,7757,501,11,48,218,450,496,11,66,9,133,422,732,1,18,47,578,35,27,403,11,149,266,16,1710,937,795,286,1059,112,302
chr13.37,64,435,267,39,134,3530,79,2449,8473,144,248,0,9621,3,208,7,0,185,9320,467,3,6544,486,11,29,211,403,266,11,43,2,133,424,634,7,18,43,506,23,18,203,1,147,220,28,1128,750,838,302,984,69,330
chr13.39,55,243,217,28,139,2444,89,2076,5683,109,201,0,6697,2,186,2,3,131,6439,316,8,4278,332,8,19,199,316,205,2,29,2,128,281,528,0,4,35,314,26,15,170,3,144,165,23,740,339,559,295,724,53,318
chr13.40,65,475,258,35,138,3122,74,2872,7356,137,261,0,8511,4,203,4,4,145,8187,407,5,5517,374,8,34,232,385,273,8,45,5,154,385,619,1,12,22,441,31,22,211,3,167,219,21,889,554,860,291,916,76,312
chr13.41,52,312,233,33,135,2893,75,2417,6502,105,333,1,7510,2,174,8,1,115,7222,388,2,4974,320,13,34,200,313,345,3,60,3,133,359,510,2,12,29,351,23,20,270,6,148,191,23,835,470,625,244,837,74,267
chr13.42,54,184,228,27,119,2226,58,1933,5440,104,267,1,6399,2,189,6,3,122,6106,321,6,4095,318,12,28,218,274,280,6,41,3,146,303,489,4,13,18,277,26,16,223,2,164,187,27,853,317,458,256,766,60,283
chr13.43,74,346,224,34,110,2885,79,2434,7032,98,335,0,8228,2,188,6,5,156,7903,329,7,5404,458,14,26,245,470,345,4,47,6,150,292,682,2,10,37,416,24,13,282,3,171,210,15,846,701,816,333,789,68,348
chr13.44,64,382,275,28,169,3410,95,3554,7992,110,384,1,9418,3,227,7,1,232,9043,333,9,6157,439,22,44,278,531,398,6,46,4,183,309,787,3,14,24,534,29,26,334,7,214,249,24,797,867,913,311,889,80,335
chr13.45,75,353,249,41,148,3239,80,3169,7296,108,349,1,8549,2,198,2,3,231,8132,345,5,5619,399,17,41,310,374,361,9,63,1,213,316,608,2,12,29,423,36,19,285,8,235,216,28,748,702,727,234,848,93,262
chr13.46,52,325,268,33,106,2819,86,1821,6165,78,252,0,7165,2,162,1,1,156,6877,373,5,4579,282,10,18,222,325,259,6,32,0,155,335,520,1,7,38,311,33,15,220,5,170,187,24,744,345,650,237,862,57,261
chr13.47,48,205,262,36,161,2316,87,1824,5568,116,208,1,6526,3,149,5,1,123,6270,331,6,4164,328,8,16,185,276,218,4,31,1,123,297,454,3,10,34,305,29,15,176,5,137,177,22,744,355,481,266,802,58,288
chr13.48,38,341,247,30,135,2970,77,2030,6425,112,201,1,7341,2,175,7,2,107,7113,326,3,4890,314,12,19,158,284,213,4,30,3,105,294,476,4,12,32,336,17,16,168,5,120,225,18,768,390,625,251,819,56,269
chr13.51,84,1191,388,90,325,5295,164,8752,16460,302,1198,1,19574,0,598,14,4,263,18998,480,13,13074,997,17,100,328,1383,1235,22,199,28,214,424,2049,6,37,56,1026,68,29,971,17,244,419,40,2780,2674,2574,570,1361,211,610
chr13.52,93,1056,494,89,291,7090,179,9658,18756,262,1493,1,21870,0,496,13,3,374,21208,551,17,14885,1050,33,75,442,1415,1527,20,229,31,299,512,1982,12,34,39,1143,71,42,1233,19,349,601,42,2645,2695,2471,699,1729,186,741
chr13.53,94,1249,667,114,395,6672,211,10749,18823,262,1620,3,22324,1,586,21,6,512,21584,576,21,14593,1334,32,102,453,1504,1667,23,229,44,306,531,2155,7,47,45,1371,65,47,1347,17,359,584,55,1954,3000,2753,533,1899,239,588
chr13.54,100,1205,625,79,320,6262,192,8884,17504,264,1457,2,20145,3,462,18,4,487,19508,498,16,13495,1356,23,85,417,963,1493,16,223,37,278,461,1492,6,36,37,1220,67,54,1197,13,317,583,62,1668,2725,2168,489,1779,181,551
chr13.55,106,957,502,95,266,6360,154,8219,17432,268,1344,0,20551,4,688,11,4,552,20048,567,4,13706,1077,17,93,273,1434,1362,7,194,29,146,521,2196,5,18,46,1170,74,55,1121,16,167,516,34,2101,2730,2391,538,1664,208,572
chr13.56,108,964,402,79,319,5184,142,6039,14648,210,965,2,17589,6,641,12,5,482,17129,531,5,11353,837,23,53,284,1315,989,10,144,22,148,490,2020,7,24,41,952,64,49,799,9,176,448,49,2350,1820,2279,363,1452,146,412
chr13.57,68,390,250,42,179,3168,90,3341,7564,130,412,0,9181,5,297,3,0,178,8845,361,8,5875,376,15,40,232,687,422,7,69,6,141,337,1012,1,10,24,436,28,21,337,7,164,201,27,1295,470,1077,260,841,89,287
chr13.58,91,635,385,57,206,4466,143,4124,12508,202,681,2,14341,2,375,8,4,246,13895,426,6,9994,662,21,47,307,629,700,9,116,17,189,406,1038,3,19,20,943,34,28,548,10,216,372,22,1811,1910,1264,397,1220,118,419
chr13.59,107,824,519,65,340,6877,155,7598,17541,288,1075,1,20705,5,655,13,4,339,20113,519,7,14211,1061,23,66,397,1360,1115,26,183,28,260,480,2077,10,40,39,1196,62,38,864,15,290,551,30,1963,2826,2184,500,1661,150,530
chr13.60,91,969,658,88,273,7807,150,6786,19826,305,1423,1,23510,2,812,23,4,244,22889,487,9,16292,1021,34,55,423,1741,1459,12,212,36,289,442,2640,6,36,45,1315,87,32,1175,13,332,529,28,3015,2829,2710,581,1767,160,609
chr13.62,108,1040,628,91,321,7868,145,9274,20724,343,1419,0,24484,3,882,13,2,447,23850,551,9,16804,1490,33,87,421,1699,1440,8,215,43,271,514,2660,8,21,37,1266,79,44,1161,9,313,531,41,2978,2859,2739,630,1797,189,671
chr13.63,68,712,578,50,385,7202,137,4913,19330,337,1023,1,22646,2,742,15,4,331,22265,529,2,16092,1447,18,42,250,1584,1049,10,143,34,162,489,2413,6,26,40,1328,87,54,846,7,182,474,37,2848,2930,2296,517,1674,103,554
chr13.64,96,503,628,57,303,7083,134,3598,16993,292,798,0,19596,4,660,7,4,250,19217,550,8,14208,1036,13,52,237,1057,814,9,100,23,120,502,1787,4,16,48,1197,70,26,675,9,141,421,28,2047,2553,1560,375,1673,122,403
chr13.65,112,1040,619,77,312,7013,144,4920,18594,290,1254,1,22248,6,845,10,5,434,21752,526,17,14859,1117,20,55,322,1781,1274,9,188,35,173,492,2702,6,20,34,1330,76,41,1031,11,210,505,24,2271,2838,2821,540,1732,148,564
chr13.66,84,1034,552,128,309,7044,155,7061,18689,309,1385,2,22484,2,852,12,7,269,21894,492,19,15224,1215,38,89,324,1806,1415,16,223,45,183,447,2741,4,30,45,1314,83,63,1117,10,240,496,27,2525,2817,2840,528,1627,234,555
chr13.67,57,974,387,104,264,4933,149,5440,12811,216,1350,5,16307,2,782,11,8,222,15680,470,12,9964,751,33,98,376,1607,1376,10,225,32,274,434,2456,5,26,36,925,67,41,1093,13,319,390,26,1572,1567,2581,332,1319,223,358
chr13.68,56,796,288,96,242,4296,99,9394,11618,197,1266,0,14453,1,667,6,8,296,13870,443,18,8899,597,36,87,364,1187,1276,4,180,36,254,392,1911,3,10,51,745,57,65,1050,17,308,323,32,2029,1035,1983,473,1114,208,505
chr13.69,55,737,276,60,200,3278,117,9157,10051,187,1050,0,11950,1,370,4,9,172,11461,364,11,7771,466,22,74,327,687,1062,8,153,26,239,340,1093,0,12,24,720,36,29,871,6,272,290,33,2139,981,1424,379,966,149,412
chr13.70,55,371,226,44,181,2460,95,4558,6711,120,427,0,7984,3,228,3,2,154,7608,406,4,4960,336,24,49,264,367,435,5,61,10,181,374,621,0,8,32,424,26,23,356,6,209,229,21,1150,470,738,321,887,101,342
chr13.71,50,398,270,44,160,2934,73,2927,7168,124,388,0,8372,0,228,6,2,136,8068,347,5,5497,443,16,23,214,403,400,6,46,2,143,302,667,2,12,45,423,36,18,340,9,164,196,22,981,592,801,282,851,78,304
chr13.72,58,504,333,47,187,3799,109,3694,10267,174,477,0,11885,1,300,10,3,165,11552,434,4,8203,634,10,36,223,651,494,7,73,2,151,398,989,5,17,36,807,38,20,402,6,165,274,27,1268,1521,1155,302,1084,92,329
chr13.73,56,326,329,21,198,3305,74,2777,8617,135,473,0,9853,1,233,3,2,264,9565,438,8,6638,440,21,36,214,413,483,7,72,5,129,395,676,3,10,43,496,30,19,396,4,158,257,16,1439,823,739,327,1057,63,343
chr13.74,65,370,297,40,139,3458,78,3304,8324,151,302,0,9440,2,194,6,5,186,9160,392,10,6544,376,5,23,191,399,314,6,55,5,111,363,619,3,12,29,532,26,22,242,7,126,208,19,1378,649,769,283,926,75,302
chr13.75,70,452,333,66,201,4204,117,3534,11217,193,383,0,13218,4,363,4,1,281,12838,578,7,8719,632,9,62,226,890,393,6,68,7,140,523,1303,4,10,55,680,50,26,308,11,156,368,36,1684,1326,1342,420,1333,140,456
chr13.76,81,481,366,67,187,3501,123,7157,10058,168,393,1,11970,4,314,5,5,327,11481,517,9,7538,626,23,73,318,766,409,10,54,3,205,481,1113,3,16,36,647,33,33,336,6,237,337,25,1341,1255,1247,431,1256,151,456
chr13.77,72,363,263,43,151,2721,112,2844,6918,131,569,0,8090,2,186,4,2,238,7743,389,6,5068,316,12,58,221,345,583,10,55,7,131,358,562,2,14,31,368,31,20,507,7,149,233,25,1128,404,708,317,918,110,342
chr13.78,91,702,490,68,222,4044,134,7430,11363,152,1138,0,13218,3,376,5,6,397,12742,466,4,8588,534,23,60,314,603,1149,6,119,39,196,424,1023,4,11,42,846,44,31,980,14,223,343,29,1571,1441,1305,313,1347,148,342
chr13.79,129,753,549,61,281,5280,123,8636,14781,221,1422,0,17436,2,576,10,4,309,16791,408,28,11903,689,33,81,476,966,1437,5,205,40,286,364,1606,3,15,44,1081,64,61,1177,6,347,388,34,2606,2026,1719,373,1412,152,407
chr13.80,140,913,587,77,232,6767,159,9651,19036,294,1644,0,22017,1,580,5,6,427,21367,425,18,15729,1188,42,61,490,1283,1653,4,224,47,290,385,1940,12,9,40,1425,77,48,1373,6,350,416,46,2952,3103,2196,433,1517,150,479
chr13.81,141,1143,628,104,259,7031,141,10590,20080,275,1625,1,22656,2,454,12,5,384,22059,416,11,16319,1339,26,72,383,1056,1652,14,259,49,205,391,1579,6,27,25,1389,69,40,1317,4,242,459,39,3310,2975,2199,646,1578,185,685
chr13.82,99,833,476,100,206,4880,121,7220,15179,242,1501,0,17329,2,362,4,0,288,16758,467,13,12046,786,34,64,379,853,1511,6,233,54,233,434,1252,7,10,33,1141,37,16,1214,16,280,411,39,3086,1911,1686,596,1398,180,635
chr13.84,123,908,484,82,280,6440,186,8714,17768,335,1601,1,20650,0,596,11,2,532,20030,479,26,14399,1378,31,88,411,1136,1619,6,254,45,231,439,1796,7,18,40,1312,64,30,1302,19,288,450,31,2184,2750,2044,448,1484,191,479
chr13.85,109,671,428,114,313,6262,204,5919,17656,271,1631,1,20599,4,661,11,11,409,20000,553,6,14744,1179,34,101,336,1104,1653,10,239,33,187,510,1827,3,22,43,1331,62,32,1359,11,227,395,41,2794,2907,1775,380,1441,237,421
chr13.86,129,725,411,85,260,5432,136,6628,15231,225,1568,0,17900,0,619,5,6,271,17282,526,20,12385,827,33,85,411,955,1580,7,223,46,229,478,1655,4,12,48,1036,81,23,1299,19,282,372,31,2668,2197,1680,483,1394,195,514
chr13.87,121,742,359,90,251,5190,159,6634,13489,214,1408,0,16273,6,662,12,7,253,15696,508,19,10916,718,30,97,347,1073,1428,8,198,31,177,466,1797,7,20,42,958,62,24,1179,10,226,313,32,2069,1767,1815,335,1249,204,367
chr13.88,81,716,328,86,282,4233,168,6628,12156,212,834,0,15163,2,633,13,3,214,14665,508,9,9579,588,32,80,296,1362,858,11,140,13,174,467,2059,3,24,41,843,64,35,681,7,215,341,40,2368,1335,2078,392,1244,176,432
chr13.89,75,576,445,96,348,4354,111,9505,12446,197,829,0,15235,3,578,5,3,241,14768,633,11,9602,649,14,87,256,1220,841,7,140,11,156,585,1863,2,12,48,992,65,37,678,10,181,387,44,1309,2101,1796,479,1532,196,523
chr13.90,80,695,390,54,377,5118,64,10556,13325,218,1205,2,15966,3,593,11,2,226,15503,691,8,10612,671,23,82,289,1071,1230,12,156,31,178,646,1737,9,25,45,1110,73,44,1018,8,209,311,25,1357,2138,1766,322,1474,146,347
chr13.92,72,315,280,45,174,3174,85,3113,7549,121,362,0,8717,1,194,1,0,169,8375,544,5,5738,399,11,40,245,343,368,5,53,7,157,490,567,2,6,54,436,30,23,302,5,173,217,19,998,610,658,242,1073,90,261
chr13.93,66,351,272,64,164,3057,67,4070,7470,128,468,0,8738,0,204,5,2,152,8392,366,4,5750,359,12,53,211,448,478,5,66,12,129,331,691,3,10,35,463,39,18,390,6,145,228,18,1155,588,799,312,908,125,330
chr13.94,73,574,320,51,166,3481,74,6856,8917,158,558,1,10632,1,334,10,3,236,10231,462,7,6655,386,13,73,234,708,586,17,82,11,141,428,1074,2,28,34,451,32,25,465,11,161,258,20,1453,726,1282,365,1074,138,385
chr13.95,64,326,302,28,149,2844,95,2273,6884,135,337,1,8179,3,276,9,3,194,7827,413,7,5129,334,18,37,241,388,365,18,51,2,152,380,699,2,28,33,408,35,15,284,12,177,222,20,912,496,714,261,974,80,281
chr13.96,61,239,247,36,210,2065,85,1841,5389,112,243,1,6484,2,196,9,3,134,6153,445,4,3804,257,13,26,245,247,259,6,32,2,167,413,469,1,16,32,316,26,15,209,3,184,200,18,746,308,486,286,919,68,304
chr13.97,54,296,265,46,187,2297,87,2548,5999,130,293,2,7108,0,177,3,2,151,6790,378,8,4367,327,16,27,226,310,306,8,48,10,148,350,517,1,13,28,419,30,18,235,4,172,232,13,811,383,606,278,906,79,291
chr13.98,59,576,333,53,233,3211,93,4772,9358,159,455,0,10919,1,297,5,1,244,10560,442,7,7065,627,17,48,238,548,466,6,77,6,155,413,876,5,11,29,652,31,19,372,7,179,283,19,1108,1308,1124,372,1094,109,391
chr13.99,52,751,363,52,198,4895,75,5134,12989,193,697,0,14917,2,380,12,2,385,14544,593,7,10200,709,17,72,208,843,724,15,115,11,132,544,1282,1,27,49,1000,59,16,571,10,156,357,33,1127,2276,1594,290,1373,136,323
chr13.100,80,726,386,51,173,3683,112,6532,9685,139,388,2,11512,2,327,5,4,306,11058,560,9,7063,447,11,68,309,718,399,4,65,4,209,514,1088,2,11,46,516,43,27,319,9,229,319,27,1234,1044,1444,269,1310,132,296
chr13.101,112,1124,435,69,228,5239,169,7754,13636,162,701,0,16438,4,552,7,6,273,15896,644,14,10408,582,20,70,366,1266,720,12,112,15,220,594,1863,11,19,50,866,45,32,574,8,254,324,27,1911,1648,2390,358,1459,153,385
chr13.102,133,837,342,62,212,4977,167,4389,14253,196,1086,1,16701,1,464,1,1,236,16191,594,11,11386,676,28,95,328,1035,1095,7,139,27,156,546,1559,3,9,48,897,60,24,920,14,195,327,33,2656,1984,1872,471,1326,172,504
chr13.103,99,613,306,71,195,3310,152,4339,10168,155,953,1,11861,1,233,13,3,187,11383,471,3,7846,409,29,67,300,592,974,7,141,13,169,421,868,2,21,50,488,43,17,799,15,201,256,43,2845,639,1205,427,1078,156,470
chr13.104,96,573,300,58,179,3337,125,8222,10292,155,729,0,12254,6,355,5,7,264,11780,539,10,7746,409,17,64,314,795,744,10,121,10,191,510,1184,1,15,29,506,34,25,598,10,218,287,31,2454,885,1368,526,1161,139,557
chr13.105,68,508,371,94,248,4014,122,8985,11829,155,789,0,14684,3,588,10,1,409,14169,611,4,8791,525,19,92,283,1314,817,18,127,10,192,583,1970,5,28,28,550,68,35,652,14,215,479,41,2353,1194,1822,579,1534,201,620
chr13.106,56,481,425,89,231,4043,113,2845,10978,137,645,1,13106,2,347,12,2,243,12662,540,4,8284,592,7,96,212,951,673,15,76,6,145,496,1340,5,28,44,713,42,31,563,15,156,450,18,1368,1431,1432,501,1462,202,519
chr13.107,60,476,248,72,182,3033,96,2405,8295,139,638,0,9883,1,313,8,0,235,9495,519,6,6136,520,17,64,228,570,655,9,84,10,145,488,922,1,17,31,547,39,17,544,6,168,281,19,963,934,1046,363,1088,142,382
chr13.108,68,311,242,33,187,2327,94,2369,6282,168,252,0,7612,1,231,4,2,156,7252,440,5,4575,372,22,53,252,423,266,10,46,4,157,415,689,4,14,25,401,35,26,202,5,184,238,13,927,380,734,277,959,93,290
chr13.110,71,307,281,45,185,2070,95,2223,5875,123,296,0,7137,2,237,5,2,172,6776,458,5,4038,356,14,44,259,351,302,1,32,1,169,417,621,1,6,41,401,33,20,263,3,188,261,23,717,371,658,314,1034,94,337
chr14.18,70,282,215,72,138,2164,89,2121,5838,118,265,0,7228,1,250,9,1,168,6835,455,6,4117,329,17,50,248,484,281,7,33,4,155,424,770,2,16,31,301,36,19,228,5,178,284,25,923,282,766,271,992,128,296
chr14.19,60,384,266,64,181,3389,126,7116,8523,145,313,1,10206,3,255,5,2,183,9783,595,8,6430,431,17,61,274,664,324,5,43,2,189,558,953,1,11,37,340,34,19,268,8,214,324,31,1522,603,1048,290,1220,135,321
chr14.22,77,684,238,73,217,2941,95,2766,8323,122,481,0,10093,0,328,3,3,211,9717,532,5,5988,498,15,39,239,716,492,8,58,6,142,505,1082,2,11,27,438,38,18,417,11,162,323,20,1290,699,1400,307,1133,126,327
chr14.23,73,1044,342,92,323,4638,134,8580,15341,284,1039,0,18089,3,526,4,2,278,17656,612,6,12164,1006,9,98,216,1274,1056,13,126,19,128,571,1858,6,17,41,1073,58,36,894,5,143,407,33,2663,2500,2318,419,1425,197,452
chr14.24,72,819,441,76,310,4890,167,9065,14923,301,1129,1,18031,3,615,12,9,462,17552,587,4,11800,782,14,138,220,1451,1157,15,182,28,130,545,2152,7,28,42,1014,86,44,919,5,148,483,25,2590,2223,2270,255,1604,228,280
chr14.25,103,962,429,104,302,5832,183,10821,16416,300,1135,0,19747,3,557,11,3,517,19173,651,9,12815,1025,15,133,294,1638,1160,14,173,35,167,614,2272,4,25,37,1060,77,45,927,12,191,484,43,2315,2283,2600,466,1645,252,509
chr14.26,87,846,410,90,252,5706,175,6985,16767,275,946,0,19959,6,669,8,5,369,19439,702,14,13318,1175,19,138,247,1500,967,13,163,22,127,662,2245,14,21,40,1092,76,44,761,13,160,618,57,2610,2460,2346,389,1820,246,446
chr14.27,63,536,258,57,165,4282,100,4102,11741,187,716,0,13659,2,445,9,0,218,13282,611,6,9392,678,15,75,225,787,729,4,102,10,141,564,1276,3,13,47,714,44,28,604,5,162,388,28,1891,1640,1323,279,1304,137,307
chr14.28,44,241,256,35,151,2280,59,1990,5696,110,254,0,6755,0,180,4,1,140,6469,408,8,4136,321,12,38,201,356,263,5,32,1,137,378,563,0,9,30,303,27,15,221,2,157,237,22,858,264,597,241,928,76,263
chr14.29,41,307,243,44,135,2696,71,1775,6184,99,313,1,7233,1,186,4,2,154,6970,419,2,4573,310,9,29,176,355,321,3,35,5,124,388,580,1,8,31,310,39,17,273,3,135,223,19,836,322,662,228,925,78,247
chr14.30,55,534,244,48,169,3830,90,2906,10017,201,648,0,11660,0,351,6,2,201,11355,453,6,8081,575,13,47,186,689,666,12,100,15,112,423,1079,3,18,30,598,39,11,533,4,131,229,17,1733,1144,1223,244,968,101,261
chr14.31,59,435,264,48,144,2539,88,2049,7067,154,479,0,8460,2,241,8,3,158,8134,449,2,5230,354,11,41,215,560,492,5,80,3,143,415,835,3,13,34,352,34,17,396,4,156,238,26,1474,357,995,247,988,96,273
chr14.33,53,174,239,49,131,2700,87,2696,6725,116,338,1,7881,0,211,8,3,205,7537,430,5,5109,373,13,67,203,357,356,9,61,3,132,408,594,3,18,22,349,26,10,274,4,150,298,27,1103,468,531,230,996,123,257
chr14.34,55,249,254,53,255,3189,105,4321,7526,143,733,1,8883,0,207,8,4,189,8382,460,7,5766,399,12,63,359,257,746,4,123,13,285,429,496,1,13,31,434,32,20,597,9,304,296,26,1101,500,506,265,1043,129,291
chr14.35,80,353,305,75,162,3566,110,9263,8527,134,718,0,10362,1,373,6,3,225,9762,510,8,6287,468,18,81,417,551,734,10,119,6,311,479,963,4,16,31,469,39,30,593,7,337,442,35,980,670,904,336,1300,166,371
chr14.37,94,616,277,65,155,4913,135,10155,13060,176,658,1,15540,1,468,5,0,260,14961,539,10,10781,831,30,57,431,1100,681,17,92,17,297,502,1611,6,23,37,902,43,17,549,2,337,288,28,1678,2281,1716,248,1153,124,276
chr14.38,109,958,441,89,241,6136,196,8803,17077,269,956,2,20525,2,656,14,3,415,19786,647,8,13692,1170,27,102,495,1544,985,13,142,20,351,609,2272,8,29,38,1039,72,46,794,19,386,451,46,2517,2561,2502,373,1619,213,419
chr14.39,103,1035,533,62,239,6078,158,5622,17779,283,651,2,21609,2,702,10,6,479,20913,576,15,14030,1145,34,86,504,1958,677,14,113,10,352,532,2737,5,26,44,1060,77,42,528,10,401,534,33,2903,2561,2993,512,1725,164,545
chr14.40,119,1011,537,87,210,4882,181,4676,15437,248,832,1,19118,0,712,4,4,482,18388,570,20,11650,988,43,88,527,1786,847,10,150,28,345,545,2560,5,15,25,986,62,43,654,9,408,616,31,2406,2140,2797,492,1790,188,523
chr14.41,107,867,414,65,232,4307,167,3321,12654,173,670,1,15898,2,642,9,4,301,15194,554,14,9549,774,36,88,512,1414,692,12,132,6,355,525,2141,3,22,29,841,85,29,532,11,405,471,29,1579,1875,2281,437,1527,168,466
chr14.43,91,550,317,78,195,3891,154,3209,12144,202,881,0,14739,3,520,8,6,496,14021,530,15,9544,862,44,114,486,948,905,16,137,19,336,488,1528,2,24,42,822,60,31,725,7,395,251,44,2132,1635,1498,379,1160,205,423
chr14.44,97,730,422,93,280,5003,220,2114,14950,207,1037,1,18345,3,792,7,4,568,17830,651,5,11716,1047,8,92,290,1497,1050,5,137,22,180,603,2380,7,13,48,1061,91,45,878,20,193,329,43,2135,2263,2227,439,1500,209,482
chr14.45,84,853,437,103,297,5281,226,3701,16584,259,1051,0,20189,2,736,9,3,570,19580,610,3,13097,1173,21,121,342,1669,1076,16,165,12,234,546,2473,3,25,64,1129,68,28,874,13,258,449,35,2631,2624,2522,502,1567,240,537
chr14.46,66,643,348,83,240,3787,124,4484,11975,246,557,0,14507,4,481,6,2,337,13985,473,11,9413,808,18,95,313,1105,575,12,85,3,218,433,1646,5,18,40,803,60,18,469,7,247,419,33,1677,2092,1748,286,1305,187,319
chr14.47,56,193,233,17,148,1768,62,1315,4956,133,276,0,5897,2,196,2,3,136,5639,421,3,3492,272,12,27,200,245,281,3,27,2,129,390,473,1,5,31,281,32,17,247,4,144,208,19,775,263,438,236,895,51,255
chr14.48,50,342,252,29,123,3004,92,1864,7119,110,288,1,8142,2,168,4,2,171,7868,436,2,5421,341,13,24,203,332,300,7,53,2,138,397,534,5,12,39,468,34,21,233,2,153,230,24,904,594,674,217,957,57,241
chr14.49,51,486,269,33,166,2763,104,2737,7456,140,263,2,8918,1,277,3,2,158,8605,497,7,5437,346,21,31,234,574,271,3,51,1,155,471,879,1,8,26,404,28,23,211,4,183,295,34,1118,666,1060,256,1090,70,290
chr14.50,55,246,244,33,158,2848,93,2048,6642,121,274,0,7829,1,238,2,1,177,7560,410,6,5043,346,11,29,193,401,284,8,48,3,121,376,667,3,10,34,361,28,27,223,2,138,223,28,802,565,647,241,908,65,269
chr14.51,66,335,323,35,139,2684,95,4079,6816,114,356,0,8117,3,248,7,0,262,7745,520,10,4818,341,14,25,289,410,371,8,52,2,199,480,695,0,15,40,333,37,24,302,5,223,266,36,984,362,745,232,1146,65,268
chr14.52,63,226,220,32,131,2073,75,1482,5296,114,272,0,6264,2,168,0,1,145,5973,436,4,3837,277,13,37,212,269,275,3,38,6,132,390,471,3,3,46,291,34,11,228,4,149,183,16,788,294,495,219,876,74,235
chr14.53,49,246,244,38,139,2926,87,1890,6919,120,359,0,8095,2,205,4,3,170,7770,465,5,5315,302,12,49,217,389,370,7,45,2,151,441,625,2,11,24,296,31,17,312,5,168,210,22,1288,383,635,228,952,95,250
chr14.54,51,397,253,53,159,3472,75,4724,8025,132,462,1,9503,4,292,6,4,184,9121,448,6,6152,398,15,53,246,544,477,8,75,9,174,413,862,2,15,35,437,26,17,378,7,195,302,27,1117,596,941,243,1031,117,270
chr14.55,54,354,275,37,151,3236,82,4209,7942,120,410,0,9393,2,254,8,3,205,9069,521,4,6025,386,13,34,220,602,429,11,67,3,149,485,894,3,19,36,442,38,18,340,9,166,276,16,1114,727,956,249,1113,83,265
chr14.56,48,406,277,41,152,3015,75,2451,7184,120,324,0,8588,2,288,6,2,164,8303,442,4,5293,338,8,28,200,573,334,4,61,3,140,422,892,3,10,20,335,31,22,260,2,152,284,30,1037,448,979,263,1037,73,293
chr14.57,57,391,260,37,146,3415,73,3839,7889,127,335,0,9330,2,303,9,0,189,8997,405,4,6069,406,16,57,220,543,349,5,56,4,143,374,889,3,14,31,437,43,15,275,3,163,269,25,1043,641,934,263,980,97,288
chr14.58,70,218,242,30,172,2680,80,1902,6052,103,286,0,7084,1,183,9,1,141,6776,359,5,4638,308,14,26,232,263,298,3,55,0,143,331,472,3,12,28,356,26,22,231,6,162,183,21,873,318,481,225,813,63,246
chr14.59,76,427,270,64,162,3313,97,7025,8164,134,376,2,9624,3,319,8,1,183,9199,465,4,6144,320,14,67,267,434,396,10,41,4,173,441,776,2,20,24,397,23,34,331,3,191,321,26,1438,542,861,292,1081,135,318
chr14.60,67,459,289,55,140,3676,113,6694,9445,129,537,2,11034,2,277,10,1,175,10616,492,8,7230,449,16,70,264,606,559,10,76,10,173,450,918,3,22,42,486,35,12,451,4,197,396,40,1660,830,1065,349,1215,130,389
chr14.61,57,184,245,23,163,2006,70,1454,5172,116,272,0,6224,0,232,3,1,141,5954,411,7,3711,260,15,25,204,291,283,8,42,4,125,387,549,2,11,24,261,26,19,226,6,147,187,22,781,287,475,250,871,55,272
chr14.62,55,215,199,38,141,1920,85,2218,5211,100,263,0,6282,0,193,4,1,167,5975,344,5,3768,273,11,37,214,311,273,6,56,4,143,317,538,3,10,27,295,34,19,203,7,159,220,28,938,242,526,248,800,83,276
chr14.63,56,322,271,40,168,2643,111,3374,6581,104,326,0,8026,1,314,6,5,202,7736,402,2,4843,337,7,33,192,533,340,8,47,3,127,375,876,2,14,27,350,29,14,276,5,136,254,20,1057,352,855,251,958,83,271
chr14.64,55,211,220,31,158,2299,87,1533,5599,120,366,0,6715,1,233,4,3,153,6457,330,2,4220,272,11,39,167,348,373,3,53,6,99,288,613,0,7,42,328,32,18,307,10,112,195,17,914,287,559,235,777,83,252
chr14.65,40,168,189,15,158,2006,65,1357,4787,105,202,0,5757,0,204,1,1,127,5513,384,1,3494,243,10,35,183,277,209,6,22,2,132,354,503,2,7,30,238,22,18,178,3,143,166,24,666,236,445,215,763,54,239
chr14.66,50,205,216,44,141,1936,78,2071,4891,106,425,0,5919,3,208,11,1,132,5607,323,6,3536,242,19,25,223,260,438,2,42,10,148,297,497,1,13,26,324,29,15,373,3,173,212,15,671,257,465,236,781,73,251
chr14.67,57,385,251,51,129,2696,59,5524,6408,110,285,0,7668,2,210,2,1,181,7299,402,6,4595,319,14,62,244,455,292,5,42,6,167,372,703,1,7,30,349,38,20,237,2,187,281,19,727,394,840,273,973,116,292
chr14.68,63,260,203,32,120,2272,72,3322,5441,104,193,0,6559,1,234,5,3,151,6259,376,4,3991,268,10,34,214,363,207,9,32,4,137,343,626,1,14,33,300,29,11,157,2,151,189,27,789,258,623,232,798,71,259
chr14.69,58,464,259,73,160,3220,113,7910,8509,154,338,0,10187,1,296,2,8,313,9786,376,4,6516,569,24,62,240,671,349,9,50,4,154,342,1004,2,11,34,504,37,19,284,6,182,232,43,1258,811,1135,285,906,149,328
chr14.70,64,312,255,47,136,1950,73,2130,5702,112,214,1,6964,3,214,4,2,197,6633,379,3,4032,354,13,43,221,468,223,4,31,1,141,350,722,3,9,29,366,40,19,182,6,157,204,32,772,478,780,269,881,98,301
chr14.72,50,216,214,35,160,1834,91,1875,4904,100,213,0,6008,1,228,4,2,183,5698,380,6,3447,265,13,27,235,285,221,4,38,0,166,348,543,3,8,32,287,30,19,175,2,185,177,26,724,237,501,239,804,66,265
chr14.73,39,281,224,44,140,2242,68,2200,5850,128,256,0,6963,0,231,7,0,147,6670,348,2,4337,360,11,43,192,355,266,3,37,4,140,324,612,5,10,24,348,26,23,215,4,153,235,24,830,429,636,226,838,91,250
chr14.74,46,297,184,32,138,2064,79,2480,5669,117,274,0,6736,1,206,2,0,172,6460,381,2,4100,360,12,47,180,337,285,9,48,4,120,354,574,3,11,27,337,31,19,222,5,134,261,25,785,437,634,227,860,84,252
chr14.75,49,466,235,60,157,2618,87,4620,8076,130,355,2,9655,2,306,9,3,167,9294,446,6,6057,446,6,57,215,627,375,9,54,7,154,418,974,2,20,28,474,41,24,294,4,166,336,27,1413,976,1093,316,1060,124,343
chr14.77,64,534,329,58,176,3388,110,4330,11074,197,756,0,12877,3,372,10,7,194,12513,529,8,8842,805,14,47,218,740,782,16,106,12,132,482,1153,2,26,47,804,41,15,638,5,154,297,28,1728,1920,1274,304,1198,117,332
chr14.78,53,347,266,34,129,2908,82,2596,6833,140,334,0,7984,2,209,4,2,156,7732,347,1,5225,409,15,25,175,438,344,6,52,3,106,310,688,0,10,37,421,41,12,279,4,122,219,26,820,527,785,235,873,65,261
chr14.79,69,908,339,66,233,4883,132,8627,13914,256,885,1,16160,1,386,14,1,225,15696,455,6,11208,1018,10,96,262,982,908,8,124,19,177,421,1417,2,23,34,989,49,13,742,15,193,328,50,1648,2414,1890,386,1173,178,436
chr14.80,80,580,446,59,236,6472,186,10799,17687,334,1254,0,20000,2,452,11,9,375,19465,557,9,14711,1171,21,112,316,852,1278,13,192,31,206,519,1356,8,24,38,1126,52,26,1031,13,236,367,41,2892,2716,1432,576,1430,193,617
chr14.81,80,749,352,59,239,6955,169,5314,16474,309,1360,0,19454,6,642,10,3,321,18962,638,12,13454,659,23,81,317,1387,1383,13,213,35,202,595,2080,9,23,43,928,51,16,1112,3,237,367,33,3087,1516,2136,535,1417,146,568
chr14.82,83,636,369,43,179,6482,159,7005,15722,271,1296,0,18272,4,528,11,4,315,17749,667,16,12792,606,29,65,385,1091,1313,6,190,28,257,624,1689,7,17,43,961,70,24,1078,5,302,355,53,2725,1747,1727,504,1468,117,557
chr14.83,89,756,337,40,227,5917,166,5669,15225,204,1200,0,18166,1,567,9,3,366,17715,707,12,11951,820,27,62,326,1471,1216,7,175,22,198,654,2097,4,16,53,952,59,35,1003,3,237,498,48,1861,2197,2227,523,1605,108,571
chr14.84,65,1110,405,58,273,5609,165,9272,15373,197,1108,1,19064,4,750,9,4,470,18556,747,15,11544,811,14,87,328,1928,1130,12,165,12,234,703,2745,5,22,44,927,67,31,931,5,263,597,46,1983,2017,3038,418,1821,154,464
chr14.85,72,641,306,57,200,3137,110,4788,8970,143,485,1,11414,3,388,13,3,244,10973,529,6,6379,534,17,68,280,1264,508,9,67,10,185,481,1693,2,23,48,479,41,22,408,7,208,494,39,1160,926,1905,314,1372,135,353
chr14.86,47,308,247,46,144,2504,86,2744,6129,134,305,0,7378,2,214,2,3,155,7077,368,4,4500,306,13,43,195,472,312,5,39,4,131,340,718,3,7,28,346,32,14,262,5,148,245,26,833,377,780,263,895,97,289
chr14.87,65,306,247,35,134,2524,69,3362,6002,112,274,0,7218,3,209,3,5,166,6896,398,5,4346,315,21,44,219,449,283,6,39,1,128,355,691,2,9,43,296,33,18,234,7,154,262,26,798,301,755,231,942,91,257
chr14.88,53,166,187,28,157,1802,67,1678,4901,109,299,1,5890,2,180,0,4,147,5598,344,5,3568,292,11,31,220,262,304,4,33,0,151,310,473,0,5,34,314,31,17,266,2,167,203,17,784,267,428,252,765,65,269
chr14.89,63,229,224,40,140,2216,83,3482,5823,103,258,3,7176,3,309,4,4,172,6849,403,8,4217,360,17,53,209,467,272,7,36,0,121,369,803,3,14,34,306,27,24,222,4,146,288,28,911,321,696,235,945,101,263
chr14.90,43,252,209,40,131,2050,76,2144,5493,108,230,0,6694,0,209,9,7,170,6348,395,8,3929,332,13,57,225,414,244,5,37,2,161,373,648,0,14,22,336,25,27,191,3,182,258,24,772,331,666,229,887,107,253
chr14.91,58,391,235,52,176,2959,85,4259,7063,123,370,0,8599,1,271,8,2,200,8189,384,6,5237,385,9,60,270,561,390,12,72,7,197,357,865,2,20,27,352,33,30,291,5,212,284,31,880,538,952,269,938,119,300
chr14.92,56,404,206,50,181,2386,119,3885,6127,130,332,0,7673,1,243,4,4,158,7266,391,8,4371,362,18,44,283,551,350,14,55,4,201,361,839,3,18,30,317,45,13,273,7,227,276,27,780,396,955,278,921,105,305
chr14.93,95,403,218,66,146,2585,102,5380,6939,119,396,1,8539,2,240,6,5,207,8059,436,11,5062,397,16,61,324,605,414,11,71,5,202,398,872,4,18,38,372,27,17,320,4,229,269,32,920,669,1008,291,954,136,323
chr14.94,67,689,325,92,165,3479,140,5328,10424,150,454,0,12221,1,280,6,6,370,11711,458,11,7746,769,15,66,328,658,467,7,84,8,235,433,982,3,13,25,580,44,33,362,4,261,428,46,1434,1334,1347,326,1258,168,372
chr14.95,87,745,466,131,166,4362,212,7490,13727,223,826,0,15698,2,258,12,5,391,15084,572,7,10677,854,22,88,362,683,848,10,122,15,246,539,979,3,22,33,833,38,28,689,4,275,472,63,2398,2007,1428,310,1551,228,373
chr14.96,57,539,334,103,162,2694,145,4077,8172,145,610,2,9753,7,241,7,3,247,9222,463,6,5862,421,23,67,320,457,632,13,88,14,234,425,743,5,22,38,430,45,18,508,9,263,358,34,1569,603,996,312,1205,182,346
chr14.97,43,170,225,55,127,2146,83,1994,5399,100,283,1,6462,2,190,7,2,127,6130,429,4,3963,328,13,45,209,302,298,7,40,2,149,394,521,4,15,35,302,29,16,241,4,166,227,22,715,372,472,216,914,106,238
chr14.98,65,493,310,59,176,2718,143,5364,7957,134,408,0,9734,4,317,5,3,227,9257,479,6,5578,519,14,60,335,616,417,4,85,6,250,458,981,5,9,21,464,48,33,317,7,270,412,42,1045,698,1109,378,1254,129,420
chr14.99,55,180,236,34,140,1655,88,1791,4920,99,279,0,6033,6,205,5,2,150,5706,364,6,3456,314,18,32,241,326,288,4,43,3,162,334,558,2,9,30,345,27,21,233,3,186,236,26,727,316,506,249,865,71,275
chr14.100,58,207,212,50,168,1560,92,1909,4819,152,264,1,5957,1,183,4,2,183,5627,390,1,3289,315,7,39,222,317,276,7,43,1,156,360,548,2,12,30,300,48,19,220,4,164,239,29,702,260,524,249,891,95,278
chr14.101,47,311,216,75,177,1808,136,2941,5496,112,306,0,6901,1,222,7,3,188,6487,460,8,3700,388,12,59,259,417,322,9,49,4,192,425,678,3,16,35,309,39,26,253,1,212,304,29,755,328,728,259,1022,138,288
chr14.102,49,233,244,36,131,1326,95,1931,4633,115,258,0,5780,5,210,6,5,154,5428,415,7,3022,375,12,40,251,317,270,6,37,1,183,373,569,5,12,42,319,42,21,220,3,202,278,36,581,306,550,225,984,84,261
chr15.22,93,556,349,85,221,3996,118,5806,12363,258,601,0,15311,4,509,9,3,306,14745,581,8,9753,1074,34,71,364,1468,620,10,83,15,229,535,2043,3,19,46,866,66,22,503,20,271,392,34,1731,1828,2024,367,1391,179,401
chr15.23,71,747,408,92,278,5062,98,6053,15665,256,880,2,19105,2,626,6,2,316,18496,769,7,12463,1169,25,98,377,1754,910,22,146,14,274,702,2455,5,30,67,1008,75,25,720,8,306,460,81,2788,2180,2501,391,1717,200,472
chr15.24,75,1061,409,109,197,5233,133,4144,15694,265,807,0,18252,6,406,16,9,201,17643,564,8,12700,1211,29,102,340,1158,839,16,132,14,228,525,1619,1,32,39,1072,55,25,661,11,265,334,63,2659,2260,2219,336,1363,231,399
chr15.30,86,349,243,73,213,2684,74,2329,7885,157,383,0,9679,1,265,6,2,224,9212,451,7,6051,528,23,36,326,746,398,9,67,5,210,421,1040,1,15,30,423,29,11,311,14,240,258,36,1551,708,1095,261,982,125,297
chr15.32,42,322,278,32,152,2939,48,2557,7038,152,373,0,8242,2,199,9,1,157,7971,413,4,5336,321,8,47,167,503,384,2,50,6,113,380,733,2,11,33,419,31,21,317,11,125,228,28,953,552,825,253,952,91,281
chr15.33,58,460,322,53,147,4030,60,7084,9263,132,621,1,10768,3,274,16,3,238,10402,459,6,7159,376,16,46,229,607,645,7,84,12,149,426,932,2,24,33,516,51,25,525,8,171,289,40,1213,892,1067,269,1123,110,309
chr15.34,72,494,290,58,187,4214,77,6339,9232,123,499,0,10915,3,291,11,4,304,10514,503,8,6976,390,9,66,241,687,518,8,96,2,152,463,1018,2,19,40,469,40,27,401,10,169,265,48,1054,726,1181,323,1100,138,371
chr15.35,50,237,245,59,170,3174,91,3462,7367,110,286,0,8628,1,248,8,0,230,8343,394,2,5666,285,8,31,177,433,299,5,61,3,117,374,715,3,13,20,351,34,19,222,4,127,280,30,1342,404,670,263,956,94,293
chr15.36,54,191,231,43,131,2950,59,4974,6613,116,387,1,7749,2,211,2,0,146,7410,353,5,5211,330,16,29,252,360,394,4,52,2,177,316,607,1,7,37,325,36,19,333,6,198,229,32,998,492,551,200,850,78,232
chr15.37,51,157,257,55,150,1810,65,1939,4929,104,205,1,5924,2,193,5,2,151,5625,343,3,3526,266,5,20,207,261,215,4,31,2,148,307,481,0,10,36,310,27,10,172,3,156,206,20,762,274,418,259,833,80,279
chr15.39,53,139,201,35,140,1651,62,1561,4695,112,185,1,5619,0,156,5,1,123,5346,377,3,3397,298,6,26,198,258,195,4,34,2,136,350,449,2,10,27,247,35,17,149,3,145,187,22,785,304,397,230,802,65,252
chr15.43,42,443,324,81,221,3109,96,7320,10053,155,609,0,12133,1,411,5,3,198,11683,435,15,7825,683,17,79,258,855,625,11,90,10,184,415,1313,3,16,20,631,47,33,509,12,216,443,23,1679,1568,1298,326,1252,175,349
chr15.44,45,569,472,71,208,3945,101,2566,12448,212,800,0,14261,2,388,7,3,258,13900,455,6,9804,758,20,46,207,723,816,9,100,15,136,427,1143,1,16,28,739,32,26,685,16,162,363,19,1960,2190,1292,481,1323,136,500
chr15.45,60,454,312,47,186,3502,71,1856,9687,172,435,1,11186,1,295,6,2,182,10868,430,4,7729,527,13,25,222,584,450,8,68,12,145,397,924,5,15,33,540,45,18,355,6,162,246,32,1636,1352,1038,279,1038,80,311
chr15.46,67,216,233,24,137,2955,61,2215,6601,137,233,1,7755,0,225,2,1,152,7471,345,8,5115,326,13,34,206,411,245,9,34,5,118,315,672,3,12,30,376,36,19,194,7,139,220,45,885,436,627,253,837,66,298
chr15.47,61,318,260,33,156,2490,67,3631,6239,119,333,1,7590,0,262,3,1,162,7243,348,9,4616,370,13,23,272,494,346,9,55,2,189,328,781,3,13,20,324,25,12,276,5,211,221,20,868,445,812,279,857,62,299
chr15.48,52,230,260,40,164,2411,56,2854,5822,117,261,0,6929,3,193,2,1,160,6607,366,5,4278,336,13,28,230,347,274,11,36,1,160,335,565,2,13,31,296,25,22,224,7,178,202,32,809,309,577,270,855,76,302
chr15.49,39,161,234,34,131,2187,52,1599,5399,127,224,0,6332,1,160,2,2,141,6037,338,7,4020,308,14,46,200,275,231,5,37,6,140,318,455,1,7,20,311,20,22,181,5,161,183,27,811,276,436,272,776,87,299
chr15.50,55,431,304,119,160,3480,99,4737,8875,123,456,0,10896,4,350,8,2,368,10445,499,5,6557,424,12,71,227,925,473,9,52,12,155,464,1311,2,17,35,530,36,21,392,11,172,332,36,724,1276,1356,325,1173,203,361
chr15.51,72,409,334,116,218,4246,146,8519,11540,176,735,0,14046,1,445,7,4,379,13515,576,6,9147,603,16,95,284,1124,749,7,117,9,190,548,1611,1,14,28,681,42,11,609,17,212,350,32,1834,1607,1533,301,1303,232,333
chr15.53,53,201,257,37,150,2900,62,2420,6161,100,275,0,7294,3,190,5,1,169,7017,322,10,4724,301,11,20,199,422,285,5,58,2,125,301,644,5,10,21,283,32,12,215,7,146,194,27,852,288,623,250,810,65,277
chr15.54,56,177,209,64,152,2346,67,2666,5471,107,243,0,6578,0,176,10,0,135,6248,325,5,4085,245,6,31,210,350,260,7,40,3,143,303,558,0,17,22,263,32,13,200,8,154,192,23,868,256,527,312,758,103,335
chr15.55,65,275,258,42,195,2524,69,3240,5934,124,342,0,7249,1,212,5,1,157,6892,353,4,4352,308,11,50,247,457,352,5,54,2,167,322,694,1,10,31,262,25,23,286,6,182,214,20,825,309,732,281,851,99,301
chr15.56,53,161,216,35,178,1910,64,1706,4970,114,276,0,6001,2,182,5,1,142,5714,410,8,3550,261,17,28,210,297,287,6,32,4,132,369,502,1,11,41,246,23,17,240,0,157,189,23,770,249,458,261,839,64,284
chr15.57,58,276,230,57,163,2654,66,3207,6686,132,316,0,7911,2,198,6,2,170,7509,423,5,4985,373,9,44,273,369,330,8,67,4,201,391,594,1,14,32,361,27,24,245,10,215,258,38,1021,444,645,281,939,113,319
chr15.58,68,350,300,40,172,3502,59,6260,8469,140,441,0,9857,2,275,5,1,150,9553,410,2,6672,507,10,35,206,540,452,6,69,11,126,380,853,4,11,30,558,38,16,361,9,138,269,18,829,1136,890,280,1021,85,298
chr15.59,65,254,258,49,148,2346,55,3528,5938,119,323,1,7178,2,225,4,2,143,6859,363,5,4371,296,8,29,214,467,339,11,56,8,136,337,718,1,16,26,316,26,17,259,7,149,225,34,925,369,721,272,873,87,306
chr15.60,41,195,200,30,146,1850,66,2161,4855,103,271,0,5850,0,194,6,3,131,5596,334,5,3481,273,9,15,188,312,284,7,44,1,133,311,529,2,13,23,266,23,13,226,5,147,195,29,794,195,507,275,754,53,304
chr15.61,48,160,238,33,175,1721,58,1634,4810,113,238,0,5824,2,180,2,1,117,5568,363,2,3444,272,8,22,183,317,247,7,27,2,125,331,525,2,9,32,275,28,13,209,6,135,195,19,833,230,477,259,826,62,278
chr15.62,54,197,232,27,191,1916,57,1756,5274,136,233,0,6391,2,239,3,4,152,6123,395,6,3779,324,6,21,201,325,242,6,21,1,135,366,601,2,9,29,320,37,18,211,4,147,210,21,780,303,522,268,876,56,289
chr15.63,40,227,222,38,162,1966,66,2558,5383,124,274,0,6502,1,189,11,2,178,6206,411,2,3802,320,8,37,195,378,292,7,49,1,145,381,595,1,18,30,301,28,18,224,5,155,208,48,785,306,605,268,870,82,316
chr15.64,49,186,252,24,146,2003,67,1986,5056,117,204,1,6051,2,195,6,1,143,5780,383,3,3625,232,14,25,201,260,217,6,37,4,135,353,511,4,13,30,265,56,18,163,5,152,177,15,740,268,446,253,872,55,268
chr15.65,44,238,251,23,152,2455,55,2330,6052,117,247,0,7153,3,210,6,0,161,6860,379,8,4522,321,12,25,222,360,262,9,47,1,158,357,601,2,15,22,328,31,10,199,5,178,195,12,940,361,598,282,858,53,294
chr15.66,52,232,246,43,146,2216,67,2645,5860,131,289,1,6989,3,202,3,3,173,6663,386,4,4247,347,5,41,224,363,299,6,48,5,163,349,590,2,10,37,316,25,12,236,2,172,251,22,870,367,595,289,910,89,311
chr15.67,57,313,250,53,181,2482,60,2841,6190,135,236,1,7450,2,223,6,2,153,7099,410,5,4474,364,13,38,235,408,252,9,37,6,160,379,668,0,16,31,314,37,20,193,5,178,264,19,839,340,721,287,961,98,306
chr15.68,67,200,222,23,139,2214,52,4139,5483,92,392,0,6549,1,202,7,1,159,6215,426,5,4011,259,11,36,256,307,405,6,79,3,173,387,541,4,13,39,305,32,14,310,4,189,161,20,776,365,507,266,845,64,286
chr15.70,45,253,258,39,185,2769,67,2389,6518,119,275,1,7739,2,185,3,1,146,7431,431,8,4862,343,13,24,219,448,290,11,46,3,153,407,661,3,15,24,311,28,16,226,8,174,232,31,967,353,701,286,952,72,317
chr15.73,46,220,234,44,149,2220,69,2351,5778,116,237,0,6942,2,187,5,1,176,6625,408,1,4202,318,7,37,210,410,254,12,43,2,156,389,629,2,17,19,322,32,23,192,6,164,214,22,879,347,630,277,890,88,299
chr15.74,53,242,227,33,156,1989,45,1701,5493,122,199,0,6568,2,197,2,0,153,6307,417,3,3949,335,10,32,184,383,207,6,26,3,118,384,613,0,8,33,257,33,16,170,2,131,199,13,883,363,625,277,876,67,290
chr15.75,54,339,213,52,133,1782,66,2358,5447,102,225,3,6629,0,192,6,2,157,6297,423,3,3714,337,11,28,233,427,239,5,32,1,165,400,651,4,14,23,315,32,16,192,3,179,269,28,858,320,766,284,941,85,312
chr15.76,68,282,250,71,158,2683,65,3028,6818,124,258,1,8336,3,283,7,3,164,7932,454,5,5010,380,13,43,261,563,273,7,39,0,175,432,891,2,15,22,335,45,25,219,8,193,297,32,990,498,845,302,1048,125,334
chr15.77,69,270,245,69,154,2404,60,1887,6194,116,355,0,7485,2,231,6,0,159,7110,425,2,4507,365,13,52,227,430,372,11,42,3,143,399,702,3,17,26,316,41,22,310,8,158,247,21,941,365,700,295,961,129,316
chr15.78,47,346,228,30,168,2435,77,2417,6653,128,311,0,7918,3,243,5,2,160,7594,415,6,4891,489,18,30,242,419,322,6,50,4,171,387,696,3,11,28,387,34,19,257,6,195,246,29,816,636,765,316,926,68,345
chr15.83,47,386,288,69,201,2558,75,3322,7931,127,463,0,9517,1,289,3,2,169,9139,492,5,5906,479,11,54,227,607,477,11,52,5,164,455,932,4,14,37,507,36,23,406,11,180,282,26,1310,925,993,355,1102,136,381
chr15.84,61,849,350,110,302,4333,93,8387,14524,268,787,1,17146,1,452,10,5,311,16665,523,9,11576,1007,7,104,230,1248,809,11,122,19,153,488,1746,1,22,35,935,46,30,646,9,169,389,41,2507,2526,2097,454,1309,228,495
chr15.85,50,1030,324,65,231,3847,94,7093,13675,229,604,1,16020,3,436,7,4,284,15630,551,5,10557,959,15,63,228,1137,620,8,98,8,158,521,1630,3,16,30,899,57,25,498,11,178,441,50,2186,2437,2167,410,1376,143,460
chr15.86,51,337,239,44,181,2198,73,2506,6242,139,232,0,7549,2,221,10,0,196,7232,445,3,4401,367,6,27,224,480,247,5,35,1,164,416,736,2,15,29,334,35,14,196,5,173,260,32,953,410,817,316,981,76,348
chr15.88,47,235,219,65,179,2008,68,2957,5690,117,290,0,6913,1,230,2,3,156,6557,433,3,4057,345,16,35,237,358,300,8,39,8,171,397,620,1,10,36,340,32,22,243,5,190,237,40,870,377,593,290,922,108,330
chr15.89,53,343,295,60,181,2782,87,4740,7511,124,413,2,8966,4,230,3,3,272,8516,508,10,5437,417,17,69,294,473,425,7,75,7,214,485,737,3,12,23,434,34,24,331,8,241,258,39,1061,619,816,332,1098,140,371
chr15.90,43,243,233,50,184,2094,80,4557,6738,158,339,0,7973,2,230,5,3,173,7634,521,7,4908,437,12,35,229,363,352,8,69,5,167,482,632,0,13,39,426,39,15,265,7,186,298,42,1194,599,606,305,1091,95,347
chr15.91,72,307,330,68,170,3140,89,7192,10577,173,406,1,11891,2,199,9,0,223,11459,642,8,8278,628,15,66,266,392,425,9,60,2,171,603,623,2,19,39,659,32,27,344,11,194,331,35,2370,1308,699,402,1337,145,437
chr15.92,84,683,469,101,184,4171,110,11222,14065,226,639,1,16258,2,358,7,6,356,15583,732,13,10836,974,25,106,432,831,659,12,113,13,310,681,1224,5,20,51,982,35,41,513,8,348,467,57,2441,2042,1514,419,1708,221,476
chr15.93,82,492,305,92,170,4530,130,5594,11419,180,840,0,13610,2,425,7,1,185,12953,592,9,9031,718,38,68,465,752,863,16,174,19,336,562,1234,2,23,30,877,57,54,647,6,383,384,38,1122,1604,1244,336,1340,167,374
chr15.94,108,927,359,110,242,4033,147,11029,13626,208,1022,1,16378,3,528,20,3,448,15617,835,9,10075,815,52,97,494,1022,1057,14,149,17,325,790,1602,1,35,45,976,52,45,856,19,386,547,52,2105,1938,1949,337,1794,229,389
chr15.95,80,799,299,74,224,3021,99,7525,11309,203,719,0,13433,1,304,5,2,404,12892,694,7,8233,755,28,83,361,922,733,9,121,13,246,644,1260,1,14,50,922,34,27,585,6,281,452,56,1667,1665,1721,344,1480,165,400
chr15.96,77,266,243,46,140,2377,84,2128,6750,134,379,0,7973,3,235,4,2,164,7608,473,7,5017,408,17,33,269,376,386,3,52,9,168,445,634,2,7,28,392,23,17,318,5,192,235,24,1240,466,642,309,976,86,333
chr15.97,56,349,273,42,169,2661,81,2068,6771,131,297,1,7985,4,198,8,3,138,7625,466,7,4983,387,11,42,247,378,314,8,61,4,173,436,604,0,17,30,447,28,19,232,5,191,256,27,889,468,727,260,1023,92,287
chr15.98,51,235,281,49,172,2070,93,2307,6075,125,269,0,7276,0,209,6,2,141,6889,454,6,4363,396,18,34,284,310,281,6,36,3,209,426,549,1,12,28,374,30,25,230,6,233,290,30,1041,357,545,255,1056,91,285
chr16.2,63,328,256,51,186,1316,88,2372,5116,124,241,1,6556,4,263,3,2,183,6178,534,4,3217,459,12,35,268,429,252,7,37,4,189,505,788,5,11,29,372,96,27,200,7,205,268,25,568,378,757,273,1159,95,298
chr16.4,65,238,260,25,159,1899,47,2181,5491,117,300,1,6725,2,237,3,2,173,6370,499,6,3773,361,14,31,275,404,311,7,41,2,190,464,673,2,11,35,361,32,14,257,9,210,241,22,700,335,642,269,1034,67,291
chr16.5,55,208,246,33,142,1438,49,1812,4825,131,239,0,5836,3,200,3,2,171,5539,458,3,3173,382,17,24,218,296,251,9,39,0,143,441,523,1,12,17,288,27,21,200,5,163,216,28,651,283,504,303,948,64,331
chr16.6,50,628,354,95,191,2687,115,5236,9905,152,548,0,11754,2,310,4,5,338,11215,702,10,7007,874,15,78,322,647,569,17,108,4,247,661,1004,6,21,41,585,47,23,436,16,272,417,50,1427,1282,1275,380,1526,194,430
chr16.8,52,943,562,147,286,4630,126,10577,15935,280,834,2,18564,6,448,9,7,535,17934,962,9,11881,1200,21,104,323,1064,859,14,100,19,241,904,1587,9,25,58,940,75,26,715,18,271,438,82,2334,2497,2007,497,2046,276,579
chr16.10,50,441,259,59,173,2505,63,7718,6888,130,354,0,8604,3,316,11,3,306,8202,576,7,4708,392,13,48,259,721,377,12,50,6,189,542,1078,6,23,34,371,41,20,298,7,209,272,40,862,448,1162,260,1154,117,300
chr16.11,59,298,271,64,150,2252,80,6185,6323,135,777,0,7805,5,248,9,1,310,7358,550,5,4263,365,16,59,292,514,793,7,62,12,212,521,805,2,16,29,332,43,7,703,10,233,255,25,842,337,812,342,1121,134,367
chr16.12,51,211,240,42,128,1576,63,1992,4885,103,456,0,5923,2,225,3,3,169,5623,507,4,3235,324,9,31,212,292,463,4,38,6,148,471,547,0,7,36,294,30,16,412,3,161,233,17,657,281,503,257,1010,79,274
chr16.13,64,343,265,50,135,2053,66,2555,6071,164,293,1,7399,1,214,5,2,174,7010,465,7,4172,391,10,39,275,488,308,9,42,4,194,432,738,3,15,33,378,36,21,247,7,211,270,17,681,505,831,341,1039,98,358
chr16.14,52,960,265,94,200,3663,94,10847,11196,192,404,1,13167,1,350,6,2,344,12695,666,4,8282,875,13,74,269,809,423,12,76,3,200,629,1205,5,19,37,756,46,27,325,13,217,348,21,926,1870,1769,278,1330,183,299
chr16.18,41,836,472,62,158,2724,97,6434,9890,192,322,1,11769,3,323,9,2,236,11358,678,9,6556,628,13,54,262,857,337,5,55,4,199,628,1213,6,15,50,516,33,31,263,13,221,527,56,1610,886,1693,492,1716,131,548
chr16.20,45,223,254,59,131,1913,57,3617,5489,123,301,0,6626,1,196,8,1,144,6279,463,4,3826,334,8,46,216,379,317,8,47,2,159,430,602,5,16,33,324,27,15,252,8,171,232,23,819,313,602,304,981,114,327
chr16.24,60,318,259,58,171,2218,70,3899,6869,160,230,0,8261,3,269,5,4,239,7851,574,5,4809,444,14,49,270,445,245,10,39,1,191,525,741,3,15,49,354,27,21,190,11,210,284,25,1102,531,763,337,1147,122,362
chr16.25,57,503,300,63,201,2712,78,5266,8654,151,255,2,10453,1,310,6,2,322,10045,681,5,6050,636,13,62,257,766,271,8,38,3,182,636,1112,4,16,45,459,36,25,214,7,200,388,37,1245,847,1269,344,1409,134,381
chr16.26,56,759,363,81,204,3332,92,8222,10999,216,381,0,13367,7,344,6,2,254,12826,624,10,8046,825,26,76,349,1143,398,11,59,2,257,585,1531,7,17,39,638,44,36,320,9,293,483,34,1452,1583,1902,393,1521,168,427
chr16.27,111,1198,486,109,254,4308,134,12592,14551,259,496,1,17916,3,458,7,3,351,17118,889,9,10487,1035,38,115,526,1664,514,10,78,4,368,832,2179,6,18,57,896,57,28,414,24,415,566,69,1680,2309,2862,471,2004,251,540
chr16.28,59,560,290,55,185,2213,82,3468,6999,165,362,2,8566,4,227,4,2,186,8166,540,8,4670,460,22,35,288,638,374,6,46,5,199,494,900,5,12,46,372,35,20,311,4,229,398,29,948,512,1198,301,1268,96,330
chr16.45,55,326,247,60,193,2575,66,2628,6816,149,334,1,8418,1,293,6,2,198,8051,457,9,4940,387,14,39,238,654,354,13,69,9,160,391,976,1,20,66,364,29,28,256,7,183,286,28,965,500,980,305,1020,108,333
chr16.46,51,729,245,79,217,3140,67,6225,9273,156,319,1,11320,0,311,8,2,293,10870,566,10,6643,560,18,55,279,972,338,10,58,3,200,490,1313,1,19,76,519,30,21,258,16,228,357,39,1115,1153,1701,379,1199,152,418
chr16.47,45,476,180,36,205,2300,86,4081,7467,151,268,0,9102,1,314,6,5,220,8790,541,3,5379,618,6,42,204,679,281,7,67,0,150,433,1032,1,13,108,469,39,18,201,11,159,259,40,990,851,1155,353,1020,94,393
chr16.48,63,460,191,57,190,2815,69,6137,7819,135,326,0,9429,0,322,11,4,261,9064,502,6,5766,650,8,47,234,626,343,6,59,5,157,486,986,2,17,16,487,38,22,262,6,171,271,32,628,1051,1086,312,1004,114,344
chr16.49,58,573,232,85,200,3755,84,8593,9587,142,615,2,11638,4,454,8,4,289,11207,623,4,7158,609,15,86,214,850,637,12,82,14,137,601,1336,2,22,22,553,32,23,519,16,156,334,40,873,1226,1423,313,1223,191,353
chr16.50,56,304,232,52,152,2509,60,3842,6107,123,462,1,7584,0,316,4,6,152,7230,438,6,4383,330,3,53,211,547,481,14,65,8,146,425,911,4,19,13,313,48,23,389,13,155,292,29,813,295,851,250,1014,124,279
chr16.51,45,193,222,35,174,2402,63,1733,5933,128,308,0,7073,3,213,10,4,181,6762,319,6,4445,400,14,28,212,349,329,11,49,5,147,305,592,4,21,14,368,30,19,254,8,167,213,22,756,391,542,315,788,75,337
chr16.52,59,300,270,50,199,3674,81,2662,9012,156,557,1,10580,1,279,9,6,213,10152,400,6,7099,590,23,46,298,543,579,12,89,12,210,384,860,5,22,16,512,38,27,456,5,239,319,45,1245,922,843,334,1032,107,379
chr16.53,54,458,232,46,167,3290,66,2950,8633,152,393,0,9937,2,221,2,2,242,9614,401,6,6605,625,12,52,203,497,407,12,66,6,131,393,748,2,14,8,509,30,14,321,4,149,265,33,863,1166,955,381,930,104,414
chr16.54,40,224,202,25,151,1713,71,1716,4731,83,255,0,5723,1,213,4,1,141,5449,331,7,3348,307,10,22,207,247,266,7,26,5,150,320,496,1,11,11,289,36,8,224,7,167,183,24,686,270,471,269,753,55,293
chr16.55,61,246,208,27,190,1895,44,2221,5081,114,223,1,6219,0,188,8,1,149,5882,364,5,3599,361,10,23,263,344,239,7,35,1,187,348,567,2,16,16,305,35,16,187,7,202,217,25,609,315,590,255,826,58,280
chr16.56,48,505,293,47,181,2874,66,3775,8092,152,329,0,9670,1,292,8,1,245,9279,443,5,6028,587,6,78,233,607,344,7,56,6,174,417,940,2,15,26,508,41,19,267,16,185,233,38,851,1056,1112,286,1012,142,324
chr16.57,69,878,502,68,266,5449,143,2942,15118,235,836,1,17976,4,512,8,2,510,17452,632,10,11532,977,20,91,318,1351,862,17,169,17,219,599,1925,3,26,33,903,62,49,650,15,249,370,57,2197,1771,2229,585,1569,176,642
chr16.58,99,909,541,111,331,6803,141,5581,19199,336,1124,1,23189,4,727,11,10,486,22471,641,17,15351,1360,25,135,401,2002,1149,13,185,25,260,611,2800,5,25,30,1187,71,53,914,32,302,472,35,2778,2887,2911,706,1730,288,741
chr16.59,105,902,530,101,304,7304,125,8209,20115,367,1169,0,23479,3,576,20,4,476,22889,768,6,16017,1499,16,108,327,1699,1206,17,225,28,200,743,2345,7,37,25,1323,70,42,916,10,222,576,45,2713,2811,2601,752,1951,223,797
chr16.60,97,1200,376,111,312,6509,100,8996,17630,349,1120,1,21009,7,561,13,6,380,20454,670,9,13885,1204,14,84,298,1769,1155,21,182,22,178,641,2412,7,35,29,1171,82,42,916,14,201,429,41,2361,2291,2969,600,1564,215,641
chr16.61,76,666,318,64,241,5455,72,3223,14796,259,938,1,17053,2,479,16,2,290,16639,516,13,11966,869,15,57,234,997,981,26,173,7,130,488,1530,10,43,28,1046,54,30,758,12,158,545,27,2469,1868,1663,428,1443,135,455
chr16.62,58,595,320,37,315,4795,109,4083,14330,277,817,0,16593,2,505,16,3,298,16238,484,4,11656,917,21,41,224,932,852,19,141,10,141,467,1484,5,35,17,1040,47,37,666,13,166,491,65,2452,2175,1527,379,1347,94,444
chr16.63,59,529,244,52,228,3405,115,10089,10586,200,604,2,12354,1,333,12,4,204,11959,482,4,8326,862,24,42,266,648,627,9,87,12,179,463,1030,3,23,19,738,49,29,505,7,207,285,50,1516,1605,1177,434,1063,105,484
chr16.64,50,189,220,34,164,1563,50,1787,4726,113,202,0,5783,0,177,6,3,130,5467,396,6,3246,329,14,37,225,315,213,5,43,4,155,373,527,0,11,23,306,35,20,155,6,175,213,21,683,252,504,291,864,80,312
chr16.69,55,274,196,40,153,2136,49,4009,5655,112,284,1,6904,0,230,9,4,139,6578,388,0,4157,407,17,41,218,455,300,6,48,2,146,365,721,2,16,23,350,36,25,234,7,163,180,17,740,412,729,277,802,92,294
chr16.70,53,307,226,40,190,2236,61,3753,6044,161,332,1,7378,0,247,9,2,157,7083,409,4,4450,423,14,27,196,501,346,4,54,2,125,390,788,2,14,19,373,40,17,276,16,143,187,35,821,436,808,254,864,85,289
chr16.71,80,647,218,89,243,3590,99,7179,9770,159,490,0,11570,2,323,7,1,173,11125,611,9,7441,754,18,35,290,655,506,9,91,7,183,587,1013,6,16,24,583,35,20,392,12,210,284,30,1273,1082,1302,340,1154,137,370
chr16.73,56,431,309,42,195,2686,64,3899,7771,135,346,1,9490,3,328,11,7,208,9128,466,5,5674,528,20,51,226,731,370,12,65,6,145,441,1098,0,24,25,454,39,20,275,9,170,269,19,1103,768,1162,375,1083,109,394
chr16.74,74,761,286,83,253,4471,76,6905,12199,175,539,4,14898,5,527,8,2,225,14355,509,9,9596,833,24,85,335,1241,564,13,88,8,228,488,1827,1,25,21,807,59,30,443,8,261,378,34,1332,1978,2002,379,1233,178,413
chr16.75,53,493,277,63,208,3435,67,7674,9732,240,454,1,11669,2,351,12,3,176,11245,495,7,7544,751,19,54,274,851,471,4,68,5,195,469,1238,3,17,26,618,36,17,381,11,221,314,29,1051,1449,1344,384,1125,131,413
chr16.76,54,392,293,57,219,3891,66,2432,10026,414,896,0,11538,3,303,2,1,200,11190,437,5,8182,896,14,55,221,536,902,4,73,22,148,416,879,6,6,21,821,40,17,801,5,167,210,36,834,1326,928,253,986,118,289
chr16.77,61,593,331,33,180,3701,71,4447,9222,156,489,0,10679,2,208,10,0,139,10300,449,1,7048,561,23,38,280,581,509,10,76,9,195,435,827,5,20,14,537,38,15,404,6,219,322,46,840,1253,1174,274,1145,77,320
chr16.78,70,367,227,52,182,2674,55,4134,6923,133,266,1,8369,1,230,6,2,130,7990,392,8,5218,508,14,43,260,557,281,8,51,2,168,368,830,1,15,24,417,43,20,213,6,190,248,29,698,788,924,291,911,103,320
chr16.79,59,251,217,52,163,2206,65,3101,5463,119,287,1,6619,1,183,6,2,133,6212,335,10,3998,338,18,54,277,315,301,7,49,5,190,321,521,1,14,14,310,23,26,233,7,218,206,16,698,327,566,280,782,115,296
chr16.80,53,599,373,86,224,3477,80,5764,11515,198,532,0,13217,4,288,11,7,277,12700,568,6,8816,888,15,100,278,557,561,18,98,9,204,546,881,7,29,22,710,36,40,425,13,225,432,45,1556,1987,1156,358,1416,206,403
chr16.81,49,382,278,56,177,2699,53,4207,8128,145,347,0,9509,3,238,6,6,172,9092,443,2,6177,672,9,75,253,460,369,16,67,8,193,426,734,3,22,17,532,36,16,272,2,204,318,24,1151,978,842,315,1078,139,339
chr16.82,43,216,201,35,178,1565,57,2124,4799,116,271,1,5885,0,215,5,3,124,5566,373,6,3353,386,15,53,208,285,288,11,46,5,144,358,532,1,17,15,297,32,19,220,3,165,201,36,707,282,501,275,808,94,311
chr16.83,64,356,216,40,199,1653,59,2682,5385,131,425,0,6713,3,225,2,2,165,6316,460,9,3579,462,15,42,295,417,437,10,70,15,207,447,673,4,12,13,316,31,26,340,3,231,243,33,642,375,773,303,954,87,336
chr16.84,58,650,285,32,201,2730,92,3340,8115,159,370,0,9752,5,230,4,1,261,9332,508,9,5696,697,20,46,312,663,386,12,63,2,225,474,924,6,16,34,441,31,50,305,8,254,307,37,1039,630,1313,315,1137,87,352
chr17.6,54,353,216,102,102,2408,83,3198,6383,117,300,0,7533,0,198,8,3,198,7137,390,7,4660,352,8,43,224,334,319,11,50,7,155,370,569,4,19,20,403,37,21,243,5,170,230,22,827,553,687,289,877,153,311
chr17.7,63,266,251,91,115,2284,70,3072,5816,126,285,0,6932,1,223,6,4,172,6555,373,3,4181,308,10,42,218,306,300,9,55,7,142,342,554,3,15,31,375,25,24,223,6,155,197,17,659,429,572,332,849,143,349
chr17.9,50,227,215,67,136,2357,104,2159,5687,131,232,0,6802,0,180,6,1,207,6424,355,0,4159,302,13,47,244,287,243,5,34,1,181,327,497,4,11,28,365,30,17,197,8,194,201,22,561,443,514,280,805,123,302
chr17.11,71,469,250,66,145,2469,147,4074,7127,148,464,0,8801,0,277,4,3,169,8316,470,13,5033,394,23,76,317,587,481,13,76,6,210,438,897,4,17,32,368,33,23,382,6,246,318,35,1029,625,1056,356,1075,151,391
chr17.12,58,438,279,67,157,2737,76,4782,7730,156,600,3,9169,2,251,17,3,143,8745,530,4,5690,497,19,81,230,495,632,12,97,8,149,488,782,1,32,42,435,36,22,495,9,172,300,25,1148,717,933,302,1146,160,327
chr17.13,61,377,261,85,175,2783,113,8278,7502,141,336,1,9412,3,394,13,1,167,8782,439,8,5551,362,35,99,406,557,361,11,53,0,302,402,992,2,25,37,392,41,15,283,11,345,249,33,1284,589,934,408,992,196,441
chr17.14,69,377,302,76,160,3473,123,4912,8169,163,475,1,9917,3,302,10,3,213,9412,418,12,6121,415,25,58,334,630,500,14,60,6,228,381,960,1,25,37,487,28,19,409,6,265,241,28,881,702,1007,449,990,143,477
chr17.15,73,393,265,73,153,3561,134,4345,8178,128,421,1,9705,1,256,7,4,180,9243,386,9,6281,345,16,74,283,475,439,10,49,4,185,370,778,2,18,16,572,47,24,368,9,210,290,23,761,914,868,334,990,160,357
chr17.18,38,159,205,32,139,1322,73,1566,4066,120,225,0,4993,1,185,2,0,125,4671,346,5,2755,228,12,42,224,176,238,11,31,5,169,319,393,2,13,27,289,32,18,189,10,186,159,15,557,239,335,282,744,84,297
chr17.24,68,218,259,55,166,1630,72,1805,5082,127,267,0,6231,1,200,4,3,142,5895,422,6,3537,357,12,36,228,334,277,6,46,6,142,384,575,0,10,38,285,41,20,215,3,160,202,13,807,331,552,269,924,97,282
chr17.25,44,208,279,38,213,1797,57,1521,5209,132,253,0,6321,3,191,4,4,139,6018,443,4,3685,326,9,29,210,313,265,8,27,6,153,401,539,1,12,42,319,35,22,220,7,166,155,13,824,287,521,264,913,78,277
chr17.29,56,562,289,68,203,2909,104,5895,9675,169,368,2,11534,7,360,11,4,278,11063,572,7,7266,651,19,63,295,683,394,13,65,4,213,532,1081,1,26,40,549,38,26,299,8,239,281,24,1818,1170,1245,376,1181,143,400
chr17.30,73,485,290,84,191,3540,105,4518,9971,197,341,0,11715,1,263,9,4,267,11251,570,5,7713,669,12,63,285,686,357,7,58,4,195,528,984,3,16,42,584,35,31,279,11,212,244,22,1493,1230,1171,346,1142,162,368
chr17.31,71,265,222,43,141,2301,73,2499,5967,143,242,0,7087,3,194,3,0,175,6749,466,5,4407,396,11,40,239,353,248,3,37,3,152,436,568,0,6,30,310,21,11,202,7,168,153,14,931,326,618,254,862,90,268
chr17.33,64,219,247,58,156,1794,91,1908,5269,112,232,0,6397,1,186,4,2,134,6065,482,2,3729,333,11,31,220,338,243,7,38,2,143,453,549,1,11,29,341,25,9,192,9,156,157,11,857,292,557,280,912,100,291
chr17.36,69,186,279,46,149,2071,81,2448,5880,113,281,0,7006,1,217,3,2,160,6645,487,8,4223,369,15,44,255,286,289,5,49,2,163,452,535,1,8,35,362,32,19,230,5,186,186,18,869,439,472,321,985,97,339
chr17.37,74,240,249,67,183,1878,100,3055,5850,161,281,0,7044,4,194,7,2,169,6652,428,6,4257,369,12,50,249,286,297,9,48,3,157,403,519,0,16,25,366,39,22,230,4,175,180,16,1002,481,526,289,896,123,305
chr17.44,99,381,247,46,182,2053,85,3303,6117,135,269,0,7590,1,192,6,3,173,7162,523,10,4256,406,11,39,317,537,287,12,38,7,197,487,778,1,18,36,316,49,22,224,4,218,196,22,1046,300,918,296,1016,92,318
chr17.45,67,253,227,44,149,2086,86,2188,5814,128,231,0,6927,3,182,3,4,184,6584,538,6,4091,355,9,28,253,324,239,5,27,3,171,502,535,2,8,36,322,29,17,201,3,186,193,12,898,302,577,297,989,79,309
chr17.46,64,221,228,32,129,1589,65,2411,5122,131,204,0,6169,1,212,4,3,133,5860,484,6,3522,356,11,30,227,308,216,8,32,2,146,455,544,3,12,29,327,24,11,170,4,163,181,11,825,294,529,328,920,69,339
chr17.47,61,582,285,81,181,3066,102,6552,9558,163,546,0,11577,3,329,9,4,213,11135,613,4,7161,646,13,64,255,912,571,16,91,5,177,576,1294,1,25,37,683,53,25,450,10,194,322,19,1285,1318,1494,337,1274,159,356
chr17.48,70,936,429,127,296,4115,130,8728,13545,263,961,1,16811,0,602,19,10,311,16244,679,9,10222,943,16,87,289,1606,999,18,115,16,194,628,2273,4,38,51,949,65,24,830,16,219,374,40,1892,2060,2542,526,1551,240,566
chr17.49,109,1096,477,135,328,5539,194,8686,16080,287,1028,2,19678,5,583,19,5,442,18918,763,9,12445,1160,28,113,435,1678,1068,19,149,26,289,726,2316,1,40,37,1045,55,25,853,27,326,423,31,2147,2267,2774,377,1719,280,408
chr17.50,80,616,319,93,236,3817,110,7656,10529,209,632,0,12740,1,359,10,4,225,12184,568,15,8103,739,27,104,320,901,657,15,96,14,198,526,1309,5,25,42,712,49,18,522,9,240,329,22,1250,1376,1517,324,1270,210,346
chr17.51,73,413,247,60,196,2927,87,7053,7490,159,292,0,9264,5,300,3,2,193,8906,553,0,5461,415,12,50,227,787,302,7,62,5,142,527,1133,3,10,26,420,46,21,225,4,154,262,17,923,617,1200,320,1111,116,337
chr17.52,60,293,209,80,170,2638,97,5486,6787,124,320,1,8338,2,294,7,1,153,7985,494,2,5089,376,13,29,218,602,331,3,58,1,143,461,931,1,11,33,366,35,22,261,12,158,220,22,1087,498,895,284,959,122,306
chr17.53,65,210,211,51,210,1918,79,2070,5488,126,233,0,6658,3,196,4,2,146,6314,542,2,3865,318,12,44,224,306,242,5,50,1,145,507,537,1,9,35,320,35,20,182,11,159,217,14,877,306,516,262,1006,108,276
chr17.54,71,230,251,53,167,2505,84,2148,6090,124,402,1,7378,3,225,6,2,130,7031,482,4,4501,368,7,43,227,420,417,8,35,9,145,448,690,2,15,34,347,45,16,358,4,156,201,12,821,336,650,265,981,102,277
chr17.57,70,271,271,74,143,2362,88,2392,6162,112,291,0,7470,3,221,6,2,150,7087,508,3,4423,417,14,38,250,414,300,3,49,2,163,474,694,1,9,34,303,59,20,240,7,180,205,22,897,332,685,291,1044,121,313
chr17.59,49,209,228,47,166,1906,66,1994,5534,129,289,0,6642,2,200,5,3,164,6330,541,2,3944,341,12,34,218,338,296,2,41,4,155,499,564,3,7,42,309,26,19,244,1,169,171,8,947,312,547,247,969,85,255
chr17.61,72,216,266,41,184,2296,71,2503,6058,121,369,0,7405,3,262,5,2,158,7101,536,6,4388,315,12,26,211,485,384,10,71,1,121,490,788,0,15,46,319,41,12,297,6,139,208,13,990,347,701,261,1051,75,274
chr17.62,62,267,222,46,186,2090,75,2097,5932,140,328,1,7173,1,237,11,1,169,6860,625,3,4125,322,4,37,206,390,347,7,59,4,137,598,667,3,19,27,301,40,17,265,3,144,181,11,916,356,657,312,1071,87,323
chr17.64,82,244,259,65,159,3090,92,2185,6992,148,241,0,8267,2,252,7,0,205,7900,543,5,5224,370,22,36,240,375,259,11,34,1,131,503,657,2,18,40,385,30,10,206,6,158,216,17,810,421,619,272,1050,107,289
chr17.65,70,489,297,68,199,2928,83,2544,8755,176,414,1,10137,3,258,9,4,199,9780,629,4,6534,555,22,51,210,452,430,6,49,4,114,586,743,2,16,43,537,33,10,361,5,140,258,24,1476,862,941,313,1219,128,337
chr17.66,73,506,380,70,221,3678,109,4668,9283,131,750,1,10944,4,274,8,1,206,10608,632,4,6902,511,12,52,182,680,767,8,86,11,93,589,995,3,17,43,502,41,18,653,10,109,269,33,1363,717,1186,334,1325,133,367
chr17.67,86,451,292,88,194,2957,100,3097,7924,152,659,1,9547,4,275,15,2,207,9162,582,3,5804,377,11,40,215,634,684,9,121,12,115,534,944,2,25,48,333,35,24,526,11,129,281,26,1568,417,1085,255,1192,141,281
chr17.68,47,213,234,69,202,1691,77,1936,5343,132,340,0,6506,0,189,5,2,148,6171,450,5,3752,308,15,36,209,309,352,7,54,4,142,426,549,1,12,24,288,51,24,282,7,162,219,22,1062,271,522,280,955,114,302
chr17.69,57,413,259,71,189,2236,78,3494,6944,143,380,1,8339,4,238,4,2,184,7983,572,5,4806,402,12,50,212,499,394,9,61,4,138,530,772,5,14,42,374,35,37,315,3,155,269,28,1222,429,912,371,1140,126,399
chr17.70,69,264,257,57,186,1701,91,3226,5689,144,267,1,7078,1,219,4,5,186,6689,590,5,3774,373,20,45,262,454,280,8,40,1,168,545,723,3,13,45,321,50,18,226,6,193,280,15,894,341,718,302,1180,113,317
chr17.73,61,269,235,57,184,1903,93,2595,5980,149,289,1,7306,2,249,3,1,168,6938,534,5,4208,421,17,36,261,396,299,6,36,0,178,494,681,5,10,40,380,36,18,253,1,200,216,22,995,360,665,305,1026,95,327
chr17.74,75,286,252,103,191,1687,83,2818,5829,133,323,0,7136,3,185,7,1,189,6696,524,3,3985,413,17,24,289,371,336,6,53,2,194,489,593,1,13,35,358,37,24,268,7,214,230,11,1037,357,657,327,1044,135,338
chr17.76,72,207,235,27,172,1406,84,1726,4994,145,229,0,6159,2,210,5,2,175,5806,497,4,3317,362,13,30,279,314,239,5,35,2,190,465,556,2,10,32,384,32,18,192,3,207,211,19,690,330,521,313,977,62,332
chr18.2,81,500,439,98,199,4438,131,10554,11853,157,769,0,14654,2,396,9,4,294,14019,572,12,9157,708,18,89,416,1405,783,5,111,9,305,538,1836,3,14,34,733,35,40,649,12,335,413,37,1316,1805,1905,398,1462,203,435
chr18.3,66,349,324,53,139,2654,86,6357,7339,143,321,1,9029,3,256,12,4,245,8568,510,7,5294,391,26,60,306,719,345,11,58,4,207,477,1004,2,24,33,342,29,30,259,11,240,232,28,1253,511,1068,325,1097,128,353
chr18.4,58,256,257,59,135,2279,86,2355,6090,134,318,0,7495,3,243,6,1,149,7131,438,8,4472,368,10,81,204,547,330,6,52,9,128,408,820,0,12,30,303,30,18,257,4,146,245,19,1079,309,803,236,970,145,255
chr18.5,72,636,396,97,217,4113,138,4379,13370,192,685,2,15946,4,438,8,5,349,15380,645,4,10225,772,12,126,304,1141,704,9,95,8,216,609,1655,5,19,36,820,76,45,582,11,232,536,25,2448,1880,1777,508,1658,239,533
chr18.6,76,440,379,58,227,3771,113,4079,12162,204,514,1,14937,3,603,12,7,435,14412,668,3,9376,782,16,83,345,1235,533,6,81,5,250,635,1910,4,19,33,890,72,25,428,10,269,506,25,1644,2085,1675,304,1629,158,329
chr18.7,62,303,262,37,188,3491,143,4859,10694,156,758,0,12555,2,423,7,2,218,12158,688,4,8619,731,19,51,286,647,771,6,104,18,201,636,1133,3,13,52,793,63,13,636,6,224,300,16,1296,2152,950,272,1316,96,288
chr18.8,84,345,299,39,159,3895,104,1964,11102,204,811,0,13104,2,460,7,5,148,12678,755,3,8933,780,25,53,301,807,827,9,111,17,189,709,1313,6,16,46,776,46,21,683,10,217,294,27,1491,1787,1152,274,1400,107,301
chr18.9,56,321,308,41,151,3088,99,2021,7897,122,355,1,9371,2,287,10,2,153,9040,543,6,5973,482,11,37,225,567,373,7,56,9,152,515,893,2,18,28,519,39,12,290,6,169,288,30,1028,734,888,267,1180,86,297
chr18.10,50,178,225,39,153,2602,70,2083,6085,111,213,0,7246,1,251,7,2,150,6960,411,3,4625,359,13,31,193,374,228,8,32,1,127,390,652,1,15,21,308,27,10,180,5,143,218,22,949,296,552,245,882,77,267
chr18.11,74,418,332,79,172,2992,110,2576,8285,142,364,0,9787,1,224,4,0,265,9364,471,6,6053,505,18,33,294,544,374,6,53,6,196,434,797,6,10,37,492,29,23,305,6,220,362,26,1239,683,962,329,1200,118,355
chr18.12,60,499,400,52,158,3405,129,2373,9607,139,479,0,11389,1,277,3,2,313,10936,637,7,6894,644,23,52,328,732,488,6,83,7,238,600,1042,2,9,37,587,33,28,389,9,268,506,40,1091,1028,1231,288,1578,115,328
chr18.14,45,511,276,50,180,2457,90,3307,7137,136,253,0,8892,0,320,6,2,204,8521,434,2,5058,530,8,59,237,755,269,10,36,3,182,412,1114,3,16,22,477,39,12,214,7,192,333,26,891,567,1266,280,1085,118,306
chr18.17,72,317,275,52,182,2319,76,4656,6130,123,451,0,7665,4,228,7,4,185,7117,461,9,4341,503,16,82,390,473,463,5,68,6,293,433,729,1,12,28,338,28,19,377,4,318,231,33,726,332,790,267,996,142,300
chr18.18,70,159,247,33,162,1922,78,1927,5275,134,299,0,6357,2,194,3,2,147,6012,419,8,3799,386,13,49,244,266,307,5,32,3,153,390,497,0,8,29,301,37,10,264,7,174,214,20,775,281,425,260,917,91,280
chr18.19,67,379,274,40,160,2511,103,3296,7348,154,442,1,8744,2,229,2,2,168,8420,417,8,5493,611,11,52,211,542,452,7,61,12,125,386,809,6,10,31,382,38,22,369,7,144,275,28,1132,703,921,286,1010,101,314
chr18.20,67,796,332,60,242,3922,150,3525,13003,236,609,0,15501,2,433,6,4,218,15098,567,10,10383,1088,18,60,259,1218,620,5,80,13,164,526,1703,5,11,41,797,52,25,516,7,192,304,39,2454,1886,2014,334,1260,131,373
chr18.21,82,330,273,106,198,3244,98,2169,7751,131,299,2,9247,0,210,5,3,125,8822,438,4,5971,449,12,60,237,531,315,9,55,1,139,405,775,1,16,33,378,34,17,243,3,155,288,19,1268,501,861,289,1034,172,308
chr18.22,93,677,300,103,260,4887,99,3294,11911,153,747,0,13952,0,443,8,3,228,13479,506,3,9512,641,11,93,251,722,765,10,125,12,144,481,1209,3,18,25,808,44,31,610,5,158,316,37,1194,1829,1399,301,1169,204,338
chr18.23,94,869,400,82,266,6279,155,5220,15474,208,1276,0,18181,4,562,10,3,398,17702,685,9,12355,725,15,82,275,1185,1291,5,191,25,157,629,1807,5,15,56,1053,60,34,1060,18,181,299,57,1850,2240,2054,372,1449,185,429
chr18.24,104,861,470,77,266,6661,198,8367,17345,183,1532,0,20621,1,539,4,3,573,20093,729,12,13642,717,20,93,333,1687,1544,8,212,43,197,683,2284,8,12,46,1049,58,43,1277,9,229,437,48,2778,2254,2548,534,1702,182,582
chr18.25,123,894,450,105,210,4656,128,5753,14803,179,1404,0,17881,3,481,10,8,466,17209,590,7,11230,804,34,94,417,1512,1434,20,208,32,253,562,2068,8,30,28,914,75,41,1164,15,294,519,59,2670,2007,2406,546,1642,222,605
chr18.26,80,429,291,104,142,2741,82,6576,6662,124,655,0,8117,1,207,4,3,154,7585,442,12,4740,299,24,70,339,459,665,6,111,10,223,419,699,3,10,23,341,33,19,534,5,259,294,29,925,310,888,261,1063,182,290
chr18.27,70,366,232,80,151,2741,65,2658,6753,146,386,0,8317,4,267,9,1,144,7919,478,4,5003,323,16,48,243,644,400,5,59,6,153,449,950,0,14,29,351,39,16,321,8,173,224,21,1062,380,1010,269,973,137,290
chr18.28,54,724,329,60,208,4068,79,5827,10644,193,546,1,12894,2,484,9,2,231,12454,563,5,8181,446,11,130,211,989,571,15,89,7,141,531,1523,4,25,32,623,50,23,450,10,157,288,35,1714,1137,1713,266,1234,202,301
chr18.29,59,588,469,95,173,3493,89,5765,9868,191,632,1,12081,1,469,6,7,207,11700,496,7,7334,424,7,57,196,1053,652,13,98,13,123,471,1570,1,20,25,648,48,20,521,5,137,417,31,1344,1234,1641,305,1431,164,336
chr18.30,48,269,270,48,144,2667,64,2254,6141,103,232,1,7348,2,201,2,2,141,7038,440,2,4482,255,11,31,216,454,239,4,24,5,155,414,689,5,7,26,318,34,19,203,4,168,260,13,877,262,723,242,1009,85,255
chr18.31,52,380,213,40,156,2593,58,1517,6771,132,325,1,7895,1,201,6,2,166,7595,406,5,5084,302,10,25,213,369,339,7,50,4,146,379,610,1,14,27,382,40,21,271,5,161,216,25,1144,531,749,259,876,72,284
chr18.32,53,518,340,83,184,3104,81,5165,9310,184,531,1,11216,6,333,9,5,272,10769,523,11,7061,478,12,48,271,818,555,14,86,12,195,487,1194,3,24,36,541,43,23,433,10,218,267,33,1558,1196,1336,270,1176,146,303
chr18.33,65,887,446,139,269,5788,111,13294,15814,255,1144,2,18304,0,405,4,5,340,17721,597,15,12747,641,27,73,345,1071,1156,6,198,36,238,556,1527,3,12,41,977,51,27,910,9,280,357,48,2820,2266,1958,362,1454,226,410
chr18.34,72,701,282,90,224,4603,94,11789,11494,201,1380,1,13469,1,315,0,5,237,13030,440,9,9188,365,29,59,267,841,1383,2,207,40,157,412,1218,1,3,28,588,62,28,1133,14,195,252,35,2410,1021,1542,330,1037,168,365
chr18.35,76,722,423,115,255,5571,111,12714,15241,239,1375,0,17524,2,406,13,2,301,17033,613,5,12336,603,18,97,242,967,1395,7,189,38,143,577,1426,0,20,36,900,53,22,1148,13,166,382,29,2984,2039,1689,413,1471,227,442
chr18.36,86,927,425,116,230,4859,135,12612,13855,232,1134,0,16145,2,366,13,3,253,15566,564,17,10800,680,26,107,311,912,1163,16,174,44,182,517,1346,5,29,47,909,68,27,916,11,225,430,38,2061,2059,1839,386,1492,237,424
chr18.37,67,784,267,75,265,4216,74,4851,9769,159,784,0,12026,3,436,6,2,181,11589,516,6,7411,360,22,73,246,997,810,20,104,15,151,472,1481,2,26,44,544,48,24,665,12,179,293,35,1319,813,1781,256,1126,162,291
chr18.38,70,863,370,83,287,5509,91,8610,13777,196,907,0,16502,2,488,10,1,164,16010,557,6,10973,518,27,64,313,1308,928,11,128,25,210,518,1855,3,21,39,853,59,32,754,8,243,421,41,2003,1894,2171,353,1410,156,394
chr18.39,65,749,361,44,219,4651,96,6534,11971,180,359,0,13772,0,315,4,2,225,13345,496,8,9431,396,28,45,322,702,368,5,53,6,221,469,1059,4,9,27,762,42,20,300,5,257,334,23,1736,1706,1451,328,1237,96,351
chr18.40,68,648,248,47,170,3200,80,4772,8020,114,303,0,9378,1,220,7,0,143,9006,445,9,6038,311,12,38,263,482,317,7,33,5,174,425,736,0,14,20,446,34,15,265,9,195,249,12,916,1051,1130,222,976,94,234
chr18.41,61,332,236,43,150,2511,84,3384,6487,134,270,0,7676,4,182,4,4,137,7334,440,6,4763,336,12,41,235,400,280,6,39,4,156,416,613,3,10,24,400,31,29,227,5,174,213,14,879,503,732,320,923,93,334
chr18.42,54,339,252,63,140,2736,107,5729,7175,140,344,0,8677,2,234,9,3,160,8303,475,9,5358,330,7,51,231,606,364,11,54,5,161,442,881,1,20,33,419,41,13,285,4,177,275,28,1106,627,945,274,1044,121,302
chr18.43,51,253,212,42,161,1967,81,3223,5087,121,333,0,6185,6,174,6,4,128,5863,398,7,3566,201,6,33,218,329,348,9,57,3,154,377,534,2,15,21,285,31,20,273,4,167,171,27,770,222,582,310,814,83,337
chr18.44,52,220,204,30,138,1776,70,2266,4637,103,278,1,5643,2,177,3,3,143,5382,396,4,3205,171,7,36,177,328,290,8,38,8,114,365,537,0,12,31,254,32,14,232,1,125,173,19,723,178,548,263,805,70,282
chr18.45,57,313,233,61,161,2295,70,6420,5699,112,325,0,7006,1,229,6,3,139,6644,451,5,4061,220,11,48,229,448,339,8,57,4,156,414,714,0,14,37,314,37,23,264,6,172,224,16,828,292,761,239,945,118,255
chr18.46,75,496,301,90,177,3024,97,5191,8333,146,386,1,10274,2,309,10,1,232,9817,505,5,6152,474,15,81,257,867,405,8,47,16,162,471,1210,2,19,34,434,34,32,323,7,182,292,33,1332,742,1363,288,1134,179,321
chr18.47,76,710,491,132,289,4410,116,10075,12667,229,869,3,15633,3,441,16,3,338,15068,728,6,9573,382,14,91,286,1511,908,20,112,26,190,673,1996,3,39,55,760,44,30,731,11,210,430,37,2368,1424,2221,327,1696,237,364
chr18.48,78,463,427,90,209,3978,94,11355,12616,230,821,1,14954,4,383,14,2,328,14476,620,5,9873,640,14,66,278,1133,848,12,104,26,181,570,1557,0,27,50,734,41,30,691,11,200,502,58,2344,1947,1596,315,1590,169,373
chr18.50,76,440,276,59,193,3611,129,8707,8994,159,367,1,10283,3,186,6,0,191,9922,535,4,6861,354,10,37,246,386,376,2,52,12,156,498,606,2,9,37,473,34,22,303,7,170,254,33,1622,642,826,380,1101,103,413
chr18.51,78,714,296,50,199,3871,118,7201,9519,145,387,0,10923,2,178,9,1,274,10551,568,10,7021,380,6,58,240,488,401,5,38,4,146,529,715,2,14,39,549,49,18,345,7,162,242,32,1254,822,1202,352,1157,116,384
chr18.52,57,463,224,60,180,2469,101,5848,5987,108,294,2,7525,3,220,7,2,172,7119,489,8,4094,199,29,50,268,587,309,6,53,4,174,467,851,0,15,22,292,44,19,237,8,211,222,29,761,265,1050,275,979,120,304
chr18.53,45,280,198,44,193,2112,85,2313,5287,123,250,0,6393,1,166,3,1,171,6094,394,8,3726,200,6,35,203,324,263,10,37,1,144,374,529,1,13,20,262,39,16,212,2,158,183,24,793,236,604,294,815,82,318
chr18.54,61,364,267,67,150,2848,109,5055,7458,155,326,0,8930,2,242,5,4,185,8508,490,7,5573,294,20,40,292,521,338,7,59,11,204,469,791,1,12,21,358,28,21,256,5,231,222,17,1375,543,885,318,1008,116,335
chr18.55,90,415,306,88,167,4222,133,4887,11393,180,605,0,13418,3,293,7,6,370,12810,520,4,9005,402,34,84,403,789,620,8,71,14,275,482,1117,0,15,38,584,35,20,520,9,313,260,30,2442,1175,1204,467,1121,187,497
chr18.56,72,633,273,76,160,4020,115,10012,10144,152,892,3,12116,2,306,10,5,303,11612,538,7,7728,419,16,101,286,845,916,11,131,19,191,502,1193,2,24,36,582,42,35,742,10,214,303,25,1617,938,1478,304,1158,192,329
chr18.57,53,302,230,36,171,2169,76,3207,5372,113,360,0,6597,0,178,7,1,132,6261,371,1,3799,195,14,48,232,429,372,5,49,4,164,350,642,2,12,21,261,35,15,307,7,179,200,22,823,238,731,299,838,92,321
chr18.58,81,374,239,49,154,2485,92,3631,6289,108,1731,0,7488,4,165,7,1,177,7051,427,11,4472,222,13,57,299,327,1749,11,87,3,194,402,516,2,18,25,303,24,23,1641,9,218,261,30,1021,333,701,284,953,116,314
chr18.59,89,751,355,78,194,3848,137,9071,10973,196,659,0,13268,5,286,7,6,326,12598,569,6,8143,554,26,100,447,975,677,11,74,23,326,531,1294,0,18,38,758,33,43,562,16,358,347,43,1214,1573,1726,396,1304,200,439
chr18.60,90,885,571,118,252,4759,183,10123,15028,249,1347,0,18386,2,587,11,8,344,17611,656,12,11477,766,34,98,504,1509,1375,17,173,28,368,606,2148,6,28,50,1004,52,52,1146,17,414,450,50,2624,2075,2394,537,1735,241,587
chr18.61,80,688,640,116,221,4093,180,6134,13018,195,1606,1,16022,3,619,10,3,309,15327,630,7,9578,482,34,105,434,1239,1624,7,197,31,313,594,1908,5,18,36,791,50,29,1378,16,354,503,61,2590,1427,1927,575,1828,240,636
chr18.62,77,571,599,88,263,5613,138,7246,13067,158,1471,0,15690,4,514,13,8,252,15247,650,8,10195,507,21,62,248,1219,1495,11,193,30,142,612,1779,1,24,38,813,46,29,1248,9,171,349,47,1454,1650,1790,374,1645,167,421
chr18.63,73,679,558,65,236,5720,144,8060,14652,218,1173,0,17414,3,476,12,4,232,16996,718,9,11576,665,21,77,239,1431,1197,12,132,16,136,667,1964,5,24,51,917,57,32,1025,6,166,430,39,2112,1944,2110,383,1768,152,422
chr18.64,63,689,428,70,234,4413,94,8242,11553,212,835,0,14136,2,439,10,10,272,13656,539,10,8922,599,35,67,310,1285,852,7,109,15,202,511,1775,1,17,28,801,51,27,711,4,247,385,38,1294,1603,1974,252,1404,151,290
chr18.65,76,529,242,55,150,2654,72,3650,7011,112,505,0,8725,2,247,4,4,197,8322,470,5,4942,314,24,75,247,827,515,6,71,7,142,439,1089,1,10,31,364,15,22,427,10,171,303,30,1010,488,1356,275,1031,144,305
chr18.66,97,1162,374,125,259,5128,151,8157,15016,230,1004,0,18590,5,532,9,8,477,17850,654,15,11455,607,38,79,492,1833,1025,12,175,13,342,621,2424,3,21,33,977,59,49,816,10,395,477,52,2452,2061,2995,313,1567,222,365
chr18.67,96,1036,493,133,278,6064,147,8296,16176,210,837,1,19645,6,476,9,8,235,18878,651,10,12721,712,39,90,496,1753,861,14,134,7,351,619,2277,2,24,32,1109,48,42,696,10,400,508,64,2447,2179,2789,424,1702,241,488
chr18.68,87,601,461,126,201,4928,137,8603,12467,158,1017,0,15253,3,491,6,3,199,14514,614,10,9556,466,14,112,453,1158,1045,22,117,10,342,579,1709,4,28,35,799,60,40,890,14,366,571,43,1897,1308,1759,378,1710,255,421
chr18.69,81,314,242,66,184,2567,90,3062,6432,111,428,0,7878,3,209,6,8,161,7426,422,11,4679,310,23,52,301,480,441,7,49,4,186,400,720,4,13,22,356,31,27,375,9,220,293,27,873,462,794,263,992,135,290
chr18.70,67,429,272,61,193,3210,99,3108,8256,178,475,0,9975,1,256,6,1,214,9532,464,4,6228,395,12,42,319,693,486,5,63,4,236,443,984,6,11,21,477,35,15,408,8,252,284,26,1223,745,1122,318,1061,112,344
chr18.71,85,467,225,68,164,3419,83,3901,9765,181,596,1,11540,0,271,12,3,321,11026,523,2,7500,575,13,57,349,707,623,14,88,2,249,489,1014,3,27,34,644,36,32,506,10,264,299,44,1512,1169,1174,351,1086,138,395
chr18.72,76,501,268,80,189,3019,76,4998,9062,155,394,0,10937,3,264,6,6,239,10459,625,5,6698,539,18,65,297,827,413,13,65,4,198,585,1132,1,19,40,556,41,29,325,8,221,309,34,1484,945,1328,358,1244,159,392
chr18.73,126,663,470,110,252,3998,160,7080,13415,275,735,2,15534,10,278,9,4,291,14909,864,8,10096,929,12,103,365,760,760,14,98,8,219,802,1082,2,25,62,892,44,49,629,8,239,507,49,2284,1718,1423,424,1887,225,473
chr18.74,90,495,387,92,164,2625,144,3509,8073,177,403,1,9665,4,199,7,3,176,9194,526,8,5769,488,19,59,292,571,420,9,57,1,175,497,813,3,17,29,536,43,17,345,4,202,339,32,1260,683,1066,329,1298,158,361
chr19.26,114,1091,408,139,265,3420,211,4245,14981,318,584,2,18827,4,641,10,4,507,18085,1024,11,10945,1316,20,143,411,1911,611,15,85,7,266,961,2628,6,27,63,1183,76,36,492,14,297,570,51,1894,2814,3002,343,2084,300,394
chr19.27,78,790,329,75,220,2773,159,4082,10485,246,352,0,13059,3,343,8,0,292,12498,657,7,7415,987,10,107,350,1238,369,9,46,4,255,614,1634,6,17,43,729,53,17,302,9,272,581,29,1270,1410,2028,369,1626,191,398
chr19.28,52,1385,535,96,253,4167,193,8189,16351,337,563,0,19334,2,440,14,4,274,18755,936,10,11853,1497,12,140,304,1450,585,8,83,5,230,883,1958,3,22,53,1113,68,27,475,11,252,795,38,2077,2662,2835,505,2337,251,543
chr19.29,71,1160,588,92,262,4178,182,9637,15967,287,672,2,18837,6,438,9,3,209,18221,876,9,11910,1480,16,119,366,1301,696,13,92,7,270,838,1810,6,24,38,1030,71,20,573,6,295,633,64,2300,2635,2461,501,2174,220,565
chr19.31,70,476,291,81,181,2376,126,3419,7569,144,356,1,9242,1,239,8,1,163,8764,540,5,5214,612,17,62,303,601,376,11,58,4,211,514,888,1,20,26,414,48,21,294,10,233,470,41,1005,663,1077,352,1350,154,393
chr19.32,66,274,290,53,162,2073,82,3238,6256,133,243,2,7591,0,220,6,1,138,7225,497,8,4359,418,6,37,251,453,260,9,41,4,171,467,725,5,17,30,378,52,15,198,7,185,353,35,852,505,727,290,1197,98,325
chr19.39,78,235,253,79,194,1874,87,3688,6023,144,276,0,7415,2,209,6,3,167,6971,471,6,4182,399,12,39,295,418,289,7,43,3,199,438,667,2,13,33,338,40,30,230,13,217,341,26,1055,372,653,316,1107,134,342
chr19.48,90,304,241,59,212,1997,85,3920,6771,172,303,0,8366,1,267,10,5,200,7911,577,6,4771,519,14,51,308,518,326,13,54,3,198,545,843,1,23,32,433,58,19,246,8,218,293,24,1148,502,822,341,1170,123,365
chr19.49,89,415,292,62,170,3159,125,4827,8829,165,307,0,10599,2,279,5,4,227,10162,563,12,6613,581,11,56,297,724,316,4,56,5,185,531,1038,1,9,32,501,35,23,246,7,208,329,27,1321,886,1139,339,1220,129,366
chr19.54,69,542,363,81,206,3473,111,5630,10822,187,448,3,13111,2,450,14,3,266,12640,583,9,8256,880,12,61,281,990,472,7,56,3,191,539,1501,3,24,44,712,61,22,389,19,212,350,34,1331,1673,1532,403,1360,164,437
chr20.2,73,390,285,49,156,2741,77,3633,7188,115,209,1,8637,3,234,4,0,183,8279,506,4,5142,383,15,38,254,591,217,3,38,1,162,482,858,4,8,24,390,33,22,170,6,181,338,28,917,596,981,290,1166,93,318
chr20.3,48,353,272,54,162,2526,98,3186,6851,117,247,1,8227,2,204,5,0,163,7881,500,4,4858,415,7,35,240,532,257,4,46,4,181,452,770,2,10,48,427,34,18,197,5,192,368,29,904,469,885,288,1176,94,317
chr20.5,58,349,295,29,177,2774,94,4245,7700,129,259,1,9083,2,218,3,1,205,8758,577,5,5530,395,18,23,256,518,270,7,47,1,175,532,787,2,11,45,486,51,25,211,3,198,365,23,1152,594,867,329,1290,56,352
chr20.6,55,278,276,66,180,2163,74,3695,6592,133,276,0,8061,4,264,2,1,171,7712,540,2,4642,391,11,44,215,573,285,7,50,4,147,495,866,2,9,45,396,29,22,222,10,160,334,23,1039,520,851,304,1181,121,327
chr20.7,59,400,382,97,194,3088,95,9133,8950,148,573,1,10794,1,285,7,4,340,10377,792,2,6134,417,10,52,240,810,590,9,90,7,169,728,1138,3,17,64,472,43,20,476,6,181,566,34,1247,762,1210,279,1786,159,313
chr20.8,55,606,361,79,230,4681,107,7956,12228,148,817,1,14631,5,430,9,3,389,14211,773,7,9157,582,12,50,251,1178,833,6,122,14,177,721,1646,3,16,52,869,38,26,681,16,196,564,34,1170,1707,1784,315,1739,148,349
chr20.9,44,554,221,80,207,3478,94,6910,8877,130,714,1,10894,1,419,2,5,134,10537,623,3,6748,400,13,44,212,886,722,5,100,10,152,572,1359,2,8,51,506,54,14,604,7,168,291,34,1610,624,1440,256,1191,136,290
chr20.10,58,702,286,84,207,2977,76,9008,9027,117,799,1,10862,1,334,12,3,203,10379,617,9,6527,364,8,62,297,696,819,7,128,7,222,570,1069,1,20,47,423,39,23,664,16,239,299,31,2119,527,1398,338,1242,165,369
chr20.11,56,435,279,46,195,2664,71,3954,7017,117,523,0,8396,3,225,8,4,195,8057,537,5,4899,302,13,33,234,520,535,4,71,6,160,497,774,1,12,40,393,29,17,446,7,178,336,23,972,451,955,295,1182,90,318
chr20.12,62,630,276,74,178,3309,121,4054,9298,155,1060,1,11058,3,278,14,2,265,10654,637,7,6750,360,18,41,260,744,1079,4,156,30,173,582,1057,3,19,55,433,35,16,874,5,198,372,48,1904,589,1374,301,1323,122,349
chr20.13,69,668,329,69,187,3649,117,5665,10772,165,1016,2,13253,3,453,9,4,278,12772,678,7,8031,516,24,68,303,1209,1038,11,169,16,203,628,1696,2,22,50,798,34,34,831,12,234,382,45,1555,1348,1877,325,1425,153,370
chr20.14,63,307,281,36,175,2977,99,2652,7483,146,406,1,9069,0,290,6,1,172,8691,541,3,5593,414,12,30,291,607,418,5,54,9,213,495,934,2,12,46,497,37,18,343,8,228,305,20,921,638,914,244,1166,75,264
chr20.17,49,347,361,60,177,2921,95,3136,8558,154,378,0,10477,1,388,10,0,199,10046,559,6,6352,434,12,44,296,789,401,13,48,8,229,529,1216,3,23,30,528,39,19,322,7,247,365,35,1334,981,1136,318,1327,111,353
chr20.18,49,279,297,57,175,2514,77,2219,7288,147,386,1,9002,3,288,5,3,186,8563,523,5,5253,392,14,41,321,702,396,4,54,2,253,489,1023,2,10,34,409,33,13,330,4,272,406,30,1164,627,981,299,1261,105,329
chr20.19,58,324,256,45,193,2607,86,4253,6861,135,263,0,8389,0,220,5,3,182,8033,456,5,5005,342,12,36,251,636,275,7,43,3,176,423,893,8,12,33,390,37,18,217,9,193,303,25,1110,421,960,284,1060,93,309
chr20.20,62,308,300,47,189,2589,86,5539,7392,135,319,0,8945,0,274,5,2,165,8606,455,5,5495,351,12,41,228,623,332,8,53,3,149,421,939,3,13,34,410,42,16,263,8,166,289,41,1445,565,931,320,1089,98,361
chr20.21,56,378,276,74,197,2697,90,3373,7559,117,299,2,9199,0,277,5,2,180,8817,574,9,5398,434,16,39,242,667,316,10,64,6,161,525,971,2,17,49,450,27,14,229,8,186,391,30,1115,585,1045,316,1270,123,346
chr20.22,87,609,343,93,194,3474,102,5832,10018,186,508,1,12314,3,401,8,3,207,11802,673,2,7255,645,12,83,305,1052,524,7,72,12,204,618,1488,5,16,55,635,35,33,424,9,218,515,37,1234,1081,1661,341,1571,188,378
chr20.23,118,471,303,86,204,3097,95,8213,8963,136,671,0,11066,2,333,13,5,242,10460,816,11,6000,433,21,89,387,829,694,10,117,4,237,764,1198,2,23,52,483,36,28,550,14,269,581,47,1276,575,1300,473,1738,194,520
chr20.24,91,504,282,73,183,3171,120,4000,9374,167,551,1,11227,2,262,5,4,197,10751,665,10,6858,507,19,52,325,773,562,5,102,5,205,632,1074,1,11,33,544,39,28,444,9,234,449,38,1526,943,1277,352,1436,138,390
chr20.25,65,558,347,84,164,3251,122,7805,9768,151,435,2,11801,3,308,7,2,241,11267,770,7,7064,565,26,87,331,866,450,6,77,7,233,707,1213,8,15,63,640,39,17,351,12,266,385,36,1340,1117,1424,342,1549,185,378
chr20.28,39,352,258,47,187,1841,85,2521,6115,142,229,1,7469,3,245,6,0,177,7125,548,3,4105,407,13,40,229,462,245,9,40,3,174,503,738,3,16,45,398,31,21,186,9,190,334,28,890,427,814,289,1174,96,317
chr20.29,57,257,248,38,200,2024,79,3016,6202,133,278,1,7544,4,230,4,2,178,7183,551,6,4266,414,14,50,254,435,289,6,49,3,177,507,702,0,11,44,372,37,16,226,2,197,323,27,859,464,692,336,1159,92,363
chr20.33,55,247,244,41,190,1865,69,2574,5770,134,229,2,6993,0,259,7,1,120,6670,550,3,4017,339,8,38,223,363,243,5,40,3,157,513,641,1,14,37,398,19,8,186,6,168,291,19,894,387,610,273,1105,86,292
chr20.34,44,283,270,38,147,2353,82,2747,6410,116,227,0,7747,2,241,7,2,175,7395,509,6,4506,369,11,40,249,477,239,5,40,1,188,471,756,1,12,38,384,38,23,186,9,205,319,30,854,430,760,294,1137,89,324
chr20.35,57,668,317,53,194,3598,110,4485,11297,178,397,1,13112,0,291,7,1,241,12671,613,6,8684,833,12,52,310,728,413,8,50,3,235,581,1070,3,16,32,808,51,26,344,9,253,346,36,1375,1892,1396,363,1330,115,399
chr20.36,68,532,335,66,195,3925,87,6917,11687,205,393,0,13284,2,236,5,3,200,12805,563,10,9285,846,18,53,330,563,412,14,72,5,234,522,836,5,19,41,904,37,30,316,6,262,338,42,1272,2133,1095,357,1278,128,399
chr20.37,49,261,271,39,175,2462,86,3491,6723,125,236,0,7948,1,225,6,4,176,7632,476,6,4942,399,12,23,235,385,246,4,47,1,168,441,648,1,10,35,428,38,28,188,4,186,267,21,1022,506,646,280,1053,70,301
chr20.38,62,753,339,74,248,4088,87,13853,13364,218,512,1,15421,2,390,8,2,228,14925,598,6,10455,766,14,87,288,775,537,16,79,8,206,559,1226,2,25,39,1035,61,40,425,18,226,503,35,1754,2594,1528,411,1503,181,446
chr20.39,60,583,430,63,232,3020,82,10167,10598,169,418,0,12416,4,335,10,1,220,11963,671,9,7792,663,6,83,267,675,442,14,67,9,192,630,1051,3,24,41,827,41,37,342,11,207,452,29,1357,1756,1258,381,1597,158,410
chr20.40,59,451,300,38,195,2051,82,5059,6684,107,250,1,8189,4,241,7,2,168,7809,567,4,4488,436,16,42,273,570,266,8,33,6,194,524,848,4,16,43,411,37,15,211,5,214,343,23,956,527,1021,325,1251,87,348
chr20.41,57,294,263,58,172,2394,94,3695,6526,102,257,1,7938,2,246,8,5,185,7510,518,9,4573,361,14,33,302,432,275,9,42,0,222,484,718,0,18,34,390,40,23,215,10,245,326,19,890,436,726,325,1147,106,344
chr20.42,61,335,256,54,194,2544,74,3087,7188,133,251,0,8581,4,262,4,1,144,8202,589,2,5167,494,8,42,263,449,260,5,35,6,192,540,746,2,9,49,470,35,22,210,6,202,348,25,955,571,784,300,1230,103,325
chr20.43,54,334,292,33,193,2311,103,4150,6530,132,367,0,7780,2,231,8,1,161,7458,538,5,4546,359,12,26,232,357,389,14,47,2,161,502,632,1,22,36,404,44,18,318,6,178,322,21,947,393,691,297,1197,66,318
chr20.44,71,647,269,45,228,2749,95,4615,8620,159,315,0,10322,1,262,9,2,242,9877,621,9,6046,549,17,61,307,628,329,5,45,2,210,577,934,3,14,44,565,44,28,268,15,236,374,32,1305,719,1275,358,1311,123,390
chr20.45,37,320,261,49,194,2148,82,2308,6426,158,251,1,7691,6,238,10,3,161,7383,614,4,4414,379,8,37,190,403,268,6,35,4,141,563,681,4,17,51,405,40,20,212,6,153,307,15,900,424,723,310,1226,95,325
chr20.46,63,209,232,44,178,1536,82,2315,5372,110,270,1,6587,4,216,6,3,155,6200,638,5,3461,358,7,27,285,321,286,9,40,2,210,591,568,4,16,47,373,31,21,228,8,222,313,24,740,344,530,315,1218,82,339
chr20.47,68,392,257,70,187,2393,94,2942,6979,127,277,0,8410,2,239,5,0,150,8012,673,4,4775,391,16,44,264,463,290,8,41,2,176,630,752,3,13,43,455,50,28,234,5,196,354,31,968,441,855,316,1337,119,347
chr20.48,68,525,319,59,262,3048,98,6305,9175,180,435,0,10826,3,276,5,3,182,10369,728,3,6644,590,19,56,312,538,453,13,76,8,222,686,834,2,18,42,705,20,35,351,6,244,360,42,1140,981,1063,338,1429,124,380
chr20.49,69,561,280,45,149,3038,106,8105,8409,164,343,1,9944,6,257,16,0,179,9465,729,6,5914,534,20,75,315,500,371,11,50,8,220,677,801,4,28,52,591,44,20,285,10,246,342,35,914,673,1061,345,1399,130,380
chr20.50,74,445,308,54,186,3146,126,4191,9156,158,440,0,10661,4,250,8,0,260,10247,675,10,6706,457,16,50,282,500,459,11,59,7,182,640,779,3,19,35,660,29,31,374,5,208,367,36,1420,865,945,325,1382,109,361
chr20.51,84,976,426,81,223,3579,171,10756,14441,277,776,0,16811,6,456,12,4,374,16283,1033,8,10603,1083,23,76,319,943,799,11,96,18,204,980,1448,4,23,53,1496,49,39,662,19,235,480,51,1960,2208,1919,455,1992,180,506
chr20.52,77,658,379,79,193,3232,135,5945,11173,189,481,0,13040,4,284,8,4,291,12523,836,9,8095,847,24,67,331,701,498,9,82,5,221,788,1022,1,17,48,879,37,30,394,15,254,438,44,1297,1651,1359,401,1691,165,445
chr20.53,81,528,322,59,176,2245,140,4145,8122,169,383,1,9613,7,230,9,2,188,9167,674,5,5606,688,15,56,295,466,402,9,62,4,194,625,729,6,19,49,575,33,25,317,8,214,355,48,1120,809,994,370,1390,125,418
chr20.54,53,496,356,45,180,2466,111,3788,7965,146,264,2,9500,1,264,13,4,150,9119,685,10,5461,464,8,38,265,569,291,12,53,1,194,640,863,3,27,45,528,30,29,210,1,212,423,35,1169,688,1065,327,1497,88,362
chr20.55,70,682,356,87,209,3031,114,4316,10308,162,318,0,12192,7,324,7,1,236,11741,783,10,7167,639,16,62,261,746,341,16,48,5,165,737,1110,5,23,46,657,40,30,265,10,191,599,47,1635,1043,1428,403,1783,160,450
chr20.56,64,519,435,73,235,4297,116,6269,14016,229,666,1,15971,3,429,9,5,273,15539,846,4,10929,1064,14,83,241,696,688,12,100,13,159,769,1172,3,22,77,1015,47,23,553,5,177,533,37,2293,2031,1215,418,1864,166,455
chr20.57,71,945,582,65,260,3800,132,7054,15481,298,698,1,17721,2,423,10,4,462,17252,1092,7,11225,1355,16,80,287,887,717,8,117,7,193,1014,1379,7,19,78,1164,69,36,574,12,216,667,68,2281,2327,1832,397,2417,161,465
chr20.59,55,536,283,81,231,1612,98,3275,6771,138,289,1,8576,0,288,9,1,216,8090,639,5,4245,548,13,56,314,660,314,15,42,0,241,594,990,6,25,45,514,42,32,247,9,259,437,29,870,563,1196,348,1407,147,377
chr21.14,55,305,256,35,163,2943,75,3454,6837,126,417,1,8254,2,239,5,0,180,7902,499,7,4997,356,21,59,235,562,431,8,62,8,152,473,827,2,14,26,310,26,20,347,7,180,281,11,939,323,867,286,1064,101,297
chr21.15,60,341,333,36,220,4159,127,6804,10455,188,826,0,11924,0,260,2,1,196,11601,574,4,8419,780,13,41,223,502,835,7,111,13,146,540,799,4,9,34,653,37,16,702,13,163,240,21,1098,1541,843,311,1188,91,332
chr21.17,83,644,424,104,273,4666,141,4762,13087,219,688,0,15800,2,428,8,5,420,15146,623,9,10044,752,36,76,446,1154,699,3,101,9,318,591,1645,3,11,32,689,63,44,578,10,363,352,26,2181,1537,1798,507,1465,195,533
chr21.18,94,882,442,114,349,6273,155,6020,17008,239,1115,1,20970,0,745,7,3,451,20240,714,18,13339,950,29,96,498,1899,1125,2,176,21,357,679,2728,4,10,35,926,84,58,918,9,404,402,41,2980,1971,2781,675,1646,222,716
chr21.19,123,620,551,119,385,6333,175,9363,17741,345,1232,0,21618,0,685,5,4,418,20948,683,27,14196,1210,26,96,409,1901,1244,7,177,26,233,648,2647,9,12,35,1042,61,62,1029,30,286,492,42,2929,2337,2521,668,1796,249,710
chr21.20,137,681,643,94,308,6155,170,4346,17125,326,1060,0,20933,0,813,12,2,343,20358,603,3,13541,1342,22,105,326,1877,1085,13,151,24,164,573,2755,5,25,30,1142,65,62,885,23,189,570,34,2090,2486,2558,643,1886,224,677
chr21.21,117,1013,656,87,332,5642,174,9426,17145,340,991,1,21086,2,774,10,9,323,20290,698,14,12935,1387,43,123,520,1809,1016,14,147,28,346,667,2639,7,25,31,1125,56,63,816,30,403,721,32,2015,2426,2822,697,2138,249,729
chr21.22,114,978,688,95,369,6618,156,10947,19293,364,977,0,23160,2,779,13,2,546,22355,781,34,14826,1245,35,139,520,1688,1007,17,120,27,337,741,2537,2,30,40,1196,70,52,830,17,406,668,36,2974,2429,2666,716,2209,253,752
chr21.23,96,866,617,97,376,6169,152,10834,17380,327,679,0,21164,2,643,5,6,386,20458,710,26,13820,1126,37,137,439,1843,690,6,71,19,280,662,2550,4,11,48,1145,64,28,589,14,343,398,21,2770,2283,2709,530,1793,254,551
chr21.24,60,557,398,54,282,3901,102,6941,11407,203,335,2,13607,3,352,7,4,256,13192,640,7,8868,854,12,70,253,988,355,11,41,6,174,598,1401,4,20,42,799,61,35,288,11,193,330,7,1605,1506,1545,312,1433,139,319
chr21.25,72,577,337,46,213,3648,83,4954,10104,175,674,0,11520,1,211,4,1,278,11159,513,6,7741,703,14,49,240,502,691,13,77,8,148,480,759,1,17,33,564,46,26,589,7,168,307,18,1509,1142,1079,306,1204,103,324
chr21.26,65,538,304,39,213,4703,100,3015,12807,177,891,1,14658,2,371,14,4,295,14251,590,12,10420,724,25,39,288,713,919,13,103,13,186,553,1131,4,28,37,891,47,16,775,7,223,308,19,1940,1985,1251,313,1253,89,332
chr21.27,68,418,305,43,199,3850,86,3844,8896,125,525,3,10227,0,227,5,3,166,9879,469,6,6973,452,22,42,243,432,538,5,67,7,147,445,698,2,13,24,539,39,19,451,4,175,293,19,929,1078,850,232,1108,92,251
chr21.28,58,391,284,38,183,2869,87,2367,7152,102,277,0,8414,3,221,0,2,168,8092,462,2,5196,350,7,54,207,420,285,8,46,0,140,430,670,0,8,32,440,29,30,231,10,149,318,18,827,608,811,285,1093,104,303
chr21.29,76,810,475,82,253,5086,122,2839,14435,232,713,0,16648,0,363,17,3,244,16077,579,9,11217,948,29,101,338,855,752,22,91,17,224,547,1267,0,39,32,886,49,25,605,8,262,504,38,2264,1801,1665,543,1607,194,581
chr21.30,56,416,356,41,205,2919,82,2410,8165,155,416,0,9499,4,277,9,0,183,9159,486,4,6106,616,9,53,219,404,434,9,57,6,150,463,707,2,18,23,488,26,17,353,5,163,266,35,1119,809,820,298,1136,99,333
chr21.31,39,230,335,32,150,2403,74,2423,6294,111,313,0,7387,1,182,6,0,156,7092,427,4,4601,395,10,42,190,361,332,13,50,7,137,396,574,1,19,31,350,31,22,256,11,151,249,20,892,450,591,253,1043,85,273
chr21.32,53,232,259,44,203,2156,67,2110,5833,103,234,0,6931,3,171,2,2,147,6626,437,4,4156,372,12,48,198,320,241,5,39,4,129,399,523,0,7,38,339,32,27,191,3,145,285,13,850,336,552,277,1013,97,290
chr21.33,60,268,269,53,183,2478,80,2808,5969,124,215,3,7163,0,228,8,1,156,6772,432,1,4281,312,10,36,280,285,231,5,42,1,209,412,540,2,16,20,301,27,20,172,5,220,264,17,805,261,553,260,994,95,277
chr21.35,56,234,274,44,195,1965,63,2046,5387,108,257,1,6503,3,177,4,1,143,6167,420,10,3724,297,8,38,230,314,271,9,41,6,156,397,522,1,14,23,321,31,18,210,6,174,273,16,784,249,548,284,999,89,300
chr21.36,49,213,250,43,183,2579,63,3175,6319,109,283,1,7449,4,167,2,2,164,7088,509,7,4572,305,15,85,207,328,292,6,42,7,136,469,523,0,9,40,345,28,19,234,11,158,290,20,886,348,541,282,1077,141,302
chr21.37,65,206,234,54,161,2783,87,5693,7315,142,509,1,8626,1,210,5,2,192,8160,511,9,5465,461,21,65,320,338,524,9,75,8,225,472,597,4,15,39,382,49,20,426,9,255,311,24,1103,594,544,348,1109,130,372
chr21.38,52,267,239,50,166,2283,56,3824,6090,98,350,0,7244,3,230,5,2,168,6901,486,2,4370,362,18,60,211,329,360,5,57,5,139,440,589,3,10,46,331,30,16,288,7,159,259,22,972,324,596,260,1017,119,282
chr21.39,61,288,382,74,214,3555,66,8772,9958,178,645,0,11745,2,341,4,7,181,11333,575,6,7673,610,6,91,206,704,664,15,95,7,133,541,1095,2,19,34,475,50,39,543,13,145,425,29,1880,975,992,364,1434,185,393
chr21.41,58,202,214,54,154,1621,69,2773,4996,121,264,0,6091,4,181,8,1,160,5695,442,5,3364,302,17,52,268,272,279,7,37,3,188,412,476,0,15,30,298,23,26,224,2,210,304,20,736,286,474,264,983,109,284
chr21.43,52,263,250,50,181,1695,82,3216,5416,136,267,1,6795,1,221,5,5,161,6343,493,8,3594,379,23,54,319,408,281,8,44,2,236,450,664,2,14,43,364,35,25,221,9,267,290,22,719,301,671,316,1070,118,338
chr21.44,62,256,244,42,164,2583,103,2438,6647,145,250,0,7973,0,214,6,2,177,7550,521,12,4794,521,16,45,309,387,267,11,36,2,219,466,636,3,17,55,384,35,34,212,8,247,301,25,723,438,643,292,1104,97,317
chr22.16,41,213,234,39,178,1786,47,2108,5234,131,224,1,6394,2,213,9,2,181,6061,453,6,3578,375,12,41,230,357,240,6,34,3,171,426,602,2,16,27,321,32,14,187,3,189,237,34,693,272,570,288,958,85,322
chr22.20,63,313,236,59,118,2005,60,3577,5630,112,5362,0,6956,2,251,2,4,165,6587,466,5,3895,346,11,57,233,503,5371,7,596,55,154,424,779,2,9,42,353,25,18,4711,5,170,273,23,797,282,816,239,1002,125,262
chr22.23,53,402,275,56,166,2729,68,5471,7938,138,312,1,9340,1,215,7,3,205,9017,542,1,5790,516,9,55,184,585,329,9,58,2,121,511,845,0,17,31,436,45,26,252,7,131,308,30,1221,750,987,360,1170,121,390
chr22.24,64,456,291,36,174,2920,68,5496,7697,148,363,0,9097,0,240,3,3,181,8781,521,7,5563,417,12,37,224,573,371,5,57,8,141,483,842,2,8,38,401,29,14,298,8,160,284,26,1012,665,1029,359,1127,84,385
chr22.25,44,233,202,38,134,2611,58,2197,6078,145,291,0,7152,1,269,4,2,150,6881,396,3,4604,342,12,47,164,318,305,10,48,4,105,364,611,2,14,32,362,24,19,239,5,120,189,24,754,390,551,259,813,92,283
chr22.27,52,171,230,58,187,1793,53,2377,4938,110,210,1,6026,0,209,5,0,144,5724,412,10,3451,286,16,33,197,301,219,3,36,6,119,382,546,2,9,30,269,36,21,168,5,145,209,24,774,219,472,274,889,96,298
chr22.30,48,318,314,52,210,2719,69,2940,7128,189,361,0,8622,3,295,10,2,164,8311,466,2,5309,512,14,45,185,566,377,6,59,6,121,438,904,4,16,28,420,43,23,296,8,137,231,28,817,652,884,271,1058,107,299
chr22.31,70,572,360,104,155,3347,91,6416,9081,188,551,0,11014,0,329,9,7,219,10542,515,5,6733,551,20,72,260,844,567,7,92,4,165,480,1215,2,16,35,542,42,27,455,13,190,293,37,1117,988,1416,323,1212,196,360
chr22.32,53,449,259,52,174,2248,87,5687,7174,133,328,0,8650,1,234,7,1,174,8286,461,8,5241,503,13,58,232,590,341,6,52,3,158,431,851,5,13,30,433,27,23,273,7,179,251,30,1042,882,1039,281,1003,118,311
chr22.33,59,176,238,33,185,1735,59,2284,4873,130,278,0,5974,2,214,4,1,116,5709,365,8,3492,303,11,19,193,354,287,5,48,2,115,335,592,4,9,30,272,24,18,228,8,134,184,30,831,221,530,250,815,61,280
chr22.34,61,303,248,57,158,1749,66,3797,5479,107,246,1,6743,0,202,10,4,163,6387,499,2,3692,394,8,42,225,444,267,10,43,5,154,453,684,4,21,46,331,38,21,198,7,164,239,41,765,346,747,269,1028,110,310
chr22.36,62,278,220,60,180,1940,64,2421,5460,149,267,0,6656,0,226,6,0,162,6349,424,5,3821,352,11,41,193,369,278,5,42,2,115,386,645,1,11,38,319,50,20,223,2,131,217,28,771,290,647,289,912,103,317
chr22.37,51,250,210,53,154,2146,46,2438,5606,110,290,0,6737,3,200,5,1,134,6420,398,6,4082,320,12,44,191,384,303,8,37,3,122,380,614,3,13,18,309,30,16,250,12,140,198,15,902,295,634,300,839,110,315
chr22.40,58,257,261,51,154,1691,58,2515,5223,119,279,1,6434,1,239,9,2,131,6078,435,8,3590,358,14,38,240,360,296,7,50,5,160,411,643,5,17,24,336,44,24,224,7,182,212,25,730,356,617,283,957,98,308
chr22.41,60,338,237,50,161,2391,64,2888,6535,136,282,0,7863,0,238,7,3,175,7486,463,7,4669,403,15,41,256,457,302,13,38,4,174,428,726,3,20,35,410,31,25,240,7,196,215,39,919,410,795,371,949,101,410
chr22.42,69,307,225,43,157,1825,64,2738,5746,161,277,0,7015,0,224,7,0,135,6637,498,5,4018,413,16,52,259,399,293,9,52,4,169,465,670,3,16,33,360,47,19,221,8,190,199,34,896,363,706,308,972,103,342
chr22.43,61,133,244,39,192,1447,79,2135,4733,136,250,0,5863,0,226,6,3,164,5569,417,2,3223,347,11,32,210,304,259,3,30,1,136,385,565,4,9,32,325,35,26,219,1,149,178,21,723,245,437,323,878,75,344
chr22.44,59,289,267,68,154,2177,96,3331,6340,119,311,0,7706,0,233,4,1,221,7331,442,4,4568,430,18,54,232,472,324,9,48,0,151,406,741,3,13,36,407,36,17,263,7,173,211,26,958,477,761,296,959,130,322
chr22.45,73,617,483,87,233,3511,101,5947,11833,267,434,2,14224,4,410,19,2,287,13710,696,6,8765,947,29,80,293,1072,469,14,79,4,185,647,1543,7,35,49,733,61,32,351,13,220,340,57,1882,1425,1689,549,1587,182,606
chr22.46,67,626,372,129,218,2941,110,3916,10250,213,423,2,12594,3,410,11,2,324,12085,722,7,7241,907,24,94,250,1031,448,12,73,4,152,677,1507,4,25,45,635,66,43,346,6,183,397,56,1463,1082,1657,465,1561,231,521
