x	y	std_resid	colors	predicted	parallel_upper	parallel_lower	Outlier_lower	Outlier_upper
831.857306034336	654.075240735271	-2.09288674972112	#4C62AB	1247.14457463022	1388.83148959921	1105.45765966122	680.396914754237	1813.8922345062
930.946753155016	1188.42912097929	-0.759167928793307	grey	1403.55744452754	1545.24435949653	1261.87052955854	836.809784651556	1970.30510440352
1467.61249424474	2197.82269325177	-0.186547168339588	#B4EEB4	2250.68527880825	2392.37219377724	2108.99836383925	1683.93761893227	2817.43293868423
1021.15251742737	1505.29374956971	-0.143462985145823	#B4EEB4	1545.94740512482	1687.63432009382	1404.26049015583	979.19974524884	2112.6950650008
1038.78632054828	1048.31092587234	-1.85434014567375	grey	1573.78239495968	1715.46930992868	1432.09547999069	1007.0347350837	2140.53005483566
1514.51949606498	2479.89393524135	0.54756598382157	grey	2324.72806526207	2466.41498023106	2183.04115029307	1757.98040538609	2891.47572513805
1138.27486179676	1757.35743989218	0.0936296913687595	#B4EEB4	1730.8252356531	1872.5121506221	1589.13832068411	1164.07757577712	2297.57289552908
620.48162961804	1413.96391905673	1.76613425681887	grey	913.487690517277	1055.17460548627	771.800775548282	346.740030641297	1480.23535039326
793.944144431942	1327.95586425813	0.496366524767731	#B4EEB4	1187.29858108169	1328.98549605069	1045.6116661127	620.55092120571	1754.04624095767
866.301408970013	1210.06025166262	-0.322734111376667	#B4EEB4	1301.51465285506	1443.20156782406	1159.82773788607	734.76699297908	1868.26231273104
1367.22453923184	2610.31503823938	1.8282998344528	grey	2092.22271187549	2233.90962684449	1950.5357969065	1525.47505199951	2658.97037175147
1107.94414811721	2228.36142695892	1.92471293956815	grey	1682.94814974228	1824.63506471128	1541.26123477329	1116.2004898663	2249.69580961826
1120.23143517822	1436.60478950929	-0.937767841659344	grey	1702.34365439298	1844.03056936197	1560.65673942398	1135.595994517	2269.09131426896
1033.20481478354	1643.61361336639	0.277519047113109	#B4EEB4	1564.97197810521	1706.6588930742	1423.28506313621	998.224318229225	2131.71963798119
833.247659573778	1207.62210563424	-0.14721593930999	#B4EEB4	1249.33925018443	1391.02616515342	1107.65233521543	682.591590308446	1816.08691006041
1536.07394104092	2341.52114087219	-0.0608053835613702	#B4EEB4	2358.75179529282	2500.43871026182	2217.06488032383	1792.00413541684	2925.4994551688
1149.35514346877	1769.54126091692	0.0749038144695511	#B4EEB4	1748.31548013372	1890.00239510271	1606.62856516472	1181.56782025774	2315.0631400097
410.014853011109	362.642186942852	-0.771501445590819	grey	581.265506382619	722.952421351614	439.578591413624	14.5178465066382	1148.0131662586
1210.40677046911	1872.72807175217	0.0989593462806102	#B4EEB4	1844.68558278847	1986.37249775747	1702.99866781948	1277.93792291249	2411.43324266446
858.16257768162	1637.09333915079	1.22956253987715	grey	1288.66749307752	1430.35440804651	1146.98057810852	721.919833201538	1855.4151529535
679.652888203947	986.661331478959	-0.0713837858096353	#B4EEB4	1006.88962825931	1148.5765432283	865.202713290314	440.141968383328	1573.63728813529
934.607525602511	1369.32594626408	-0.141191704761524	#B4EEB4	1409.33598039782	1551.02289536682	1267.64906542883	842.588320521843	1976.0836402738
692.198665507828	1318.01239952924	1.02803861376775	grey	1026.69316022173	1168.38007519072	885.006245252732	459.945500345747	1593.44082009771
781.332631212658	1351.67819495558	0.650331437228787	grey	1167.39128485898	1309.07819982797	1025.70436988998	600.643624982997	1734.13894473496
812.488219645223	889.033365791577	-1.15584798824263	grey	1216.57043704601	1358.25735201501	1074.88352207702	649.822777170033	1783.31809692199
493.992006777276	786.699404818351	0.257171986217525	#B4EEB4	713.823594131131	855.510509100126	572.136679162136	147.075934255151	1280.57125400711
1251.33611334836	2207.71361695808	1.05310004503371	grey	1909.29262388901	2050.97953885801	1767.60570892002	1342.54496401303	2476.04028376499
1046.01193535095	1852.07317301026	0.941812912614719	grey	1585.18804087757	1726.87495584657	1443.50112590858	1018.44038100159	2151.93570075355
658.558918896416	1071.82869910747	0.346665530943442	#B4EEB4	973.592759896539	1115.27967486553	831.905844927544	406.845100020559	1540.34041977252
1376.14447632098	2208.46087590405	0.360506216705887	#B4EEB4	2106.30284855964	2247.98976352864	1964.61593359065	1539.55518868366	2673.05050843562
1127.93926644304	3136.50318161634	5.01808054070042	#D0587E	1714.51047986076	1856.19739482975	1572.82356489176	1147.76281998478	2281.25813973674
911.478555102319	1427.24414602975	0.192033565826994	#B4EEB4	1372.82685900471	1514.5137739737	1231.13994403571	806.079199128728	1939.57451888069
1268.53769831351	1711.9167604327	-0.792340620186024	grey	1936.44535659025	2078.13227155925	1794.75844162126	1369.69769671427	2503.19301646623
1263.44004625991	1803.55645577048	-0.440556730107988	#B4EEB4	1928.39870368614	2070.08561865513	1786.71178871714	1361.65104381016	2495.14636356212
1246.47432449125	2056.83222349279	0.547735625634258	grey	1901.61828146333	2043.30519643232	1759.93136649433	1334.87062158735	2468.36594133931
1206.59207623003	1582.50949200681	-0.903945820062179	grey	1838.66408109427	1980.35099606326	1696.97716612527	1271.91642121829	2405.41174097025
1166.17529606128	1802.64659426653	0.0980347166200225	#B4EEB4	1774.86612115103	1916.55303612002	1633.17920618203	1208.11846127504	2341.61378102701
981.426486826983	1557.80613813478	0.263137720013526	#B4EEB4	1483.2397946134	1624.9267095824	1341.55287964441	916.49213473742	2049.98745448938
908.211200878025	1373.29919528496	0.0198672572596085	#B4EEB4	1367.66933450494	1509.35624947394	1225.98241953595	800.921674628964	1934.41699438093
885.858699696285	1693.22581391151	1.27337073669664	grey	1332.38587132282	1474.07278629182	1190.69895635383	765.638211446844	1899.13353119881
791.587906323846	982.912393770719	-0.708134767694349	grey	1183.57925500452	1325.26616997351	1041.89234003552	616.831595128536	1750.3269148805
937.62481659412	1527.6632771783	0.400758593574413	#B4EEB4	1414.09877963656	1555.78569460555	1272.41186466756	847.351119760576	1980.84643951254
620.381094529521	912.785528304147	-0.0019178461039001	#B4EEB4	913.328995699841	1055.01591066884	771.642080730846	346.581335823861	1480.07665557582
1650.68678960155	2423.86373563555	-0.408663871954993	#B4EEB4	2539.66838218872	2681.35529715772	2397.98146721973	1972.92072231274	3106.4160420647
1362.3885994915	2136.40114600772	0.182839656336971	#B4EEB4	2084.58917232697	2226.27608729596	1942.90225735797	1517.84151245099	2651.33683220295
663.067425038995	790.521019421707	-0.671157338502243	grey	980.709444924075	1122.39635989307	839.02252995508	413.961785048095	1547.45710480006
879.134549410277	1056.01164081174	-0.937842945094036	grey	1321.77178804336	1463.45870301235	1180.08487307436	755.024128167376	1888.51944791934
860.003393913034	1191.10891577287	-0.354529241629609	#B4EEB4	1291.57322479846	1433.26013976746	1149.88630982947	724.82556492248	1858.32088467444
1233.9895355009	2201.33573320243	1.12722022922579	grey	1881.91101966314	2023.59793463213	1740.22410469414	1315.16335978716	2448.65867953912
974.989280058451	1473.63687501018	0.0019699166281195	#B4EEB4	1473.07865219061	1614.76556715961	1331.39173722162	906.330992314632	2039.82631206659
1075.99555419843	1680.28021094322	0.168551111370719	#B4EEB4	1632.51723697379	1774.20415194279	1490.8303220048	1065.76957709781	2199.26489684977
991.435973395389	1449.18463255758	-0.175934222849428	#B4EEB4	1499.03978710358	1640.72670207258	1357.35287213459	932.292127227602	2065.78744697956
987.138862812605	1574.80684060967	0.291311481662326	#B4EEB4	1492.25679034611	1633.9437053151	1350.56987537711	925.509130470129	2059.00445022209
1410.58068520434	1925.53511920308	-0.829735571760907	grey	2160.66046600875	2302.34738097775	2018.97355103976	1593.91280613277	2727.40812588473
932.26870430222	1629.98514976706	0.791678621251517	grey	1405.64414678299	1547.33106175198	1263.95723181399	838.896486907007	1972.39180665897
1454.94118132886	2299.35282404156	0.242327371583015	#B4EEB4	2230.68358865728	2372.37050362627	2088.99667368828	1663.9359287813	2797.43124853326
535.374158730934	641.77067355806	-0.484782669025142	#B4EEB4	779.145395167275	920.83231013627	637.45848019828	212.397735291295	1345.89305504326
1175.38412489082	1773.98683649863	-0.0543996510545199	#B4EEB4	1789.40227396524	1931.08918893423	1647.71535899624	1222.65461408926	2356.14993384122
1037.15627315338	1699.0007336299	0.450963913756203	#B4EEB4	1571.20936222498	1712.89627719398	1429.52244725598	1004.461702349	2137.95702210096
1064.78247062319	1708.71990234571	0.331373359054955	#B4EEB4	1614.81736445089	1756.50427941988	1473.13044948189	1048.06970457491	2181.56502432687
1113.89184482796	1967.22457041732	0.970054188899701	grey	1692.33659966142	1834.02351463042	1550.64968469243	1125.58893978544	2259.0842595374
849.302964067209	1151.35689512184	-0.435204909400077	#B4EEB4	1274.68257710636	1416.36949207536	1132.99566213736	707.934917230379	1841.43023698234
900.037784899174	1573.28400044684	0.771124199306388	grey	1354.76758273152	1496.45449770052	1213.08066776253	788.019922855542	1921.5152426075
694.427385067873	-390.875475197269	-5.01488324998278	#4C62AB	1030.21119804223	1171.89811301122	888.524283073232	463.463538166246	1596.95885791821
678.462632057327	985.197321705419	-0.0699199537842209	#B4EEB4	1005.01080679834	1146.69772176734	863.323891829346	438.263146922361	1571.75846667432
1091.05859242128	1441.40255006754	-0.758332975873126	grey	1656.29426980898	1797.98118477798	1514.60735483999	1089.546609933	2223.04192968496
1134.46293358883	1483.86536220634	-0.850264606263761	grey	1724.80810014402	1866.49501511301	1583.12118517502	1158.06044026804	2291.55576002
1015.90126801915	1615.40929361772	0.274376060462708	#B4EEB4	1537.65829852111	1679.3452134901	1395.97138355211	970.910638645125	2104.40595839709
1276.68024036392	1900.7950138017	-0.171163865136052	#B4EEB4	1949.2983738123	2090.98528878129	1807.6114588433	1382.55071393632	2516.04603368828
1615.02540568814	2778.35864190251	1.04096351525651	grey	2483.37682375855	2625.06373872755	2341.68990878956	1916.62916388257	3050.12448363453
852.690650183039	1386.0635673738	0.374182477204742	#B4EEB4	1280.03004571261	1421.7169606816	1138.34313074361	713.282385836627	1846.77770558859
307.249337307756	386.485030928935	-0.1149186031625	#B4EEB4	419.049955638217	560.736870607212	277.363040669222	-147.697704237763	985.797615514198
1301.72155733868	1747.47388630859	-0.85170974076047	grey	1988.82613754338	2130.51305251237	1847.13922257438	1422.0784776674	2555.57379741936
787.239771225282	1064.37932191687	-0.396424730064637	#B4EEB4	1176.71571595742	1318.40263092642	1035.02880098843	609.968056081443	1743.4633758334
793.597415059793	1258.97380116916	0.254866629846227	#B4EEB4	1186.75126814624	1328.43818311524	1045.06435317725	620.003608270261	1753.49892802222
1307.67141090901	1871.32018695218	-0.447810601087674	#B4EEB4	1998.21799206923	2139.90490703823	1856.53107710024	1431.47033219325	2564.96565194521
914.568097884697	1474.69817087318	0.342284476550734	#B4EEB4	1377.70370782468	1519.39062279368	1236.01679285569	810.956047948702	1944.45136770066
633.784686323639	883.809419051503	-0.178835040385748	#B4EEB4	934.486589372727	1076.17350434172	792.799674403732	367.738929496747	1501.23424924871
1054.39104392474	1560.47458412822	-0.133886374267134	#B4EEB4	1598.41447878081	1740.10139374981	1456.72756381182	1031.66681890483	2165.16213865679
958.332591268287	1291.39695234086	-0.54835369508697	grey	1446.78603907831	1588.4729540473	1305.09912410931	880.038379202328	2013.53369895429
1001.72925576997	1883.60260063669	1.2997489885879	grey	1515.28775178251	1656.9746667515	1373.60083681351	948.540091906527	2082.03541165849
1115.5841203379	1739.90052680093	0.158422064675134	#B4EEB4	1695.00785958725	1836.69477455625	1553.32094461826	1128.26019971127	2261.75551946323
888.801990462277	1379.32971379331	0.149265204658402	#B4EEB4	1337.03186107278	1478.71877604177	1195.34494610378	770.284201196796	1903.77952094876
1193.31296455565	1451.59696385666	-1.29195422081488	grey	1817.70297951352	1959.38989448252	1676.01606454453	1250.95531963754	2384.45063938951
933.854031454375	1532.73942709143	0.439676587581629	#B4EEB4	1408.14658853436	1549.83350350335	1266.45967356536	841.398928658375	1974.89424841034
1099.53458917471	1444.57716598612	-0.794344629285594	grey	1669.67364587745	1811.36056084645	1527.98673090846	1102.92598600147	2236.42130575343
1329.0517039448	1815.27324104635	-0.764691580557636	grey	2031.9668229503	2173.65373791929	1890.2799079813	1465.21916307432	2598.71448282628
1130.55444725014	1879.49990507954	0.567664832219275	grey	1718.63854745246	1860.32546242145	1576.95163248346	1151.89088757648	2285.38620732844
902.220524340632	1262.7906572093	-0.336736753933813	#B4EEB4	1358.21304085241	1499.89995582141	1216.52612588342	791.465380976433	1924.96070072839
1344.64228553533	1667.28897230236	-1.37375992596003	grey	2056.57658393698	2198.26349890597	1914.88966896798	1489.828924061	2623.32424381296
1298.05115678864	2301.05755716082	1.12228131134922	grey	1983.03240369597	2124.71931866496	1841.34548872697	1416.28474381999	2549.78006357195
1164.51908785242	1271.29724670013	-1.76782219774528	grey	1772.2517935246	1913.9387084936	1630.56487855561	1205.50413364862	2338.99945340058
1071.61952053343	1721.99158677207	0.340122892800566	#B4EEB4	1625.60965998958	1767.29657495858	1483.92274502059	1058.8620001136	2192.35731986556
811.628177188189	1420.8921155992	0.725823048508924	grey	1215.21285848596	1356.89977345496	1073.52594351697	648.465198609983	1781.96051836194
1408.195734559	1986.1000285064	-0.602722519122737	grey	2156.89581714008	2298.58273210908	2015.20890217108	1590.1481572641	2723.64347701606
819.922123855862	1318.7405960661	0.319139307670546	#B4EEB4	1228.30486816774	1369.99178313674	1086.61795319875	661.557208291762	1795.05252804372
1656.19989790497	2572.12592453517	0.0838295159877073	#B4EEB4	2548.37083352789	2690.05774849688	2406.68391855889	1981.62317365191	3115.11849340387
1459.78318785556	2397.79941236624	0.562764415338556	grey	2238.32670463894	2380.01361960793	2096.63978966994	1671.57904476296	2805.07436451492
929.289892269857	1490.75471599529	0.316940450586229	#B4EEB4	1400.9420866504	1542.62900161939	1259.2551716814	834.194426774417	1967.68974652638
692.073729907966	989.133839043444	-0.131847426130105	#B4EEB4	1026.4959491534	1168.18286412239	884.809034184403	459.748289277417	1593.24360902938
786.87803089021	1363.51545792336	0.661214021683884	grey	1176.14470819009	1317.83162315909	1034.4577932211	609.397048314113	1742.89236806607
1077.06511274696	1775.72214042239	0.499398986115023	#B4EEB4	1634.20553705983	1775.89245202882	1492.51862209083	1067.45787718385	2200.95319693581
925.992436461288	1201.67484786477	-0.68482752597017	grey	1395.7370467459	1537.42396171489	1254.0501317769	828.989386869918	1962.48470662188
895.73722018068	1063.44834347187	-1.00408280540595	grey	1347.97913361464	1489.66604858363	1206.29221864564	781.231473738659	1914.72679349062
714.514429820495	1103.82715272938	0.147891280392349	#B4EEB4	1061.91863419017	1203.60554915916	920.23171922117	495.170974314185	1628.66629406615
986.491682557324	1424.94504888095	-0.233931857033647	#B4EEB4	1491.23521515308	1632.92213012208	1349.54830018409	924.4875552771	2057.98287502906
764.528659162877	949.685166231857	-0.674660107700644	grey	1140.86618485736	1282.55309982636	999.17926988837	574.118524981384	1707.61384473335
499.617419023559	766.212264438345	0.15353904417516	#B4EEB4	722.703317445412	864.390232414407	581.016402476417	155.955657569431	1289.45097732139
885.932043913671	1064.89876057313	-0.944345795047026	grey	1332.50164530144	1474.18856027043	1190.81473033244	765.753985425457	1899.24930517742
1275.69898271823	1945.79374434258	-0.00690152833631857	#B4EEB4	1947.74945685967	2089.43637182867	1806.06254189068	1381.00179698369	2514.49711673565
827.395911217482	1116.10818931784	-0.437563573263204	#B4EEB4	1240.10225491479	1381.78916988378	1098.41533994579	673.354595038806	1806.84991479077
1182.38929666751	1965.01679983976	0.580705881359238	grey	1800.45995017148	1942.14686514047	1658.77303520248	1233.7122902955	2367.20761004746
514.635187513251	1256.85060950218	1.80130154463529	grey	746.408891925663	888.095806894658	604.721976956668	179.661232049683	1313.15655180164
983.331410342638	1291.8012667766	-0.686179994332497	grey	1486.24671979743	1627.93363476642	1344.55980482843	919.499059921446	2052.99437967341
1155.82216118304	1945.26607596315	0.658996622293003	grey	1758.52367918779	1900.21059415678	1616.83676421879	1191.7760193118	2325.27133906377
1090.34600865001	1800.54895852868	0.513030802850609	grey	1655.16945504874	1796.85637001773	1513.48254007974	1088.42179517276	2221.91711492472
1031.70285824468	1533.51544250595	-0.102640722034173	#B4EEB4	1562.60113701638	1704.28805198537	1420.91422204738	995.853477140397	2129.34879689236
807.788197508387	1120.95302145118	-0.311244063173989	#B4EEB4	1209.15144367825	1350.83835864725	1067.46452870926	642.403783802272	1775.89910355423
745.088696189925	1432.69458565238	1.13812350725695	grey	1110.18016845853	1251.86708342752	968.493253489531	543.432508582546	1676.92782833451
692.761362818526	638.05048058054	-1.37461846226236	grey	1027.5813789353	1169.26829390429	885.894463966301	460.833719059316	1594.32903881128
1035.29397913004	1424.30201037632	-0.508048740514095	grey	1568.26972777098	1709.95664273997	1426.58281280198	1001.52206789499	2135.01738764696
715.757615744559	786.267734885284	-0.979671519332502	grey	1063.8810053997	1205.5679203687	922.19409043071	497.133345523724	1630.62866527569
852.832766889799	1558.31183812391	0.981239026185972	grey	1280.25437718897	1421.94129215797	1138.56746221998	713.506717312991	1847.00203706495
923.172342340526	1346.61782698182	-0.157628162590839	#B4EEB4	1391.28552312127	1532.97243809027	1249.59860815228	824.537863245291	1958.03318299725
1553.15860156966	2224.80366246056	-0.567858719121156	grey	2385.7199625616	2527.4068775306	2244.03304759261	1818.97230268562	2952.46762243758
804.415029491362	1843.43143905031	2.25710520718614	#D0587E	1203.82689191699	1345.51380688599	1062.139976948	637.079232041013	1770.57455179297
1070.61597168546	1595.91650395066	-0.0991942424241727	#B4EEB4	1624.0255563342	1765.71247130319	1482.3386413652	1057.27789645821	2190.77321621018
1023.38825486911	1446.33251993037	-0.363985625547573	#B4EEB4	1549.47652068416	1691.16343565315	1407.78960571516	982.728860808176	2116.22418056014
711.443009760961	1127.13756466867	0.247260562357919	#B4EEB4	1057.07039212069	1198.75730708968	915.383477151691	490.322732244706	1623.81805199667
978.60757416292	1154.22643709339	-1.14535523233718	grey	1478.79013592029	1620.47705088929	1337.1032209513	912.04247604431	2045.53779579627
1433.365257527	2248.10841482492	0.181676835065799	#B4EEB4	2196.62595426131	2338.31286923031	2054.93903929232	1629.87829438533	2763.37361413729
1135.45121592376	1683.94418366965	-0.1497100911571	#B4EEB4	1726.36810558121	1868.0550205502	1584.68119061221	1159.62044570523	2293.11576545719
1012.36987659788	1612.25983940285	0.282933143783128	#B4EEB4	1532.08399083263	1673.77090580163	1390.39707586364	965.336330956651	2098.83165070861
873.250950298113	1113.4022982596	-0.702542708627856	grey	1312.48451629848	1454.17143126748	1170.79760132949	745.736856422503	1879.23217617446
384.025833537845	371.441981877179	-0.595678897796056	grey	540.241792558888	681.928707527883	398.554877589893	-26.5058673170921	1106.98945243487
1339.40116402425	1870.41881338114	-0.627738457340421	grey	2048.30346423706	2189.99037920606	1906.61654926807	1481.55580436108	2615.05112411304
561.807978722553	689.114053465274	-0.464958863597574	#B4EEB4	820.871227406534	962.558142375529	679.184312437539	254.123567530553	1387.61888728251
1221.9842532632	2092.78637323152	0.811033655261246	grey	1862.96066013153	2004.64757510053	1721.27374516254	1296.21300025555	2429.70832000751
1572.73107076525	2674.92571850949	0.911554106092401	grey	2416.61514027038	2558.30205523938	2274.92822530139	1849.8674803944	2983.36280014636
566.83205170846	818.869686954877	-0.0350492798424937	#B4EEB4	828.801735620413	970.488650589408	687.114820651418	262.054075744432	1395.54939549639
1210.53530061241	1744.01563880168	-0.355970870953274	#B4EEB4	1844.88846785008	1986.57538281907	1703.20155288108	1278.14080797409	2411.63612772606
921.34075317926	1316.20336368456	-0.254755326835722	#B4EEB4	1388.3943563471	1530.08127131609	1246.7074413781	821.646696471118	1955.14201622308
528.356752256354	806.382423955134	0.13520661909758	#B4EEB4	768.068406468486	909.755321437481	626.38149149949	201.320746592505	1334.81606634447
545.599703865475	837.780402538423	0.149957270423795	#B4EEB4	795.286436491385	936.97335146038	653.59952152239	228.538776615405	1362.03409636737
519.539147927622	837.315599444547	0.293484395622115	#B4EEB4	754.149802230072	895.836717199067	612.462887261077	187.402142354092	1320.89746210605
840.728043348909	1111.75627681411	-0.52718619994161	grey	1261.14704938202	1402.83396435102	1119.46013441303	694.399389506041	1827.894709258
561.47332450123	672.830708987781	-0.520557124709812	grey	820.342975118309	962.029890087304	678.656060149314	253.595315242328	1387.09063499429
1206.37503189275	2048.97808058834	0.743387645978505	grey	1838.32147621882	1980.00839118782	1696.63456124983	1271.57381634284	2405.0691360948
1630.0326821577	2335.32355101589	-0.606062619077816	grey	2507.06583656622	2648.75275153521	2365.37892159722	1940.31817669024	3073.8134964422
613.890857189446	981.44542482926	0.276529700789909	#B4EEB4	903.084144424817	1044.77105939381	761.397229455822	336.336484548836	1469.8318043008
1236.32165424255	1843.08837460316	-0.149992321744373	#B4EEB4	1885.59227327716	2027.27918824615	1743.90535830816	1318.84461340118	2452.33993315314
1230.71267230027	1654.49913002028	-0.784262100898849	grey	1876.7384852272	2018.42540019619	1735.0515702582	1309.99082535122	2443.48614510318
1099.66077368504	1767.70354240985	0.345235528905666	#B4EEB4	1669.87282835319	1811.55974332218	1528.18591338419	1103.12516847721	2236.62048822917
697.487017516898	1080.85150097394	0.161661603107721	#B4EEB4	1035.04083334739	1176.72774831638	893.353918378392	468.293173471407	1601.78849322337
964.164218010802	1726.20299825871	0.95355215396321	grey	1455.99127234453	1597.67818731353	1314.30435737554	889.24361246855	2022.73893222051
915.881399448926	1397.31401609879	0.0618873641391675	#B4EEB4	1379.7767566979	1521.4636716669	1238.08984172891	813.029096821923	1946.52441657388
1168.89685996614	1687.03613830905	-0.325104037886497	#B4EEB4	1779.16211465325	1920.84902962224	1637.47519968425	1212.41445477727	2345.90977452923
888.268373168851	1388.06154241435	0.183051473762073	#B4EEB4	1336.1895452186	1477.87646018759	1194.5026302496	769.441885342617	1902.93720509458
1293.09201600569	1702.51969420146	-0.962279039454894	grey	1975.20439108085	2116.89130604984	1833.51747611185	1408.45673120486	2541.95205095683
887.625742669896	1164.25980332612	-0.603144434810233	grey	1335.17515182408	1476.86206679308	1193.48823685509	768.427491948104	1901.92281170007
1315.8134396738	2075.77480973859	0.228336578165129	#B4EEB4	2011.070199069	2152.75711403799	1869.3832841	1444.32253919302	2577.81785894498
685.24689800018	961.246166755481	-0.192232345542766	#B4EEB4	1015.7197827499	1157.40669771889	874.032867780902	448.972122873917	1582.46744262588
621.953426572566	919.737950588357	0.0138581108249489	#B4EEB4	915.810924648186	1057.49783961718	774.124009679191	349.063264772205	1482.55858452417
1972.31198048272	2935.42362883969	-0.394993051020096	#B4EEB4	3047.35432250615	3189.04123747514	2905.66740753715	2480.60666263017	3614.10198238213
874.94272355187	1182.3115615729	-0.468792131821787	#B4EEB4	1315.15498341203	1456.84189838103	1173.46806844304	748.407323536054	1881.90264328802
1089.46827746221	1230.46468437684	-1.49385449782453	grey	1653.78395479547	1795.47086976446	1512.09703982647	1087.03629491949	2220.53161467145
1190.97090221015	1856.22334735055	0.148981003139078	#B4EEB4	1814.00602990303	1955.69294487202	1672.31911493403	1247.25837002705	2380.75368977901
854.865812287377	1434.62661996044	0.53344049801721	grey	1283.46354299327	1425.15045796227	1141.77662802428	716.715883117291	1850.21120286925
1155.05861329408	1474.8446728711	-0.996823682226148	grey	1757.31841747641	1899.00533244541	1615.63150250742	1190.57075760043	2324.06607735239
1110.68935821553	1962.51458101501	0.971272161130722	grey	1687.28146880325	1828.96838377224	1545.59455383425	1120.53380892727	2254.02912867923
935.385847707492	1480.10973629868	0.245418474522611	#B4EEB4	1410.56456323567	1552.25147820467	1268.87764826668	843.816903359693	1977.31222311165
1019.58791005759	1797.70992408517	0.897162079341355	grey	1543.47766958708	1685.16458455607	1401.79075461808	976.730009711095	2110.22532946306
989.779823878461	1293.23564156923	-0.717038375059903	grey	1496.42555212247	1638.11246709147	1354.73863715348	929.677892246491	2063.17321199845
1638.53556970485	2491.15961222813	-0.103495963544223	#B4EEB4	2520.48765980078	2662.17457476978	2378.80074483179	1953.7399999248	3087.23531967676
777.599171118152	1146.39596488947	-0.0532937234233308	#B4EEB4	1161.49801140759	1303.18492637659	1019.8110964386	594.75035153161	1728.24567128357
671.201119877601	1160.50316619276	0.589167565060154	grey	993.548496806421	1135.23541177542	851.861581837425	426.80083693044	1560.2961566824
1011.33651975132	1401.83286604445	-0.453887958467268	#B4EEB4	1530.45283519805	1672.13975016705	1388.76592022906	963.705175322072	2097.20049507403
1093.14422483294	4625.39967493978	10.4660801997118	#D0587E	1659.58644430928	1801.27335927827	1517.89952934028	1092.8387844333	2226.33410418526
1130.95704367305	1340.70373576079	-1.33593956417827	grey	1719.27404662768	1860.96096159668	1577.58713165869	1152.5263867517	2286.02170650366
862.490400186668	1138.2113117059	-0.555053573535191	grey	1295.49896865934	1437.18588362833	1153.81205369034	728.751308783357	1862.24662853532
681.002159808643	1046.51001644599	0.132300715801123	#B4EEB4	1009.01945590588	1150.70637087488	867.332540936889	442.271796029904	1575.76711578186
1378.95555282685	1927.16903076263	-0.647805434752183	grey	2110.740137863	2252.42705283199	1969.053222894	1543.99247798702	2677.48779773898
895.104883613934	1333.9434282586	-0.0460083450713094	#B4EEB4	1346.98098921057	1488.66790417957	1205.29407424157	780.233329334589	1913.72864908655
740.346141203988	1016.93401702094	-0.302639167173791	#B4EEB4	1102.69403691222	1244.38095188121	961.007121943223	535.946377036238	1669.4416967882
929.116129317671	1515.0602212088	0.403680254153793	#B4EEB4	1400.6678015189	1542.3547164879	1258.98088654991	833.920141642923	1967.41546139488
940.847231695434	1644.96850929306	0.796767795008904	grey	1419.18536765014	1560.87228261914	1277.49845268115	852.437707774163	1985.93302752612
1332.97608691409	1834.96384780963	-0.717065583425922	grey	2038.16146850176	2179.84838347075	1896.47455353276	1471.41380862578	2604.90912837774
1025.42118765916	1476.72446976979	-0.268059471067228	#B4EEB4	1552.68550873727	1694.37242370626	1410.99859376827	985.937848861285	2119.43316861325
1226.21613555536	2127.27645500698	0.909172738880064	grey	1869.64069391533	2011.32760888432	1727.95377894633	1302.89303403935	2436.38835379131
850.212394848322	835.533941435741	-1.55478074275654	grey	1276.1181152245	1417.80503019349	1134.4312002555	709.370455348515	1842.86577510048
1064.33359287448	1532.53283096357	-0.28787407494268	#B4EEB4	1614.10881011994	1755.79572508893	1472.42189515094	1047.36115024396	2180.85646999592
902.59422655275	1766.83219665779	1.43989748906235	grey	1358.8029304641	1500.4898454331	1217.1160154951	792.055270588119	1925.55059034008
1028.37505845207	1981.28060149096	1.49601818384235	grey	1557.34819907868	1699.03511404767	1415.66128410968	990.600539202695	2124.09585895466
731.390992606737	1128.40555358014	0.140617200923087	#B4EEB4	1088.5583187994	1230.2452337684	946.871403830406	521.81065892342	1655.30597867538
606.759540001608	737.417519879685	-0.544897980223048	grey	891.827347460965	1033.51426242996	750.14043249197	325.079687584985	1458.57500733695
1599.16401542439	2431.83750703467	-0.0935233989916633	#B4EEB4	2458.33959079576	2600.02650576475	2316.65267582676	1891.59193091978	3025.08725067174
1180.21264710173	1639.76409146318	-0.554956022232123	grey	1797.02410493025	1938.71101989925	1655.33718996126	1230.27644505427	2363.77176480623
624.618591512517	1227.49134372707	1.08504533220715	grey	920.017892283192	1061.70480725219	778.330977314197	353.270232407212	1486.76555215917
816.650224995874	1063.6788063532	-0.562724382961131	grey	1223.14016995239	1364.82708492138	1081.45325498339	656.392510076409	1789.88782982837
644.355974620807	1041.11628097296	0.317400142750852	#B4EEB4	951.173386898786	1092.86030186778	809.486471929791	384.425727022806	1517.92104677477
1659.64310466512	2613.43467191141	0.210424266608383	#B4EEB4	2553.8059415707	2695.4928565397	2412.11902660171	1987.05828169472	3120.55360144668
1393.72389293005	1939.08380725591	-0.688024656245908	grey	2134.05198918808	2275.73890415708	1992.36507421909	1567.3043293121	2700.79964906406
920.456482991094	1550.98966078788	0.578709496758164	grey	1386.99853427003	1528.68544923903	1245.31161930103	820.250874394049	1953.74619414601
1162.95821776963	1594.85133247118	-0.617335146538271	grey	1769.78795730106	1911.47487227005	1628.10104233206	1203.04029742508	2336.53561717704
875.698015624342	1439.59498936731	0.43492998662576	#B4EEB4	1316.34721330229	1458.03412827128	1174.66029833329	749.599553426308	1883.09487317827
857.125931615327	1505.0212240437	0.769266797458715	grey	1287.03114540369	1428.71806037269	1145.3442304347	720.283485527712	1853.77880527967
763.419148644927	947.44013849075	-0.676402200115596	grey	1139.11482051599	1280.80173548498	997.427905546994	572.367160640008	1705.86248039197
821.614819762147	1454.02123783914	0.787103192267209	grey	1230.97679168996	1372.66370665896	1089.28987672097	664.229131813981	1797.72445156594
1495.27224020101	2145.00178605903	-0.527022736552019	grey	2294.34623738017	2436.03315234917	2152.65932241118	1727.59857750419	2861.09389725615
983.791562474368	1534.55802139895	0.167922883518128	#B4EEB4	1486.97307076218	1628.65998573118	1345.28615579319	920.225410886202	2053.72073063816
1035.77357092828	1594.02785085017	0.0882265189113574	#B4EEB4	1569.02676428416	1710.71367925315	1427.33984931516	1002.27910440818	2135.77442416014
1073.10622887973	1524.22006605195	-0.366076026674283	#B4EEB4	1627.95643177912	1769.64334674812	1486.26951681013	1061.20877190314	2194.70409165511
1369.7427635456	2108.23471931796	0.0424774082063945	#B4EEB4	2096.19773346867	2237.88464843767	1954.51081849968	1529.45007359269	2662.94539334465
845.180850716566	1021.68509099008	-0.869842931005166	grey	1268.1758137935	1409.8627287625	1126.48889882451	701.428153917522	1834.92347366948
702.247854882389	1026.14440788659	-0.0579143662616715	#B4EEB4	1042.55582366259	1184.24273863159	900.868908693596	475.808163786611	1609.30348353857
1502.70907972096	2419.22178591447	0.399248173503935	#B4EEB4	2306.08530189291	2447.77221686191	2164.39838692392	1739.33764201693	2872.83296176889
867.651034928414	866.651622546759	-1.54210929569065	grey	1303.64503984959	1445.33195481859	1161.9581248806	736.897379973614	1870.39269972558
783.080209018038	877.035076055406	-1.03437485234974	grey	1170.14983955729	1311.83675452629	1028.4629245883	603.402179681314	1736.89749943327
629.118064335012	711.289584983124	-0.761646667452986	grey	927.120318198783	1068.80723316778	785.433403229788	360.372658322803	1493.86797807476
614.585283304661	604.059986127906	-1.05909678120314	grey	904.180297292438	1045.86721226143	762.493382323443	337.432637416458	1470.92795716842
827.807956210604	1325.62854217518	0.29951909644844	#B4EEB4	1240.75266867502	1382.43958364401	1099.06575370602	674.005008799037	1807.500328551
1185.39574514996	1579.50794777374	-0.796466232487733	grey	1805.20563449007	1946.89254945906	1663.51871952107	1238.45797461409	2371.95329436605
1332.95444167892	1566.52224545258	-1.6642505629749	grey	2038.12730145923	2179.81421642823	1896.44038649024	1471.37964158325	2604.87496133521
1212.27650615068	1690.90100620992	-0.553106677979751	grey	1847.63696391333	1989.32387888232	1705.95004894433	1280.88930403735	2414.38462378931
890.902810871424	1258.22716601218	-0.289796851953903	#B4EEB4	1340.34800985433	1482.03492482332	1198.66109488533	773.600349978345	1907.09566973031
1017.92498121538	1698.24456657869	0.555421201683604	grey	1540.85273342885	1682.53964839784	1399.16581845985	974.105073552868	2107.60039330483
788.621060895979	962.181164144203	-0.764766880843559	grey	1178.89608417857	1320.58299914757	1037.20916920958	612.148424302592	1745.64374405455
784.834551527797	1409.50967843943	0.83490633604948	grey	1172.9190723536	1314.60598732259	1031.2321573846	606.171412477618	1739.66673222958
1265.39514969308	1977.76526766534	0.16331934997513	#B4EEB4	1931.4848379599	2073.17175292889	1789.7979229909	1364.73717808392	2498.23249783588
695.322226418937	1115.45377115551	0.295828533125233	#B4EEB4	1031.62370671888	1173.31062168787	889.936791749884	464.876046842899	1598.37136659486
1586.58818964774	2209.37715040871	-0.80851318170997	grey	2438.48862726521	2580.17554223421	2296.80171229622	1871.74096738923	3005.23628714119
972.904121810245	1850.08975869497	1.34205241401442	grey	1469.78722615818	1611.47414112718	1328.10031118919	903.039566282202	2036.53488603416
1064.36164798876	1563.68830556372	-0.178085568506627	#B4EEB4	1614.15309516812	1755.84001013712	1472.46618019913	1047.40543529214	2180.9007550441
778.441688578128	997.69315813473	-0.582745303720454	grey	1162.82792672837	1304.51484169737	1021.14101175938	596.080266852391	1729.57558660435
827.683393071019	1200.75379532803	-0.140458454531895	#B4EEB4	1240.5560455359	1382.2429605049	1098.86913056691	673.808385659923	1807.30370541188
604.895160308427	520.453926316231	-1.3001570912098	grey	888.884420773388	1030.57133574238	747.197505804393	322.136760897407	1455.63208064937
945.122383488182	1355.58155207494	-0.248266222602983	#B4EEB4	1425.93370241818	1567.62061738718	1284.24678744919	859.186042542202	1992.68136229416
1125.69472147734	1604.09668157808	-0.377137084445514	#B4EEB4	1710.96746160906	1852.65437657805	1569.28054664006	1144.21980173308	2277.71512148504
1097.29130324841	1782.3028929533	0.409954151224926	#B4EEB4	1666.13261502172	1807.81952999071	1524.44570005272	1099.38495514574	2232.8802748977
765.539053883575	1350.20781797286	0.733118944975292	grey	1142.46109473511	1284.14800970411	1000.77417976612	575.713434859132	1709.20875461109
763.4134087438	999.899120135468	-0.49124733913066	#B4EEB4	1139.10576007177	1280.79267504077	997.418845102775	572.35810019579	1705.85341994775
849.340384497142	1435.23235042072	0.566356833775911	grey	1274.74164532208	1416.42856029108	1133.05473035309	707.993985446104	1841.48930519806
1448.81820095391	2458.09192336461	0.836610318802168	grey	2221.01845316	2362.70536812899	2079.331538191	1654.27079328402	2787.76611303598
658.808913800277	831.384569731886	-0.503232100154478	grey	973.987377300398	1115.67429226939	832.300462331403	407.239717424418	1540.73503717638
946.28452168594	1288.94590922904	-0.489890793542246	#B4EEB4	1427.76813964647	1569.45505461547	1286.08122467748	861.020479770491	1994.51579952245
1570.70854650368	2486.21849238625	0.256890025109412	#B4EEB4	2413.42258209813	2555.10949706713	2271.73566712914	1846.67492222215	2980.17024197411
969.707534401358	1491.17089559082	0.0932672166417736	#B4EEB4	1464.74140720339	1606.42832217238	1323.05449223439	897.993747327407	2031.48906707937
592.047788853582	997.826675369229	0.456011952460253	#B4EEB4	868.604821903067	1010.29173687206	726.917906934072	301.857162027086	1435.35248177905
800.569169417781	1481.79061303618	1.00233115457831	grey	1197.75619489716	1339.44310986616	1056.06927992817	631.00853502118	1764.50385477314
1145.63799367146	1795.87361442247	0.188534212628137	#B4EEB4	1742.4479525157	1884.13486748469	1600.7610375467	1175.70029263972	2309.19561239168
887.319138499068	1541.31896178368	0.729170316249902	grey	1334.69117659085	1476.37809155984	1193.00426162185	767.943516714866	1901.43883646683
831.437090935065	1371.73672887004	0.442014933258521	#B4EEB4	1246.48126434278	1388.16817931178	1104.79434937379	679.733604466804	1813.22892421876
896.824829761462	1431.96132260396	0.290306960718735	#B4EEB4	1349.69592728744	1491.38284225643	1208.00901231844	782.948267411458	1916.44358716342
1027.14899414177	1617.94037884953	0.220653842650429	#B4EEB4	1555.41285436714	1697.09976933614	1413.72593939815	988.665194491164	2122.16051424313
1479.55263134375	2477.59360790724	0.734227297316392	grey	2269.53280662167	2411.21972159067	2127.84589165268	1702.78514674569	2836.28046649765
973.430466358335	1259.69372479537	-0.744332450253424	grey	1470.61806197081	1612.30497693981	1328.93114700182	903.870402094832	2037.36572184679
1324.23984884546	1765.32322743668	-0.914156658964429	grey	2024.37130105075	2166.05821601975	1882.68438608176	1457.62364117477	2591.11896092673
1189.22623469517	1902.2285527222	0.321047584523911	#B4EEB4	1811.25206910332	1952.93898407231	1669.56515413432	1244.50440922733	2377.9997289793
965.908031348158	1424.92411419561	-0.119346838185829	#B4EEB4	1458.74388482332	1600.43079979232	1317.05696985433	891.996224947342	2025.4915446993
540.12939913282	824.995141036223	0.135310979066824	#B4EEB4	786.651550665398	928.338465634393	644.964635696402	219.903890789417	1353.39921054138
843.664804734244	1413.75268253565	0.522172248845714	grey	1265.7827324929	1407.4696474619	1124.09581752391	699.035072616922	1832.53039236888
853.038864058458	1430.2173056575	0.528057244210304	grey	1280.57970193913	1422.26661690812	1138.89278697013	713.832042063147	1847.32736181511
1014.14632982846	1468.68539407033	-0.233623307365872	#B4EEB4	1534.88812544138	1676.57504041037	1393.20121047238	968.140465565399	2101.63578531736
1390.05960330005	2022.58063115065	-0.372960588179133	#B4EEB4	2128.2679014389	2269.95481640789	1986.5809864699	1561.52024156292	2695.01556131488
1687.92369214933	2546.60526002557	-0.182944344554038	#B4EEB4	2598.44689960734	2740.13381457633	2456.75998463834	2031.69923973136	3165.19455948332
1464.27431769513	2409.01503440165	0.577325977125034	grey	2245.41596114103	2387.10287611003	2103.72904617204	1678.66830126505	2812.16362101701
960.054710701317	1525.28616338778	0.267426797012705	#B4EEB4	1449.50440769024	1591.19132265923	1307.81749272124	882.756747814256	2016.25206756622
473.041781332709	996.164174163702	1.11305461241432	grey	680.75362571371	822.440540682705	539.066710744715	114.00596583773	1247.50128558969
883.366040778477	1323.52168708372	-0.0173958112869626	#B4EEB4	1328.45120475299	1470.13811972198	1186.76428978399	761.703544877006	1895.19886462897
1026.76216692199	1765.27677142713	0.74274510305292	grey	1554.80224690734	1696.48916187633	1413.11533193834	988.054587031359	2121.54990678332
1253.50390122023	2056.8563140338	0.508663178723407	grey	1912.71448093051	2054.40139589951	1771.02756596152	1345.96682105453	2479.46214080649
1288.75839054528	3720.11640065314	6.18177283877229	#D0587E	1968.3637555236	2110.05067049259	1826.6768405546	1401.61609564761	2535.11141539958
1205.29282882494	1890.8793845931	0.191500280278292	#B4EEB4	1836.61321673644	1978.30013170544	1694.92630176745	1269.86555686046	2403.36087661242
581.41769506016	816.150063161736	-0.125894252979649	#B4EEB4	851.825199795761	993.512114764756	710.138284826766	285.077539919781	1418.57285967174
1254.89291369001	1860.53186870116	-0.191884941931954	#B4EEB4	1914.90703960385	2056.59395457285	1773.22012463485	1348.15937972787	2481.65469947983
866.032835071833	1344.92835174944	0.154698982907735	#B4EEB4	1301.09070847537	1442.77762344436	1159.40379350637	734.343048599386	1867.83836835135
1052.44081004838	1588.43899320842	-0.024339007960851	#B4EEB4	1595.33603111118	1737.02294608017	1453.64911614218	1028.5883712352	2162.08369098716
1022.36535315212	1722.19292340542	0.615198146396355	grey	1547.86186849034	1689.54878345933	1406.17495352134	981.114208614356	2114.60952836632
1128.45002949115	1670.81161959944	-0.157054378161998	#B4EEB4	1715.31672024774	1857.00363521673	1573.62980527874	1148.56906037176	2282.06438012372
1007.40249484784	1497.0283579542	-0.0960378447365604	#B4EEB4	1524.24296983619	1665.92988480518	1382.55605486719	957.495309960206	2090.99062971217
499.757470724301	652.772388573319	-0.247559913165261	#B4EEB4	722.924389306075	864.61130427507	581.23747433708	156.176729430095	1289.67204918206
1220.94878943203	1803.75591843938	-0.203160116060062	#B4EEB4	1861.32617861797	2003.01309358696	1719.63926364897	1294.57851874199	2428.07383849395
1115.8079705049	1659.95882729659	-0.124931720717746	#B4EEB4	1695.36120747712	1837.04812244611	1553.67429250812	1128.61354760114	2262.1088673531
920.304512416533	917.709613844917	-1.65523060017011	grey	1386.75864844568	1528.44556341467	1245.07173347668	820.010988569698	1953.50630832166
1035.443353314	1280.19869052814	-1.01740808148397	grey	1568.50551518812	1710.19243015711	1426.81860021912	1001.75785531214	2135.2531750641
1040.21159361054	1545.82000842542	-0.106615994230801	#B4EEB4	1576.03219104325	1717.71910601224	1434.34527607425	1009.28453116726	2142.77985091923
1066.3058405683	1546.40200587955	-0.249917223392936	#B4EEB4	1617.22200663988	1758.90892160887	1475.53509167088	1050.4743467639	2183.96966651586
1492.25384979325	1998.20690904838	-1.02823465994179	grey	2289.58170271107	2431.26861768007	2147.89478774208	1722.83404283509	2856.32936258705
934.284886319957	1003.11969427133	-1.4317024247773	grey	1408.82669371198	1550.51360868098	1267.13977874299	842.079033836002	1975.57435358796
1050.4196151654	1504.75557876541	-0.308391189896146	#B4EEB4	1592.14557136542	1733.83248633441	1450.45865639642	1025.39791148944	2158.8932312414
1350.51516192073	2156.47189601995	0.319807112044697	#B4EEB4	2065.84692983843	2207.53384480743	1924.16001486944	1499.09926996245	2632.59458971441
1316.25430701308	2329.02918690513	1.11959201744302	grey	2011.7661089543	2153.45302392329	1870.0791939853	1445.01844907832	2578.51376883028
1343.57893311411	2007.67704092929	-0.166638674132568	#B4EEB4	2054.89808023403	2196.58499520302	1913.21116526503	1488.15042035805	2621.64574011001
826.759599682133	1538.77636764874	1.05753778215394	grey	1239.09783601565	1380.78475098465	1097.41092104666	672.350176139671	1805.84549589163
1600.74481908785	2417.72166015897	-0.152142602803435	#B4EEB4	2460.83489221211	2602.52180718111	2319.14797724312	1894.08723233613	3027.58255208809
1020.01026127905	1553.12181277049	0.0316806284660997	#B4EEB4	1544.14435174721	1685.83126671621	1402.45743677822	977.396691871233	2110.89201162319
1560.05555341206	2405.04839278784	0.0297895517808	#B4EEB4	2396.60681340758	2538.29372837657	2254.91989843858	1829.8591535316	2963.35447328356
594.729194190787	717.978342233996	-0.546483360281155	grey	872.83742503425	1014.52434000324	731.150510065254	306.089765158269	1439.58508491023
1006.29507590627	1499.09897128043	-0.0825620904250896	#B4EEB4	1522.49490705187	1664.18182202087	1380.80799208288	955.747247175894	2089.24256692786
1374.97437129076	2244.1510966946	0.492971637688359	#B4EEB4	2104.45583567204	2246.14275064104	1962.76892070305	1537.70817579606	2671.20349554802
785.427343833161	1028.1958583793	-0.514016900300085	grey	1173.85479607019	1315.54171103919	1032.1678811012	607.107136194213	1740.60245594617
774.193309534677	1096.96875032442	-0.208745819900193	#B4EEB4	1156.12185279309	1297.80876776208	1014.43493782409	589.374192917107	1722.86951266907
718.438388917932	848.103433285047	-0.776392009884054	grey	1068.11261065915	1209.79952562814	926.42569569015	501.364950783165	1634.86027053513
684.246016198379	1097.23946358744	0.293250701993001	#B4EEB4	1014.13988903168	1155.82680400067	872.452974062684	447.392229155698	1580.88754890766
868.85214004588	1388.23816654663	0.291830689285004	#B4EEB4	1305.54098643049	1447.22790139948	1163.85407146149	738.793326554509	1872.28864630647
1099.35375188769	1778.70009807636	0.385751585474663	#B4EEB4	1669.38819389575	1811.07510886475	1527.70127892676	1102.64053401977	2236.13585377173
395.736850623784	349.643269632296	-0.737839427283876	grey	558.727654020981	700.414568989976	417.040739051986	-8.02000585499979	1125.47531389696
1063.59413001169	2278.77788923289	2.34967471312737	#D0587E	1612.94156666553	1754.62848163453	1471.25465169654	1046.19390678955	2179.68922654152
1371.00251392497	1867.69223255749	-0.813392045389495	grey	2098.1862517006	2239.8731666696	1956.49933673161	1531.43859182462	2664.93391157658
1611.27220547213	2416.83137846499	-0.213925936767909	#B4EEB4	2477.45239048999	2619.13930545898	2335.76547552099	1910.70473061401	3044.20005036597
1390.35279766018	2354.05398049148	0.79514495491301	grey	2128.73070926191	2270.41762423091	1987.04379429292	1561.98304938593	2695.47836913789
1227.03242913879	1739.84358632133	-0.462589041858008	#B4EEB4	1870.92921479998	2012.61612976897	1729.24229983098	1304.181554924	2437.67687467596
481.980880265701	866.307984586316	0.605009909422848	grey	694.864009402728	836.550924371723	553.177094433732	128.116349526747	1261.61166927871
819.547987597965	1079.38826458021	-0.523428817919651	grey	1227.71429341402	1369.40120838301	1086.02737844502	660.966633538035	1794.46195329
894.386063025215	1245.87345244776	-0.352795024144999	#B4EEB4	1345.8463296228	1487.53324459179	1204.1594146538	779.098669746815	1912.59398949878
1211.05717082707	1904.33010635793	0.206857017994199	#B4EEB4	1845.71224091936	1987.39915588835	1704.02532595036	1278.96458104338	2412.45990079534
968.298599798868	1316.62544560673	-0.514839199629149	grey	1462.51740140785	1604.20431637684	1320.83048643885	895.769741531869	2029.26506128383
622.405411581948	593.015150343836	-1.1416341216923	grey	916.524383795676	1058.21129876467	774.837468826681	349.776723919696	1483.27204367166
1505.33071242823	2511.02975568502	0.70862648787415	grey	2310.22355382061	2451.91046878961	2168.53663885162	1743.47589394463	2876.97121369659
1273.41738753879	1982.19752888415	0.134273422896185	#B4EEB4	1944.14795477918	2085.83486974817	1802.46103981018	1377.4002949032	2510.89561465516
1071.22908174731	1490.11573450894	-0.475970618692609	#B4EEB4	1624.99335166582	1766.68026663482	1483.30643669683	1058.24569178984	2191.7410115418
1365.43258309774	1649.3331171805	-1.55293447112443	grey	2089.39410590575	2231.08102087475	1947.70719093676	1522.64644602977	2656.14176578173
598.367713829508	1277.99352502412	1.40949039050475	grey	878.580834806	1020.26774977499	736.893919837005	311.833174930019	1445.32849468198
1198.24608933694	2475.44329825972	2.29362525318077	#D0587E	1825.48992582339	1967.17684079239	1683.8030108544	1258.74226594741	2392.23758569937
843.126287105973	1306.18551213005	0.145577418661742	#B4EEB4	1264.93268145139	1406.61959642038	1123.24576648239	698.185021575407	1831.68034132737
1205.12365655521	1977.64681433506	0.498636858458444	#B4EEB4	1836.34617800544	1978.03309297444	1694.65926303645	1269.59851812946	2403.09383788142
981.753413601978	1717.5421828178	0.825010318543579	grey	1483.75584911374	1625.44276408274	1342.06893414475	917.008189237763	2050.50350898972
1189.88821390944	1644.47143415643	-0.592240893804205	grey	1812.29700447963	1953.98391944862	1670.61008951063	1245.54934460365	2379.04466435561
1400.65528451782	2030.74368086542	-0.403175982741365	#B4EEB4	2144.99320323385	2286.68011820285	2003.30628826486	1578.24554335787	2711.74086310983
1002.18702709507	1157.85633331357	-1.26389233403997	grey	1516.01034463974	1657.69725960873	1374.32342967074	949.262684763756	2082.75800451572
1305.26759108563	1810.58574017407	-0.648746632797215	grey	1994.42355816919	2136.11047313818	1852.73664320019	1427.67589829321	2561.17121804517
643.469789455606	1089.68664076063	0.493736837887303	#B4EEB4	949.774542027035	1091.46145699603	808.08762705804	383.026882151054	1516.52220190302
783.518667869195	1117.13480395562	-0.189527535749913	#B4EEB4	1170.84194763978	1312.52886260878	1029.15503267079	604.094287763801	1737.58960751576
1455.76531341645	2140.80566328806	-0.321761608567316	#B4EEB4	2231.98448263479	2373.67139760379	2090.2975676658	1665.23682275881	2798.73214251077
1113.21639190718	1647.31267756027	-0.155122717099783	#B4EEB4	1691.27039601522	1832.95731098421	1549.58348104622	1124.52273613924	2258.0180558912
384.333153869881	203.766334305701	-1.1891026211627	grey	540.726898253877	682.413813222872	399.039983284882	-26.0207616221036	1107.47455812986
590.788764375287	1053.70913340927	0.660229224212136	grey	866.617449507284	1008.30436447628	724.930534538289	299.869789631304	1433.36510938326
939.765695323264	1120.94996519781	-1.04642053719322	grey	1417.47816054802	1559.16507551702	1275.79124557903	850.730500672043	1984.225820424
1259.73382130035	1847.88669946739	-0.263474299983953	#B4EEB4	1922.54842094407	2064.23533591307	1780.86150597508	1355.80076106809	2489.29608082005
969.435023285433	1366.43984251638	-0.345379124894699	#B4EEB4	1464.31124791843	1605.99816288742	1322.62433294943	897.563588042446	2031.05890779441
1187.2562416062	1737.16559903805	-0.250470667875875	#B4EEB4	1808.14243148117	1949.82934645016	1666.45551651217	1241.39477160519	2374.89009135715
1287.70161333635	2223.54560895168	0.906399783645719	grey	1966.69563080503	2108.38254577402	1825.00871583603	1399.94797092904	2533.44329068101
1501.31644865888	2135.56268940525	-0.594001012361399	grey	2303.88703126514	2445.57394623414	2162.20011629615	1737.13937138916	2870.63469114112
1016.80501998249	1368.58801083135	-0.601667633956036	grey	1539.0848726152	1680.7717875842	1397.39795764621	972.337212739224	2105.83253249118
984.40542814573	1172.67734322983	-1.11253998177581	grey	1487.94205882478	1629.62897379377	1346.25514385578	921.194398948799	2054.68971870076
474.028792257319	549.903572063729	-0.467255752560726	#B4EEB4	682.31162422742	823.998539196415	540.624709258425	115.563964351439	1249.0592841034
1029.79827822635	1311.46047586597	-0.875642885695582	grey	1559.59475404349	1701.28166901248	1417.90783907449	992.847094167505	2126.34241391947
828.444982631331	1324.25671319666	0.291129555586369	#B4EEB4	1241.758216022	1383.445130991	1100.07130105301	675.010556146021	1808.50587589798
707.797125158773	889.094838536584	-0.572461184012004	grey	1051.3153567409	1193.0022717099	909.628441771907	484.567696864921	1618.06301661688
946.028130685738	1479.85060303423	0.185222386459072	#B4EEB4	1427.36342599307	1569.05034096207	1285.67651102408	860.615766117092	1994.11108586905
1304.4829518231	1927.43893016506	-0.232011804111015	#B4EEB4	1993.18500368682	2134.87191865582	1851.49808871783	1426.43734381084	2559.9326635628
402.175453393425	316.550744107977	-0.890485391615957	grey	568.891000034022	710.577915003017	427.204085065027	2.1433401580415	1135.63865991
871.816213838371	1149.60276361302	-0.56680258246555	grey	1310.21978222502	1451.90669719402	1168.53286725603	743.472122349043	1876.967442101
1034.99118507481	1729.50926862375	0.570686085751451	grey	1567.79176681204	1709.47868178104	1426.10485184305	1001.04410693606	2134.53942668802
732.037728983514	1278.67181066618	0.667290332978697	grey	1089.57919332941	1231.26610829841	947.892278360419	522.831533453434	1656.32685320539
1100.17088274977	2051.37097898478	1.34343013482172	grey	1670.67803642624	1812.36495139523	1528.99112145724	1103.93037655026	2237.42569630222
1123.42897618472	1684.42740259712	-0.0810363328583409	#B4EEB4	1707.39097860332	1849.07789357232	1565.70406363433	1140.64331872734	2274.1386384793
990.089152217202	1185.96836552938	-1.09729773563886	grey	1496.91382745964	1638.60074242864	1355.22691249065	930.166167583664	2063.66148733562
260.230541871992	236.662407404956	-0.381715895856112	#B4EEB4	344.830702761913	486.517617730908	203.143787792918	-221.916957114067	911.578362637894
1771.43744375999	2738.85386660802	0.0302792970937075	#B4EEB4	2730.27350622274	2871.96042119174	2588.58659125375	2163.52584634676	3297.02116609872
938.41022275954	1787.64260111825	1.31382653268729	grey	1415.33854467651	1557.0254596455	1273.65162970751	848.590884800528	1982.08620455249
1195.3579844763	1815.0388014024	-0.0207931894164462	#B4EEB4	1820.93104712396	1962.61796209296	1679.24413215497	1254.18338724798	2387.67870699994
1082.12994731096	1851.27228599214	0.737795365719164	grey	1642.2003874978	1783.8873024668	1500.51347252881	1075.45272762182	2208.94804737378
1307.4019704455	2114.71921660671	0.412622918699574	#B4EEB4	1997.79267981462	2139.47959478361	1856.10576484562	1431.04501993864	2564.5403396906
1245.29783391223	1634.32842644487	-0.936687634806304	grey	1899.76118897549	2041.44810394449	1758.0742740065	1333.01352909951	2466.50884885147
937.062048631447	1371.3705424942	-0.147649156288268	#B4EEB4	1413.21044939872	1554.89736436771	1271.52353442972	846.462789522738	1979.9581092747
1113.45033166255	1931.22780476336	0.845484335929619	grey	1691.63967033841	1833.32658530741	1549.95275536942	1124.89201046243	2258.38733021439
716.377350662832	1249.78524791343	0.652586690432308	grey	1064.85925807907	1206.54617304807	923.172343110075	498.11159820309	1631.60691795505
1257.0769032698	1978.37458321825	0.21180541675655	#B4EEB4	1918.35447107034	2060.04138603933	1776.66755610134	1351.60681119436	2485.10213094632
861.688498334694	1387.95559657742	0.330737780017776	#B4EEB4	1294.23316514859	1435.92008011759	1152.5462501796	727.48550527261	1860.98082502457
1725.03200613646	2489.26694916281	-0.591993588915355	grey	2657.02243975249	2798.70935472149	2515.3355247835	2090.27477987651	3223.77009962847
504.685331293544	493.150934271475	-0.838299329999164	grey	730.70302604779	872.389941016785	589.016111078794	163.955366171809	1297.45068592377
860.803827110195	1550.29089883155	0.908531987067899	grey	1292.83671003495	1434.52362500395	1151.14979506596	726.089050158971	1859.58436991093
1247.61395882777	1587.37703990827	-1.11527644054925	grey	1903.41719630632	2045.10411127532	1761.73028133733	1336.66953643034	2470.16485618231
1153.0397640636	1541.78046215423	-0.749367710629994	grey	1754.13166034732	1895.81857531631	1612.44474537832	1187.38400047134	2320.8793202233
823.1556884455	1360.52653117222	0.448585797536069	#B4EEB4	1233.40905566863	1375.09597063763	1091.72214069964	666.661395792653	1800.15671554461
700.965777337743	799.009756128695	-0.852309847682152	grey	1040.53206196025	1182.21897692925	898.845146991256	473.784402084271	1607.27972183623
1043.34271141321	1454.63998446525	-0.445823390500325	#B4EEB4	1580.97466610727	1722.66158107627	1439.28775113828	1014.22700623129	2147.72232598325
995.707776049926	1257.00176271839	-0.877925363068987	grey	1505.78283525095	1647.46975021995	1364.09592028196	939.035175374972	2072.53049512693
462.915628820782	818.506154776963	0.542522501065279	grey	664.769475822558	806.456390791553	523.082560853562	98.021815946577	1231.51713569854
1010.36532014016	1604.81058353785	0.267811564263032	#B4EEB4	1528.91979487095	1670.60670983995	1387.23287990196	962.172134994972	2095.66745474693
1057.06909470774	1669.98058071634	0.237632367071165	#B4EEB4	1602.64178674216	1744.32870171115	1460.95487177316	1035.89412686618	2169.38944661814
1052.41791909455	1667.11983307096	0.253445900022369	#B4EEB4	1595.29989769954	1736.98681266853	1453.61298273054	1028.55223782356	2162.04755757552
683.494887219196	1136.69148010458	0.436657293088834	#B4EEB4	1012.95423059164	1154.64114556064	871.267315622648	446.206570715662	1579.70189046762
1142.83998349079	1842.13127363029	0.367359206116473	#B4EEB4	1738.03128843008	1879.71820339908	1596.34437346109	1171.2836285541	2304.77894830606
1413.57104108777	1726.62425029681	-1.54833104359055	grey	2165.38074813095	2307.06766309995	2023.69383316196	1598.63308825497	2732.12840800693
1136.87092095394	1675.54310915894	-0.187265010918011	#B4EEB4	1728.60911251616	1870.29602748515	1586.92219754716	1161.86145264018	2295.35677239214
659.323458887697	1011.47795084193	0.129434546608417	#B4EEB4	974.799587643211	1116.48650261221	833.112672674216	408.051927767231	1541.54724751919
869.306359092428	1448.89477916819	0.503352081558682	grey	1306.25797200965	1447.94488697865	1164.57105704066	739.510312133671	1873.00563188563
1103.83108586608	1418.24941359807	-0.911185976717293	grey	1676.45567360623	1818.14258857523	1534.76875863724	1109.70801373025	2243.20333348221
805.886310604519	1108.9094279436	-0.343150543820709	#B4EEB4	1206.14931179137	1347.83622676037	1064.46239682238	639.401651915394	1772.89697166736
352.706099495417	314.330551092894	-0.622756819774698	grey	490.803536232453	632.490451201448	349.116621263457	-75.944123643528	1057.55119610843
1265.27524600846	2109.36091155463	0.628376098861299	grey	1931.29556977881	2072.98248474781	1789.60865480982	1364.54790990283	2498.04322965479
751.156716512645	1382.54959141083	0.927365247713613	grey	1119.75854941483	1261.44546438383	978.071634445839	553.010889538854	1686.50620929081
827.931918769515	1399.43322322612	0.559278460768023	grey	1240.94834379646	1382.63525876546	1099.26142882747	674.20068392048	1807.69600367244
1451.17018270136	1932.27459753664	-1.03205177094732	grey	2224.73106056427	2366.41797553327	2083.04414559528	1657.98340068829	2791.47872044025
767.756521118378	1242.0252050249	0.339000373837875	#B4EEB4	1145.96137074005	1287.64828570904	1004.27445577105	579.213710864069	1712.70903061603
1253.71946205679	2110.66903036137	0.697362513352769	grey	1913.05474409741	2054.74165906641	1771.36782912841	1346.30708422143	2479.80240397339
621.795136354367	966.280900678843	0.178985608639009	#B4EEB4	915.561063255025	1057.24797822402	773.874148286029	348.813403379044	1482.30872313101
893.637279077807	1227.23405203752	-0.414400725740274	#B4EEB4	1344.66437281962	1486.35128778862	1202.97745785062	777.916712943639	1911.4120326956
977.933194259056	1249.67614326631	-0.80476550292879	grey	1477.72562603322	1619.41254100221	1336.03871106422	910.977966157238	2044.4732859092
649.404572672693	841.046299897009	-0.416750933218177	#B4EEB4	959.142607973275	1100.82952294227	817.45569300428	392.394948097295	1525.89026784926
809.575520527327	1357.33295198086	0.512962738109056	grey	1211.97273626742	1353.65965123641	1070.28582129842	645.225076391437	1778.7203961434
991.347534121506	1400.68908110587	-0.346577891355911	#B4EEB4	1498.90018555123	1640.58710052023	1357.21327058224	932.15252567525	2065.64784542721
1201.20879062018	1847.33617391829	0.0605899945398322	#B4EEB4	1830.16655510961	1971.85347007861	1688.47964014062	1263.41889523363	2396.91421498559
504.836036972467	1016.24321459276	1.00680538997932	grey	730.940915232109	872.627830201104	589.254000263114	164.193255356129	1297.68857510809
895.073728236619	1458.27758044882	0.392928909778125	#B4EEB4	1346.93181039163	1488.61872536063	1205.24489542264	780.184150515653	1913.67947026761
1226.92193156365	2113.31745364018	0.855981159282452	grey	1870.75479417955	2012.44170914854	1729.06787921055	1304.00713430357	2437.50245405553
838.357252006722	812.817162937435	-1.56890842093146	grey	1257.40475099875	1399.09166596774	1115.71783602975	690.657091122768	1824.15241087473
1068.18757650188	1546.14610881007	-0.261302257128595	#B4EEB4	1620.19233018404	1761.87924515303	1478.50541521504	1053.44467030806	2186.93999006002
1147.66857101933	1734.51646042743	-0.0393006018731738	#B4EEB4	1745.6532224991	1887.3401374681	1603.96630753011	1178.90556262312	2312.40088237508
1080.35050459951	1736.24361522096	0.341782024310551	#B4EEB4	1639.39153398812	1781.07844895712	1497.70461901913	1072.64387411214	2206.1391938641
1195.97730384141	1560.12463145633	-0.923811533524026	grey	1821.90864385192	1963.59555882091	1680.22172888292	1255.16098397594	2388.6563037279
963.187401706786	1606.01807364964	0.534871930922845	grey	1454.4493660577	1596.1362810267	1312.76245108871	887.701706181722	2021.19702593368
875.897045922364	1375.32358411601	0.207013474548348	#B4EEB4	1316.66138298448	1458.34829795347	1174.97446801548	749.913723108496	1883.40904286046
207.055314391307	363.344174307903	0.361538902385563	#B4EEB4	260.893510867329	402.580425836324	119.206595898334	-305.854149008652	827.641170743309
972.117694456158	1559.87350000525	0.322286821105326	#B4EEB4	1468.54584917009	1610.23276413909	1326.8589342011	901.79818929411	2035.29350904607
1129.085408908	1670.3564253866	-0.162200025385556	#B4EEB4	1716.31966779614	1858.00658276513	1574.63275282714	1149.57200792016	2283.06732767212
1160.61965226045	1926.03869809049	0.564421106467525	grey	1766.09652745295	1907.78344242194	1624.40961248395	1199.34886757697	2332.84418732893
833.416494606025	1379.77069665533	0.459340017736831	#B4EEB4	1249.60575658546	1391.29267155446	1107.91884161647	682.858096709484	1816.35341646145
1533.85087293254	2270.73443456528	-0.298221765051923	#B4EEB4	2355.24267829891	2496.9295932679	2213.55576332991	1788.49501842293	2921.99033817489
1085.92732588865	1836.96639270111	0.666158326451544	grey	1648.19455638946	1789.88147135845	1506.50764142046	1081.44689651347	2214.94221626544
1037.89475753767	1615.35387329573	0.151668247402528	#B4EEB4	1572.3750611493	1714.06197611829	1430.6881461803	1005.62740127332	2139.12272102528
1381.68003384056	2206.27033064873	0.321940789810885	#B4EEB4	2115.04073602675	2256.72765099575	1973.35382105776	1548.29307615077	2681.78839590273
784.460133604222	1057.85467208149	-0.403965958796035	#B4EEB4	1172.32805299009	1314.01496795909	1030.6411380211	605.580393114113	1739.07571286607
864.898412822586	1613.43398663106	1.10854967015945	grey	1299.30002092148	1440.98693589048	1157.61310595249	732.552361045504	1866.04768079747
1719.23574401493	2578.0558271524	-0.246378441039398	#B4EEB4	2647.87302960388	2789.55994457288	2506.18611463489	2081.1253697279	3214.62068947986
1003.33875616627	1674.57668802809	0.553150363317976	grey	1517.82835104309	1659.51526601208	1376.14143607409	951.080691167109	2084.57601091907
1490.07052642249	2215.0824844552	-0.250738885863566	#B4EEB4	2286.13532285674	2427.82223782574	2144.44840788775	1719.38766298076	2852.88298273272
568.448006525643	796.746028392345	-0.122123114936741	#B4EEB4	831.352523195927	973.039438164922	689.665608226932	264.604863319946	1398.10018307191
942.84495938713	1571.1550881367	0.525158952669905	grey	1422.3387843924	1564.0256993614	1280.65186942341	855.591124516421	1989.08644426838
1113.52717109105	1353.36742771834	-1.19415943903408	grey	1691.76096151403	1833.44787648302	1550.07404654503	1125.01330163805	2258.50862139001
1090.01156356174	1730.69057490141	0.268370025702976	#B4EEB4	1654.64153287741	1796.3284478464	1512.95461790841	1087.89387300143	2221.38919275339
698.309122146749	69.9664519921512	-3.41023754804225	#4C62AB	1036.33852697923	1178.02544194822	894.651612010231	469.590867103245	1603.08618685521
1005.77778238761	969.600799756514	-1.94823057114949	grey	1521.67835830542	1663.36527327442	1379.99144333643	954.930698429443	2088.4260181814
676.773804066405	1088.83617180626	0.305219374131088	#B4EEB4	1002.34498878746	1144.03190375645	860.658073818462	435.597328911476	1569.09264866344
1213.81099757328	1387.03294689053	-1.63397662580654	grey	1850.05916137448	1991.74607634348	1708.37224640549	1283.3115014985	2416.80682125046
1325.43252695819	2120.10966581583	0.331208143838808	#B4EEB4	2026.25394558958	2167.94086055857	1884.56703062058	1459.5062857136	2593.00160546556
332.503691053776	407.972789904426	-0.179766806276113	#B4EEB4	458.913998294609	600.600913263604	317.227083325614	-107.833661581371	1025.66165817059
1370.70803869004	1917.07469298809	-0.63748557538242	grey	2097.72142201443	2239.40833698342	1956.03450704543	1530.97376213844	2664.46908189041
627.686650957453	940.160715801646	0.0539918812844844	#B4EEB4	924.860829616504	1066.5477445855	783.173914647509	358.113169740524	1491.60848949248
1136.43078069479	1979.25658003898	0.886963449538896	grey	1727.91435032813	1869.60126529713	1586.22743535914	1161.16669045215	2294.66201020412
1197.97079144278	1669.89157172059	-0.547558664529303	grey	1825.05536760399	1966.74228257299	1683.368452635	1258.30770772801	2391.80302747998
940.03305156957	1521.67023614411	0.366194906935356	#B4EEB4	1417.90018286205	1559.58709783105	1276.21326789306	851.152522986072	1984.64784273803
806.465812942062	1277.93029309747	0.250080382662841	#B4EEB4	1207.06405726994	1348.75097223894	1065.37714230095	640.316397393961	1773.81171714592
1049.59630637262	1338.49073373061	-0.890538280422164	grey	1590.84597696023	1732.53289192923	1449.15906199124	1024.09831708425	2157.59363683621
1131.64561021434	1349.26401185471	-1.30956672454136	grey	1720.36095014734	1862.04786511634	1578.67403517835	1153.61329027136	2287.10861002333
1264.99084598461	1498.96911472909	-1.52405580006027	grey	1930.84664383138	2072.53355880037	1789.15972886238	1364.0989839554	2497.59430370736
384.298904829414	686.703199537699	0.515327627422566	grey	540.672836082109	682.359751051104	398.985921113114	-26.0748237938718	1107.42049595809
509.086219582293	756.680917067179	0.0671589220895755	#B4EEB4	737.649836100149	879.336751069144	595.962921131154	170.902176224169	1304.39749597613
1429.12070235645	2513.79539425681	1.14290539112741	grey	2189.92591631626	2331.61283128525	2048.23900134726	1623.17825644028	2756.67357619224
1313.98865413346	2085.71800285281	0.273589946704361	#B4EEB4	2008.18977182266	2149.87668679165	1866.50285685366	1441.44211194668	2574.93743169864
1130.5866846723	1865.81920522498	0.519207334622414	grey	1718.68943428113	1860.37634925012	1577.00251931213	1151.94177440515	2285.43709415711
1214.55352213332	2088.70700026697	0.838029971206124	grey	1851.23123772347	1992.91815269246	1709.54432275447	1284.48357784748	2417.97889759945
1275.1524752923	1812.58489334546	-0.473938968154414	#B4EEB4	1946.88679390823	2088.57370887723	1805.19987893924	1380.13913403225	2513.63445378421
201.723160460296	404.604326336141	0.53684431635787	grey	252.47669632937	394.163611298365	110.789781360375	-314.270963546611	819.22435620535
1333.08312899165	2173.3833475363	0.476589221216388	#B4EEB4	2038.33043461305	2180.01734958204	1896.64351964405	1471.58277473707	2605.07809448903
854.503721031303	1555.62591914756	0.962452806283239	grey	1282.89198129651	1424.57889626551	1141.20506632752	716.144321420531	1849.63964117249
1069.18504918936	1756.30780304931	0.474782588320065	#B4EEB4	1621.76684260919	1763.45375757818	1480.07992764019	1055.01918273321	2188.51450248517
911.452659734927	1451.40842420986	0.277451312657202	#B4EEB4	1372.78598312086	1514.47289808986	1231.09906815187	806.038323244882	1939.53364299684
1261.58948622362	1718.73941988119	-0.729559859200074	grey	1925.47759135174	2067.16450632073	1783.79067638274	1358.72993147576	2492.22525122772
895.458265313317	1489.09947016151	0.499554483686831	#B4EEB4	1347.53880285648	1489.22571782548	1205.85188788749	780.791142980501	1914.28646273246
1155.55112976647	1833.37986913337	0.265670310977294	#B4EEB4	1758.09585561092	1899.78277057991	1616.40894064192	1191.34819573494	2324.8435154869
882.794506408306	1451.04181035384	0.435794560336308	#B4EEB4	1327.5490367252	1469.23595169419	1185.8621217562	760.801376849219	1894.29669660118
672.163837269548	1092.97476501877	0.34550338365728	#B4EEB4	995.068147935276	1136.75506290427	853.38123296628	428.320488059295	1561.81580781126
1363.00315313208	2004.13712075612	-0.287331139971221	#B4EEB4	2085.55924635021	2227.24616131921	1943.87233138122	1518.81158647423	2652.30690622619
1222.27000338228	1818.03182538662	-0.160141435184814	#B4EEB4	1863.41171720671	2005.0986321757	1721.72480223771	1296.66405733073	2430.15937708269
1517.27867174694	2413.39083027671	0.297513010546236	#B4EEB4	2329.08342902184	2470.77034399083	2187.39651405284	1762.33576914586	2895.83108889782
1019.54617977379	1563.64557104559	0.0714031101274668	#B4EEB4	1543.41179825929	1685.09871322829	1401.7248832903	976.66413838331	2110.15945813527
1337.50082374845	1840.22952075728	-0.72368804484506	grey	2045.30377370536	2186.99068867436	1903.61685873637	1478.55611382938	2612.05143358134
1592.62571620572	2330.90675034745	-0.413277836691558	#B4EEB4	2448.01887375923	2589.70578872822	2306.33195879023	1881.27121388325	3014.76653363521
915.55536548831	1109.50790339716	-0.951937616005414	grey	1379.26211150666	1520.94902647565	1237.57519653766	812.514451630677	1946.00977138264
603.114666173435	711.265618726371	-0.616882260798954	grey	886.073907589776	1027.76082255877	744.386992620781	319.326247713796	1452.82156746576
928.194529858565	1363.36958076074	-0.126488301223305	#B4EEB4	1399.21305512074	1540.89997008974	1257.52614015175	832.465395244762	1965.96071499672
935.787628004385	1044.05493073159	-1.29561661887852	grey	1411.19877415451	1552.8856891235	1269.51185918551	844.451114278528	1977.94643403049
1045.5041513528	1230.54773211088	-1.24866424995149	grey	1584.38650292628	1726.07341789528	1442.69958795729	1017.6388430503	2151.13416280226
1513.69149319578	2491.05027968089	0.59154798616629	grey	2323.42106124885	2465.10797621784	2181.73414627985	1756.67340137287	2890.16872112483
902.156832248396	1237.91146353031	-0.424178334557739	#B4EEB4	1358.11250277065	1499.79941773965	1216.42558780165	791.36484289467	1924.86016264663
1111.90139674147	1297.51374920191	-1.3822057057027	grey	1689.19467378903	1830.88158875803	1547.50775882004	1122.44701391305	2255.94233366501
931.694780531341	1374.96952291122	-0.105050929287288	#B4EEB4	1404.7382070819	1546.42512205089	1263.0512921129	837.990547205919	1971.48586695788
1006.13521255751	1773.41667228057	0.886370169984401	grey	1522.2425624693	1663.9294774383	1380.55564750031	955.49490259332	2088.99022234528
1094.21729905188	1773.77680796475	0.396989778844481	#B4EEB4	1661.28029388735	1802.96720885634	1519.59337891835	1094.53263401137	2228.02795376333
1398.4644088111	2185.97325288737	0.156818824425096	#B4EEB4	2141.53490200366	2283.22181697265	1999.84798703466	1574.78724212768	2708.28256187964
1036.39551324723	1791.34245232682	0.781067013230506	grey	1570.00850134946	1711.69541631846	1428.32158638047	1003.26084147348	2136.75616122544
1213.85269600933	1666.47875579382	-0.648070524638402	grey	1850.12498243053	1991.81189739952	1708.43806746153	1283.37732255455	2416.87264230651
1233.65800893506	1996.424851673	0.405955438134359	#B4EEB4	1881.38770438471	2023.0746193537	1739.70078941571	1314.64004450873	2448.13536426069
1274.43198125669	1794.23084872926	-0.534695261328231	grey	1945.74949278154	2087.43640775053	1804.06257781254	1379.00183290556	2512.49715265752
827.681634344685	1241.67528878953	0.00395950256430992	#B4EEB4	1240.55326938323	1382.24018435223	1098.86635441424	673.805609507252	1807.30092925921
1488.0643642584	2674.98961025563	1.38340586375503	grey	2282.96859228469	2424.65550725369	2141.2816773157	1716.22093240871	2849.71625216067
885.712978211796	1522.45634645955	0.671552827594684	grey	1332.15584969835	1473.84276466735	1190.46893472936	765.408189822373	1898.90350957433
968.264749705074	1605.99866730105	0.506520656329991	grey	1462.46396897412	1604.15088394312	1320.77705400513	895.71630909814	2029.2116288501
1421.21508031425	1910.15703810774	-0.943241087938842	grey	2177.44687775185	2319.13379272085	2035.75996278286	1610.69921787587	2744.19453762783
1388.22517184367	1925.09057376657	-0.706775478787374	grey	2125.3722480968	2267.0591630658	1983.68533312781	1558.62458822082	2692.11990797278
673.002438276629	1466.32695346726	1.6583573452847	grey	996.39188112814	1138.07879609714	854.704966159145	429.644221252159	1563.13954100412
738.078699874761	888.457897017479	-0.743388970457416	grey	1099.11487670966	1240.80179167865	957.427961740662	532.367216833676	1665.86253658564
592.576282188816	931.760298340238	0.219925914731861	#B4EEB4	869.439049580055	1011.12596454905	727.75213461106	302.691389704074	1436.18670945604
1054.55415778595	1760.34544860634	0.570530787329986	grey	1598.6719543031	1740.3588692721	1456.98503933411	1031.92429442712	2165.41961417908
1049.45226037554	2757.35123919853	4.11729142157622	#D0587E	1590.61860009565	1732.30551506464	1448.93168512665	1023.87094021967	2157.36625997163
1109.23440620652	1881.67401149363	0.694097923889549	grey	1684.98482444904	1826.67173941803	1543.29790948004	1118.23716457306	2251.73248432502
1165.64731426557	1715.84517342131	-0.205338395332831	#B4EEB4	1774.03270094009	1915.71961590909	1632.3457859711	1207.28504106411	2340.78036081607
819.432146204495	1064.95087988274	-0.573731729989362	grey	1227.53143756678	1369.21835253577	1085.84452259778	660.783777690797	1794.27909744276
701.890422670386	991.384187407851	-0.178588929254593	#B4EEB4	1041.99161627525	1183.67853124424	900.304701306254	475.243956399269	1608.73927615123
1308.03551682247	1781.63367352581	-0.76633421098905	grey	1998.79273390629	2140.47964887528	1857.10581893729	1432.04507403031	2565.54039378227
1225.3183907819	1963.39133479584	0.335838114039849	#B4EEB4	1868.22360218122	2009.91051715021	1726.53668721222	1301.47594230524	2434.9712620572
547.25003880139	1044.94606388731	0.871832698155027	grey	797.891493145944	939.578408114939	656.204578176949	231.143833269964	1364.63915302192
971.455764745214	1882.62635761653	1.46493896692051	grey	1467.50099193486	1609.18790690385	1325.81407696586	900.753332058879	2034.24865181084
731.21565317305	1170.04635634592	0.288540445583069	#B4EEB4	1088.28154518903	1229.96846015803	946.594630220036	521.53388531305	1655.02920506501
378.774678837411	393.205742817379	-0.489625639264456	#B4EEB4	531.952835451585	673.63975042058	390.26592048259	-34.7948244243956	1098.70049532757
1045.03603935644	1772.44903163331	0.666262810414341	grey	1583.64758730095	1725.33450226994	1441.96067233195	1016.89992742497	2150.39524717693
976.236487222424	1645.3065095727	0.600828730992554	grey	1475.04737093455	1616.73428590355	1333.36045596556	908.299711058574	2041.79503081054
970.789219746076	1408.53409043855	-0.204375820565596	#B4EEB4	1466.44884945894	1608.13576442794	1324.76193448995	899.70118958296	2033.19650933492
1064.84576254037	1285.69766303609	-1.16178550394564	grey	1614.9172708556	1756.6041858246	1473.23035588661	1048.16961097962	2181.66493073159
1264.73954931898	2049.37130305725	0.419662364337059	#B4EEB4	1930.44997159422	2072.13688656322	1788.76305662523	1363.70231171824	2497.1976314702
1061.67925134502	1818.34775614585	0.735526032639201	grey	1609.91892725778	1751.60584222678	1468.23201228879	1043.1712673818	2176.66658713376
815.069247137941	1163.58230456573	-0.201367532832902	#B4EEB4	1220.64459356975	1362.33150853874	1078.95767860075	653.896933693768	1787.39225344573
779.560224423616	1276.58890030703	0.395221262196625	#B4EEB4	1164.59353756544	1306.28045253444	1022.90662259645	597.845877689464	1731.34119744142
960.459162087646	1385.51064818137	-0.228081000850751	#B4EEB4	1450.14283492853	1591.82974989753	1308.45591995954	883.395175052553	2016.89049480451
1093.00509597369	1775.97069298803	0.411484235710802	#B4EEB4	1659.36682915555	1801.05374412455	1517.67991418656	1092.61916927957	2226.11448903153
688.095894189388	1008.68569834111	-0.0406926426578773	#B4EEB4	1020.21692834137	1161.90384331037	878.530013372377	453.469268465392	1586.96458821735
944.707339347285	1348.12583623692	-0.272264796921369	#B4EEB4	1425.27855449781	1566.96546946681	1283.59163952882	858.530894621832	1992.02621437379
1290.18017805037	1957.594366715	-0.0459240817572157	#B4EEB4	1970.60804964893	2112.29496461793	1828.92113467994	1403.86038977295	2537.35570952491
967.515972629654	1394.59289594802	-0.235339752739207	#B4EEB4	1461.28202301839	1602.96893798739	1319.5951080494	894.53436314241	2028.02968289437
790.473799721683	4155.25857016369	10.4929870732184	#D0587E	1181.82063573597	1323.50755070497	1040.13372076698	615.072975859991	1748.56829561195
917.216449472338	1312.63728796003	-0.244365711569257	#B4EEB4	1381.88413555293	1523.57105052193	1240.19722058393	815.13647567695	1948.63179542891
1334.39456360859	1999.96141494778	-0.14270591454301	#B4EEB4	2040.40053650664	2182.08745147564	1898.71362153764	1473.65287663066	2607.14819638262
1165.01318836424	1789.01881069006	0.0564169197465133	#B4EEB4	1773.03173206818	1914.71864703718	1631.34481709919	1206.2840721922	2339.77939194416
1371.00274002448	2362.98883436189	0.934462528952476	grey	2098.18660859909	2239.87352356808	1956.49969363009	1531.43894872311	2664.93426847507
1041.72935714853	1290.9944695321	-1.01432624896712	grey	1578.42798350855	1720.11489847754	1436.74106853955	1011.68032363257	2145.17564338453
1123.08252894713	1644.6999833101	-0.219300870942362	#B4EEB4	1706.84411101778	1848.53102598677	1565.15719604878	1140.0964511418	2273.59177089376
832.46292629556	1374.99901499951	0.447812939286398	#B4EEB4	1248.10054729813	1389.78746226713	1106.41363232914	681.35288742215	1814.84820717411
1181.6112006791	2124.82098170722	1.14897433372528	grey	1799.23172425904	1940.91863922803	1657.54480929004	1232.48406438306	2365.97938413502
848.099937343228	1357.35277853794	0.298436807980153	#B4EEB4	1272.78359726614	1414.47051223513	1131.09668229714	706.035937390156	1839.53125714212
573.830348591277	857.994839591835	0.064036540711809	#B4EEB4	839.84855979435	981.535474763345	698.161644825355	273.100899918369	1406.59621967033
1038.39788970524	1496.08545263858	-0.272021603250926	#B4EEB4	1573.16925617767	1714.85617114667	1431.48234120868	1006.42159630169	2139.91691605365
1583.75536531943	2458.4946808008	0.0863794367355882	#B4EEB4	2434.01700898515	2575.70392395415	2292.33009401616	1867.26934910917	3000.76466886113
1240.27430187192	2058.22303684716	0.587180200226518	grey	1891.83153464521	2033.51844961421	1750.14461967622	1325.08387476923	2458.57919452119
1349.57601698388	1987.59236336661	-0.270921716809194	#B4EEB4	2064.3644878722	2206.0514028412	1922.67757290321	1497.61682799622	2631.11214774818
1107.65671692795	1694.23735676123	0.0414396688254182	#B4EEB4	1682.49443909481	1824.1813540638	1540.80752412581	1115.74677921883	2249.24209897079
817.432846505133	1269.53653858658	0.15936898332799	#B4EEB4	1224.3755394076	1366.06245437659	1082.6886244386	657.627879531619	1791.12319928358
939.327743466915	1554.8471420423	0.487201973854693	#B4EEB4	1416.78685275775	1558.47376772675	1275.09993778876	850.03919288177	1983.53451263373
918.025567956422	1599.31443333957	0.76278427989089	grey	1383.1613305304	1524.84824549939	1241.4744155614	816.413670654417	1949.90899040638
859.390066065374	1344.91726248599	0.191662641558434	#B4EEB4	1290.60508569154	1432.29200066054	1148.91817072255	723.857425815561	1857.35274556752
1211.25018517891	1728.32599149845	-0.415320366552659	#B4EEB4	1846.01691441972	1987.70382938872	1704.32999945073	1279.26925454374	2412.76457429571
640.790949290376	1240.11905037728	1.0395210539284	grey	945.545988024412	1087.23290299341	803.859073055417	378.798328148432	1512.29364790039
1259.90983963383	1922.77158297186	-0.000192972043819004	#B4EEB4	1922.82626619899	2064.51318116799	1781.13935123	1356.07860632301	2489.57392607497
1259.24574586777	2204.43901456035	0.997484565258992	grey	1921.77799299888	2063.46490796787	1780.09107802988	1355.0303331229	2488.52565287486
640.413292279375	948.235406895153	0.011594405666442	#B4EEB4	944.949855755599	1086.63677072459	803.262940786604	378.202195879618	1511.69751563158
1191.84759937016	1910.55599189398	0.33583233135266	#B4EEB4	1815.38989794157	1957.07681291056	1673.70298297257	1248.64223806559	2382.13755781755
1729.06799570335	2284.38427470598	-1.33748759331543	grey	2663.39325651832	2805.08017148732	2521.70634154932	2096.64559664234	3230.1409163943
832.835355417518	1226.7746408588	-0.0773317228366424	#B4EEB4	1248.68842733472	1390.37534230371	1107.00151236572	681.940767458737	1815.4360872107
1253.47127242242	1875.84800064145	-0.129916639378038	#B4EEB4	1912.66297631468	2054.34989128368	1770.97606134569	1345.9153164387	2479.41063619066
765.339446314179	996.340085987959	-0.514535614925956	grey	1142.14601382903	1283.83292879802	1000.45909886003	575.398353953046	1708.89367370501
1333.21342546084	1792.6415613068	-0.867739080105719	grey	2038.53610782323	2180.22302279222	1896.84919285423	1471.78844794725	2605.28376769921
1074.94741597797	1802.05298447732	0.604114485803999	grey	1630.86274891402	1772.54966388301	1489.17583394502	1064.11508903804	2197.61040879
1495.57461748695	2426.19367301597	0.463593030367947	#B4EEB4	2294.82354046804	2436.51045543704	2153.13662549905	1728.07588059206	2861.57120034402
562.308781438925	583.716773189096	-0.839685768636383	grey	821.661745392013	963.348660361008	679.974830423018	254.914085516033	1388.40940526799
984.610634162392	1561.79171023046	0.25946550306581	#B4EEB4	1488.26597688991	1629.95289185891	1346.57906192091	921.51831701393	2055.01363676589
841.922447162321	1040.37460675246	-0.785738793306052	grey	1263.03241794245	1404.71933291145	1121.34550297346	696.284758066474	1829.78007781844
940.82053927711	1201.01616367935	-0.769750227070548	grey	1419.14323361997	1560.83014858897	1277.45631865098	852.395573743992	1985.89089349595
811.126377194199	1321.77205544457	0.378832756617236	#B4EEB4	1214.42076629598	1356.10768126497	1072.73385132698	647.673106419996	1781.16842617196
749.8469258395	987.565588740639	-0.459200674167117	#B4EEB4	1117.69104248948	1259.37795745848	976.004127520487	550.943382613502	1684.43870236546
1173.61671238493	1959.12106500185	0.608767065339005	grey	1786.61241015662	1928.29932512562	1644.92549518763	1219.86475028064	2353.3600700326
673.725785776922	1018.29339848045	0.0732591009940651	#B4EEB4	997.53368645395	1139.22060142294	855.846771484955	430.786026577969	1564.28134632993
1445.20927946688	2275.04371435747	0.210753230976828	#B4EEB4	2215.32176412376	2357.00867909276	2073.63484915477	1648.57410424778	2782.06942399974
644.138024405875	861.48169703158	-0.315299599408361	#B4EEB4	950.829352093841	1092.51626706284	809.142437124846	384.081692217861	1517.57701196982
1030.32374541858	1315.24135113916	-0.865227582458205	grey	1560.42420494833	1702.11111991732	1418.73728997933	993.676545072347	2127.17186482431
1159.89678604794	1922.79562727247	0.557003254203904	grey	1764.95548184078	1906.64239680978	1623.26856687179	1198.2078219648	2331.70314171676
1176.02060172779	1811.64520090422	0.0749478069855597	#B4EEB4	1790.40695379327	1932.09386876227	1648.72003882428	1223.65929391729	2357.15461366925
909.476000840086	1316.40044936919	-0.187968571955546	#B4EEB4	1369.66582351221	1511.3527384812	1227.97890854321	802.918163636225	1936.41348338819
1023.85059859852	1549.62296320693	-0.00205865122751143	#B4EEB4	1550.20633108977	1691.89324605877	1408.51941612078	983.458671213794	2116.95399096575
1288.3792455429	2197.7505368342	0.811596689880662	grey	1967.76527445773	2109.45218942672	1826.07835948873	1401.01761458174	2534.51293433371
563.060224877072	704.957010391594	-0.416026031198048	#B4EEB4	822.847900206086	964.534815175082	681.160985237091	256.100240330106	1389.59556008207
765.478086540375	998.335440917927	-0.508266471848089	grey	1142.36485767459	1284.05177264358	1000.67794270559	575.617197798609	1709.11251755057
1096.12069429498	1520.258030901	-0.508257152119268	grey	1664.28480669042	1805.97172165941	1522.59789172142	1097.53714681444	2231.0324665664
866.565406498903	982.849856106381	-1.12600912155886	grey	1301.93137342763	1443.61828839662	1160.24445845863	735.183713551647	1868.67903330361
1411.0011981913	2280.4274247877	0.420304084894925	#B4EEB4	2161.32424651244	2303.01116148144	2019.63733154345	1594.57658663646	2728.07190638842
1201.97615900645	1841.43816785853	0.0355019388271698	#B4EEB4	1831.37784748285	1973.06476245184	1689.69093251385	1264.63018760687	2398.12550735883
1021.65002572443	1573.90943343023	0.0959040945053785	#B4EEB4	1546.7327228635	1688.4196378325	1405.04580789451	979.985062987521	2113.48038273948
547.672804738996	812.839736238956	0.0503959956564093	#B4EEB4	798.558829936261	940.245744905257	656.871914967266	231.811170060281	1365.30648981224
1007.83006759787	1409.71301311199	-0.406547355137753	#B4EEB4	1524.91789418853	1666.60480915753	1383.23097921954	958.170234312552	2091.66555406451
905.075239540902	1192.92913655611	-0.599173457175448	grey	1362.7192139131	1504.4061288821	1221.03229894411	795.971554037121	1929.46687378908
969.296045943821	1624.31534957427	0.56541381282016	grey	1464.09187193557	1605.77878690457	1322.40495696658	897.344212059594	2030.83953181156
645.532231883294	683.061413240911	-0.952694530451958	grey	953.030111096058	1094.71702606505	811.343196127063	386.282451220077	1519.77777097204
1149.59741314898	1812.45590811655	0.224996093931149	#B4EEB4	1748.69790325819	1890.38481822719	1607.0109882892	1181.95024338221	2315.44556313417
688.31306790789	873.947271710298	-0.517381812452814	grey	1020.55973744531	1162.24665241431	878.872822476316	453.812077569331	1587.30739732129
932.133405567277	1454.66215126001	0.173733664055795	#B4EEB4	1405.43057748736	1547.11749245635	1263.74366251836	838.682917611378	1972.17823736334
1114.42774883541	1523.50351881508	-0.598781497641568	grey	1693.18252509777	1834.86944006677	1551.49561012878	1126.43486522179	2259.93018497376
764.945263296086	1042.74955840732	-0.348565133352953	#B4EEB4	1141.5237952284	1283.21071019739	999.8368802594	574.776135352415	1708.27145510438
1174.89742170402	2116.21931596143	1.15601819660148	grey	1788.63401211246	1930.32092708146	1646.94709714347	1221.88635223648	2355.38167198844
605.046879504492	1041.22684304344	0.536757163780413	grey	889.123909796332	1030.81082476533	747.436994827337	322.376249920351	1455.87156967231
157.067596311838	-193.378010387376	-1.32463120799008	grey	181.987808276159	323.674723245154	40.3008933071636	-384.759851599822	748.735468152139
1139.49039723576	1734.5180790737	0.00626070005013771	#B4EEB4	1732.7439605224	1874.43087549139	1591.0570455534	1165.99630064642	2299.49162039838
1252.1619480883	1787.880334881	-0.433052941593664	#B4EEB4	1910.59620550631	2052.28312047531	1768.90929053732	1343.84854563033	2477.34386538229
914.246372922585	1144.04432182834	-0.822770199414581	grey	1377.1958643953	1518.88277936429	1235.5089494263	810.448204519317	1943.94352427128
1151.23787637748	1768.81399265246	0.0618498019079248	#B4EEB4	1751.28737740491	1892.9742923739	1609.60046243591	1184.53971752893	2318.03503728089
653.225042474899	1005.83066691622	0.143476341908103	#B4EEB4	965.173226404229	1106.86014137322	823.486311435233	398.425566528248	1531.92088628021
961.855417952301	1377.08181241484	-0.265603266594198	#B4EEB4	1452.34682731367	1594.03374228267	1310.65991234468	885.599167437694	2019.09448718965
417.544487187815	1020.85744424921	1.50933626056939	grey	593.15104742738	734.837962396375	451.464132458385	26.4033875513993	1159.89870730336
1354.35426743156	1581.79338778402	-1.72956541926289	grey	2071.90696476885	2213.59387973785	1930.22004979986	1505.15930489287	2638.65462464483
1557.97325846295	2504.60376515012	0.392710428046832	#B4EEB4	2393.3199070979	2535.0068220669	2251.63299212891	1826.57224722192	2960.06756697388
1322.2036780846	1925.50086303438	-0.337562360086189	#B4EEB4	2021.15720185491	2162.84411682391	1879.47028688592	1454.40954197893	2587.90486173089
991.795910075877	1618.99654722969	0.421311309717275	#B4EEB4	1499.60794779892	1641.29486276791	1357.92103282992	932.860287922937	2066.3556076749
990.000897317224	1394.2018058481	-0.361969597249606	#B4EEB4	1496.77451694183	1638.46143191083	1355.08760197284	930.026857065852	2063.52217681781
545.17971305467	698.996657092986	-0.337458202021122	#B4EEB4	794.623480243699	936.310395212694	652.936565274704	227.875820367719	1361.37114011968
1237.11560316647	1513.59747147078	-1.31715780418963	grey	1886.84552307671	2028.5324380457	1745.15860810771	1320.09786320073	2453.59318295269
936.779745792467	1363.27993303415	-0.174627631768387	#B4EEB4	1412.76483386136	1554.45174883036	1271.07791889237	846.017173985382	1979.51249373734
802.977122391677	1700.21484385893	1.75971680583685	grey	1201.5571529827	1343.24406795169	1059.8702380137	634.809493106719	1768.30481285868
576.392262202507	1062.52883492964	0.771547217170986	grey	843.892545021895	985.57945999089	702.205630052899	277.144885145914	1410.64020489788
910.071251006118	1700.22130767454	1.1631839142676	grey	1370.60542696627	1512.29234193527	1228.91851199728	803.85776709029	1937.35308684225
745.281659494987	1300.91555290529	0.672012625744262	grey	1110.48476138145	1252.17167635045	968.797846412458	543.737101505472	1677.23242125743
880.890843901649	1550.18880744484	0.796279266324931	grey	1324.54410204614	1466.23101701513	1182.85718707714	757.796442170155	1891.29176192212
634.720003670921	1132.6552884062	0.694108905424618	grey	935.962989481962	1077.64990445096	794.276074512967	369.215329605982	1502.71064935794
1506.27684488371	2354.49375367859	0.150955111452698	#B4EEB4	2311.71702559752	2453.40394056651	2170.03011062852	1744.96936572154	2878.4646854735
995.199241837609	1376.29310795701	-0.454124522212985	#B4EEB4	1504.98011308527	1646.66702805426	1363.29319811627	938.232453209285	2071.72777296125
1322.48352318172	1877.13833730788	-0.509788079464034	grey	2021.59893784233	2163.28585281133	1879.91202287334	1454.85127796635	2588.34659771831
219.490098922704	9.06714910899893	-0.957938464147627	grey	280.521840539428	422.208755508423	138.834925570433	-286.225819336552	847.269500415409
864.040651001549	1294.89743372632	-0.0107582574713593	#B4EEB4	1297.94604234944	1439.63295731844	1156.25912738045	731.198382473462	1864.69370222542
797.355312522379	1375.90410395491	0.646569896620511	grey	1192.68311602695	1334.37003099594	1050.99620105795	625.935456150965	1759.43077590293
633.122146190226	1156.06773059055	0.785629929393043	grey	933.440768584534	1075.12768355353	791.753853615539	366.693108708554	1500.18842846051
1463.98274626723	2215.00066029193	-0.10570861407377	#B4EEB4	2244.95571511945	2386.64263008844	2103.26880015045	1678.20805524347	2811.70337499543
575.415424069153	753.597612659347	-0.313201087191049	#B4EEB4	842.350604277417	984.037519246412	700.663689308422	275.602944401437	1409.0982641534
1095.51707812241	2301.37910584732	2.25160915002953	#D0587E	1663.33199748003	1805.01891244902	1521.64508251103	1096.58433760405	2230.07965735601
1253.93088567391	2028.23343476095	0.405277220306722	#B4EEB4	1913.38847665601	2055.075391625	1771.70156168701	1346.64081678003	2480.13613653199
1053.45705652541	1864.30064576394	0.94349032804354	grey	1596.94017799679	1738.62709296578	1455.25326302779	1030.19251812081	2163.68783787277
737.423356751345	1038.59890699355	-0.209904737618535	#B4EEB4	1098.08041641465	1239.76733138364	956.393501445651	531.332756538666	1664.82807629063
1282.34974201725	1915.93308761496	-0.149324320911819	#B4EEB4	1958.24769233463	2099.93460730362	1816.56077736563	1391.50003245865	2524.99535221061
1051.17642455225	1666.48605636972	0.258124965338497	#B4EEB4	1593.34019633914	1735.02711130814	1451.65328137015	1026.59253646316	2160.08785621512
680.950628085387	1356.73040451774	1.22732678457108	grey	1008.93811298835	1150.62502795735	867.25119801936	442.190453112374	1575.68577286434
583.585285719382	813.083019487847	-0.148791884056893	#B4EEB4	855.246745536738	996.933660505733	713.559830567743	288.499085660758	1421.99440541272
1626.01523034794	2609.74597887853	0.384727471902161	#B4EEB4	2500.72428168325	2642.41119665225	2359.03736671426	1933.97662180727	3067.47194155923
796.449056374469	775.710657697658	-1.46640898867155	grey	1191.25258907301	1332.93950404201	1049.56567410402	624.50492919703	1758.00024894899
443.328503824588	563.541868920555	-0.248114990015395	#B4EEB4	633.851163906244	775.538078875239	492.164248937249	67.1035040302636	1200.59882378222
1159.9778088261	1481.56489788648	-1.00051045157165	grey	1765.08337644133	1906.77029141032	1623.39646147233	1198.33571656535	2331.83103631731
1093.06907681827	1862.27615869882	0.715691832621907	grey	1659.46782303341	1801.15473800241	1517.78090806442	1092.72016315743	2226.21548290939
593.849699283221	857.883931268779	-0.0478703678471498	#B4EEB4	871.449140746167	1013.13605571516	729.762225777171	304.701480870186	1438.19680062215
417.113075925415	547.594797486774	-0.158360659131527	#B4EEB4	592.470063976379	734.156978945374	450.783149007384	25.7224041003989	1159.21772385236
965.109244852418	1721.48383651834	0.931634504386436	grey	1457.48299890798	1599.16991387697	1315.79608393898	890.735339031996	2024.23065878396
1341.81888751283	2235.98290291725	0.648835701800499	grey	2052.11984509753	2193.80676006653	1910.43293012854	1485.37218522155	2618.86750497351
1190.83721055464	1606.65157513847	-0.730989951655108	grey	1813.79499738516	1955.48191235416	1672.10808241617	1247.04733750918	2380.54265726114
852.118772751407	1363.75145664904	0.298630683383392	#B4EEB4	1279.12733616169	1420.81425113068	1137.44042119269	712.379676285708	1845.87499603767
749.743530524687	878.92638208458	-0.842002420503496	grey	1117.52783279971	1259.21474776871	975.840917830719	550.780172923733	1684.27549267569
1081.32002702516	1526.85703569551	-0.402524436375572	#B4EEB4	1640.92192687489	1782.60884184388	1499.23501190589	1074.17426699891	2207.66958675087
1047.20600416485	1894.12453367666	1.08355684469235	grey	1587.07288064067	1728.75979560966	1445.38596567167	1020.32522076469	2153.82054051665
1188.91352400782	2073.39587627782	0.926823135405586	grey	1810.7584547228	1952.44536969179	1669.0715397538	1244.01079484682	2377.50611459878
881.260614913331	1543.69467346336	0.771302301487417	grey	1325.12778625089	1466.81470121988	1183.44087128189	758.380126374908	1891.87544612687
1269.80621596093	1790.52854667533	-0.521993041233056	grey	1938.44771397052	2080.13462893952	1796.76079900153	1371.70005409454	2505.1953738465
750.756541799125	749.848518643577	-1.3031491099565	grey	1119.12687291223	1260.81378788123	977.439957943238	552.379213036253	1685.87453278821
900.836589964011	1116.11524814119	-0.846631638036356	grey	1356.02849795822	1497.71541292722	1214.34158298923	789.280838082241	1922.7761578342
1222.24435711777	2234.86113818964	1.3109534629176	grey	1863.37123453221	2005.0581495012	1721.68431956321	1296.62357465623	2430.11889440819
1296.99148258813	1887.37364664918	-0.33166809878808	#B4EEB4	1981.35970607101	2123.04662104001	1839.67279110202	1414.61204619503	2548.10736594699
418.448589563986	195.151255232383	-1.4095406040275	grey	594.578174648765	736.265089617761	452.89125967977	27.8305147727849	1161.32583452475
1032.15712210485	1512.19818561398	-0.180397772550556	#B4EEB4	1563.31819333391	1705.00510830291	1421.63127836491	996.570533457929	2130.06585320989
1182.63370352039	2055.9983995055	0.900410079274038	grey	1800.84574682685	1942.53266179584	1659.15883185785	1234.09808695086	2367.59340670283
564.752705952811	975.822787033123	0.530406433255004	grey	825.519484617903	967.206399586898	683.832569648908	258.771824741923	1392.26714449388
1144.18767996257	1552.02981123796	-0.663889176109608	grey	1740.15862972652	1881.84554469552	1598.47171475752	1173.41096985054	2306.9062896025
751.547718880961	818.138247908437	-1.06656814255499	grey	1120.37574735409	1262.06266232309	978.688832385096	553.628087478111	1687.12340723007
1306.07590364933	1793.80441034664	-0.712469004979858	grey	1995.69948099989	2137.38639596888	1854.01256603089	1428.95182112391	2562.44714087587
1161.54460963079	1749.22244871049	-0.0646994311843932	#B4EEB4	1767.55657432002	1909.24348928902	1625.86965935103	1200.80891444404	2334.304234196
1230.71568849868	2023.68827293044	0.518555389044916	grey	1876.74324630179	2018.43016127079	1735.0563313328	1309.99558642581	2443.49090617777
1036.21579878611	1166.33566722111	-1.42352296476213	grey	1569.72482175044	1711.41173671944	1428.03790678145	1002.97716187446	2136.47248162642
1259.09453024733	2093.28214642581	0.606064602339745	grey	1921.53929887096	2063.22621383995	1779.85238390196	1354.79163899497	2488.28695874694
1414.15435849436	2122.32308305915	-0.155195815553343	#B4EEB4	2166.30151570285	2307.98843067184	2024.61460073385	1599.55385582687	2733.04917557883
1589.87440463669	2498.7674008762	0.194412721077531	#B4EEB4	2443.67592351579	2585.36283848479	2301.9890085468	1876.92826363981	3010.42358339178
991.481483575281	1156.57111271595	-1.20879374204431	grey	1499.11162500412	1640.79853997311	1357.42471003512	932.363965128137	2065.8592848801
325.284672900279	354.596133325982	-0.327915361463027	#B4EEB4	447.51876519926	589.205680168255	305.831850230265	-119.22889467672	1014.26642507524
1009.4578013782	1424.53986421419	-0.363291877329728	#B4EEB4	1527.48727487848	1669.17418984747	1385.80035990948	960.739615002499	2094.23493475446
1061.66836253499	1801.28081346429	0.675359027523924	grey	1609.90173925164	1751.58865422064	1468.21482428265	1043.15407937566	2176.64939912762
953.39639585668	1635.7294032641	0.694260149337615	grey	1438.99424577298	1580.68116074198	1297.30733080399	872.246585897002	2005.74190564896
1170.48658623312	1842.74797119935	0.215533208544581	#B4EEB4	1781.67150041525	1923.35841538424	1639.98458544625	1214.92384053927	2348.41916029123
1303.20338935428	2275.6475203562	1.0039117175438	grey	1991.16521203618	2132.85212700518	1849.47829706719	1424.4175521602	2557.91287191216
844.605270949653	1163.82566647541	-0.365035803224793	#B4EEB4	1267.26726009971	1408.9541750687	1125.58034513071	700.519600223727	1834.01491997569
911.771401853167	1570.16454153453	0.69475513476939	grey	1373.28911812585	1514.97603309484	1231.60220315685	806.541458249868	1940.03677800183
1119.3526626401	1671.84098800201	-0.102745981768087	#B4EEB4	1700.95651036637	1842.64342533537	1559.26959539738	1134.20885049039	2267.70417024235
834.932877553259	1118.93089709461	-0.469586315434615	#B4EEB4	1251.99936978578	1393.68628475478	1110.31245481679	685.251709909802	1818.74702966176
1027.38021504647	1725.74633023587	0.599803070358982	grey	1555.77783697968	1697.46475194868	1414.09092201069	989.030177103702	2122.52549685566
411.487720334409	893.451646671514	1.093471534216	grey	583.590430092556	725.277345061551	441.903515123561	16.8427702165756	1150.33808996854
664.030083580713	2299.13879349495	4.64725267899788	#D0587E	982.229003157737	1123.91591812673	840.542088188742	415.481343281756	1548.97666303372
601.673357318762	800.629344893691	-0.293497300381073	#B4EEB4	883.798798979136	1025.48571394813	742.111884010141	317.051139103156	1450.54645885512
743.912890981828	1021.91180964172	-0.304941173315499	#B4EEB4	1108.32415782992	1250.01107279891	966.637242860924	541.576497953939	1675.0718177059
792.0086416208	1463.5481317924	0.985640577425926	grey	1184.24338642492	1325.93030139392	1042.55647145593	617.495726548943	1750.9910463009
1114.69154276391	1742.60259542942	0.172929416782663	#B4EEB4	1693.59892428677	1835.28583925577	1551.91200931777	1126.85126441079	2260.34658416275
1294.63390075679	2107.86564699941	0.459560390963495	#B4EEB4	1977.63825892429	2119.32517389328	1835.95134395529	1410.89059904831	2544.38591880027
781.784941273739	1104.93701517775	-0.222914875157078	#B4EEB4	1168.10525710116	1309.79217207015	1026.41834213216	601.357597225178	1734.85291697714
700.948305286599	1303.62944522283	0.928543623750317	grey	1040.5044822962	1182.1913972652	898.817567327206	473.75682242022	1607.25214217218
687.493342303147	869.488984462282	-0.52854850668237	grey	1019.26579910887	1160.95271407787	877.578884139875	452.51813923289	1586.01345898485
875.623382090898	1438.50537730967	0.431500584229897	#B4EEB4	1316.22940413597	1457.91631910496	1174.54248916697	749.481744259986	1882.97706401195
928.291279554231	1229.00192621772	-0.601198242294745	grey	1399.36577468877	1541.05268965777	1257.67885971978	832.618114812793	1966.11343456475
1145.08526015148	1225.11288691007	-1.82254859196624	grey	1741.57546166363	1883.26237663263	1599.88854669464	1174.82780178765	2308.32312153961
903.602547349483	1086.81231888829	-0.96544641338521	grey	1360.39456664915	1502.08148161815	1218.70765168016	793.646906773173	1927.14222652513
376.453219341993	591.938868855022	0.224616582950115	#B4EEB4	528.288407476864	669.975322445859	386.601492507868	-38.459252399117	1095.03606735284
972.569717334958	1635.4391259276	0.586432973960379	grey	1469.25936809452	1610.94628306352	1327.57245312553	902.511708218544	2036.00702797051
1356.15604319547	1683.97364817424	-1.37901733181619	grey	2074.75107104186	2216.43798601085	1933.06415607286	1508.00341116588	2641.49873091784
1357.4803805531	1785.93567704574	-1.02657984667344	grey	2076.84153993475	2218.52845490374	1935.15462496575	1510.09388005877	2643.58919981073
763.311034566631	1497.87575116504	1.2666363333339	grey	1138.9441622496	1280.6310772186	997.257247280609	572.196502373624	1705.69182212559
535.667036908729	716.72068539844	-0.221922463733607	#B4EEB4	779.607703895907	921.294618864902	637.920788926912	212.860044019927	1346.35536377189
1737.41814755958	2707.26724772549	0.10831367717064	#B4EEB4	2676.57398619098	2818.26090115998	2534.88707122199	2109.826326315	3243.32164606696
951.273417256174	1321.5230616088	-0.402719117226988	#B4EEB4	1435.64312024666	1577.33003521565	1293.95620527766	868.895460370675	2002.39078012264
970.764624968315	1396.43036042217	-0.246951760334754	#B4EEB4	1466.41002655816	1608.09694152715	1324.72311158916	899.662366682179	2033.15768643414
1126.17225660944	1706.70722623521	-0.0176940313682042	#B4EEB4	1711.72125167106	1853.40816664006	1570.03433670207	1144.97359179508	2278.46891154705
515.788163014264	775.874613081197	0.097559281555857	#B4EEB4	748.228865820716	889.915780789711	606.54195085172	181.481205944735	1314.9765256967
781.534266642614	331.864379457934	-2.94962025064758	#4C62AB	1167.70956674659	1309.39648171559	1026.0226517776	600.961906870613	1734.45722662257
537.867278412997	712.841620590748	-0.247867520013894	#B4EEB4	783.080789054317	924.767704023312	641.393874085322	216.333129178336	1349.8284489303
792.071615796821	578.535245735487	-2.13783871881089	#4C62AB	1184.34279127465	1326.02970624365	1042.65587630566	617.595131398674	1751.09045115063
1035.65482990137	1927.21334491879	1.26466870154125	grey	1568.83933136034	1710.52624632934	1427.15241639135	1002.09167148436	2135.58699123632
590.587162603926	1243.9655855545	1.33274962224747	grey	866.29922074982	1007.98613571882	724.612305780825	299.55156087384	1433.0468806258
1176.99480381019	1545.27585737144	-0.870471617683032	grey	1791.9447335266	1933.6316484956	1650.25781855761	1225.19707365062	2358.69239340258
1086.8032086452	1596.58330854581	-0.187010319042089	#B4EEB4	1649.57713889069	1791.26405385968	1507.89022392169	1082.82947901471	2216.32479876667
728.735492313808	1368.15829941321	1.00147459858333	grey	1084.36660682704	1226.05352179604	942.679691858046	517.618946951061	1651.11426670302
1067.89748271432	1801.50422868192	0.641448831394623	grey	1619.73441662038	1761.42133158937	1478.04750165138	1052.9867567444	2186.48207649636
1224.42434874815	2091.95684687138	0.794514058310409	grey	1866.81235522839	2008.49927019738	1725.12544025939	1300.06469535241	2433.56001510437
1318.32857597852	1763.14348033582	-0.888920709275338	grey	2015.04034623437	2156.72726120337	1873.35343126538	1448.29268635839	2581.78800611035
936.145516406042	1919.67189384866	1.79236096827206	grey	1411.76370163804	1553.45061660703	1270.07678666904	845.016041762056	1978.51136151402
971.908961826686	-4.10363899209165	-5.19568092669175	#4C62AB	1468.21636434032	1609.90327930931	1326.52944937132	901.468704464336	2034.9640242163
973.985759505422	1611.76190763479	0.494990361201084	#B4EEB4	1471.49459319885	1613.18150816785	1329.80767822986	904.74693332287	2038.24225307483
1432.43852681651	2176.91298631391	-0.0644029897317197	#B4EEB4	2195.16310817364	2336.85002314264	2053.47619320465	1628.41544829766	2761.91076804962
1337.5215676834	1925.54028793269	-0.422749800633957	#B4EEB4	2045.33651804386	2187.02343301285	1903.64960307486	1478.58885816788	2612.08417791984
1250.32047032711	1799.59754585446	-0.381446246213452	#B4EEB4	1907.68942955944	2049.37634452843	1766.00251459044	1340.94176968346	2474.43708943542
913.797760047792	1172.41727756549	-0.720145719339959	grey	1376.4877281683	1518.1746431373	1234.80081319931	809.74006829232	1943.23538804428
1111.97243024992	1992.49060452624	1.06990756444639	grey	1689.30680030944	1830.99371527844	1547.61988534045	1122.55914043346	2256.05446018542
1120.98709936621	1699.38329460186	-0.014656177203433	#B4EEB4	1703.53647166825	1845.22338663724	1561.84955669925	1136.78881179227	2270.28413154423
687.498011713203	1083.09060741268	0.225205826683541	#B4EEB4	1019.27316978101	1160.96008475001	877.586254812019	452.525509905034	1586.02082965699
481.508645403777	764.189534717873	0.24727388872326	#B4EEB4	694.118585826702	835.805500795697	552.431670857707	127.370925950722	1260.86624570268
1192.54900829548	1713.78936183105	-0.362446000672992	#B4EEB4	1816.49707318747	1958.18398815646	1674.81015821847	1249.74941331149	2383.24473306345
541.206840645873	585.006012017801	-0.71759019543815	grey	788.35229402506	930.039208994055	646.665379056065	221.60463414908	1355.09995390104
1000.50510654526	1551.50292175469	0.134618965082279	#B4EEB4	1513.35543003703	1655.04234500603	1371.66851506804	946.607770161052	2080.10308991301
1075.0743464045	1193.88362961496	-1.54276589090997	grey	1631.06310881982	1772.75002378881	1489.37619385082	1064.31544894384	2197.8107686958
1169.16021709176	1470.02693707052	-1.09237641085389	grey	1779.57782434811	1921.2647393171	1637.89090937911	1212.83016447213	2346.32548422409
1056.82787125444	1369.96246789399	-0.81976005774981	grey	1602.26101508874	1743.94793005774	1460.57410011975	1035.51335521276	2169.00867496472
780.143858110862	954.480014631823	-0.744722227177014	grey	1165.51480438692	1307.20171935592	1023.82788941793	598.767144510943	1732.2624642629
1295.90975796864	1965.30240026637	-0.050639120616466	#B4EEB4	1979.65220182015	2121.33911678915	1837.96528685116	1412.90454194417	2546.39986169613
1521.59013007187	2602.08270477276	0.939372669363959	grey	2335.88907371602	2477.57598868502	2194.20215874703	1769.14141384004	2902.636733592
1264.35364267763	1593.46563520346	-1.18703686271692	grey	1929.84081726913	2071.52773223812	1788.15390230013	1363.09315739315	2496.58847714511
416.904729602807	712.092298523533	0.423296355972949	#B4EEB4	592.141188932684	733.828103901679	450.454273963689	25.3935290567032	1158.88884880866
1419.87285562088	2309.71823409553	0.474250076153828	#B4EEB4	2175.32817366744	2317.01508863643	2033.64125869844	1608.58051379146	2742.07583354342
983.18321614412	1276.8683837584	-0.738051256450853	grey	1486.01279498943	1627.69970995842	1344.32588002043	919.265135113448	2052.76045486541
1157.47428379579	1725.65154538918	-0.125205677292111	#B4EEB4	1761.13155769343	1902.81847266243	1619.44464272443	1194.38389781745	2327.87921756941
1186.60997076132	1944.63713666639	0.485277151042459	#B4EEB4	1807.12229179409	1948.80920676309	1665.4353768251	1240.37463191811	2373.86995167007
970.994178037988	1405.38944654751	-0.216614674530951	#B4EEB4	1466.77237649011	1608.45929145911	1325.08546152112	900.024716614131	2033.52003636609
977.421040705382	1421.99469160783	-0.193816412527927	#B4EEB4	1476.91719073071	1618.60410569971	1335.23027576172	910.16953085473	2043.66485060669
1305.74712079927	2020.16603944103	0.0881716662571414	#B4EEB4	1995.18049668173	2136.86741165072	1853.49358171273	1428.43283680575	2561.92815655771
1213.48057674587	1808.21821445216	-0.145812254656755	#B4EEB4	1849.53759150613	1991.22450647513	1707.85067653714	1282.78993163015	2416.28525138211
1297.07867381327	1834.48743273206	-0.518784338258364	grey	1981.49733757618	2123.18425254517	1839.81042260718	1414.7496777002	2548.24499745216
1714.8780085691	2544.59400896147	-0.34018782698122	#B4EEB4	2640.99433639142	2782.68125136041	2499.30742142242	2074.24667651544	3207.7419962674
1199.32475910823	2175.55509713963	1.2293389591586	grey	1827.19260799088	1968.87952295987	1685.50569302188	1260.4449481149	2393.94026786686
1062.21434721559	1768.05525674459	0.55506776942094	grey	1610.76357704864	1752.45049201764	1469.07666207965	1044.01591717266	2177.51123692463
336.810066827314	322.295685675446	-0.506101549773428	grey	465.711620172295	607.39853514129	324.0247052033	-101.036039703686	1032.45928004828
1807.51420097383	2462.28777699449	-1.14665830372837	grey	2787.2207321522	2928.90764712119	2645.5338171832	2220.47307227622	3353.96839202818
855.196953461108	1210.79898205514	-0.258271089784295	#B4EEB4	1283.98624992957	1425.67316489857	1142.29933496058	717.238590053594	1850.73390980555
1712.42041452862	2834.38556198252	0.696149472350339	grey	2637.1150197933	2778.80193476229	2495.4281048243	2070.36735991732	3203.86267966928
1112.3930704015	1727.12542928563	0.131115310651894	#B4EEB4	1689.9707815427	1831.65769651169	1548.2838665737	1123.22312166672	2256.71844141868
1461.52905966904	2051.99254213542	-0.667281182358782	grey	2241.08256642598	2382.76948139498	2099.39565145699	1674.33490655	2807.83022630196
967.086903647128	1627.0772690343	0.587466147492714	grey	1460.60473686037	1602.29165182936	1318.91782189137	893.857076984389	2027.35239673635
1153.44122640944	1703.48776186958	-0.180953927613873	#B4EEB4	1754.76536937984	1896.45228434884	1613.07845441085	1188.01770950386	2321.51302925582
1064.18739389268	1372.14539098073	-0.853052110836293	grey	1613.8780347651	1755.5649497341	1472.19111979611	1047.13037488912	2180.62569464108
944.163790187951	1508.48417612428	0.296652711251369	#B4EEB4	1424.4205611755	1566.10747614449	1282.7336462065	857.672901299515	1991.16822105148
963.881852613252	1750.65134095564	1.0414009753895	grey	1455.54555805836	1597.23247302735	1313.85864308936	888.797898182378	2022.29321793434
1303.85030075328	2042.66911075648	0.178148941729871	#B4EEB4	1992.18636283909	2133.87327780808	1850.49944787009	1425.43870296311	2558.93402271507
939.56255590855	1447.74390809061	0.107936584968104	#B4EEB4	1417.15750461777	1558.84441958677	1275.47058964878	850.409844741791	1983.90516449375
388.69525166776	451.794251818228	-0.338133643638179	#B4EEB4	547.612477446867	689.299392415862	405.925562477872	-19.1351824291137	1114.36013732285
941.233225351052	1525.52954420048	0.373128615638902	#B4EEB4	1419.79465932743	1561.48157429642	1278.10774435843	853.046999451447	1986.54231920341
1161.93718166088	1528.79166551325	-0.844766026955778	grey	1768.1762499732	1909.8631649422	1626.48933500421	1201.42859009722	2334.92390984918
1184.93671490543	1446.77526746197	-1.2623105917811	grey	1804.48105442627	1946.16796939527	1662.79413945728	1237.73339455029	2371.22871430225
1184.97034524323	1768.78496416609	-0.126155530369536	#B4EEB4	1804.53413997477	1946.22105494376	1662.84722500577	1237.78648009879	2371.28179985075
492.369543739276	731.635614449106	0.071894716375795	#B4EEB4	711.262533317391	852.949448286386	569.575618348396	144.514873441411	1278.01019319337
1110.62261740336	2138.9450325056	1.59425065572516	grey	1687.17611831161	1828.8630332806	1545.48920334261	1120.42845843563	2253.92377818759
1290.35776298412	1692.2671828978	-0.983228355802434	grey	1970.88836778517	2112.57528275416	1829.20145281617	1404.14070790919	2537.63602766115
1382.9736044403	2108.64167133025	-0.0297873950066507	#B4EEB4	2117.08263953717	2258.76955450616	1975.39572456817	1550.33497966118	2683.83029941315
932.511618686765	1559.77804675459	0.542571130205692	grey	1406.02758757442	1547.71450254341	1264.34067260542	839.279927698435	1972.7752474504
903.43222414516	1565.26690504092	0.723924273176465	grey	1360.12571116583	1501.81262613482	1218.43879619683	793.378051289845	1926.87337104181
1446.35134956341	2167.38212741325	-0.175536309813495	#B4EEB4	2217.12452381828	2358.81143878728	2075.43760884929	1650.3768639423	2783.87218369427
499.621586266204	600.781151113456	-0.430275245807357	#B4EEB4	722.709895445397	864.396810414392	581.022980476402	155.962235569416	1289.45755532138
868.951006926063	1290.2697000151	-0.054441682093068	#B4EEB4	1305.69704797808	1447.38396294707	1164.01013300908	738.949388102095	1872.44470785406
1137.23862380724	2093.80913409829	1.28670880458117	grey	1729.18953212919	1870.87644709818	1587.50261716019	1162.44187225321	2295.93719200517
514.667870385632	868.549607213615	0.430841215443325	#B4EEB4	746.460481898301	888.147396867296	604.773566929306	179.712822022321	1313.20814177428
1083.88835872953	1216.93712358268	-1.51050970227186	grey	1644.97604307395	1786.66295804294	1503.28912810495	1078.22838319797	2211.72370294993
1563.35920631566	2629.73063520354	0.804269751429484	grey	2401.82163543769	2543.50855040668	2260.13472046869	1835.07397556171	2968.56929531367
998.781803969098	1606.27323813666	0.337497800435722	#B4EEB4	1510.63519383154	1652.32210880054	1368.94827886255	943.887533955564	2077.38285370753
916.463792510924	1367.98133439888	-0.044869107334666	#B4EEB4	1380.6960651902	1522.3829801592	1239.00915022121	813.948405314224	1947.44372506618
1142.47351421022	1710.1375470933	-0.0963930541026909	#B4EEB4	1737.4528160138	1879.1397309828	1595.76590104481	1170.70515613782	2304.20047588978
916.278348763808	1344.45957918703	-0.12684220954281	#B4EEB4	1380.40334190297	1522.09025687197	1238.71642693398	813.655682026994	1947.15100177896
1244.02011222372	1917.34206452663	0.0691586852993538	#B4EEB4	1897.74430299988	2039.43121796887	1756.05738803088	1330.99664312389	2464.49196287586
1271.33063933491	1806.22257239496	-0.475101905611285	#B4EEB4	1940.85401899887	2082.54093396786	1799.16710402987	1374.10635912289	2507.60167887485
1000.80749836904	1556.61349788556	0.150969275539746	#B4EEB4	1513.83275607289	1655.51967104189	1372.1458411039	947.085096196914	2080.58041594887
646.992352675082	784.217324048475	-0.60385812752054	grey	955.334914383153	1097.02182935215	813.647999414158	388.587254507173	1522.08257425913
604.533781762274	946.830047698362	0.206497768762386	#B4EEB4	888.313984090515	1030.00089905951	746.62706912152	321.566324214534	1455.0616439665
822.100790303405	1454.5186695884	0.786151539034878	grey	1231.74389706044	1373.43081202943	1090.05698209144	664.996237184457	1798.49155693642
1239.21415016495	1960.66244797819	0.248803372979673	#B4EEB4	1890.15808327545	2031.84499824444	1748.47116830645	1323.41042339947	2456.90574315143
412.538447602922	825.557606694606	0.848026798303375	grey	585.249004969327	726.935919938322	443.562090000332	18.5013450933467	1151.99666484531
434.102452380236	432.979926209831	-0.657463319723713	grey	619.287825163685	760.97474013268	477.60091019469	52.5401652877046	1186.03548503967
803.866052571969	1216.75763575247	0.0486894110504132	#B4EEB4	1202.96033086569	1344.64724583469	1061.2734158967	636.212670989712	1769.70799074167
1118.31845439418	1800.92774213568	0.358550157442367	#B4EEB4	1699.32401079636	1841.01092576536	1557.63709582737	1132.57635092038	2266.07167067234
725.930185550502	875.294304779097	-0.722170146545819	grey	1079.93842507267	1221.62534004166	938.25151010367	513.190765196685	1646.68608494865
1266.02471112882	2212.19993410492	0.987110674092332	grey	1932.4786018147	2074.1655167837	1790.79168684571	1365.73094193872	2499.22626169068
1100.01099104655	1443.05488437278	-0.802370362722218	grey	1670.42564708611	1812.1125620551	1528.73873211711	1103.67798721013	2237.17330696209
948.808114528417	1456.11591349379	0.0859792805400449	#B4EEB4	1431.75163547185	1573.43855044084	1290.06472050285	865.003975595868	1998.49929534783
1245.64844095953	1898.83912751032	-0.00520688631739654	#B4EEB4	1900.31462282813	2042.00153779712	1758.62770785913	1333.56696295215	2467.06228270411
1116.50954884581	1699.09838366209	0.00928008601516725	#B4EEB4	1696.46865014581	1838.15556511481	1554.78173517682	1129.72099026983	2263.21631002179
866.219491836353	1257.24432102584	-0.155769590637801	#B4EEB4	1301.38534651274	1443.07226148174	1159.69843154375	734.637686636762	1868.13300638872
1069.33448032545	1693.98907791741	0.254033190036678	#B4EEB4	1622.00271992535	1763.68963489435	1480.31580495636	1055.25506004937	2188.75037980133
1194.25400739328	1585.14811271042	-0.825906558344945	grey	1819.18841731953	1960.87533228853	1677.50150235054	1252.44075744355	2385.93607719552
1106.88500345861	1402.45466754328	-0.983935674363133	grey	1681.27628800018	1822.96320296917	1539.58937303118	1114.5286281242	2248.02394787616
802.596937615156	1072.98167880009	-0.451613163641118	#B4EEB4	1200.95703063148	1342.64394560048	1059.27011566249	634.209370755501	1767.70469050746
1256.56066151926	1873.37617150933	-0.155848587154593	#B4EEB4	1917.53958254175	2059.22649751075	1775.85266757276	1350.79192266577	2484.28724241773
1345.88086766758	2270.17086557279	0.746855055621052	grey	2058.5316880529	2200.21860302189	1916.8447730839	1491.78402817692	2625.27934792888
1082.882366963	1941.81437841741	1.0531187555868	grey	1643.38808326725	1785.07499823624	1501.70116829825	1076.64042339127	2210.13574314323
1043.23139873866	1628.74339061693	0.169191459128253	#B4EEB4	1580.79895885096	1722.48587381996	1439.11204388197	1014.05129897498	2147.54661872694
977.312475766049	1542.2870381877	0.231288885860328	#B4EEB4	1476.74582077937	1618.43273574837	1335.05890581038	909.99816090339	2043.49348065535
1648.42475389084	2423.90815410837	-0.395906709807501	#B4EEB4	2536.09775476467	2677.78466973366	2394.41083979567	1969.35009488868	3102.84541464065
1082.89465964074	1633.95260627171	-0.0333653993787868	#B4EEB4	1643.40748728109	1785.09440225009	1501.7205723121	1076.65982740511	2210.15514715707
952.511791390017	1147.85851486467	-1.02246344073283	grey	1437.59789603671	1579.2848110057	1295.91098106771	870.850236160725	2004.34555591269
247.624659340824	429.423734790388	0.368740614554172	#B4EEB4	324.932294590485	466.61920955948	183.245379621489	-241.815365285496	891.679954466465
530.41547049084	688.512489277511	-0.292213319883749	#B4EEB4	771.318096891864	913.00501186086	629.631181922869	204.570437015884	1338.06575676784
976.698039816831	1531.98281434536	0.198348880083591	#B4EEB4	1475.77593253216	1617.46284750115	1334.08901756316	909.028272656177	2042.52359240814
1061.88821345293	1523.63605234849	-0.305648273837241	#B4EEB4	1610.24877431969	1751.93568928868	1468.56185935069	1043.50111444371	2176.99643419567
1083.06173765848	1492.26945952044	-0.53428279084305	grey	1643.67122023159	1785.35813520059	1501.9843052626	1076.92356035561	2210.41888010757
1246.45203413459	1825.85577584147	-0.267234699373922	#B4EEB4	1901.58309609538	2043.27001106438	1759.89618112639	1334.8354362194	2468.33075597136
941.754277203863	1339.25043367905	-0.287135572645592	#B4EEB4	1420.61714061107	1562.30405558007	1278.93022564208	853.869480735092	1987.36480048705
1364.37663834477	2265.48059908563	0.627274945975488	grey	2087.72729522041	2229.4142101894	1946.04038025141	1520.97963534443	2654.47495509639
723.545187139127	1127.15939719612	0.179923800310216	#B4EEB4	1076.17370080521	1217.86061577421	934.486785836216	509.426040929231	1642.92136068119
637.46718386708	1042.69906103126	0.361358854865902	#B4EEB4	940.299418345906	1081.9863333149	798.612503376911	373.551758469926	1507.04707822189
631.304146733856	698.785502940628	-0.81794973902139	grey	930.571053183899	1072.25796815289	788.884138214904	363.823393307919	1497.31871305988
1222.68910725596	2133.39800280954	0.950422025371678	grey	1864.07327342254	2005.76018839154	1722.38635845355	1297.32561354656	2430.82093329852
975.124017298232	1494.5601141795	0.075055551244915	#B4EEB4	1473.29133516512	1614.97825013412	1331.60442019613	906.543675289142	2040.0389950411
1236.94537654615	1684.16178413857	-0.714303914222155	grey	1886.5768200514	2028.2637350204	1744.88990508241	1319.82916017542	2453.32447992738
919.688073532875	1441.34143938868	0.196051416737999	#B4EEB4	1385.78559856286	1527.47251353186	1244.09868359387	819.03793868688	1952.53325843884
822.432369336156	1407.73535997321	0.619210549025001	grey	1232.26729515799	1373.95421012698	1090.58038018899	665.519635282009	1799.01495503397
889.494227462048	1057.50591353276	-0.990277207130924	grey	1338.12455841775	1479.81147338674	1196.43764344875	771.376898541766	1904.87221829373
444.214952727481	1004.34382309733	1.30249641644638	grey	635.250425088416	776.937340057411	493.563510119421	68.5027652124356	1201.9980849644
649.115421875766	942.066991777976	-0.0586475862915216	#B4EEB4	958.686182922023	1100.37309789102	816.999267953028	391.938523046043	1525.433842798
567.389606092465	1075.31856526843	0.866829266157714	grey	829.681836214978	971.368751183973	687.994921245982	262.934176338997	1396.42949609096
1316.2966815926	1988.89728620669	-0.080938000175843	#B4EEB4	2011.83299730404	2153.51991227304	1870.14608233504	1445.08533742806	2578.58065718002
820.80097259116	1164.7168899734	-0.229291612823124	#B4EEB4	1229.69213247174	1371.37904744074	1088.00521750275	662.944472595762	1796.43979234772
1236.83795583705	1488.27292443021	-1.40497918218651	grey	1886.40725626954	2028.09417123854	1744.72034130055	1319.65959639356	2453.15491614553
1454.94718050759	1962.38632704394	-0.946829604506593	grey	2230.69305837165	2372.37997334064	2089.00614340265	1663.94539849567	2797.44071824763
942.467557267017	1405.43327591704	-0.0575556979126893	#B4EEB4	1421.74305446931	1563.42996943831	1280.05613950032	854.995394593332	1988.49071434529
1085.16367190571	1793.31601688199	0.516374040981384	grey	1646.98912720854	1788.67604217753	1505.30221223954	1080.24146733255	2213.73678708452
474.679744181176	335.68388544085	-1.22684323969254	grey	683.339153006057	825.026067975052	541.652238037062	116.591493130076	1250.08681288204
754.399066744059	1406.68682258094	0.994482156575951	grey	1124.87660506702	1266.56352003601	983.189690098023	558.128945191038	1691.624264943
1016.86445481485	1388.13214734987	-0.533029261339385	grey	1539.17869060463	1680.86560557362	1397.49177563563	972.431030728646	2105.92635048061
1089.72607100085	1405.92585531908	-0.876104286318669	grey	1654.19088235829	1795.87779732729	1512.5039673893	1087.44322248231	2220.93854223427
772.180564810335	1252.73095965412	0.352136356550927	#B4EEB4	1152.94473163788	1294.63164660687	1011.25781666888	586.197071761899	1719.69239151386
1805.45769976804	2501.45870698122	-0.996972212971063	grey	2783.97454131258	2925.66145628158	2642.28762634359	2217.2268814366	3350.72220118856
862.482958272283	1268.68444167077	-0.0945845278628519	#B4EEB4	1295.48722158414	1437.17413655314	1153.80030661515	728.739561708161	1862.23488146012
1019.27306698901	1714.64214825285	0.605777389716811	grey	1542.98068923896	1684.66760420796	1401.29377426997	976.233029362982	2109.72834911494
1194.93756014606	1966.07426975884	0.514538915699042	grey	1820.26740656506	1961.95432153405	1678.58049159606	1253.51974668908	2387.01506644104
992.194409567801	1318.45669362501	-0.641485794139846	grey	1500.23697996123	1641.92389493022	1358.55006499223	933.489320085247	2066.98463983721
806.929783891866	1133.06738494269	-0.263711900705648	#B4EEB4	1207.79643624587	1349.48335121487	1066.10952127688	641.048776369891	1774.54409612185
1313.59169918899	1775.15483458405	-0.820147517496844	grey	2007.56317773127	2149.25009270026	1865.87626276227	1440.81551785529	2574.31083760725
1484.66359696216	2294.90412742422	0.0610629867136755	#B4EEB4	2277.60047501172	2419.28738998071	2135.91356004272	1710.85281513574	2844.3481348877
991.091808685049	1174.82268014082	-1.14221501125	grey	1498.4965224914	1640.18343746039	1356.8096075224	931.748862615417	2065.24418236738
1168.68020362092	1227.15521712111	-1.94677435535797	grey	1778.82012222396	1920.50703719295	1637.13320725496	1212.07246234798	2345.56778209994
970.776250449211	1750.12683204839	1.00114557053443	grey	1466.42837740059	1608.11529236959	1324.7414624316	899.680717524612	2033.17603727657
1304.93656531065	2412.09943056492	1.47578341043846	grey	1993.90103339002	2135.58794835902	1852.21411842103	1427.15337351404	2560.648693266
653.149781722044	888.7179645353	-0.26938430642077	#B4EEB4	965.054427170943	1106.74134213994	823.367512201948	398.306767294963	1531.80208704692
1696.25806719834	2696.60759821649	0.299974322517929	#B4EEB4	2611.60272556153	2753.28964053053	2469.91581059254	2044.85506568555	3178.35038543751
818.940625663499	1226.9103817533	0.000546311003986795	#B4EEB4	1226.75557151177	1368.44248648076	1085.06865654277	660.007911635786	1793.50323138775
562.345175668572	1138.38052344606	1.11746850358978	grey	821.719193748747	963.406108717742	680.032278779752	254.971533872767	1388.46685362473
894.724651842079	1452.91576427699	0.375952047594421	#B4EEB4	1346.38079267713	1488.06770764613	1204.69387770814	779.633132801154	1913.12845255311
1044.0125452435	1606.75161088848	0.087233217283435	#B4EEB4	1582.03200000906	1723.71891497806	1440.34508504007	1015.28434013308	2148.77965988504
1487.08636230407	1870.80225310293	-1.44904898745815	grey	2281.42481444671	2423.11172941571	2139.73789947772	1714.67715457073	2848.17247432269
1273.3629030314	2126.63549070664	0.644285112213792	grey	1944.06195088659	2085.74886585559	1802.3750359176	1377.31429101061	2510.80961076258
1042.73752961374	1493.93557141123	-0.303781807090738	#B4EEB4	1580.01938555202	1721.70630052101	1438.33247058302	1013.27172567604	2146.767045428
583.154942803552	594.034397262323	-0.91939700736445	grey	854.567448472714	996.254363441709	712.880533503719	287.819788596733	1421.31510834869
740.188676598366	1069.92368191488	-0.114766408889006	#B4EEB4	1102.44547874999	1244.13239371898	960.758563780995	535.697818874009	1669.19313862597
951.014520331212	1401.16614853836	-0.12022388396144	#B4EEB4	1435.23445098653	1576.92136595553	1293.54753601754	868.48679111055	2001.98211086251
1765.90783403818	2860.7031255905	0.491076110507052	#B4EEB4	2721.54500736506	2863.23192233406	2579.85809239607	2154.79734748908	3288.29266724104
441.931727734476	429.418385148914	-0.713643758986588	grey	631.646350344288	773.333265313283	489.959435375293	64.8986904683071	1198.39401022027
1339.31639555381	1897.44586786702	-0.531890292129228	grey	2048.16965705452	2189.85657202351	1906.48274208552	1481.42199717854	2614.9173169305
841.829722829824	1560.36856992137	1.04978825168529	grey	1262.8860524174	1404.5729673864	1121.19913744841	696.13839254142	1829.63371229338
1499.79726999623	2521.42905874834	0.776148078929708	grey	2301.48900502302	2443.17591999201	2159.80209005402	1734.74134514704	2868.236664899
658.239808007979	1220.00262079244	0.871335147848108	grey	973.089042787137	1114.77595775613	831.402127818142	406.341382911156	1539.83670266312
1043.08697039882	1896.93524466781	1.1164201940574	grey	1580.57097845765	1722.25789342665	1438.88406348866	1013.82331858167	2147.31863833363
670.134717489175	1046.00827219974	0.19106596218437	#B4EEB4	991.865178724769	1133.55209369376	850.178263755774	425.117518848789	1558.61283860075
1271.0549279085	1790.2056544888	-0.530088306186021	grey	1940.41880801807	2082.10572298707	1798.73189304908	1373.67114814209	2507.16646789405
1445.13384662143	2278.74158230482	0.224222854583061	#B4EEB4	2215.20269324199	2356.88960821099	2073.515778273	1648.45503336601	2781.95035311797
1585.21630192035	2589.5690780457	0.540790862906494	grey	2436.32310002842	2578.01001499741	2294.63618505942	1869.57544015244	3003.0707599044
1239.28019727686	2341.64695020949	1.59289448693371	grey	1890.26233875998	2031.94925372897	1748.57542379098	1323.514678884	2457.00999863596
1552.97987637335	1936.47334801778	-1.58435412542971	grey	2385.43784451885	2527.12475948785	2243.75092954986	1818.69018464287	2952.18550439483
1373.92717259849	2115.5378995111	0.0449408784667748	#B4EEB4	2102.8028306592	2244.48974562819	1961.1159156902	1536.05517078322	2669.55049053518
960.437526452795	1571.61520625312	0.428785266584322	#B4EEB4	1450.10868304014	1591.79559800914	1308.42176807115	883.36102316416	2016.85634291612
1143.11117148541	1703.74702615604	-0.122496608163331	#B4EEB4	1738.45935916569	1880.14627413469	1596.7724441967	1171.71169928971	2305.20701904168
708.40173655722	751.038155138807	-1.06301835227418	grey	1052.26973691711	1193.95665188611	910.582821948119	485.522077041133	1619.01739679309
944.439349179702	1564.9592021868	0.494412877433136	#B4EEB4	1424.85553153791	1566.54244650691	1283.16861656892	858.107871661931	1991.60319141389
1366.28911250465	1893.61652050419	-0.69565216607626	grey	2090.74613910987	2232.43305407887	1949.05922414088	1523.99847923389	2657.49379898585
1162.38524304471	1844.75016433316	0.267726376423134	#B4EEB4	1768.88351567072	1910.57043063971	1627.19660070172	1202.13585579474	2335.6311755467
1137.2071994876	1887.32114043497	0.55820684530139	grey	1729.13992878431	1870.82684375331	1587.45301381532	1162.39226890833	2295.88758866029
688.560688093839	1289.63243423568	0.948153285509048	grey	1020.95060635269	1162.63752132168	879.263691383694	454.202946476708	1587.69826622867
818.646030899765	916.396286872534	-1.09358816353801	grey	1226.29055314915	1367.97746811815	1084.60363818016	659.542893273173	1793.03821302513
770.618195873929	1372.27566344672	0.782701543131306	grey	1150.47852947122	1292.16544444022	1008.79161450223	583.730869595243	1717.2261893472
1118.58876100405	1526.48687011687	-0.611431973748658	grey	1699.75069026457	1841.43760523357	1558.06377529558	1133.00303038859	2266.49835014055
702.847710860032	796.467671520256	-0.871763726143456	grey	1043.50269739854	1185.18961236754	901.815782429546	476.75503752256	1610.25035727452
1168.61241702972	2015.78275872846	0.836596794460888	grey	1778.71312096823	1920.40003593723	1637.02620599924	1211.96546109225	2345.46078084421
665.075076419937	-532.048681014113	-5.3495667104243	#4C62AB	983.878526227597	1125.56544119659	842.191611258602	417.130866351617	1550.62618610358
1548.55913744061	2274.32205261991	-0.36749211312933	#B4EEB4	2378.45970018938	2520.14661515837	2236.77278522038	1811.7120403134	2945.20736006536
1138.17740484343	1859.17424851282	0.45347465171133	#B4EEB4	1730.67139967758	1872.35831464657	1588.98448470858	1163.9237398016	2297.41905955356
789.698916324019	1012.48322620142	-0.593259634240592	grey	1180.59748090378	1322.28439587278	1038.91056593479	613.849821027804	1747.34514077976
1072.31377975037	1578.26435381514	-0.170944492663371	#B4EEB4	1626.70554940797	1768.39246437696	1485.01863443897	1059.95788953199	2193.45320928395
894.264040231613	1322.65141359525	-0.0811729962296019	#B4EEB4	1345.65371642437	1487.34063139336	1203.96680145537	778.906056548389	1912.40137630035
1111.3443879279	1610.86857099104	-0.273302807829031	#B4EEB4	1688.31543437836	1830.00234934736	1546.62851940937	1121.56777450238	2255.06309425434
1073.05981562809	1756.40947074158	0.45355741703985	#B4EEB4	1627.88316837822	1769.57008334721	1486.19625340922	1061.13550850224	2194.6308282542
695.765748201558	1351.11412940153	1.12498152290043	grey	1032.32380664776	1174.01072161675	890.636891678762	465.576146771776	1599.07146652374
762.605836354159	1052.75454197546	-0.300226960444132	#B4EEB4	1137.83100560715	1279.51792057615	996.144090638158	571.083345731173	1704.57866548313
1089.87810542187	1628.28546766166	-0.0922646996317936	#B4EEB4	1654.4308689644	1796.11778393339	1512.7439539954	1087.68320908842	2221.17852884038
1491.71557262547	2564.9248287713	0.974658801749132	grey	2288.73203123688	2430.41894620587	2147.04511626788	1721.9843713609	2855.47969111286
1325.38510260128	1922.26925979661	-0.366688153183757	#B4EEB4	2026.17908615718	2167.86600112617	1884.49217118818	1459.4314262812	2592.92674603316
812.629757914572	698.137002750437	-1.83029199563328	grey	1216.79385545789	1358.48077042688	1075.10694048889	650.046195581907	1783.54151533387
1247.77687049425	1974.46206303096	0.2498032735859	#B4EEB4	1903.67435266387	2045.36126763287	1761.98743769488	1336.92669278789	2470.42201253986
985.429494173113	1300.85063903742	-0.665932735879358	grey	1489.55854888464	1631.24546385363	1347.87163391564	922.810889008656	2056.30620876062
1090.39409551552	1435.8834620725	-0.774107821557278	grey	1655.24536025214	1796.93227522113	1513.55844528314	1088.49770037616	2221.99302012812
1078.10844722097	1901.32603354842	0.936831715226815	grey	1635.85244239722	1777.53935736622	1494.16552742823	1069.10478252124	2202.6001022732
1772.63492911702	3148.55199507857	1.46939559014463	grey	2732.16373900529	2873.85065397429	2590.4768240363	2165.41607912931	3298.91139888127
644.413356823833	758.663526955041	-0.679669106692828	grey	951.26396480912	1092.95087977811	809.577049840125	384.516304933139	1518.0116246851
1030.27595770386	1751.61897288914	0.674974823807905	grey	1560.34877195497	1702.03568692397	1418.66185698598	993.601112078991	2127.09643183095
466.006813609715	680.180652740646	0.037165521566086	#B4EEB4	669.648916552822	811.335831521817	527.962001583827	102.901256676841	1236.3965764288
1176.95077688763	1793.78765717553	0.0067487538476476	#B4EEB4	1791.87523695041	1933.56215191941	1650.18832198142	1225.12757707443	2358.62289682639
1328.98254151642	2237.92115256591	0.727179015358903	grey	2031.85764993312	2173.54456490212	1890.17073496413	1465.10999005714	2598.6053098091
1433.69867233035	2193.28291218373	-0.0136545352234752	#B4EEB4	2197.15225012603	2338.83916509503	2055.46533515704	1630.40459025005	2763.89991000201
422.456424448864	463.411565901144	-0.485200003569529	#B4EEB4	600.904549198568	742.591464167563	459.217634229573	34.1568893225877	1167.65220907455
1123.83084915821	1591.66449878874	-0.410626616611177	#B4EEB4	1708.02533581233	1849.71225078132	1566.33842084333	1141.27767593635	2274.77299568831
1478.0109854151	2354.24352918242	0.307523857942651	#B4EEB4	2267.0993157599	2408.7862307289	2125.41240079091	1700.35165588392	2833.84697563588
875.795241087309	846.503395258984	-1.65857690074529	grey	1316.50068386986	1458.18759883885	1174.81376890086	749.753023993878	1883.24834374584
936.354840375415	1623.58113693282	0.746318095359023	grey	1412.0941198989	1553.7810348679	1270.40720492991	845.346460022924	1978.84177977489
989.038833338578	-523.536083865234	-7.12412992242101	#4C62AB	1495.25589722704	1636.94281219604	1353.56898225805	928.508237351063	2062.00355710302
1109.50562542991	1668.64465070854	-0.05917375565149	#B4EEB4	1685.41294447932	1827.09985944832	1543.72602951032	1118.66528460334	2252.1606043553
1199.54796272379	1761.25014856729	-0.233948162204501	#B4EEB4	1827.54493529814	1969.23185026713	1685.85802032914	1260.79727542216	2394.29259517412
1395.34626511344	2351.63329487504	0.758787035254555	grey	2136.61290658766	2278.29982155665	1994.92599161866	1569.86524671168	2703.36056646364
971.353722866502	1494.80044731108	0.096905662286053	#B4EEB4	1467.3399186464	1609.0268336154	1325.65300367741	900.592258770423	2034.08757852238
1058.88341364174	1608.71294744365	0.0113181058840765	#B4EEB4	1605.50569243164	1747.19260740063	1463.81877746264	1038.75803255566	2172.25335230762
1746.39936316644	2759.22620652138	0.24164318706203	#B4EEB4	2690.75085112519	2832.43776609418	2549.06393615619	2124.00319124921	3257.49851100117
1129.3296784345	1528.59160641366	-0.663835617103662	grey	1716.70524768157	1858.39216265057	1575.01833271258	1149.95758780559	2283.45290755755
1056.62593279895	1545.75912798515	-0.198265051158448	#B4EEB4	1601.94225487477	1743.62916984377	1460.25533990578	1035.19459499879	2168.68991475075
597.327062414965	1131.507476384	0.898351522993238	grey	876.938164682781	1018.62507965178	735.251249713786	310.190504806801	1443.68582455876
1000.85681428667	1637.97994562597	0.437829224794143	#B4EEB4	1513.91060133727	1655.59751630627	1372.22368636828	947.162941461294	2080.65826121326
933.602154049936	1145.3038897244	-0.926144485300535	grey	1407.74899959996	1549.43591456895	1266.06208463096	841.001339723979	1974.49665947594
996.686251057188	1622.62065006796	0.406859342972356	#B4EEB4	1507.32735980383	1649.01427477282	1365.64044483483	940.579699927847	2074.07501967981
827.37470761865	965.544136507231	-0.968772058269686	grey	1240.06878499602	1381.75569996502	1098.38187002703	673.321125120041	1806.816444872
793.95530426719	1071.27079565685	-0.409513472963173	#B4EEB4	1187.31619690163	1329.00311187063	1045.62928193264	620.568537025652	1754.06385677761
783.767910453963	1417.83594245235	0.87023055375193	grey	1171.2353775066	1312.9222924756	1029.54846253761	604.487717630623	1737.98303738258
935.648645380068	953.263932980931	-1.61523545400126	grey	1410.9793898329	1552.66630480189	1269.2924748639	844.231729956917	1977.72704970888
1410.43979440859	1759.85685343672	-1.41361401046123	grey	2160.43806963512	2302.12498460411	2018.75115466612	1593.69040975914	2727.1857295111
1314.7259879678	2232.36351651698	0.786981147708523	grey	2009.35365460182	2151.04056957082	1867.66673963283	1442.60599472584	2576.1013144778
892.007464617083	1175.05264011509	-0.589465398739865	grey	1342.09170777193	1483.77862274093	1200.40479280294	775.344047895953	1908.83936764791
494.225063638378	990.078999173349	0.97358152102326	grey	714.191474804134	855.878389773129	572.504559835139	147.443814928154	1280.93913468011
746.624971439214	1086.2874170076	-0.0928729540460851	#B4EEB4	1112.60518169329	1254.29209666229	970.918266724299	545.857521817313	1679.35284156927
862.671840027848	1379.56289571436	0.295643122580585	#B4EEB4	1295.78537177387	1437.47228674286	1154.09845680487	729.037711897889	1862.53303164985
1031.09140126849	2730.43083685436	4.12456889906417	#D0587E	1561.63595108342	1703.32286605242	1419.94903611443	994.888291207444	2128.38361095941
801.217817289756	1071.58435206262	-0.448861966861864	#B4EEB4	1198.78008672577	1340.46700169477	1057.09317175678	632.03242684979	1765.52774660175
1602.00420724957	2342.08812624503	-0.426061617843187	#B4EEB4	2462.82283868283	2604.50975365183	2321.13592371383	1896.07517880685	3029.57049855881
918.319739674495	1294.46017558261	-0.314656810586824	#B4EEB4	1383.62568111468	1525.31259608367	1241.93876614568	816.878021238696	1950.37334099066
635.816658928147	1516.9418435967	2.04411177260867	#D0587E	937.694061771243	1079.38097674024	796.007146802248	370.946401895263	1504.44172164722
957.621472815246	1461.66162304238	0.0564557627653137	#B4EEB4	1445.66353732551	1587.3504522945	1303.97662235651	878.915877449527	2012.41119720149
698.386725521976	1142.14017290518	0.37293192840772	#B4EEB4	1036.46102404613	1178.14793901512	894.77410907713	469.713364170145	1603.20868392211
1046.8467121826	1502.11936008571	-0.297791710460402	#B4EEB4	1586.50573760266	1728.19265257165	1444.81882263366	1019.75807772668	2153.25339747864
1070.09008422696	1556.77699780952	-0.234384538061695	#B4EEB4	1623.19544203831	1764.8823570073	1481.50852706931	1056.44778216233	2189.94310191429
1106.67628348852	1935.76535900424	0.899231011934835	grey	1680.94682315325	1822.63373812224	1539.25990818425	1114.19916327727	2247.69448302923
513.442522262736	702.387049486625	-0.148705398139534	#B4EEB4	744.526267689879	886.213182658874	602.839352720884	177.778607813898	1311.27392756586
1066.21338729119	1603.34734148894	-0.0484474077592199	#B4EEB4	1617.07606897624	1758.76298394524	1475.38915400725	1050.32840910026	2183.82372885222
1093.13502416249	1715.09496907195	0.195935694025169	#B4EEB4	1659.57192103448	1801.25883600348	1517.88500606549	1092.8242611585	2226.31958091046
573.667465748654	774.156449615405	-0.230914052064075	#B4EEB4	839.591448935303	981.278363904298	697.904533966308	272.843789059322	1406.33910881128
1286.60969191912	2321.72736911409	1.25895654620431	grey	1964.97203089067	2106.65894585967	1823.28511592168	1398.22437101469	2531.71969076665
1235.2512637283	1567.18497314822	-1.11766738252728	grey	1883.90265993174	2025.58957490074	1742.21574496275	1317.15500005576	2450.65031980772
1689.88580834633	2937.08730848863	1.18410089252298	grey	2601.5441035414	2743.23101851039	2459.8571885724	2034.79644366542	3168.29176341738
1047.01089621272	1500.19796654324	-0.305486698839487	#B4EEB4	1586.7649023885	1728.4518173575	1445.07798741951	1020.01724251252	2153.51256226448
1014.0200582554	1792.454016753	0.909629556379425	grey	1534.68880553697	1676.37572050596	1393.00189056797	967.941145660985	2101.43646541295
1028.97575022473	1143.6281431356	-1.46332584442852	grey	1558.29639211856	1699.98330708755	1416.60947714956	991.548732242575	2125.04405199454
1020.92986927009	1722.61092819083	0.624669446787329	grey	1545.59595460945	1687.28286957845	1403.90903964046	978.848294733474	2112.34361448544
445.4581673987	843.473504093423	0.727874773980249	grey	637.212841675391	778.899756644386	495.525926706396	70.4651817994104	1203.96050155137
498.661882407327	493.749429298973	-0.802634357360003	grey	721.195001183895	862.88191615289	579.5080862149	154.447341307914	1287.94266105988
976.738309962639	1311.44268924603	-0.580141115428483	grey	1475.8394990295	1617.52641399849	1334.1525840605	909.091839153519	2042.58715890548
825.67978583005	1277.22464783912	0.140560968291453	#B4EEB4	1237.39334791458	1379.08026288357	1095.70643294558	670.645688038598	1804.14100779056
1016.42095751723	1753.39852203524	0.758432395669401	grey	1538.47862932536	1680.16554429436	1396.79171435636	971.73096944938	2105.22628920134
366.637488021841	396.756371227026	-0.409486955064697	#B4EEB4	512.794257993355	654.48117296235	371.10734302436	-53.9534018826257	1079.54191786934
550.390523641973	780.760585652299	-0.077947100650196	#B4EEB4	802.848754096107	944.535669065102	661.161839127112	236.101094220127	1369.59641397209
669.554968318377	1318.60183947303	1.15625284072726	grey	990.950043619468	1132.63695858846	849.263128650473	424.202383743488	1557.69770349545
1295.81746631807	1718.25675130681	-0.921926234453835	grey	1979.50651928431	2121.1934342533	1837.81960431531	1412.75885940832	2546.25417916029
670.452997872965	1195.23829295282	0.715911939066901	grey	992.367584881098	1134.05449985009	850.680669912103	425.619925005118	1559.11524475708
760.145813927041	1229.97235873754	0.338861577168872	#B4EEB4	1133.94785579637	1275.63477076536	992.260940827374	567.200195920389	1700.69551567235
1023.96214560222	1314.78031269206	-0.831417973898834	grey	1550.38240823505	1692.06932320405	1408.69549326606	983.634748359074	2117.13006811104
903.176091452467	1221.19056874394	-0.488862491422245	#B4EEB4	1359.72140525129	1501.40832022029	1218.0344902823	792.973745375314	1926.46906512727
1043.92515360039	1722.54323246102	0.496337930528165	#B4EEB4	1581.89405214376	1723.58096711276	1440.20713717477	1015.14639226778	2148.64171201974
1691.51859461371	2587.06977846299	-0.0601738033887989	#B4EEB4	2604.12145959121	2745.8083745602	2462.43454462221	2037.37379971523	3170.86911946719
662.618898622529	1278.94800342729	1.0549547158995	grey	980.001445171702	1121.6883601407	838.314530202707	413.253785295722	1546.74910504768
908.359108027059	1242.18186962227	-0.443657541030015	#B4EEB4	1367.90280620482	1509.58972117381	1226.21589123582	801.155146328837	1934.6504660808
844.97216507688	924.560708339425	-1.21142342210248	grey	1267.84640313719	1409.53331810619	1126.1594881682	701.09874326121	1834.59406301317
1453.71862804974	2390.14332737026	0.569528743324029	grey	2228.75378611476	2370.44070108375	2087.06687114576	1662.00612623878	2795.50144599074
769.154523132917	1032.00746101255	-0.409920204836061	#B4EEB4	1148.16811942591	1289.8550343949	1006.48120445691	581.420459549929	1714.91577930189
975.373928867284	1487.12899866544	0.0474397287976207	#B4EEB4	1473.68582102484	1615.37273599383	1331.99890605584	906.938161148856	2040.43348090082
1236.14008429681	2198.01848921558	1.10353459418488	grey	1885.30566479234	2026.99257976134	1743.61874982335	1318.55800491636	2452.05332466832
682.42283921548	973.551448360981	-0.133077047176192	#B4EEB4	1011.26200089614	1152.94891586513	869.575085927142	444.514341020157	1578.00966077212
1496.5527447226	2554.7401825633	0.91177320981626	grey	2296.36751606281	2438.05443103181	2154.68060109382	1729.61985618683	2863.11517593879
1202.72872464227	1584.66515697692	-0.874818316021943	grey	1832.56577368796	1974.25268865696	1690.87885871897	1265.81811381198	2399.31343356394
677.738017140894	1201.70927293459	0.698167054184213	grey	1003.86700085388	1145.55391582288	862.180085884888	437.119340977903	1570.61466072986
1136.37334271732	1753.91985645018	0.0920909742376311	#B4EEB4	1727.82368437774	1869.51059934674	1586.13676940875	1161.07602450176	2294.57134425372
936.00785703008	1256.65747767483	-0.54658868260838	grey	1411.54640606633	1553.23332103532	1269.85949109733	844.798746190346	1978.29406594231
1093.9686315983	1384.95115961952	-0.97375474759615	grey	1660.88777186614	1802.57468683514	1519.20085689715	1094.14011199016	2227.63543174212
973.007440895301	1474.83989406185	0.0172548698084789	#B4EEB4	1469.95031551914	1611.63723048814	1328.26340055015	903.202655643163	2036.69797539512
1321.1548110335	2032.76516904107	0.0468060360736302	#B4EEB4	2019.50156333467	2161.18847830367	1877.81464836568	1452.75390345869	2586.24922321065
594.669884289	947.494189840435	0.263787187436561	#B4EEB4	872.743804247967	1014.43071921696	731.056889278972	305.996144371986	1439.49146412395
843.214990841225	1372.19369070815	0.37802005314007	#B4EEB4	1265.07270045648	1406.75961542548	1123.38578548749	698.325040580503	1831.82036033246
925.24279667338	1295.76708181473	-0.348608963657125	#B4EEB4	1394.55373899696	1536.24065396596	1252.86682402797	827.806079120981	1961.30139887294
